<kml><Document><Placemark>
<name>Testing</name>
<LineString><tessellate>1</tessellate>
<coordinates>
-169.8939036666667,-11.1698978333333,0 
-169.8939018333333,-11.1698888333333,0 
-169.8938933333333,-11.1698673333333,0 
-169.8938878333333,-11.1698521666667,0 
-169.8938818333333,-11.1698508333333,0 
-169.8938960000000,-11.1698478333333,0 
-169.8939026666667,-11.1698483333333,0 
-169.8939050000000,-11.1698441666667,0 
-169.8939031666667,-11.1698351666667,0 
-169.8939088333333,-11.1698246666667,0 
-169.8939155000000,-11.1698116666667,0 
-169.8939140000000,-11.1697883333333,0 
-169.8938988333333,-11.1697813333333,0 
-169.8938981666667,-11.1697595000000,0 
-169.8938965000000,-11.1697555000000,0 
-169.8938870000000,-11.1697518333333,0 
-169.8938883333333,-11.1697531666667,0 
-169.8938870000000,-11.1697546666667,0 
-169.8938671666667,-11.1697550000000,0 
-169.8938563333333,-11.1697536666667,0 
-169.8938423333333,-11.1697526666667,0 
-169.8938481666667,-11.1697445000000,0 
-169.8938435000000,-11.1697418333333,0 
-169.8938465000000,-11.1697480000000,0 
-169.8938498333333,-11.1697443333333,0 
-169.8938646666667,-11.1697371666667,0 
-169.8938585000000,-11.1697398333333,0 
-169.8938596666667,-11.1697221666667,0 
-169.8938520000000,-11.1697105000000,0 
-169.8938528333333,-11.1697013333333,0 
-169.8938656666667,-11.1697081666667,0 
-169.8938810000000,-11.1697130000000,0 
-169.8938838333333,-11.1697173333333,0 
-169.8938865000000,-11.1697148333333,0 
-169.8939018333333,-11.1697103333333,0 
-169.8939043333333,-11.1697053333333,0 
-169.8939146666667,-11.1696938333333,0 
-169.8939165000000,-11.1696803333333,0 
-169.8939065000000,-11.1696650000000,0 
-169.8939041666667,-11.1696543333333,0 
-169.8938865000000,-11.1696598333333,0 
-169.8938996666667,-11.1696495000000,0 
-169.8938901666667,-11.1696348333333,0 
-169.8938750000000,-11.1696400000000,0 
-169.8938838333333,-11.1696328333333,0 
-169.8938661666667,-11.1696323333333,0 
-169.8938586666667,-11.1696255000000,0 
-169.8938730000000,-11.1696238333333,0 
-169.8938676666667,-11.1696158333333,0 
-169.8938710000000,-11.1696185000000,0 
-169.8938768333333,-11.1696183333333,0 
-169.8938606666667,-11.1696168333333,0 
-169.8938658333333,-11.1696263333333,0 
-169.8938838333333,-11.1696161666667,0 
-169.8938650000000,-11.1696266666667,0 
-169.8938618333333,-11.1696125000000,0 
-169.8938553333333,-11.1696101666667,0 
-169.8938651666667,-11.1696061666667,0 
-169.8938823333333,-11.1695978333333,0 
-169.8938803333333,-11.1695985000000,0 
-169.8938910000000,-11.1695863333333,0 
-169.8939098333333,-11.1695855000000,0 
-169.8939135000000,-11.1695863333333,0 
-169.8939226666667,-11.1695721666667,0 
-169.8939328333333,-11.1695686666667,0 
-169.8939405000000,-11.1695625000000,0 
-169.8939430000000,-11.1695555000000,0 
-169.8939460000000,-11.1695460000000,0 
-169.8939450000000,-11.1695473333333,0 
-169.8939413333333,-11.1695450000000,0 
-169.8939605000000,-11.1695335000000,0 
-169.8939576666667,-11.1695345000000,0 
-169.8939545000000,-11.1695408333333,0 
-169.8939805000000,-11.1695386666667,0 
-169.8939806666667,-11.1695166666667,0 
-169.8939930000000,-11.1695258333333,0 
-169.8939968333333,-11.1695190000000,0 
-169.8940068333333,-11.1695095000000,0 
-169.8939725000000,-11.1694956666667,0 
-169.8939968333333,-11.1695031666667,0 
-169.8940093333333,-11.1694830000000,0 
-169.8939975000000,-11.1694503333333,0 
-169.8940095000000,-11.1694861666667,0 
-169.8940088333333,-11.1694841666667,0 
-169.8940488333333,-11.1694806666667,0 
-169.8940381666667,-11.1694761666667,0 
-169.8940283333333,-11.1694426666667,0 
-169.8940550000000,-11.1694536666667,0 
-169.8940358333333,-11.1694485000000,0 
-169.8940435000000,-11.1694445000000,0 
-169.8940401666667,-11.1694436666667,0 
-169.8940475000000,-11.1694528333333,0 
-169.8940653333333,-11.1694425000000,0 
-169.8940765000000,-11.1694080000000,0 
-169.8940668333333,-11.1693950000000,0 
-169.8940705000000,-11.1694150000000,0 
-169.8940610000000,-11.1694235000000,0 
-169.8940808333333,-11.1694015000000,0 
-169.8940968333333,-11.1694020000000,0 
-169.8941053333333,-11.1694066666667,0 
-169.8941115000000,-11.1693890000000,0 
-169.8940918333333,-11.1693935000000,0 
-169.8941055000000,-11.1694011666667,0 
-169.8941008333333,-11.1693948333333,0 
-169.8941103333333,-11.1693576666667,0 
-169.8941165000000,-11.1693571666667,0 
-169.8941231666667,-11.1693696666667,0 
-169.8941093333333,-11.1693468333333,0 
-169.8941103333333,-11.1693383333333,0 
-169.8941213333333,-11.1693391666667,0 
-169.8941165000000,-11.1693363333333,0 
-169.8941090000000,-11.1693363333333,0 
-169.8941208333333,-11.1693235000000,0 
-169.8941050000000,-11.1693236666667,0 
-169.8941310000000,-11.1693105000000,0 
-169.8940905000000,-11.1693278333333,0 
-169.8940931666667,-11.1693231666667,0 
-169.8941068333333,-11.1693068333333,0 
-169.8940720000000,-11.1692835000000,0 
-169.8940530000000,-11.1692801666667,0 
-169.8940396666667,-11.1692908333333,0 
-169.8940478333333,-11.1692776666667,0 
-169.8940533333333,-11.1692853333333,0 
-169.8940366666667,-11.1692836666667,0 
-169.8940398333333,-11.1692673333333,0 
-169.8940391666667,-11.1692523333333,0 
-169.8940113333333,-11.1692645000000,0 
-169.8940060000000,-11.1692671666667,0 
-169.8939850000000,-11.1692511666667,0 
-169.8939960000000,-11.1692253333333,0 
-169.8939786666667,-11.1692283333333,0 
-169.8939738333333,-11.1692631666667,0 
-169.8939923333333,-11.1692401666667,0 
-169.8939820000000,-11.1692088333333,0 
-169.8939356666667,-11.1692300000000,0 
-169.8939491666667,-11.1692095000000,0 
-169.8939271666667,-11.1692180000000,0 
-169.8939233333333,-11.1692133333333,0 
-169.8939196666667,-11.1692248333333,0 
-169.8939356666667,-11.1691913333333,0 
-169.8938931666667,-11.1691830000000,0 
-169.8938693333333,-11.1691730000000,0 
-169.8938736666667,-11.1691853333333,0 
-169.8938743333333,-11.1691773333333,0 
-169.8938740000000,-11.1691773333333,0 
-169.8938761666667,-11.1691725000000,0 
-169.8938721666667,-11.1691570000000,0 
-169.8938413333333,-11.1691541666667,0 
-169.8938531666667,-11.1691613333333,0 
-169.8938685000000,-11.1691553333333,0 
-169.8938566666667,-11.1691165000000,0 
-169.8938156666667,-11.1691365000000,0 
-169.8938116666667,-11.1691303333333,0 
-169.8938303333333,-11.1691203333333,0 
-169.8938160000000,-11.1691446666667,0 
-169.8937888333333,-11.1691233333333,0 
-169.8937915000000,-11.1691341666667,0 
-169.8937758333333,-11.1691311666667,0 
-169.8937841666667,-11.1691448333333,0 
-169.8937560000000,-11.1691233333333,0 
-169.8937610000000,-11.1691161666667,0 
-169.8937428333333,-11.1691345000000,0 
-169.8937383333333,-11.1691121666667,0 
-169.8937245000000,-11.1691225000000,0 
-169.8937213333333,-11.1691393333333,0 
-169.8937230000000,-11.1691358333333,0 
-169.8936975000000,-11.1691223333333,0 
-169.8936900000000,-11.1691221666667,0 
-169.8936916666667,-11.1691701666667,0 
-169.8936853333333,-11.1691701666667,0 
-169.8936721666667,-11.1691580000000,0 
-169.8936658333333,-11.1691508333333,0 
-169.8936643333333,-11.1691521666667,0 
-169.8936643333333,-11.1691260000000,0 
-169.8936738333333,-11.1691223333333,0 
-169.8936186666667,-11.1691400000000,0 
-169.8936088333333,-11.1691543333333,0 
-169.8935976666667,-11.1691623333333,0 
-169.8935708333333,-11.1691440000000,0 
-169.8936158333333,-11.1691456666667,0 
-169.8936093333333,-11.1691246666667,0 
-169.8935775000000,-11.1691556666667,0 
-169.8935356666667,-11.1691698333333,0 
-169.8935495000000,-11.1691765000000,0 
-169.8935361666667,-11.1691730000000,0 
-169.8935786666667,-11.1691380000000,0 
-169.8935040000000,-11.1691576666667,0 
-169.8934958333333,-11.1691855000000,0 
-169.8935025000000,-11.1691825000000,0 
-169.8934906666667,-11.1692008333333,0 
-169.8934695000000,-11.1691755000000,0 
-169.8934861666667,-11.1691646666667,0 
-169.8934811666667,-11.1691765000000,0 
-169.8934575000000,-11.1691781666667,0 
-169.8934798333333,-11.1691518333333,0 
-169.8934551666667,-11.1691755000000,0 
-169.8934678333333,-11.1691705000000,0 
-169.8934393333333,-11.1691626666667,0 
-169.8934191666667,-11.1691771666667,0 
-169.8934043333333,-11.1691761666667,0 
-169.8933955000000,-11.1691535000000,0 
-169.8933858333333,-11.1691605000000,0 
-169.8933866666667,-11.1691943333333,0 
-169.8933753333333,-11.1691553333333,0 
-169.8933695000000,-11.1691526666667,0 
-169.8933386666667,-11.1691740000000,0 
-169.8933583333333,-11.1691523333333,0 
-169.8933386666667,-11.1691626666667,0 
-169.8933160000000,-11.1691680000000,0 
-169.8933071666667,-11.1691741666667,0 
-169.8932706666667,-11.1691441666667,0 
-169.8933131666667,-11.1691715000000,0 
-169.8932983333333,-11.1691641666667,0 
-169.8932443333333,-11.1691555000000,0 
-169.8932621666667,-11.1691695000000,0 
-169.8932551666667,-11.1691755000000,0 
-169.8932408333333,-11.1691821666667,0 
-169.8932263333333,-11.1691901666667,0 
-169.8932488333333,-11.1691816666667,0 
-169.8932240000000,-11.1691850000000,0 
-169.8932066666667,-11.1691961666667,0 
-169.8932163333333,-11.1691928333333,0 
-169.8932255000000,-11.1692191666667,0 
-169.8932205000000,-11.1692100000000,0 
-169.8931963333333,-11.1691933333333,0 
-169.8932168333333,-11.1691946666667,0 
-169.8931900000000,-11.1692088333333,0 
-169.8931665000000,-11.1692180000000,0 
-169.8931550000000,-11.1691868333333,0 
-169.8931883333333,-11.1692090000000,0 
-169.8931840000000,-11.1692053333333,0 
-169.8931795000000,-11.1691916666667,0 
-169.8931280000000,-11.1691880000000,0 
-169.8931116666667,-11.1691928333333,0 
-169.8931198333333,-11.1692161666667,0 
-169.8931060000000,-11.1692108333333,0 
-169.8930900000000,-11.1692076666667,0 
-169.8930936666667,-11.1692105000000,0 
-169.8930776666667,-11.1692153333333,0 
-169.8930793333333,-11.1692150000000,0 
-169.8930973333333,-11.1692370000000,0 
-169.8930868333333,-11.1692500000000,0 
-169.8930696666667,-11.1692406666667,0 
-169.8930525000000,-11.1692561666667,0 
-169.8930640000000,-11.1692540000000,0 
-169.8930133333333,-11.1692798333333,0 
-169.8929970000000,-11.1692656666667,0 
-169.8930180000000,-11.1692535000000,0 
-169.8930501666667,-11.1692015000000,0 
-169.8930395000000,-11.1691976666667,0 
-169.8930081666667,-11.1692570000000,0 
-169.8929548333333,-11.1692596666667,0 
-169.8929450000000,-11.1692370000000,0 
-169.8929263333333,-11.1692123333333,0 
-169.8929488333333,-11.1692640000000,0 
-169.8929340000000,-11.1692578333333,0 
-169.8929440000000,-11.1692595000000,0 
-169.8929321666667,-11.1692643333333,0 
-169.8929895000000,-11.1692255000000,0 
-169.8929608333333,-11.1692358333333,0 
-169.8929255000000,-11.1692391666667,0 
-169.8929531666667,-11.1692268333333,0 
-169.8929083333333,-11.1692863333333,0 
-169.8928963333333,-11.1692900000000,0 
-169.8928898333333,-11.1692830000000,0 
-169.8928971666667,-11.1692980000000,0 
-169.8928866666667,-11.1692893333333,0 
-169.8928471666667,-11.1692125000000,0 
-169.8928730000000,-11.1692398333333,0 
-169.8929061666667,-11.1692305000000,0 
-169.8928991666667,-11.1692510000000,0 
-169.8928626666667,-11.1692993333333,0 
-169.8928828333333,-11.1692436666667,0 
-169.8928528333333,-11.1692743333333,0 
-169.8928421666667,-11.1692883333333,0 
-169.8928200000000,-11.1692896666667,0 
-169.8928658333333,-11.1693343333333,0 
-169.8928753333333,-11.1693296666667,0 
-169.8928083333333,-11.1693045000000,0 
-169.8928275000000,-11.1693533333333,0 
-169.8928148333333,-11.1693451666667,0 
-169.8927715000000,-11.1693236666667,0 
-169.8927436666667,-11.1693053333333,0 
-169.8927688333333,-11.1693456666667,0 
-169.8927783333333,-11.1693488333333,0 
-169.8927913333333,-11.1693255000000,0 
-169.8927868333333,-11.1693481666667,0 
-169.8927843333333,-11.1693638333333,0 
-169.8927695000000,-11.1693455000000,0 
-169.8927673333333,-11.1693351666667,0 
-169.8927341666667,-11.1693316666667,0 
-169.8927493333333,-11.1693501666667,0 
-169.8927650000000,-11.1693686666667,0 
-169.8927185000000,-11.1693555000000,0 
-169.8927340000000,-11.1693503333333,0 
-169.8927185000000,-11.1693435000000,0 
-169.8927356666667,-11.1693181666667,0 
-169.8926501666667,-11.1692571666667,0 
-169.8926690000000,-11.1693050000000,0 
-169.8926705000000,-11.1692956666667,0 
-169.8926600000000,-11.1693218333333,0 
-169.8926601666667,-11.1693471666667,0 
-169.8926813333333,-11.1693580000000,0 
-169.8926930000000,-11.1693578333333,0 
-169.8926071666667,-11.1693626666667,0 
-169.8926263333333,-11.1693768333333,0 
-169.8926645000000,-11.1693840000000,0 
-169.8926801666667,-11.1693473333333,0 
-169.8926833333333,-11.1693676666667,0 
-169.8926405000000,-11.1693648333333,0 
-169.8926990000000,-11.1693608333333,0 
-169.8926750000000,-11.1693215000000,0 
-169.8925630000000,-11.1693610000000,0 
-169.8926060000000,-11.1693368333333,0 
-169.8925191666667,-11.1692810000000,0 
-169.8925671666667,-11.1692525000000,0 
-169.8926098333333,-11.1693118333333,0 
-169.8926138333333,-11.1693088333333,0 
-169.8925755000000,-11.1693276666667,0 
-169.8925366666667,-11.1692998333333,0 
-169.8925911666667,-11.1693020000000,0 
-169.8925538333333,-11.1693493333333,0 
-169.8925493333333,-11.1693486666667,0 
-169.8926010000000,-11.1693376666667,0 
-169.8925441666667,-11.1693281666667,0 
-169.8925523333333,-11.1693150000000,0 
-169.8925703333333,-11.1693475000000,0 
-169.8925740000000,-11.1693311666667,0 
-169.8925830000000,-11.1693331666667,0 
-169.8925866666667,-11.1693513333333,0 
-169.8926311666667,-11.1693538333333,0 
-169.8925636666667,-11.1693238333333,0 
-169.8925580000000,-11.1693306666667,0 
-169.8925895000000,-11.1693256666667,0 
-169.8925761666667,-11.1693251666667,0 
-169.8925866666667,-11.1693225000000,0 
-169.8926230000000,-11.1693065000000,0 
-169.8926531666667,-11.1693195000000,0 
-169.8926610000000,-11.1693066666667,0 
-169.8926311666667,-11.1692606666667,0 
-169.8925931666667,-11.1693011666667,0 
-169.8925628333333,-11.1693255000000,0 
-169.8925913333333,-11.1692866666667,0 
-169.8925883333333,-11.1692770000000,0 
-169.8925731666667,-11.1692365000000,0 
-169.8925191666667,-11.1692070000000,0 
-169.8925301666667,-11.1693526666667,0 
-169.8925648333333,-11.1692493333333,0 
-169.8925855000000,-11.1692423333333,0 
-169.8927180000000,-11.1693406666667,0 
-169.8926173333333,-11.1692893333333,0 
-169.8926795000000,-11.1692653333333,0 
-169.8925571666667,-11.1692248333333,0 
-169.8926321666667,-11.1692286666667,0 
-169.8927155000000,-11.1692256666667,0 
-169.8927575000000,-11.1692445000000,0 
-169.8927746666667,-11.1692941666667,0 
-169.8927658333333,-11.1692456666667,0 
-169.8927293333333,-11.1692786666667,0 
-169.8926908333333,-11.1692580000000,0 
-169.8926300000000,-11.1692078333333,0 
-169.8926776666667,-11.1692438333333,0 
-169.8927690000000,-11.1691863333333,0 
-169.8927286666667,-11.1692125000000,0 
-169.8928481666667,-11.1692488333333,0 
-169.8928571666667,-11.1692101666667,0 
-169.8927893333333,-11.1692180000000,0 
-169.8927531666667,-11.1691908333333,0 
-169.8928310000000,-11.1691588333333,0 
-169.8927906666667,-11.1691745000000,0 
-169.8927920000000,-11.1691485000000,0 
-169.8927511666667,-11.1691671666667,0 
-169.8927593333333,-11.1690876666667,0 
-169.8926930000000,-11.1691873333333,0 
-169.8927523333333,-11.1691995000000,0 
-169.8927121666667,-11.1690773333333,0 
-169.8927695000000,-11.1690908333333,0 
-169.8927448333333,-11.1691280000000,0 
-169.8928031666667,-11.1690380000000,0 
-169.8927606666667,-11.1690745000000,0 
-169.8926586666667,-11.1691175000000,0 
-169.8926370000000,-11.1690708333333,0 
-169.8926566666667,-11.1691136666667,0 
-169.8927148333333,-11.1690648333333,0 
-169.8926751666667,-11.1691133333333,0 
-169.8926430000000,-11.1690708333333,0 
-169.8926400000000,-11.1690495000000,0 
-169.8926333333333,-11.1690386666667,0 
-169.8926086666667,-11.1690673333333,0 
-169.8925923333333,-11.1691085000000,0 
-169.8926161666667,-11.1690753333333,0 
-169.8925805000000,-11.1690741666667,0 
-169.8925506666667,-11.1690860000000,0 
-169.8925918333333,-11.1691281666667,0 
-169.8925128333333,-11.1689920000000,0 
-169.8926058333333,-11.1689641666667,0 
-169.8925355000000,-11.1689425000000,0 
-169.8926311666667,-11.1689555000000,0 
-169.8925891666667,-11.1689561666667,0 
-169.8926216666667,-11.1690011666667,0 
-169.8926141666667,-11.1689955000000,0 
-169.8926043333333,-11.1689786666667,0 
-169.8926040000000,-11.1690233333333,0 
-169.8925825000000,-11.1690016666667,0 
-169.8925363333333,-11.1690271666667,0 
-169.8924906666667,-11.1690391666667,0 
-169.8925223333333,-11.1690131666667,0 
-169.8925241666667,-11.1690353333333,0 
-169.8925893333333,-11.1690243333333,0 
-169.8925393333333,-11.1690296666667,0 
-169.8925975000000,-11.1690676666667,0 
-169.8925875000000,-11.1690241666667,0 
-169.8925016666667,-11.1689445000000,0 
-169.8925163333333,-11.1689200000000,0 
-169.8925306666667,-11.1689621666667,0 
-169.8925726666667,-11.1689685000000,0 
-169.8924760000000,-11.1689385000000,0 
-169.8925733333333,-11.1689933333333,0 
-169.8924780000000,-11.1689000000000,0 
-169.8925133333333,-11.1689260000000,0 
-169.8924883333333,-11.1689281666667,0 
-169.8925478333333,-11.1689163333333,0 
-169.8925653333333,-11.1689893333333,0 
-169.8925628333333,-11.1689821666667,0 
-169.8926055000000,-11.1689950000000,0 
-169.8926158333333,-11.1690238333333,0 
-169.8925201666667,-11.1689773333333,0 
-169.8926053333333,-11.1689945000000,0 
-169.8924945000000,-11.1689481666667,0 
-169.8926496666667,-11.1690390000000,0 
-169.8925211666667,-11.1690010000000,0 
-169.8925951666667,-11.1690221666667,0 
-169.8926118333333,-11.1690593333333,0 
-169.8925923333333,-11.1690393333333,0 
-169.8925305000000,-11.1690418333333,0 
-169.8925191666667,-11.1690755000000,0 
-169.8924763333333,-11.1691766666667,0 
-169.8924480000000,-11.1691653333333,0 
-169.8924396666667,-11.1692221666667,0 
-169.8923615000000,-11.1691866666667,0 
-169.8923058333333,-11.1692116666667,0 
-169.8922325000000,-11.1691298333333,0 
-169.8923038333333,-11.1692315000000,0 
-169.8922911666667,-11.1691405000000,0 
-169.8923645000000,-11.1691453333333,0 
-169.8923220000000,-11.1691048333333,0 
-169.8923115000000,-11.1691625000000,0 
-169.8922756666667,-11.1691385000000,0 
-169.8922615000000,-11.1691701666667,0 
-169.8923196666667,-11.1691940000000,0 
-169.8923116666667,-11.1691820000000,0 
-169.8923193333333,-11.1691171666667,0 
-169.8923105000000,-11.1690806666667,0 
-169.8922921666667,-11.1690853333333,0 
-169.8922951666667,-11.1690956666667,0 
-169.8921985000000,-11.1692160000000,0 
-169.8922148333333,-11.1691635000000,0 
-169.8922571666667,-11.1691236666667,0 
-169.8922003333333,-11.1691168333333,0 
-169.8922383333333,-11.1690835000000,0 
-169.8922621666667,-11.1690946666667,0 
-169.8922750000000,-11.1691738333333,0 
-169.8922425000000,-11.1691908333333,0 
-169.8923390000000,-11.1691831666667,0 
-169.8923038333333,-11.1691353333333,0 
-169.8922175000000,-11.1691606666667,0 
-169.8922671666667,-11.1690968333333,0 
-169.8923731666667,-11.1691681666667,0 
-169.8922443333333,-11.1691490000000,0 
-169.8923028333333,-11.1690795000000,0 
-169.8922846666667,-11.1691858333333,0 
-169.8924443333333,-11.1691375000000,0 
-169.8924606666667,-11.1690318333333,0 
-169.8924040000000,-11.1690240000000,0 
-169.8924413333333,-11.1690265000000,0 
-169.8923810000000,-11.1690365000000,0 
-169.8923318333333,-11.1690706666667,0 
-169.8923781666667,-11.1690621666667,0 
-169.8923683333333,-11.1690888333333,0 
-169.8923395000000,-11.1690760000000,0 
-169.8923073333333,-11.1690696666667,0 
-169.8923666666667,-11.1690796666667,0 
-169.8923260000000,-11.1691063333333,0 
-169.8923233333333,-11.1690801666667,0 
-169.8922865000000,-11.1690743333333,0 
-169.8922958333333,-11.1690568333333,0 
-169.8923408333333,-11.1689805000000,0 
-169.8922926666667,-11.1690498333333,0 
-169.8922861666667,-11.1690676666667,0 
-169.8922978333333,-11.1690556666667,0 
-169.8922896666667,-11.1690733333333,0 
-169.8923053333333,-11.1690501666667,0 
-169.8922833333333,-11.1690221666667,0 
-169.8922886666667,-11.1690900000000,0 
-169.8922498333333,-11.1690845000000,0 
-169.8923211666667,-11.1690781666667,0 
-169.8922821666667,-11.1690793333333,0 
-169.8922058333333,-11.1690680000000,0 
-169.8922603333333,-11.1690463333333,0 
-169.8922341666667,-11.1690751666667,0 
-169.8922638333333,-11.1690863333333,0 
-169.8923433333333,-11.1691171666667,0 
-169.8923160000000,-11.1690375000000,0 
-169.8923481666667,-11.1690485000000,0 
-169.8923561666667,-11.1690350000000,0 
-169.8923020000000,-11.1691021666667,0 
-169.8922645000000,-11.1690505000000,0 
-169.8922465000000,-11.1690881666667,0 
-169.8923540000000,-11.1691178333333,0 
-169.8923150000000,-11.1690543333333,0 
-169.8923543333333,-11.1690350000000,0 
-169.8922771666667,-11.1690380000000,0 
-169.8923915000000,-11.1690246666667,0 
-169.8923416666667,-11.1690473333333,0 
-169.8923483333333,-11.1690290000000,0 
-169.8922636666667,-11.1690228333333,0 
-169.8923370000000,-11.1690171666667,0 
-169.8923108333333,-11.1690093333333,0 
-169.8923371666667,-11.1690150000000,0 
-169.8922896666667,-11.1690475000000,0 
-169.8922991666667,-11.1690423333333,0 
-169.8922481666667,-11.1689876666667,0 
-169.8923288333333,-11.1689790000000,0 
-169.8922276666667,-11.1689635000000,0 
-169.8922878333333,-11.1689846666667,0 
-169.8922836666667,-11.1689708333333,0 
-169.8922640000000,-11.1690220000000,0 
-169.8923453333333,-11.1690341666667,0 
-169.8923178333333,-11.1690223333333,0 
-169.8923371666667,-11.1690888333333,0 
-169.8923265000000,-11.1689630000000,0 
-169.8923565000000,-11.1689878333333,0 
-169.8923161666667,-11.1690343333333,0 
-169.8922936666667,-11.1690496666667,0 
-169.8923423333333,-11.1690530000000,0 
-169.8923023333333,-11.1690680000000,0 
-169.8923108333333,-11.1691223333333,0 
-169.8923321666667,-11.1690673333333,0 
-169.8923325000000,-11.1690320000000,0 
-169.8922856666667,-11.1690400000000,0 
-169.8923438333333,-11.1690656666667,0 
-169.8923826666667,-11.1690768333333,0 
-169.8922618333333,-11.1691433333333,0 
-169.8923125000000,-11.1690821666667,0 
-169.8922571666667,-11.1690050000000,0 
-169.8922048333333,-11.1690315000000,0 
-169.8922770000000,-11.1690255000000,0 
-169.8922903333333,-11.1690461666667,0 
-169.8922565000000,-11.1690478333333,0 
-169.8922523333333,-11.1690101666667,0 
-169.8922400000000,-11.1690555000000,0 
-169.8922598333333,-11.1690741666667,0 
-169.8922960000000,-11.1690423333333,0 
-169.8923306666667,-11.1690226666667,0 
-169.8922955000000,-11.1690788333333,0 
-169.8923543333333,-11.1690341666667,0 
-169.8922566666667,-11.1691268333333,0 
-169.8923251666667,-11.1690575000000,0 
-169.8923951666667,-11.1690381666667,0 
-169.8922800000000,-11.1690075000000,0 
-169.8923166666667,-11.1690533333333,0 
-169.8923510000000,-11.1690341666667,0 
-169.8923133333333,-11.1690573333333,0 
-169.8923490000000,-11.1690508333333,0 
-169.8923235000000,-11.1690296666667,0 
-169.8922916666667,-11.1690798333333,0 
-169.8923226666667,-11.1690528333333,0 
-169.8923180000000,-11.1690145000000,0 
-169.8923056666667,-11.1690565000000,0 
-169.8923093333333,-11.1690423333333,0 
-169.8922158333333,-11.1690666666667,0 
-169.8922765000000,-11.1690790000000,0 
-169.8922706666667,-11.1690605000000,0 
-169.8923010000000,-11.1689411666667,0 
-169.8922691666667,-11.1690026666667,0 
-169.8922880000000,-11.1690160000000,0 
-169.8921976666667,-11.1689620000000,0 
-169.8921828333333,-11.1690103333333,0 
-169.8922860000000,-11.1690353333333,0 
-169.8922030000000,-11.1690153333333,0 
-169.8923280000000,-11.1689306666667,0 
-169.8922293333333,-11.1690211666667,0 
-169.8922280000000,-11.1690441666667,0 
-169.8922320000000,-11.1690100000000,0 
-169.8921681666667,-11.1690436666667,0 
-169.8922721666667,-11.1689805000000,0 
-169.8922046666667,-11.1689931666667,0 
-169.8922213333333,-11.1690935000000,0 
-169.8922100000000,-11.1690736666667,0 
-169.8921763333333,-11.1690361666667,0 
-169.8921478333333,-11.1690181666667,0 
-169.8921780000000,-11.1690241666667,0 
-169.8922488333333,-11.1690430000000,0 
-169.8922623333333,-11.1690526666667,0 
-169.8922595000000,-11.1690525000000,0 
-169.8922005000000,-11.1690265000000,0 
-169.8922580000000,-11.1690411666667,0 
-169.8922168333333,-11.1690551666667,0 
-169.8922021666667,-11.1690626666667,0 
-169.8922438333333,-11.1690546666667,0 
-169.8922258333333,-11.1690591666667,0 
-169.8922106666667,-11.1690935000000,0 
-169.8922911666667,-11.1690713333333,0 
-169.8922573333333,-11.1690196666667,0 
-169.8922418333333,-11.1690401666667,0 
-169.8922670000000,-11.1690493333333,0 
-169.8922080000000,-11.1690018333333,0 
-169.8923065000000,-11.1690265000000,0 
-169.8922800000000,-11.1690850000000,0 
-169.8923396666667,-11.1691001666667,0 
-169.8922480000000,-11.1690415000000,0 
-169.8922283333333,-11.1690260000000,0 
-169.8922476666667,-11.1690038333333,0 
-169.8922796666667,-11.1689113333333,0 
-169.8922568333333,-11.1689368333333,0 
-169.8922673333333,-11.1688833333333,0 
-169.8923036666667,-11.1688391666667,0 
-169.8922883333333,-11.1689078333333,0 
-169.8922863333333,-11.1689120000000,0 
-169.8923466666667,-11.1688718333333,0 
-169.8923536666667,-11.1688438333333,0 
-169.8922955000000,-11.1688676666667,0 
-169.8923201666667,-11.1688625000000,0 
-169.8922911666667,-11.1688635000000,0 
-169.8922481666667,-11.1688618333333,0 
-169.8922540000000,-11.1688745000000,0 
-169.8923185000000,-11.1688515000000,0 
-169.8923123333333,-11.1689096666667,0 
-169.8922690000000,-11.1688850000000,0 
-169.8922956666667,-11.1688485000000,0 
-169.8922923333333,-11.1688290000000,0 
-169.8922620000000,-11.1688948333333,0 
-169.8923388333333,-11.1688843333333,0 
-169.8922915000000,-11.1688395000000,0 
-169.8923103333333,-11.1688080000000,0 
-169.8923095000000,-11.1688586666667,0 
-169.8922301666667,-11.1688903333333,0 
-169.8922371666667,-11.1688921666667,0 
-169.8922646666667,-11.1688711666667,0 
-169.8923828333333,-11.1688655000000,0 
-169.8922971666667,-11.1688888333333,0 
-169.8922925000000,-11.1688603333333,0 
-169.8923110000000,-11.1689091666667,0 
-169.8922750000000,-11.1688715000000,0 
-169.8922908333333,-11.1688860000000,0 
-169.8923011666667,-11.1689406666667,0 
-169.8923040000000,-11.1689335000000,0 
-169.8922923333333,-11.1688895000000,0 
-169.8922626666667,-11.1689101666667,0 
-169.8922530000000,-11.1688946666667,0 
-169.8923678333333,-11.1688508333333,0 
-169.8923493333333,-11.1689005000000,0 
-169.8923436666667,-11.1689143333333,0 
-169.8923648333333,-11.1689056666667,0 
-169.8923521666667,-11.1688778333333,0 
-169.8923318333333,-11.1688565000000,0 
-169.8922883333333,-11.1688465000000,0 
-169.8922835000000,-11.1688545000000,0 
-169.8923598333333,-11.1688181666667,0 
-169.8923601666667,-11.1688471666667,0 
-169.8923133333333,-11.1689008333333,0 
-169.8922478333333,-11.1689386666667,0 
-169.8923026666667,-11.1688765000000,0 
-169.8922718333333,-11.1688210000000,0 
-169.8922590000000,-11.1688493333333,0 
-169.8923366666667,-11.1688475000000,0 
-169.8923355000000,-11.1688773333333,0 
-169.8922566666667,-11.1688930000000,0 
-169.8923105000000,-11.1688070000000,0 
-169.8923556666667,-11.1688651666667,0 
-169.8922933333333,-11.1689023333333,0 
-169.8922606666667,-11.1689116666667,0 
-169.8924023333333,-11.1688771666667,0 
-169.8922965000000,-11.1688478333333,0 
-169.8923148333333,-11.1688531666667,0 
-169.8922735000000,-11.1688396666667,0 
-169.8922660000000,-11.1688338333333,0 
-169.8922741666667,-11.1688716666667,0 
-169.8922901666667,-11.1688983333333,0 
-169.8923131666667,-11.1688893333333,0 
-169.8923555000000,-11.1688740000000,0 
-169.8924270000000,-11.1688781666667,0 
-169.8923563333333,-11.1688730000000,0 
-169.8923265000000,-11.1688508333333,0 
-169.8923628333333,-11.1687923333333,0 
-169.8923378333333,-11.1688110000000,0 
-169.8923503333333,-11.1688400000000,0 
-169.8923481666667,-11.1687953333333,0 
-169.8924203333333,-11.1687665000000,0 
-169.8923855000000,-11.1688708333333,0 
-169.8923635000000,-11.1688526666667,0 
-169.8924208333333,-11.1687680000000,0 
-169.8923908333333,-11.1687418333333,0 
-169.8923856666667,-11.1688136666667,0 
-169.8923631666667,-11.1688261666667,0 
-169.8923725000000,-11.1688591666667,0 
-169.8923855000000,-11.1688746666667,0 
-169.8923360000000,-11.1688255000000,0 
-169.8923348333333,-11.1687870000000,0 
-169.8923548333333,-11.1687673333333,0 
-169.8923445000000,-11.1687555000000,0 
-169.8922888333333,-11.1688066666667,0 
-169.8923888333333,-11.1687958333333,0 
-169.8923048333333,-11.1687920000000,0 
-169.8923161666667,-11.1688401666667,0 
-169.8923220000000,-11.1687815000000,0 
-169.8922973333333,-11.1687811666667,0 
-169.8923181666667,-11.1688333333333,0 
-169.8922956666667,-11.1688311666667,0 
-169.8923058333333,-11.1688136666667,0 
-169.8923495000000,-11.1687670000000,0 
-169.8922911666667,-11.1687873333333,0 
-169.8922613333333,-11.1688073333333,0 
-169.8922258333333,-11.1687256666667,0 
-169.8922260000000,-11.1686911666667,0 
-169.8923405000000,-11.1686703333333,0 
-169.8922995000000,-11.1687616666667,0 
-169.8923068333333,-11.1687853333333,0 
-169.8923528333333,-11.1687550000000,0 
-169.8922951666667,-11.1687530000000,0 
-169.8923205000000,-11.1687211666667,0 
-169.8922735000000,-11.1687608333333,0 
-169.8922368333333,-11.1686870000000,0 
-169.8922628333333,-11.1686895000000,0 
-169.8920876666667,-11.1687131666667,0 
-169.8921716666667,-11.1687450000000,0 
-169.8920868333333,-11.1686571666667,0 
-169.8921468333333,-11.1686260000000,0 
-169.8921216666667,-11.1685821666667,0 
-169.8921096666667,-11.1686470000000,0 
-169.8921251666667,-11.1686840000000,0 
-169.8921508333333,-11.1686973333333,0 
-169.8921086666667,-11.1687113333333,0 
-169.8920970000000,-11.1687308333333,0 
-169.8921925000000,-11.1686790000000,0 
-169.8921313333333,-11.1686726666667,0 
-169.8921073333333,-11.1686255000000,0 
-169.8920710000000,-11.1686105000000,0 
-169.8921330000000,-11.1686210000000,0 
-169.8921035000000,-11.1685915000000,0 
-169.8921566666667,-11.1685526666667,0 
-169.8921315000000,-11.1686088333333,0 
-169.8921570000000,-11.1686491666667,0 
-169.8922015000000,-11.1686598333333,0 
-169.8921730000000,-11.1686356666667,0 
-169.8922168333333,-11.1685958333333,0 
-169.8922548333333,-11.1685361666667,0 
-169.8922391666667,-11.1686128333333,0 
-169.8922106666667,-11.1686513333333,0 
-169.8921703333333,-11.1686246666667,0 
-169.8922108333333,-11.1686150000000,0 
-169.8921858333333,-11.1686345000000,0 
-169.8922170000000,-11.1686085000000,0 
-169.8922233333333,-11.1685793333333,0 
-169.8921865000000,-11.1686293333333,0 
-169.8920891666667,-11.1686143333333,0 
-169.8921661666667,-11.1686651666667,0 
-169.8921408333333,-11.1685651666667,0 
-169.8921673333333,-11.1685728333333,0 
-169.8921881666667,-11.1685065000000,0 
-169.8922125000000,-11.1685188333333,0 
-169.8922505000000,-11.1684838333333,0 
-169.8922190000000,-11.1685191666667,0 
-169.8922711666667,-11.1685201666667,0 
-169.8921305000000,-11.1685205000000,0 
-169.8921658333333,-11.1685408333333,0 
-169.8921585000000,-11.1685886666667,0 
-169.8921866666667,-11.1685948333333,0 
-169.8921795000000,-11.1685145000000,0 
-169.8921720000000,-11.1685288333333,0 
-169.8921468333333,-11.1685716666667,0 
-169.8920998333333,-11.1685660000000,0 
-169.8921105000000,-11.1685845000000,0 
-169.8921380000000,-11.1685978333333,0 
-169.8921293333333,-11.1685221666667,0 
-169.8922168333333,-11.1684343333333,0 
-169.8922150000000,-11.1684560000000,0 
-169.8921240000000,-11.1684826666667,0 
-169.8921718333333,-11.1685013333333,0 
-169.8922431666667,-11.1685248333333,0 
-169.8921476666667,-11.1684658333333,0 
-169.8922260000000,-11.1684370000000,0 
-169.8922500000000,-11.1684170000000,0 
-169.8921938333333,-11.1685323333333,0 
-169.8921645000000,-11.1685046666667,0 
-169.8921478333333,-11.1684721666667,0 
-169.8922115000000,-11.1684393333333,0 
-169.8921811666667,-11.1684918333333,0 
-169.8921323333333,-11.1685445000000,0 
-169.8921315000000,-11.1684888333333,0 
-169.8922010000000,-11.1684203333333,0 
-169.8920710000000,-11.1684546666667,0 
-169.8921383333333,-11.1685021666667,0 
-169.8921238333333,-11.1684813333333,0 
-169.8921236666667,-11.1684398333333,0 
-169.8920856666667,-11.1684625000000,0 
-169.8921316666667,-11.1684641666667,0 
-169.8921458333333,-11.1684933333333,0 
-169.8921695000000,-11.1684881666667,0 
-169.8921660000000,-11.1684795000000,0 
-169.8922285000000,-11.1684765000000,0 
-169.8921711666667,-11.1684443333333,0 
-169.8921501666667,-11.1684886666667,0 
-169.8921518333333,-11.1685005000000,0 
-169.8921446666667,-11.1684740000000,0 
-169.8920973333333,-11.1684465000000,0 
-169.8921248333333,-11.1685196666667,0 
-169.8921770000000,-11.1684863333333,0 
-169.8921826666667,-11.1685178333333,0 
-169.8921895000000,-11.1684246666667,0 
-169.8921650000000,-11.1684401666667,0 
-169.8921838333333,-11.1684801666667,0 
-169.8921848333333,-11.1684378333333,0 
-169.8921395000000,-11.1683726666667,0 
-169.8921053333333,-11.1683691666667,0 
-169.8920670000000,-11.1684315000000,0 
-169.8922391666667,-11.1684120000000,0 
-169.8922161666667,-11.1683866666667,0 
-169.8922165000000,-11.1684660000000,0 
-169.8920936666667,-11.1684110000000,0 
-169.8921530000000,-11.1684296666667,0 
-169.8921553333333,-11.1684868333333,0 
-169.8921523333333,-11.1684355000000,0 
-169.8922103333333,-11.1684258333333,0 
-169.8921901666667,-11.1684353333333,0 
-169.8922403333333,-11.1683463333333,0 
-169.8921485000000,-11.1683973333333,0 
-169.8921505000000,-11.1684531666667,0 
-169.8921661666667,-11.1684803333333,0 
-169.8921625000000,-11.1684891666667,0 
-169.8921386666667,-11.1684995000000,0 
-169.8921716666667,-11.1684406666667,0 
-169.8921860000000,-11.1684553333333,0 
-169.8921296666667,-11.1684445000000,0 
-169.8921418333333,-11.1684470000000,0 
-169.8921548333333,-11.1684115000000,0 
-169.8921410000000,-11.1684451666667,0 
-169.8921703333333,-11.1684726666667,0 
-169.8921648333333,-11.1684488333333,0 
-169.8921648333333,-11.1684681666667,0 
-169.8921476666667,-11.1684638333333,0 
-169.8921765000000,-11.1684881666667,0 
-169.8921596666667,-11.1684246666667,0 
-169.8921735000000,-11.1684126666667,0 
-169.8920890000000,-11.1683703333333,0 
-169.8921768333333,-11.1684148333333,0 
-169.8921643333333,-11.1684688333333,0 
-169.8921596666667,-11.1684626666667,0 
-169.8921876666667,-11.1684626666667,0 
-169.8921583333333,-11.1684741666667,0 
-169.8921653333333,-11.1684190000000,0 
-169.8921918333333,-11.1684595000000,0 
-169.8922120000000,-11.1684330000000,0 
-169.8922380000000,-11.1683431666667,0 
-169.8921365000000,-11.1684456666667,0 
-169.8921901666667,-11.1684746666667,0 
-169.8922371666667,-11.1683836666667,0 
-169.8922076666667,-11.1684621666667,0 
-169.8921858333333,-11.1684541666667,0 
-169.8921618333333,-11.1684555000000,0 
-169.8921681666667,-11.1684493333333,0 
-169.8921655000000,-11.1684060000000,0 
-169.8921701666667,-11.1683520000000,0 
-169.8921758333333,-11.1684303333333,0 
-169.8922106666667,-11.1683628333333,0 
-169.8921578333333,-11.1684123333333,0 
-169.8921808333333,-11.1683566666667,0 
-169.8921640000000,-11.1683818333333,0 
-169.8921663333333,-11.1684076666667,0 
-169.8922511666667,-11.1684275000000,0 
-169.8921231666667,-11.1684396666667,0 
-169.8921876666667,-11.1684038333333,0 
-169.8922095000000,-11.1684568333333,0 
-169.8922096666667,-11.1683371666667,0 
-169.8923238333333,-11.1682193333333,0 
-169.8922321666667,-11.1682950000000,0 
-169.8923113333333,-11.1682945000000,0 
-169.8923133333333,-11.1682560000000,0 
-169.8923291666667,-11.1682058333333,0 
-169.8923286666667,-11.1682586666667,0 
-169.8922196666667,-11.1682473333333,0 
-169.8922250000000,-11.1682646666667,0 
-169.8922490000000,-11.1682653333333,0 
-169.8922645000000,-11.1682096666667,0 
-169.8923058333333,-11.1682620000000,0 
-169.8922581666667,-11.1682740000000,0 
-169.8922781666667,-11.1682830000000,0 
-169.8922131666667,-11.1682655000000,0 
-169.8921396666667,-11.1683016666667,0 
-169.8921886666667,-11.1683063333333,0 
-169.8922055000000,-11.1683095000000,0 
-169.8921313333333,-11.1683061666667,0 
-169.8921060000000,-11.1682931666667,0 
-169.8921131666667,-11.1683368333333,0 
-169.8921626666667,-11.1683553333333,0 
-169.8921638333333,-11.1683421666667,0 
-169.8921311666667,-11.1683456666667,0 
-169.8921993333333,-11.1683971666667,0 
-169.8921431666667,-11.1683601666667,0 
-169.8921225000000,-11.1683430000000,0 
-169.8920938333333,-11.1683481666667,0 
-169.8920986666667,-11.1682996666667,0 
-169.8921765000000,-11.1682970000000,0 
-169.8920885000000,-11.1683290000000,0 
-169.8921030000000,-11.1683731666667,0 
-169.8920863333333,-11.1683348333333,0 
-169.8921581666667,-11.1682748333333,0 
-169.8921006666667,-11.1681833333333,0 
-169.8921785000000,-11.1682033333333,0 
-169.8920553333333,-11.1681993333333,0 
-169.8920198333333,-11.1682700000000,0 
-169.8920225000000,-11.1682618333333,0 
-169.8920548333333,-11.1682558333333,0 
-169.8921346666667,-11.1682218333333,0 
-169.8920833333333,-11.1682268333333,0 
-169.8920853333333,-11.1682243333333,0 
-169.8921365000000,-11.1681850000000,0 
-169.8921673333333,-11.1682630000000,0 
-169.8920975000000,-11.1682101666667,0 
-169.8920810000000,-11.1681721666667,0 
-169.8921078333333,-11.1681703333333,0 
-169.8921230000000,-11.1682091666667,0 
-169.8921618333333,-11.1682090000000,0 
-169.8921431666667,-11.1682443333333,0 
-169.8921655000000,-11.1681463333333,0 
-169.8920748333333,-11.1681705000000,0 
-169.8921618333333,-11.1682233333333,0 
-169.8921455000000,-11.1681843333333,0 
-169.8921251666667,-11.1682035000000,0 
-169.8920651666667,-11.1682715000000,0 
-169.8920723333333,-11.1682831666667,0 
-169.8921135000000,-11.1682645000000,0 
-169.8921291666667,-11.1682780000000,0 
-169.8920638333333,-11.1682340000000,0 
-169.8921500000000,-11.1682345000000,0 
-169.8920966666667,-11.1682615000000,0 
-169.8920741666667,-11.1682641666667,0 
-169.8921021666667,-11.1682136666667,0 
-169.8921393333333,-11.1681975000000,0 
-169.8920938333333,-11.1682643333333,0 
-169.8921518333333,-11.1682950000000,0 
-169.8920708333333,-11.1682821666667,0 
-169.8920801666667,-11.1682238333333,0 
-169.8921221666667,-11.1682510000000,0 
-169.8921168333333,-11.1682465000000,0 
-169.8921471666667,-11.1682686666667,0 
-169.8921178333333,-11.1682401666667,0 
-169.8920745000000,-11.1682391666667,0 
-169.8920208333333,-11.1682450000000,0 
-169.8920808333333,-11.1682691666667,0 
-169.8920578333333,-11.1682168333333,0 
-169.8921143333333,-11.1682626666667,0 
-169.8920555000000,-11.1683288333333,0 
-169.8921271666667,-11.1683005000000,0 
-169.8921821666667,-11.1682941666667,0 
-169.8921355000000,-11.1682700000000,0 
-169.8920490000000,-11.1682541666667,0 
-169.8921295000000,-11.1682368333333,0 
-169.8921405000000,-11.1682908333333,0 
-169.8921435000000,-11.1681886666667,0 
-169.8921590000000,-11.1682256666667,0 
-169.8922185000000,-11.1681165000000,0 
-169.8920931666667,-11.1681178333333,0 
-169.8921485000000,-11.1681883333333,0 
-169.8921045000000,-11.1681036666667,0 
-169.8920481666667,-11.1680911666667,0 
-169.8919998333333,-11.1681060000000,0 
-169.8920306666667,-11.1681061666667,0 
-169.8920726666667,-11.1681896666667,0 
-169.8919906666667,-11.1681676666667,0 
-169.8919641666667,-11.1681595000000,0 
-169.8920476666667,-11.1681903333333,0 
-169.8920146666667,-11.1681423333333,0 
-169.8920471666667,-11.1681436666667,0 
-169.8920311666667,-11.1681373333333,0 
-169.8919226666667,-11.1681051666667,0 
-169.8919460000000,-11.1680648333333,0 
-169.8919375000000,-11.1680881666667,0 
-169.8919251666667,-11.1681705000000,0 
-169.8919710000000,-11.1680791666667,0 
-169.8919495000000,-11.1681863333333,0 
-169.8919545000000,-11.1681941666667,0 
-169.8920355000000,-11.1681485000000,0 
-169.8919690000000,-11.1681745000000,0 
-169.8920541666667,-11.1681963333333,0 
-169.8919631666667,-11.1681398333333,0 
-169.8920413333333,-11.1681545000000,0 
-169.8920620000000,-11.1681901666667,0 
-169.8920495000000,-11.1681725000000,0 
-169.8920238333333,-11.1681800000000,0 
-169.8919518333333,-11.1681296666667,0 
-169.8919610000000,-11.1681723333333,0 
-169.8920176666667,-11.1681053333333,0 
-169.8919375000000,-11.1681715000000,0 
-169.8920073333333,-11.1681936666667,0 
-169.8920166666667,-11.1682690000000,0 
-169.8919440000000,-11.1682618333333,0 
-169.8920278333333,-11.1682456666667,0 
-169.8919763333333,-11.1682568333333,0 
-169.8919870000000,-11.1682611666667,0 
-169.8919720000000,-11.1682631666667,0 
-169.8920285000000,-11.1681831666667,0 
-169.8920941666667,-11.1680735000000,0 
-169.8920626666667,-11.1680128333333,0 
-169.8921863333333,-11.1678740000000,0 
-169.8920926666667,-11.1678615000000,0 
-169.8921520000000,-11.1679028333333,0 
-169.8921781666667,-11.1679276666667,0 
-169.8920198333333,-11.1678296666667,0 
-169.8921438333333,-11.1678821666667,0 
-169.8920898333333,-11.1678975000000,0 
-169.8921773333333,-11.1679225000000,0 
-169.8920241666667,-11.1679055000000,0 
-169.8921103333333,-11.1679291666667,0 
-169.8920618333333,-11.1679060000000,0 
-169.8919906666667,-11.1679468333333,0 
-169.8921275000000,-11.1679386666667,0 
-169.8920568333333,-11.1679315000000,0 
-169.8920268333333,-11.1679748333333,0 
-169.8919911666667,-11.1679518333333,0 
-169.8920525000000,-11.1680123333333,0 
-169.8919640000000,-11.1679133333333,0 
-169.8919815000000,-11.1679661666667,0 
-169.8920390000000,-11.1679200000000,0 
-169.8920553333333,-11.1679195000000,0 
-169.8920115000000,-11.1679648333333,0 
-169.8920403333333,-11.1679163333333,0 
-169.8921418333333,-11.1679255000000,0 
-169.8920275000000,-11.1679140000000,0 
-169.8920366666667,-11.1678440000000,0 
-169.8920015000000,-11.1678770000000,0 
-169.8920765000000,-11.1678935000000,0 
-169.8920606666667,-11.1679185000000,0 
-169.8921048333333,-11.1679433333333,0 
-169.8921228333333,-11.1679626666667,0 
-169.8920448333333,-11.1679806666667,0 
-169.8922481666667,-11.1678181666667,0 
-169.8922523333333,-11.1678456666667,0 
-169.8922481666667,-11.1678255000000,0 
-169.8922360000000,-11.1678033333333,0 
-169.8922251666667,-11.1678371666667,0 
-169.8922025000000,-11.1677840000000,0 
-169.8922338333333,-11.1678031666667,0 
-169.8922555000000,-11.1678021666667,0 
-169.8921778333333,-11.1678036666667,0 
-169.8921745000000,-11.1678100000000,0 
-169.8922673333333,-11.1678313333333,0 
-169.8921698333333,-11.1677816666667,0 
-169.8921900000000,-11.1678105000000,0 
-169.8922021666667,-11.1678118333333,0 
-169.8921508333333,-11.1677861666667,0 
-169.8922021666667,-11.1678531666667,0 
-169.8921930000000,-11.1678291666667,0 
-169.8922038333333,-11.1677761666667,0 
-169.8922263333333,-11.1678215000000,0 
-169.8921516666667,-11.1677725000000,0 
-169.8921203333333,-11.1678045000000,0 
-169.8921385000000,-11.1678316666667,0 
-169.8920831666667,-11.1677851666667,0 
-169.8920873333333,-11.1678226666667,0 
-169.8921103333333,-11.1679158333333,0 
-169.8920886666667,-11.1678901666667,0 
-169.8920841666667,-11.1678866666667,0 
-169.8921631666667,-11.1678698333333,0 
-169.8920900000000,-11.1678708333333,0 
-169.8920923333333,-11.1678396666667,0 
-169.8921120000000,-11.1679263333333,0 
-169.8921103333333,-11.1678571666667,0 
-169.8921138333333,-11.1677936666667,0 
-169.8921220000000,-11.1678301666667,0 
-169.8921623333333,-11.1678378333333,0 
-169.8921736666667,-11.1678620000000,0 
-169.8921811666667,-11.1678453333333,0 
-169.8920996666667,-11.1678946666667,0 
-169.8921608333333,-11.1678815000000,0 
-169.8921680000000,-11.1678861666667,0 
-169.8922095000000,-11.1679193333333,0 
-169.8921928333333,-11.1679228333333,0 
-169.8921971666667,-11.1679246666667,0 
-169.8921403333333,-11.1679166666667,0 
-169.8920951666667,-11.1678751666667,0 
-169.8921960000000,-11.1679250000000,0 
-169.8921206666667,-11.1678963333333,0 
-169.8920753333333,-11.1679238333333,0 
-169.8920766666667,-11.1679180000000,0 
-169.8921275000000,-11.1679233333333,0 
-169.8921765000000,-11.1678736666667,0 
-169.8921151666667,-11.1679028333333,0 
-169.8921380000000,-11.1678958333333,0 
-169.8921826666667,-11.1678560000000,0 
-169.8920870000000,-11.1678345000000,0 
-169.8920680000000,-11.1678628333333,0 
-169.8920885000000,-11.1678485000000,0 
-169.8921786666667,-11.1678668333333,0 
-169.8921383333333,-11.1678761666667,0 
-169.8920945000000,-11.1679311666667,0 
-169.8920968333333,-11.1679121666667,0 
-169.8921263333333,-11.1679380000000,0 
-169.8921201666667,-11.1678955000000,0 
-169.8920550000000,-11.1678725000000,0 
-169.8921166666667,-11.1679333333333,0 
-169.8921276666667,-11.1679586666667,0 
-169.8921800000000,-11.1679330000000,0 
-169.8921736666667,-11.1679481666667,0 
-169.8920401666667,-11.1678736666667,0 
-169.8920718333333,-11.1678546666667,0 
-169.8920406666667,-11.1678690000000,0 
-169.8920498333333,-11.1678878333333,0 
-169.8920706666667,-11.1678158333333,0 
-169.8920643333333,-11.1677790000000,0 
-169.8920921666667,-11.1678555000000,0 
-169.8921000000000,-11.1679050000000,0 
-169.8920245000000,-11.1678781666667,0 
-169.8920818333333,-11.1678431666667,0 
-169.8920251666667,-11.1678451666667,0 
-169.8921196666667,-11.1678615000000,0 
-169.8921010000000,-11.1678508333333,0 
-169.8920810000000,-11.1678605000000,0 
-169.8921310000000,-11.1678055000000,0 
-169.8920873333333,-11.1677855000000,0 
-169.8920396666667,-11.1678318333333,0 
-169.8921148333333,-11.1677618333333,0 
-169.8919675000000,-11.1678331666667,0 
-169.8920786666667,-11.1678965000000,0 
-169.8921061666667,-11.1678775000000,0 
-169.8920430000000,-11.1678575000000,0 
-169.8920846666667,-11.1678616666667,0 
-169.8920303333333,-11.1678680000000,0 
-169.8920131666667,-11.1678488333333,0 
-169.8920036666667,-11.1678668333333,0 
-169.8920476666667,-11.1679046666667,0 
-169.8919821666667,-11.1678886666667,0 
-169.8919548333333,-11.1679053333333,0 
-169.8919521666667,-11.1679005000000,0 
-169.8919333333333,-11.1678733333333,0 
-169.8919185000000,-11.1679131666667,0 
-169.8919548333333,-11.1679436666667,0 
-169.8918886666667,-11.1679121666667,0 
-169.8919173333333,-11.1678886666667,0 
-169.8919983333333,-11.1679495000000,0 
-169.8918983333333,-11.1678828333333,0 
-169.8919691666667,-11.1678648333333,0 
-169.8919406666667,-11.1678113333333,0 
-169.8918945000000,-11.1677990000000,0 
-169.8919250000000,-11.1678491666667,0 
-169.8919640000000,-11.1679121666667,0 
-169.8918670000000,-11.1678370000000,0 
-169.8918921666667,-11.1678361666667,0 
-169.8919590000000,-11.1678366666667,0 
-169.8919583333333,-11.1678218333333,0 
-169.8918991666667,-11.1679118333333,0 
-169.8919720000000,-11.1679348333333,0 
-169.8919975000000,-11.1679656666667,0 
-169.8919291666667,-11.1678891666667,0 
-169.8919881666667,-11.1678976666667,0 
-169.8919610000000,-11.1679700000000,0 
-169.8918963333333,-11.1679013333333,0 
-169.8919400000000,-11.1678861666667,0 
-169.8918903333333,-11.1679468333333,0 
-169.8919051666667,-11.1679518333333,0 
-169.8918705000000,-11.1679705000000,0 
-169.8919246666667,-11.1679521666667,0 
-169.8919500000000,-11.1679546666667,0 
-169.8918430000000,-11.1679171666667,0 
-169.8918900000000,-11.1678968333333,0 
-169.8918818333333,-11.1679376666667,0 
-169.8919448333333,-11.1679348333333,0 
-169.8919471666667,-11.1679248333333,0 
-169.8919013333333,-11.1678845000000,0 
-169.8918965000000,-11.1678923333333,0 
-169.8919328333333,-11.1679580000000,0 
-169.8918315000000,-11.1679065000000,0 
-169.8919066666667,-11.1678715000000,0 
-169.8919466666667,-11.1679160000000,0 
-169.8919486666667,-11.1679683333333,0 
-169.8919835000000,-11.1678983333333,0 
-169.8919761666667,-11.1679155000000,0 
-169.8919631666667,-11.1678440000000,0 
-169.8918875000000,-11.1678266666667,0 
-169.8918636666667,-11.1678266666667,0 
-169.8919410000000,-11.1679023333333,0 
-169.8919855000000,-11.1678698333333,0 
-169.8918951666667,-11.1678870000000,0 
-169.8918621666667,-11.1678778333333,0 
-169.8919401666667,-11.1679070000000,0 
-169.8919583333333,-11.1678276666667,0 
-169.8919206666667,-11.1678166666667,0 
-169.8919091666667,-11.1678261666667,0 
-169.8919686666667,-11.1677686666667,0 
-169.8919285000000,-11.1678251666667,0 
-169.8918591666667,-11.1678221666667,0 
-169.8919428333333,-11.1677885000000,0 
-169.8919680000000,-11.1678116666667,0 
-169.8918606666667,-11.1678161666667,0 
-169.8919906666667,-11.1678095000000,0 
-169.8919201666667,-11.1677421666667,0 
-169.8918630000000,-11.1677815000000,0 
-169.8918988333333,-11.1677791666667,0 
-169.8919731666667,-11.1678535000000,0 
-169.8918785000000,-11.1678175000000,0 
-169.8918900000000,-11.1678476666667,0 
-169.8918900000000,-11.1677923333333,0 
-169.8919148333333,-11.1677990000000,0 
-169.8919626666667,-11.1678383333333,0 
-169.8919395000000,-11.1677681666667,0 
-169.8920091666667,-11.1677481666667,0 
-169.8920355000000,-11.1677878333333,0 
-169.8919838333333,-11.1677823333333,0 
-169.8919516666667,-11.1677293333333,0 
-169.8919193333333,-11.1677263333333,0 
-169.8919798333333,-11.1677321666667,0 
-169.8920260000000,-11.1678326666667,0 
-169.8920163333333,-11.1677993333333,0 
-169.8920615000000,-11.1678118333333,0 
-169.8920478333333,-11.1678983333333,0 
-169.8919698333333,-11.1678311666667,0 
-169.8919143333333,-11.1678643333333,0 
-169.8919598333333,-11.1678480000000,0 
-169.8919858333333,-11.1678465000000,0 
-169.8919990000000,-11.1678005000000,0 
-169.8919741666667,-11.1677810000000,0 
-169.8920008333333,-11.1678065000000,0 
-169.8920305000000,-11.1678136666667,0 
-169.8920463333333,-11.1678411666667,0 
-169.8920050000000,-11.1678598333333,0 
-169.8919875000000,-11.1679023333333,0 
-169.8920268333333,-11.1678821666667,0 
-169.8920331666667,-11.1678070000000,0 
-169.8919096666667,-11.1678468333333,0 
-169.8919736666667,-11.1677871666667,0 
-169.8920670000000,-11.1678006666667,0 
-169.8919935000000,-11.1678123333333,0 
-169.8919418333333,-11.1677750000000,0 
-169.8920263333333,-11.1677763333333,0 
-169.8919826666667,-11.1677978333333,0 
-169.8919961666667,-11.1678071666667,0 
-169.8920386666667,-11.1678636666667,0 
-169.8920230000000,-11.1678335000000,0 
-169.8920268333333,-11.1678381666667,0 
-169.8919608333333,-11.1678365000000,0 
-169.8920500000000,-11.1677751666667,0 
-169.8920190000000,-11.1677618333333,0 
-169.8920158333333,-11.1678328333333,0 
-169.8921046666667,-11.1677821666667,0 
-169.8919893333333,-11.1678303333333,0 
-169.8920826666667,-11.1678463333333,0 
-169.8920870000000,-11.1678410000000,0 
-169.8920598333333,-11.1678235000000,0 
-169.8921046666667,-11.1677901666667,0 
-169.8920420000000,-11.1677341666667,0 
-169.8920378333333,-11.1678143333333,0 
-169.8919780000000,-11.1677700000000,0 
-169.8920036666667,-11.1677908333333,0 
-169.8919856666667,-11.1677890000000,0 
-169.8920048333333,-11.1677943333333,0 
-169.8920880000000,-11.1677961666667,0 
-169.8920386666667,-11.1676965000000,0 
-169.8920256666667,-11.1676750000000,0 
-169.8920203333333,-11.1677128333333,0 
-169.8920571666667,-11.1677313333333,0 
-169.8920961666667,-11.1676658333333,0 
-169.8920805000000,-11.1676881666667,0 
-169.8920855000000,-11.1677000000000,0 
-169.8921305000000,-11.1676798333333,0 
-169.8921683333333,-11.1677266666667,0 
-169.8920513333333,-11.1676790000000,0 
-169.8920995000000,-11.1676553333333,0 
-169.8921200000000,-11.1676798333333,0 
-169.8921040000000,-11.1677495000000,0 
-169.8921493333333,-11.1677508333333,0 
-169.8921460000000,-11.1676843333333,0 
-169.8921495000000,-11.1677375000000,0 
-169.8920876666667,-11.1677223333333,0 
-169.8921230000000,-11.1677251666667,0 
-169.8920710000000,-11.1677015000000,0 
-169.8920431666667,-11.1677226666667,0 
-169.8921081666667,-11.1676886666667,0 
-169.8921105000000,-11.1676391666667,0 
-169.8920500000000,-11.1676708333333,0 
-169.8920366666667,-11.1676933333333,0 
-169.8921170000000,-11.1677421666667,0 
-169.8920833333333,-11.1677230000000,0 
-169.8921316666667,-11.1676828333333,0 
-169.8921083333333,-11.1676960000000,0 
-169.8921100000000,-11.1676760000000,0 
-169.8920910000000,-11.1676648333333,0 
-169.8921316666667,-11.1676600000000,0 
-169.8920736666667,-11.1676671666667,0 
-169.8921120000000,-11.1676883333333,0 
-169.8921311666667,-11.1676941666667,0 
-169.8921095000000,-11.1676553333333,0 
-169.8921135000000,-11.1676745000000,0 
-169.8921793333333,-11.1676323333333,0 
-169.8921681666667,-11.1676868333333,0 
-169.8920880000000,-11.1677436666667,0 
-169.8921698333333,-11.1676666666667,0 
-169.8921280000000,-11.1675738333333,0 
-169.8920686666667,-11.1676015000000,0 
-169.8920558333333,-11.1676591666667,0 
-169.8920925000000,-11.1676801666667,0 
-169.8921553333333,-11.1676216666667,0 
-169.8920643333333,-11.1677126666667,0 
-169.8920053333333,-11.1676320000000,0 
-169.8920953333333,-11.1676658333333,0 
-169.8920368333333,-11.1676825000000,0 
-169.8921276666667,-11.1677230000000,0 
-169.8921271666667,-11.1676581666667,0 
-169.8920393333333,-11.1676706666667,0 
-169.8921223333333,-11.1677265000000,0 
-169.8920433333333,-11.1676806666667,0 
-169.8919828333333,-11.1676231666667,0 
-169.8919621666667,-11.1675926666667,0 
-169.8920055000000,-11.1676291666667,0 
-169.8920103333333,-11.1676101666667,0 
-169.8920448333333,-11.1676706666667,0 
-169.8920181666667,-11.1676968333333,0 
-169.8920046666667,-11.1676988333333,0 
-169.8920346666667,-11.1677301666667,0 
-169.8920246666667,-11.1676898333333,0 
-169.8920150000000,-11.1677283333333,0 
-169.8920253333333,-11.1676773333333,0 
-169.8920306666667,-11.1676380000000,0 
-169.8920391666667,-11.1676010000000,0 
-169.8921083333333,-11.1676740000000,0 
-169.8920550000000,-11.1676630000000,0 
-169.8921120000000,-11.1676916666667,0 
-169.8920515000000,-11.1676631666667,0 
-169.8920455000000,-11.1676565000000,0 
-169.8921128333333,-11.1676488333333,0 
-169.8921068333333,-11.1677240000000,0 
-169.8921386666667,-11.1677155000000,0 
-169.8921253333333,-11.1676986666667,0 
-169.8920938333333,-11.1676816666667,0 
-169.8920021666667,-11.1676765000000,0 
-169.8920188333333,-11.1676910000000,0 
-169.8920705000000,-11.1677371666667,0 
-169.8920916666667,-11.1677983333333,0 
-169.8920565000000,-11.1677268333333,0 
-169.8920373333333,-11.1677196666667,0 
-169.8920710000000,-11.1677210000000,0 
-169.8920640000000,-11.1677895000000,0 
-169.8920963333333,-11.1677730000000,0 
-169.8920543333333,-11.1677338333333,0 
-169.8920400000000,-11.1677420000000,0 
-169.8920330000000,-11.1677533333333,0 
-169.8920606666667,-11.1677655000000,0 
-169.8921241666667,-11.1676950000000,0 
-169.8921161666667,-11.1676816666667,0 
-169.8920518333333,-11.1677626666667,0 
-169.8921236666667,-11.1677710000000,0 
-169.8922163333333,-11.1678190000000,0 
-169.8923296666667,-11.1677353333333,0 
-169.8923968333333,-11.1677050000000,0 
-169.8923590000000,-11.1677706666667,0 
-169.8923633333333,-11.1677660000000,0 
-169.8923946666667,-11.1677223333333,0 
-169.8924320000000,-11.1677795000000,0 
-169.8923296666667,-11.1676823333333,0 
-169.8923205000000,-11.1676693333333,0 
-169.8923923333333,-11.1675588333333,0 
-169.8924270000000,-11.1675323333333,0 
-169.8923868333333,-11.1676053333333,0 
-169.8923183333333,-11.1675768333333,0 
-169.8922935000000,-11.1675850000000,0 
-169.8923860000000,-11.1676420000000,0 
-169.8922950000000,-11.1675838333333,0 
-169.8923150000000,-11.1676205000000,0 
-169.8922841666667,-11.1676073333333,0 
-169.8922188333333,-11.1675741666667,0 
-169.8921990000000,-11.1675388333333,0 
-169.8922786666667,-11.1675966666667,0 
-169.8921875000000,-11.1676190000000,0 
-169.8921885000000,-11.1676153333333,0 
-169.8921840000000,-11.1675126666667,0 
-169.8921820000000,-11.1675150000000,0 
-169.8922035000000,-11.1675611666667,0 
-169.8922368333333,-11.1675508333333,0 
-169.8921580000000,-11.1674963333333,0 
-169.8921375000000,-11.1676208333333,0 
-169.8921475000000,-11.1675870000000,0 
-169.8921526666667,-11.1675995000000,0 
-169.8921093333333,-11.1675340000000,0 
-169.8921473333333,-11.1674290000000,0 
-169.8921870000000,-11.1674295000000,0 
-169.8921835000000,-11.1674476666667,0 
-169.8921811666667,-11.1674406666667,0 
-169.8921811666667,-11.1674386666667,0 
-169.8921481666667,-11.1674413333333,0 
-169.8921236666667,-11.1674600000000,0 
-169.8921413333333,-11.1674813333333,0 
-169.8922021666667,-11.1674711666667,0 
-169.8921440000000,-11.1673795000000,0 
-169.8921305000000,-11.1674168333333,0 
-169.8921388333333,-11.1674775000000,0 
-169.8920536666667,-11.1674948333333,0 
-169.8920788333333,-11.1674158333333,0 
-169.8921198333333,-11.1674823333333,0 
-169.8920981666667,-11.1674180000000,0 
-169.8920860000000,-11.1674003333333,0 
-169.8921003333333,-11.1673575000000,0 
-169.8920606666667,-11.1674038333333,0 
-169.8920895000000,-11.1673561666667,0 
-169.8920750000000,-11.1673473333333,0 
-169.8920915000000,-11.1673670000000,0 
-169.8920743333333,-11.1673263333333,0 
-169.8920560000000,-11.1673036666667,0 
-169.8920545000000,-11.1673668333333,0 
-169.8920615000000,-11.1673708333333,0 
-169.8919956666667,-11.1674025000000,0 
-169.8920258333333,-11.1673436666667,0 
-169.8920468333333,-11.1673100000000,0 
-169.8921106666667,-11.1674396666667,0 
-169.8920853333333,-11.1673241666667,0 
-169.8920380000000,-11.1673851666667,0 
-169.8920116666667,-11.1672770000000,0 
-169.8920236666667,-11.1673078333333,0 
-169.8920373333333,-11.1674145000000,0 
-169.8920523333333,-11.1673811666667,0 
-169.8920533333333,-11.1674443333333,0 
-169.8920345000000,-11.1673720000000,0 
-169.8920473333333,-11.1673866666667,0 
-169.8920501666667,-11.1673193333333,0 
-169.8920178333333,-11.1672705000000,0 
-169.8920660000000,-11.1673533333333,0 
-169.8920451666667,-11.1673595000000,0 
-169.8920345000000,-11.1672810000000,0 
-169.8920738333333,-11.1673610000000,0 
-169.8920663333333,-11.1673210000000,0 
-169.8921360000000,-11.1673116666667,0 
-169.8921320000000,-11.1673670000000,0 
-169.8920953333333,-11.1673405000000,0 
-169.8921203333333,-11.1674005000000,0 
-169.8920818333333,-11.1673886666667,0 
-169.8920896666667,-11.1673655000000,0 
-169.8920996666667,-11.1673268333333,0 
-169.8921015000000,-11.1673135000000,0 
-169.8920698333333,-11.1673555000000,0 
-169.8921010000000,-11.1673365000000,0 
-169.8921001666667,-11.1672686666667,0 
-169.8920386666667,-11.1673100000000,0 
-169.8920123333333,-11.1673310000000,0 
-169.8920225000000,-11.1672865000000,0 
-169.8920875000000,-11.1673653333333,0 
-169.8920098333333,-11.1673778333333,0 
-169.8921298333333,-11.1673188333333,0 
-169.8921505000000,-11.1672845000000,0 
-169.8920560000000,-11.1674230000000,0 
-169.8920793333333,-11.1673815000000,0 
-169.8921336666667,-11.1674235000000,0 
-169.8920696666667,-11.1673123333333,0 
-169.8921076666667,-11.1672891666667,0 
-169.8920645000000,-11.1673526666667,0 
-169.8920843333333,-11.1673235000000,0 
-169.8921091666667,-11.1673388333333,0 
-169.8920843333333,-11.1673731666667,0 
-169.8920468333333,-11.1673456666667,0 
-169.8920333333333,-11.1672508333333,0 
-169.8921141666667,-11.1673306666667,0 
-169.8920716666667,-11.1673060000000,0 
-169.8920535000000,-11.1672756666667,0 
-169.8920963333333,-11.1673281666667,0 
-169.8920961666667,-11.1673740000000,0 
-169.8920425000000,-11.1673261666667,0 
-169.8920081666667,-11.1672143333333,0 
-169.8920333333333,-11.1673110000000,0 
-169.8920260000000,-11.1672980000000,0 
-169.8920048333333,-11.1672841666667,0 
-169.8921053333333,-11.1672590000000,0 
-169.8920608333333,-11.1673453333333,0 
-169.8920908333333,-11.1672980000000,0 
-169.8920743333333,-11.1673438333333,0 
-169.8920673333333,-11.1672653333333,0 
-169.8921371666667,-11.1673283333333,0 
-169.8920888333333,-11.1672366666667,0 
-169.8921458333333,-11.1672005000000,0 
-169.8920861666667,-11.1672408333333,0 
-169.8920953333333,-11.1673355000000,0 
-169.8920558333333,-11.1671991666667,0 
-169.8921195000000,-11.1671918333333,0 
-169.8921303333333,-11.1671531666667,0 
-169.8920948333333,-11.1671848333333,0 
-169.8920408333333,-11.1672576666667,0 
-169.8921581666667,-11.1672393333333,0 
-169.8921271666667,-11.1673045000000,0 
-169.8921118333333,-11.1672478333333,0 
-169.8920238333333,-11.1672850000000,0 
-169.8920346666667,-11.1672476666667,0 
-169.8920891666667,-11.1672516666667,0 
-169.8920965000000,-11.1672058333333,0 
-169.8920936666667,-11.1671670000000,0 
-169.8920840000000,-11.1672161666667,0 
-169.8921270000000,-11.1672826666667,0 
-169.8921011666667,-11.1672091666667,0 
-169.8920746666667,-11.1671886666667,0 
-169.8920501666667,-11.1671826666667,0 
-169.8920681666667,-11.1672156666667,0 
-169.8920711666667,-11.1672225000000,0 
-169.8920776666667,-11.1672095000000,0 
-169.8920871666667,-11.1671870000000,0 
-169.8920923333333,-11.1672445000000,0 
-169.8920593333333,-11.1672385000000,0 
-169.8920868333333,-11.1672540000000,0 
-169.8920966666667,-11.1671528333333,0 
-169.8921490000000,-11.1672431666667,0 
-169.8920188333333,-11.1671803333333,0 
-169.8920415000000,-11.1671926666667,0 
-169.8921025000000,-11.1672866666667,0 
-169.8920795000000,-11.1672566666667,0 
-169.8920290000000,-11.1672065000000,0 
-169.8920371666667,-11.1672173333333,0 
-169.8921231666667,-11.1671373333333,0 
-169.8920913333333,-11.1671803333333,0 
-169.8920890000000,-11.1671680000000,0 
-169.8921165000000,-11.1671483333333,0 
-169.8919955000000,-11.1672650000000,0 
-169.8921121666667,-11.1672405000000,0 
-169.8921083333333,-11.1673028333333,0 
-169.8920081666667,-11.1673306666667,0 
-169.8920466666667,-11.1672595000000,0 
-169.8921015000000,-11.1672943333333,0 
-169.8920806666667,-11.1671866666667,0 
-169.8920570000000,-11.1673253333333,0 
-169.8920641666667,-11.1673145000000,0 
-169.8920450000000,-11.1671828333333,0 
-169.8920935000000,-11.1673248333333,0 
-169.8920985000000,-11.1672915000000,0 
-169.8920691666667,-11.1672380000000,0 
-169.8920335000000,-11.1672830000000,0 
-169.8921030000000,-11.1673126666667,0 
-169.8920813333333,-11.1673138333333,0 
-169.8920675000000,-11.1672881666667,0 
-169.8920320000000,-11.1672306666667,0 
-169.8920780000000,-11.1672346666667,0 
-169.8920720000000,-11.1672331666667,0 
-169.8921018333333,-11.1672816666667,0 
-169.8920241666667,-11.1672001666667,0 
-169.8921273333333,-11.1671525000000,0 
-169.8920366666667,-11.1672516666667,0 
-169.8921631666667,-11.1672220000000,0 
-169.8921268333333,-11.1671978333333,0 
-169.8921470000000,-11.1672175000000,0 
-169.8921301666667,-11.1672388333333,0 
-169.8921563333333,-11.1672656666667,0 
-169.8921551666667,-11.1672038333333,0 
-169.8922001666667,-11.1672908333333,0 
-169.8921743333333,-11.1672641666667,0 
-169.8921431666667,-11.1671693333333,0 
-169.8921210000000,-11.1672041666667,0 
-169.8921163333333,-11.1672391666667,0 
-169.8920735000000,-11.1672248333333,0 
-169.8921245000000,-11.1671836666667,0 
-169.8921010000000,-11.1671333333333,0 
-169.8921260000000,-11.1672906666667,0 
-169.8920935000000,-11.1672735000000,0 
-169.8921476666667,-11.1672250000000,0 
-169.8921011666667,-11.1671696666667,0 
-169.8920900000000,-11.1671953333333,0 
-169.8921365000000,-11.1672041666667,0 
-169.8921506666667,-11.1671501666667,0 
-169.8921806666667,-11.1671360000000,0 
-169.8921390000000,-11.1671201666667,0 
-169.8920910000000,-11.1670891666667,0 
-169.8921476666667,-11.1671028333333,0 
-169.8922048333333,-11.1671161666667,0 
-169.8921570000000,-11.1670803333333,0 
-169.8921330000000,-11.1670881666667,0 
-169.8921386666667,-11.1670901666667,0 
-169.8921143333333,-11.1670825000000,0 
-169.8921256666667,-11.1670458333333,0 
-169.8920906666667,-11.1671440000000,0 
-169.8920935000000,-11.1671406666667,0 
-169.8920806666667,-11.1670665000000,0 
-169.8921021666667,-11.1670558333333,0 
-169.8920608333333,-11.1670231666667,0 
-169.8920685000000,-11.1670338333333,0 
-169.8920443333333,-11.1670581666667,0 
-169.8920463333333,-11.1670183333333,0 
-169.8921208333333,-11.1670700000000,0 
-169.8921563333333,-11.1671118333333,0 
-169.8921198333333,-11.1670948333333,0 
-169.8921211666667,-11.1671015000000,0 
-169.8920406666667,-11.1670838333333,0 
-169.8920206666667,-11.1670573333333,0 
-169.8920140000000,-11.1670091666667,0 
-169.8919960000000,-11.1670141666667,0 
-169.8920325000000,-11.1669943333333,0 
-169.8920645000000,-11.1671061666667,0 
-169.8920541666667,-11.1670805000000,0 
-169.8920548333333,-11.1670300000000,0 
-169.8920461666667,-11.1671408333333,0 
-169.8920658333333,-11.1671366666667,0 
-169.8920916666667,-11.1670648333333,0 
-169.8920283333333,-11.1669816666667,0 
-169.8920111666667,-11.1670183333333,0 
-169.8920108333333,-11.1670600000000,0 
-169.8920711666667,-11.1671276666667,0 
-169.8920805000000,-11.1670978333333,0 
-169.8920400000000,-11.1670211666667,0 
-169.8920395000000,-11.1670820000000,0 
-169.8920385000000,-11.1669841666667,0 
-169.8920245000000,-11.1671556666667,0 
-169.8921036666667,-11.1669930000000,0 
-169.8920886666667,-11.1670350000000,0 
-169.8920615000000,-11.1670431666667,0 
-169.8920526666667,-11.1670508333333,0 
-169.8920416666667,-11.1669976666667,0 
-169.8920643333333,-11.1670606666667,0 
-169.8920131666667,-11.1670785000000,0 
-169.8919921666667,-11.1670640000000,0 
-169.8920478333333,-11.1670655000000,0 
-169.8919651666667,-11.1670795000000,0 
-169.8920453333333,-11.1671275000000,0 
-169.8920690000000,-11.1670770000000,0 
-169.8920580000000,-11.1670325000000,0 
-169.8920656666667,-11.1669918333333,0 
-169.8920691666667,-11.1670306666667,0 
-169.8920518333333,-11.1669820000000,0 
-169.8921180000000,-11.1669603333333,0 
-169.8920771666667,-11.1670550000000,0 
-169.8920370000000,-11.1670666666667,0 
-169.8919978333333,-11.1669591666667,0 
-169.8920105000000,-11.1670055000000,0 
-169.8920376666667,-11.1670110000000,0 
-169.8919943333333,-11.1669946666667,0 
-169.8921423333333,-11.1670246666667,0 
-169.8920786666667,-11.1670655000000,0 
-169.8919836666667,-11.1670765000000,0 
-169.8920366666667,-11.1670615000000,0 
-169.8920960000000,-11.1670511666667,0 
-169.8920481666667,-11.1670043333333,0 
-169.8920493333333,-11.1670700000000,0 
-169.8920810000000,-11.1670928333333,0 
-169.8920755000000,-11.1670551666667,0 
-169.8920613333333,-11.1669775000000,0 
-169.8919540000000,-11.1670365000000,0 
-169.8920026666667,-11.1670170000000,0 
-169.8920096666667,-11.1670473333333,0 
-169.8919963333333,-11.1670150000000,0 
-169.8920131666667,-11.1671338333333,0 
-169.8919906666667,-11.1671343333333,0 
-169.8920308333333,-11.1670141666667,0 
-169.8919591666667,-11.1670483333333,0 
-169.8919810000000,-11.1671256666667,0 
-169.8919983333333,-11.1670243333333,0 
-169.8920086666667,-11.1671060000000,0 
-169.8920470000000,-11.1671130000000,0 
-169.8920321666667,-11.1670996666667,0 
-169.8920331666667,-11.1670775000000,0 
-169.8920058333333,-11.1670856666667,0 
-169.8919780000000,-11.1670966666667,0 
-169.8919931666667,-11.1670386666667,0 
-169.8919865000000,-11.1670276666667,0 
-169.8920016666667,-11.1669775000000,0 
-169.8920893333333,-11.1670201666667,0 
-169.8920908333333,-11.1670203333333,0 
-169.8920416666667,-11.1669811666667,0 
-169.8920520000000,-11.1670151666667,0 
-169.8921008333333,-11.1669598333333,0 
-169.8920938333333,-11.1669376666667,0 
-169.8921441666667,-11.1669948333333,0 
-169.8921215000000,-11.1669916666667,0 
-169.8920501666667,-11.1669475000000,0 
-169.8921028333333,-11.1669493333333,0 
-169.8921440000000,-11.1670206666667,0 
-169.8921480000000,-11.1669786666667,0 
-169.8920935000000,-11.1669525000000,0 
-169.8921043333333,-11.1669870000000,0 
-169.8921346666667,-11.1668915000000,0 
-169.8921478333333,-11.1669775000000,0 
-169.8921183333333,-11.1669385000000,0 
-169.8920965000000,-11.1669043333333,0 
-169.8921063333333,-11.1669480000000,0 
-169.8921260000000,-11.1669311666667,0 
-169.8921245000000,-11.1669581666667,0 
-169.8921505000000,-11.1668606666667,0 
-169.8921943333333,-11.1669006666667,0 
-169.8921955000000,-11.1670231666667,0 
-169.8920596666667,-11.1668871666667,0 
-169.8921286666667,-11.1669056666667,0 
-169.8921170000000,-11.1670193333333,0 
-169.8922066666667,-11.1669261666667,0 
-169.8921288333333,-11.1669576666667,0 
-169.8920626666667,-11.1669830000000,0 
-169.8921138333333,-11.1669203333333,0 
-169.8920826666667,-11.1668733333333,0 
-169.8922233333333,-11.1669581666667,0 
-169.8922503333333,-11.1669808333333,0 
-169.8922261666667,-11.1668716666667,0 
-169.8921620000000,-11.1669120000000,0 
-169.8922113333333,-11.1668623333333,0 
-169.8921550000000,-11.1668633333333,0 
-169.8922355000000,-11.1668225000000,0 
-169.8922291666667,-11.1668640000000,0 
-169.8921648333333,-11.1668303333333,0 
-169.8921943333333,-11.1668568333333,0 
-169.8922105000000,-11.1668476666667,0 
-169.8921953333333,-11.1668591666667,0 
-169.8921650000000,-11.1668851666667,0 
-169.8921435000000,-11.1668025000000,0 
-169.8921865000000,-11.1668755000000,0 
-169.8921685000000,-11.1668826666667,0 
-169.8921913333333,-11.1669173333333,0 
-169.8921406666667,-11.1668681666667,0 
-169.8921590000000,-11.1668428333333,0 
-169.8921513333333,-11.1667773333333,0 
-169.8920981666667,-11.1668025000000,0 
-169.8921686666667,-11.1667865000000,0 
-169.8922118333333,-11.1668451666667,0 
-169.8922228333333,-11.1667843333333,0 
-169.8922195000000,-11.1668375000000,0 
-169.8922510000000,-11.1668001666667,0 
-169.8922723333333,-11.1667670000000,0 
-169.8921968333333,-11.1667570000000,0 
-169.8922523333333,-11.1667265000000,0 
-169.8922453333333,-11.1667105000000,0 
-169.8922678333333,-11.1667540000000,0 
-169.8922598333333,-11.1667315000000,0 
-169.8921831666667,-11.1668253333333,0 
-169.8921603333333,-11.1667938333333,0 
-169.8922241666667,-11.1667335000000,0 
-169.8921788333333,-11.1667756666667,0 
-169.8922056666667,-11.1667491666667,0 
-169.8922275000000,-11.1667475000000,0 
-169.8922561666667,-11.1667123333333,0 
-169.8922423333333,-11.1667396666667,0 
-169.8921970000000,-11.1667755000000,0 
-169.8921988333333,-11.1667046666667,0 
-169.8923020000000,-11.1667330000000,0 
-169.8921550000000,-11.1668088333333,0 
-169.8921918333333,-11.1668173333333,0 
-169.8922136666667,-11.1667411666667,0 
-169.8921416666667,-11.1667593333333,0 
-169.8921490000000,-11.1667773333333,0 
-169.8922931666667,-11.1668210000000,0 
-169.8922600000000,-11.1667173333333,0 
-169.8922610000000,-11.1667835000000,0 
-169.8923851666667,-11.1667253333333,0 
-169.8923411666667,-11.1667603333333,0 
-169.8922888333333,-11.1667685000000,0 
-169.8923333333333,-11.1667501666667,0 
-169.8923293333333,-11.1666371666667,0 
-169.8923211666667,-11.1666370000000,0 
-169.8923068333333,-11.1666861666667,0 
-169.8922960000000,-11.1666978333333,0 
-169.8923206666667,-11.1667031666667,0 
-169.8923498333333,-11.1667083333333,0 
-169.8923005000000,-11.1666520000000,0 
-169.8923026666667,-11.1666400000000,0 
-169.8923301666667,-11.1666568333333,0 
-169.8923268333333,-11.1666071666667,0 
-169.8923210000000,-11.1666338333333,0 
-169.8923078333333,-11.1666291666667,0 
-169.8923196666667,-11.1666648333333,0 
-169.8922550000000,-11.1666115000000,0 
-169.8923476666667,-11.1665655000000,0 
-169.8923385000000,-11.1666506666667,0 
-169.8923356666667,-11.1667370000000,0 
-169.8923195000000,-11.1666950000000,0 
-169.8923106666667,-11.1666566666667,0 
-169.8922956666667,-11.1666828333333,0 
-169.8923003333333,-11.1666531666667,0 
-169.8923596666667,-11.1665810000000,0 
-169.8923570000000,-11.1666593333333,0 
-169.8923193333333,-11.1667031666667,0 
-169.8923166666667,-11.1666741666667,0 
-169.8922683333333,-11.1666165000000,0 
-169.8923110000000,-11.1666538333333,0 
-169.8923046666667,-11.1666006666667,0 
-169.8923143333333,-11.1666381666667,0 
-169.8923878333333,-11.1666958333333,0 
-169.8923170000000,-11.1667211666667,0 
-169.8922586666667,-11.1666778333333,0 
-169.8922525000000,-11.1667398333333,0 
-169.8922911666667,-11.1666741666667,0 
-169.8922361666667,-11.1666723333333,0 
-169.8922776666667,-11.1667455000000,0 
-169.8922101666667,-11.1667303333333,0 
-169.8921866666667,-11.1667436666667,0 
-169.8922135000000,-11.1666778333333,0 
-169.8921755000000,-11.1666706666667,0 
-169.8921820000000,-11.1666808333333,0 
-169.8921890000000,-11.1666843333333,0 
-169.8922528333333,-11.1666906666667,0 
-169.8921961666667,-11.1667435000000,0 
-169.8921430000000,-11.1667653333333,0 
-169.8921410000000,-11.1667716666667,0 
-169.8921266666667,-11.1667053333333,0 
-169.8921790000000,-11.1667821666667,0 
-169.8922503333333,-11.1666390000000,0 
-169.8921818333333,-11.1666665000000,0 
-169.8921781666667,-11.1667191666667,0 
-169.8921841666667,-11.1666645000000,0 
-169.8921070000000,-11.1667365000000,0 
-169.8921566666667,-11.1667146666667,0 
-169.8921688333333,-11.1667230000000,0 
-169.8921001666667,-11.1666501666667,0 
-169.8921248333333,-11.1667321666667,0 
-169.8921543333333,-11.1666906666667,0 
-169.8921216666667,-11.1666638333333,0 
-169.8921093333333,-11.1667083333333,0 
-169.8921686666667,-11.1667298333333,0 
-169.8921730000000,-11.1666350000000,0 
-169.8921496666667,-11.1666440000000,0 
-169.8921765000000,-11.1667621666667,0 
-169.8921255000000,-11.1666460000000,0 
-169.8921888333333,-11.1666441666667,0 
-169.8921835000000,-11.1665790000000,0 
-169.8922170000000,-11.1666398333333,0 
-169.8922505000000,-11.1666990000000,0 
-169.8921535000000,-11.1666593333333,0 
-169.8921131666667,-11.1666806666667,0 
-169.8921803333333,-11.1666075000000,0 
-169.8921731666667,-11.1667080000000,0 
-169.8921706666667,-11.1666225000000,0 
-169.8921786666667,-11.1666343333333,0 
-169.8921533333333,-11.1666281666667,0 
-169.8921861666667,-11.1667086666667,0 
-169.8921791666667,-11.1665973333333,0 
-169.8921646666667,-11.1666110000000,0 
-169.8921496666667,-11.1667178333333,0 
-169.8921311666667,-11.1666461666667,0 
-169.8922075000000,-11.1665701666667,0 
-169.8921843333333,-11.1666640000000,0 
-169.8921950000000,-11.1666558333333,0 
-169.8922611666667,-11.1666606666667,0 
-169.8921790000000,-11.1666473333333,0 
-169.8921150000000,-11.1666848333333,0 
-169.8921806666667,-11.1666560000000,0 
-169.8921938333333,-11.1666183333333,0 
-169.8921258333333,-11.1666941666667,0 
-169.8921575000000,-11.1667300000000,0 
-169.8921951666667,-11.1666271666667,0 
-169.8921250000000,-11.1666425000000,0 
-169.8922563333333,-11.1665830000000,0 
-169.8922885000000,-11.1666290000000,0 
-169.8922771666667,-11.1666880000000,0 
-169.8923071666667,-11.1666148333333,0 
-169.8923226666667,-11.1666113333333,0 
-169.8922773333333,-11.1665825000000,0 
-169.8922165000000,-11.1665531666667,0 
-169.8922830000000,-11.1665175000000,0 
-169.8923351666667,-11.1665516666667,0 
-169.8923083333333,-11.1665115000000,0 
-169.8922821666667,-11.1665501666667,0 
-169.8922940000000,-11.1665540000000,0 
-169.8922525000000,-11.1665613333333,0 
-169.8922585000000,-11.1666061666667,0 
-169.8922528333333,-11.1666211666667,0 
-169.8922713333333,-11.1665438333333,0 
-169.8922476666667,-11.1664985000000,0 
-169.8922693333333,-11.1665458333333,0 
-169.8923348333333,-11.1665428333333,0 
-169.8923066666667,-11.1666056666667,0 
-169.8922745000000,-11.1665443333333,0 
-169.8922961666667,-11.1665943333333,0 
-169.8922975000000,-11.1666143333333,0 
-169.8922893333333,-11.1666225000000,0 
-169.8922826666667,-11.1665810000000,0 
-169.8922665000000,-11.1665175000000,0 
-169.8923203333333,-11.1665778333333,0 
-169.8923385000000,-11.1666385000000,0 
-169.8922871666667,-11.1666188333333,0 
-169.8922758333333,-11.1666081666667,0 
-169.8922616666667,-11.1665791666667,0 
-169.8922891666667,-11.1665240000000,0 
-169.8922826666667,-11.1665081666667,0 
-169.8923116666667,-11.1665506666667,0 
-169.8922671666667,-11.1666196666667,0 
-169.8923045000000,-11.1665868333333,0 
-169.8923145000000,-11.1666178333333,0 
-169.8922881666667,-11.1666248333333,0 
-169.8922636666667,-11.1666148333333,0 
-169.8922875000000,-11.1666345000000,0 
-169.8923175000000,-11.1665781666667,0 
-169.8922861666667,-11.1666046666667,0 
-169.8922685000000,-11.1666101666667,0 
-169.8921763333333,-11.1666218333333,0 
-169.8921725000000,-11.1665915000000,0 
-169.8921351666667,-11.1666346666667,0 
-169.8920988333333,-11.1666610000000,0 
-169.8921110000000,-11.1665631666667,0 
-169.8921476666667,-11.1666361666667,0 
-169.8921606666667,-11.1666748333333,0 
-169.8921508333333,-11.1666190000000,0 
-169.8921550000000,-11.1665833333333,0 
-169.8921645000000,-11.1665458333333,0 
-169.8921451666667,-11.1665918333333,0 
-169.8921265000000,-11.1666178333333,0 
-169.8920531666667,-11.1665650000000,0 
-169.8921175000000,-11.1665263333333,0 
-169.8922208333333,-11.1664920000000,0 
-169.8921106666667,-11.1665463333333,0 
-169.8921016666667,-11.1665335000000,0 
-169.8921175000000,-11.1665596666667,0 
-169.8921373333333,-11.1665366666667,0 
-169.8921141666667,-11.1665813333333,0 
-169.8920561666667,-11.1666035000000,0 
-169.8921286666667,-11.1665543333333,0 
-169.8920890000000,-11.1664856666667,0 
-169.8921090000000,-11.1666071666667,0 
-169.8921215000000,-11.1664958333333,0 
-169.8920671666667,-11.1665240000000,0 
-169.8920998333333,-11.1665028333333,0 
-169.8921425000000,-11.1665368333333,0 
-169.8920876666667,-11.1664533333333,0 
-169.8920335000000,-11.1664910000000,0 
-169.8921840000000,-11.1665615000000,0 
-169.8921548333333,-11.1665561666667,0 
-169.8921225000000,-11.1664740000000,0 
-169.8921398333333,-11.1665053333333,0 
-169.8921501666667,-11.1665413333333,0 
-169.8921378333333,-11.1665095000000,0 
-169.8921348333333,-11.1664940000000,0 
-169.8921465000000,-11.1665000000000,0 
-169.8920221666667,-11.1665556666667,0 
-169.8921013333333,-11.1665148333333,0 
-169.8920691666667,-11.1664940000000,0 
-169.8920910000000,-11.1665803333333,0 
-169.8920621666667,-11.1664605000000,0 
-169.8920058333333,-11.1664745000000,0 
-169.8919906666667,-11.1665140000000,0 
-169.8919891666667,-11.1664698333333,0 
-169.8920321666667,-11.1665215000000,0 
-169.8920813333333,-11.1665416666667,0 
-169.8920240000000,-11.1666020000000,0 
-169.8920241666667,-11.1664243333333,0 
-169.8920468333333,-11.1665038333333,0 
-169.8920455000000,-11.1665083333333,0 
-169.8920110000000,-11.1665206666667,0 
-169.8920341666667,-11.1665906666667,0 
-169.8921396666667,-11.1664315000000,0 
-169.8921806666667,-11.1664448333333,0 
-169.8920340000000,-11.1664230000000,0 
-169.8921733333333,-11.1664498333333,0 
-169.8920953333333,-11.1665595000000,0 
-169.8921190000000,-11.1665366666667,0 
-169.8921458333333,-11.1664646666667,0 
-169.8921461666667,-11.1664433333333,0 
-169.8921765000000,-11.1665388333333,0 
-169.8921635000000,-11.1664636666667,0 
-169.8921478333333,-11.1665238333333,0 
-169.8921263333333,-11.1665313333333,0 
-169.8921665000000,-11.1665196666667,0 
-169.8921146666667,-11.1664458333333,0 
-169.8921875000000,-11.1664961666667,0 
-169.8921346666667,-11.1664040000000,0 
-169.8920878333333,-11.1664426666667,0 
-169.8920975000000,-11.1663771666667,0 
-169.8921743333333,-11.1663750000000,0 
-169.8921786666667,-11.1664215000000,0 
-169.8921165000000,-11.1664116666667,0 
-169.8920790000000,-11.1664665000000,0 
-169.8920756666667,-11.1664223333333,0 
-169.8921521666667,-11.1664168333333,0 
-169.8921680000000,-11.1665076666667,0 
-169.8921680000000,-11.1664433333333,0 
-169.8921115000000,-11.1664746666667,0 
-169.8922065000000,-11.1665308333333,0 
-169.8921843333333,-11.1665715000000,0 
-169.8923098333333,-11.1666111666667,0 
-169.8923323333333,-11.1665970000000,0 
-169.8923398333333,-11.1666085000000,0 
-169.8923438333333,-11.1666981666667,0 
-169.8923398333333,-11.1667138333333,0 
-169.8923400000000,-11.1667061666667,0 
-169.8923745000000,-11.1666486666667,0 
-169.8924011666667,-11.1666793333333,0 
-169.8924553333333,-11.1666998333333,0 
-169.8924206666667,-11.1667560000000,0 
-169.8924088333333,-11.1666601666667,0 
-169.8924343333333,-11.1666753333333,0 
-169.8925131666667,-11.1668065000000,0 
-169.8924941666667,-11.1667621666667,0 
-169.8924916666667,-11.1667526666667,0 
-169.8925321666667,-11.1667496666667,0 
-169.8925368333333,-11.1667903333333,0 
-169.8926528333333,-11.1668945000000,0 
-169.8926460000000,-11.1669945000000,0 
-169.8926055000000,-11.1670096666667,0 
-169.8926588333333,-11.1669693333333,0 
-169.8928521666667,-11.1670566666667,0 
-169.8928115000000,-11.1669978333333,0 
-169.8928508333333,-11.1669851666667,0 
-169.8928565000000,-11.1670321666667,0 
-169.8929030000000,-11.1669926666667,0 
-169.8929756666667,-11.1670583333333,0 
-169.8930308333333,-11.1670716666667,0 
-169.8929835000000,-11.1670980000000,0 
-169.8929766666667,-11.1671203333333,0 
-169.8930000000000,-11.1670521666667,0 
-169.8930596666667,-11.1670260000000,0 
-169.8930301666667,-11.1670810000000,0 
-169.8930090000000,-11.1670123333333,0 
-169.8930421666667,-11.1671048333333,0 
-169.8930496666667,-11.1671136666667,0 
-169.8930778333333,-11.1671243333333,0 
-169.8930185000000,-11.1671683333333,0 
-169.8930780000000,-11.1670965000000,0 
-169.8930898333333,-11.1671001666667,0 
-169.8930733333333,-11.1671851666667,0 
-169.8931260000000,-11.1671573333333,0 
-169.8930255000000,-11.1670310000000,0 
-169.8930785000000,-11.1670390000000,0 
-169.8929671666667,-11.1670380000000,0 
-169.8931183333333,-11.1670913333333,0 
-169.8929963333333,-11.1671160000000,0 
-169.8929993333333,-11.1671125000000,0 
-169.8930640000000,-11.1671396666667,0 
-169.8930731666667,-11.1671573333333,0 
-169.8930833333333,-11.1671801666667,0 
-169.8931210000000,-11.1672546666667,0 
-169.8930568333333,-11.1672091666667,0 
-169.8931176666667,-11.1672855000000,0 
-169.8932103333333,-11.1673500000000,0 
-169.8931831666667,-11.1672850000000,0 
-169.8932600000000,-11.1672366666667,0 
-169.8932286666667,-11.1673398333333,0 
-169.8932228333333,-11.1673430000000,0 
-169.8932771666667,-11.1673696666667,0 
-169.8933035000000,-11.1673353333333,0 
-169.8933521666667,-11.1673920000000,0 
-169.8933210000000,-11.1674181666667,0 
-169.8933516666667,-11.1674455000000,0 
-169.8934246666667,-11.1674506666667,0 
-169.8934170000000,-11.1675436666667,0 
-169.8933823333333,-11.1675355000000,0 
-169.8933483333333,-11.1675890000000,0 
-169.8933913333333,-11.1676041666667,0 
-169.8934566666667,-11.1675565000000,0 
-169.8934301666667,-11.1675508333333,0 
-169.8934836666667,-11.1675481666667,0 
-169.8935255000000,-11.1676500000000,0 
-169.8934813333333,-11.1676086666667,0 
-169.8935146666667,-11.1676351666667,0 
-169.8934960000000,-11.1676436666667,0 
-169.8935281666667,-11.1677115000000,0 
-169.8936463333333,-11.1677080000000,0 
-169.8936641666667,-11.1677080000000,0 
-169.8937250000000,-11.1678268333333,0 
-169.8939645000000,-11.1678641666667,0 
-169.8939323333333,-11.1678435000000,0 
-169.8940013333333,-11.1679718333333,0 
-169.8940373333333,-11.1680301666667,0 
-169.8940195000000,-11.1679821666667,0 
-169.8939481666667,-11.1680100000000,0 
-169.8940678333333,-11.1678880000000,0 
-169.8941346666667,-11.1679758333333,0 
-169.8941536666667,-11.1679466666667,0 
-169.8941751666667,-11.1680856666667,0 
-169.8941613333333,-11.1680498333333,0 
-169.8941820000000,-11.1680853333333,0 
-169.8941506666667,-11.1681086666667,0 
-169.8941801666667,-11.1681341666667,0 
-169.8941981666667,-11.1681391666667,0 
-169.8942296666667,-11.1682538333333,0 
-169.8941625000000,-11.1681998333333,0 
-169.8942916666667,-11.1681738333333,0 
-169.8942128333333,-11.1682005000000,0 
-169.8942863333333,-11.1681660000000,0 
-169.8943893333333,-11.1682138333333,0 
-169.8944048333333,-11.1683826666667,0 
-169.8943843333333,-11.1682880000000,0 
-169.8943126666667,-11.1683885000000,0 
-169.8944183333333,-11.1683465000000,0 
-169.8943946666667,-11.1684745000000,0 
-169.8944258333333,-11.1684840000000,0 
-169.8943983333333,-11.1684408333333,0 
-169.8943388333333,-11.1684880000000,0 
-169.8945123333333,-11.1685625000000,0 
-169.8945338333333,-11.1685743333333,0 
-169.8944548333333,-11.1685433333333,0 
-169.8944936666667,-11.1685145000000,0 
-169.8946011666667,-11.1685490000000,0 
-169.8946165000000,-11.1686758333333,0 
-169.8946085000000,-11.1686093333333,0 
-169.8945508333333,-11.1686608333333,0 
-169.8946090000000,-11.1686458333333,0 
-169.8946476666667,-11.1686760000000,0 
-169.8946563333333,-11.1686868333333,0 
-169.8946663333333,-11.1687916666667,0 
-169.8946016666667,-11.1687701666667,0 
-169.8946693333333,-11.1687801666667,0 
-169.8947048333333,-11.1687711666667,0 
-169.8947751666667,-11.1687006666667,0 
-169.8947555000000,-11.1687490000000,0 
-169.8947558333333,-11.1687896666667,0 
-169.8947400000000,-11.1688606666667,0 
-169.8947986666667,-11.1688251666667,0 
-169.8947828333333,-11.1687775000000,0 
-169.8948145000000,-11.1688300000000,0 
-169.8948136666667,-11.1688585000000,0 
-169.8948580000000,-11.1688578333333,0 
-169.8949175000000,-11.1688388333333,0 
-169.8948806666667,-11.1689181666667,0 
-169.8948853333333,-11.1689120000000,0 
-169.8949245000000,-11.1688990000000,0 
-169.8949333333333,-11.1688895000000,0 
-169.8949361666667,-11.1689131666667,0 
-169.8949853333333,-11.1689303333333,0 
-169.8949701666667,-11.1689666666667,0 
-169.8950768333333,-11.1689453333333,0 
-169.8950703333333,-11.1690210000000,0 
-169.8950933333333,-11.1690110000000,0 
-169.8950728333333,-11.1690550000000,0 
-169.8951016666667,-11.1690213333333,0 
-169.8951426666667,-11.1690543333333,0 
-169.8951231666667,-11.1691051666667,0 
-169.8951283333333,-11.1691200000000,0 
-169.8951005000000,-11.1691320000000,0 
-169.8951576666667,-11.1691398333333,0 
-169.8951803333333,-11.1691408333333,0 
-169.8952061666667,-11.1691366666667,0 
-169.8952075000000,-11.1691736666667,0 
-169.8952751666667,-11.1692130000000,0 
-169.8952595000000,-11.1691788333333,0 
-169.8952806666667,-11.1691835000000,0 
-169.8952411666667,-11.1691840000000,0 
-169.8952561666667,-11.1691875000000,0 
-169.8952840000000,-11.1692383333333,0 
-169.8953396666667,-11.1690923333333,0 
-169.8954143333333,-11.1693186666667,0 
-169.8954478333333,-11.1692841666667,0 
-169.8954791666667,-11.1692788333333,0 
-169.8954510000000,-11.1692940000000,0 
-169.8955038333333,-11.1693025000000,0 
-169.8955375000000,-11.1693245000000,0 
-169.8955678333333,-11.1693081666667,0 
-169.8955750000000,-11.1693466666667,0 
-169.8956273333333,-11.1694043333333,0 
-169.8956236666667,-11.1694181666667,0 
-169.8956481666667,-11.1694006666667,0 
-169.8955888333333,-11.1694020000000,0 
-169.8957021666667,-11.1694980000000,0 
-169.8956853333333,-11.1694860000000,0 
-169.8956218333333,-11.1694650000000,0 
-169.8958120000000,-11.1696051666667,0 
-169.8958273333333,-11.1695706666667,0 
-169.8958876666667,-11.1695578333333,0 
-169.8958685000000,-11.1696648333333,0 
-169.8958946666667,-11.1696520000000,0 
-169.8958306666667,-11.1696580000000,0 
-169.8959673333333,-11.1696246666667,0 
-169.8959985000000,-11.1696640000000,0 
-169.8960076666667,-11.1695996666667,0 
-169.8959636666667,-11.1696416666667,0 
-169.8960108333333,-11.1697273333333,0 
-169.8959735000000,-11.1697713333333,0 
-169.8959953333333,-11.1696503333333,0 
-169.8960111666667,-11.1696916666667,0 
-169.8960481666667,-11.1697465000000,0 
-169.8960761666667,-11.1697880000000,0 
-169.8960628333333,-11.1697850000000,0 
-169.8961278333333,-11.1698185000000,0 
-169.8961330000000,-11.1697631666667,0 
-169.8961315000000,-11.1697945000000,0 
-169.8961960000000,-11.1698175000000,0 
-169.8962091666667,-11.1697856666667,0 
-169.8962381666667,-11.1698273333333,0 
-169.8962085000000,-11.1697486666667,0 
-169.8962620000000,-11.1698561666667,0 
-169.8962578333333,-11.1699148333333,0 
-169.8962916666667,-11.1698986666667,0 
-169.8963700000000,-11.1699311666667,0 
-169.8964016666667,-11.1699266666667,0 
-169.8963936666667,-11.1699988333333,0 
-169.8963846666667,-11.1699610000000,0 
-169.8964190000000,-11.1698970000000,0 
-169.8964128333333,-11.1699083333333,0 
-169.8964551666667,-11.1700455000000,0 
-169.8964520000000,-11.1699768333333,0 
-169.8965253333333,-11.1700031666667,0 
-169.8965773333333,-11.1700848333333,0 
-169.8965176666667,-11.1701150000000,0 
-169.8965596666667,-11.1700948333333,0 
-169.8966213333333,-11.1700986666667,0 
-169.8966093333333,-11.1701628333333,0 
-169.8966471666667,-11.1700678333333,0 
-169.8965898333333,-11.1700975000000,0 
-169.8966030000000,-11.1700968333333,0 
-169.8967105000000,-11.1700206666667,0 
-169.8966971666667,-11.1700841666667,0 
-169.8967128333333,-11.1701055000000,0 
-169.8967563333333,-11.1700960000000,0 
-169.8967116666667,-11.1701495000000,0 
-169.8967736666667,-11.1701741666667,0 
-169.8967010000000,-11.1701671666667,0 
-169.8968175000000,-11.1701790000000,0 
-169.8967626666667,-11.1702470000000,0 
-169.8968058333333,-11.1702333333333,0 
-169.8968003333333,-11.1702736666667,0 
-169.8968445000000,-11.1702223333333,0 
-169.8968878333333,-11.1702876666667,0 
-169.8969180000000,-11.1703458333333,0 
-169.8969395000000,-11.1703815000000,0 
-169.8970055000000,-11.1703465000000,0 
-169.8969610000000,-11.1703745000000,0 
-169.8970168333333,-11.1703591666667,0 
-169.8970421666667,-11.1703951666667,0 
-169.8969958333333,-11.1704410000000,0 
-169.8969985000000,-11.1704588333333,0 
-169.8970493333333,-11.1704613333333,0 
-169.8970285000000,-11.1704368333333,0 
-169.8970158333333,-11.1704258333333,0 
-169.8970528333333,-11.1704673333333,0 
-169.8970376666667,-11.1704875000000,0 
-169.8970260000000,-11.1705141666667,0 
-169.8970901666667,-11.1704626666667,0 
-169.8971155000000,-11.1705438333333,0 
-169.8971373333333,-11.1705815000000,0 
-169.8971330000000,-11.1706065000000,0 
-169.8971543333333,-11.1706526666667,0 
-169.8971418333333,-11.1706731666667,0 
-169.8972911666667,-11.1708260000000,0 
-169.8971990000000,-11.1707978333333,0 
-169.8972010000000,-11.1707568333333,0 
-169.8972520000000,-11.1707708333333,0 
-169.8972766666667,-11.1707983333333,0 
-169.8972656666667,-11.1707776666667,0 
-169.8972855000000,-11.1708151666667,0 
-169.8973048333333,-11.1708373333333,0 
-169.8973230000000,-11.1708681666667,0 
-169.8973810000000,-11.1708465000000,0 
-169.8973975000000,-11.1709030000000,0 
-169.8974580000000,-11.1709843333333,0 
-169.8974591666667,-11.1709631666667,0 
-169.8974658333333,-11.1709241666667,0 
-169.8974893333333,-11.1709581666667,0 
-169.8974966666667,-11.1710143333333,0 
-169.8975070000000,-11.1710651666667,0 
-169.8975988333333,-11.1710471666667,0 
-169.8975330000000,-11.1710211666667,0 
-169.8975275000000,-11.1710460000000,0 
-169.8975743333333,-11.1710565000000,0 
-169.8975395000000,-11.1710783333333,0 
-169.8976661666667,-11.1710688333333,0 
-169.8975990000000,-11.1710785000000,0 
-169.8976036666667,-11.1710971666667,0 
-169.8976268333333,-11.1710906666667,0 
-169.8976035000000,-11.1711230000000,0 
-169.8976363333333,-11.1711815000000,0 
-169.8976638333333,-11.1711603333333,0 
-169.8976448333333,-11.1711590000000,0 
-169.8976813333333,-11.1711700000000,0 
-169.8977105000000,-11.1712153333333,0 
-169.8977998333333,-11.1711238333333,0 
-169.8977806666667,-11.1711795000000,0 
-169.8978951666667,-11.1712610000000,0 
-169.8979691666667,-11.1713098333333,0 
-169.8979040000000,-11.1713003333333,0 
-169.8979305000000,-11.1712145000000,0 
-169.8979938333333,-11.1712946666667,0 
-169.8979393333333,-11.1712978333333,0 
-169.8979120000000,-11.1713618333333,0 
-169.8979591666667,-11.1713683333333,0 
-169.8979711666667,-11.1713565000000,0 
-169.8979696666667,-11.1713496666667,0 
-169.8979725000000,-11.1714248333333,0 
-169.8980198333333,-11.1714450000000,0 
-169.8980278333333,-11.1714326666667,0 
-169.8980406666667,-11.1714130000000,0 
-169.8980675000000,-11.1714538333333,0 
-169.8980155000000,-11.1714685000000,0 
-169.8980611666667,-11.1714631666667,0 
-169.8980966666667,-11.1715026666667,0 
-169.8981226666667,-11.1715506666667,0 
-169.8981483333333,-11.1715490000000,0 
-169.8980998333333,-11.1715743333333,0 
-169.8981458333333,-11.1715783333333,0 
-169.8981583333333,-11.1716465000000,0 
-169.8981800000000,-11.1715771666667,0 
-169.8981793333333,-11.1715748333333,0 
-169.8981951666667,-11.1716398333333,0 
-169.8982490000000,-11.1716391666667,0 
-169.8981945000000,-11.1716876666667,0 
-169.8982136666667,-11.1716335000000,0 
-169.8982790000000,-11.1717193333333,0 
-169.8983063333333,-11.1717013333333,0 
-169.8983668333333,-11.1717718333333,0 
-169.8984123333333,-11.1717600000000,0 
-169.8984495000000,-11.1717531666667,0 
-169.8984505000000,-11.1718195000000,0 
-169.8985018333333,-11.1717546666667,0 
-169.8985056666667,-11.1718311666667,0 
-169.8985135000000,-11.1718245000000,0 
-169.8984965000000,-11.1718320000000,0 
-169.8985531666667,-11.1718938333333,0 
-169.8985328333333,-11.1718761666667,0 
-169.8985581666667,-11.1719161666667,0 
-169.8985865000000,-11.1719663333333,0 
-169.8985928333333,-11.1719578333333,0 
-169.8985948333333,-11.1719623333333,0 
-169.8986445000000,-11.1719998333333,0 
-169.8985975000000,-11.1720148333333,0 
-169.8986456666667,-11.1720341666667,0 
-169.8986851666667,-11.1720246666667,0 
-169.8987411666667,-11.1720573333333,0 
-169.8987526666667,-11.1720723333333,0 
-169.8987431666667,-11.1720691666667,0 
-169.8987675000000,-11.1721096666667,0 
-169.8987590000000,-11.1721195000000,0 
-169.8988075000000,-11.1721310000000,0 
-169.8988451666667,-11.1721406666667,0 
-169.8988230000000,-11.1721251666667,0 
-169.8988385000000,-11.1721906666667,0 
-169.8988390000000,-11.1721415000000,0 
-169.8988978333333,-11.1722480000000,0 
-169.8988506666667,-11.1722480000000,0 
-169.8989356666667,-11.1722063333333,0 
-169.8989395000000,-11.1722585000000,0 
-169.8989261666667,-11.1722388333333,0 
-169.8990213333333,-11.1722745000000,0 
-169.8990351666667,-11.1723248333333,0 
-169.8990556666667,-11.1723335000000,0 
-169.8990535000000,-11.1723513333333,0 
-169.8990751666667,-11.1723978333333,0 
-169.8990241666667,-11.1724218333333,0 
-169.8990301666667,-11.1723380000000,0 
-169.8990668333333,-11.1724330000000,0 
-169.8991545000000,-11.1724121666667,0 
-169.8991628333333,-11.1724193333333,0 
-169.8991608333333,-11.1724321666667,0 
-169.8991810000000,-11.1724375000000,0 
-169.8992088333333,-11.1724961666667,0 
-169.8992656666667,-11.1724558333333,0 
-169.8992303333333,-11.1724616666667,0 
-169.8992496666667,-11.1725208333333,0 
-169.8992800000000,-11.1725676666667,0 
-169.8992856666667,-11.1725425000000,0 
-169.8993283333333,-11.1725901666667,0 
-169.8993713333333,-11.1725908333333,0 
-169.8993176666667,-11.1725730000000,0 
-169.8993276666667,-11.1725791666667,0 
-169.8993813333333,-11.1726501666667,0 
-169.8994141666667,-11.1727496666667,0 
-169.8994481666667,-11.1727343333333,0 
-169.8994405000000,-11.1727343333333,0 
-169.8994471666667,-11.1727426666667,0 
-169.8995005000000,-11.1727955000000,0 
-169.8995161666667,-11.1728250000000,0 
-169.8995168333333,-11.1728086666667,0 
-169.8995395000000,-11.1728686666667,0 
-169.8995608333333,-11.1728816666667,0 
-169.8995811666667,-11.1728750000000,0 
-169.8995715000000,-11.1728886666667,0 
-169.8996026666667,-11.1729146666667,0 
-169.8995991666667,-11.1729165000000,0 
-169.8996715000000,-11.1729475000000,0 
-169.8996530000000,-11.1729368333333,0 
-169.8996631666667,-11.1729263333333,0 
-169.8996900000000,-11.1729556666667,0 
-169.8997633333333,-11.1729223333333,0 
-169.8997536666667,-11.1729871666667,0 
-169.8997353333333,-11.1729143333333,0 
-169.8997480000000,-11.1730166666667,0 
-169.8997230000000,-11.1729676666667,0 
-169.8997210000000,-11.1730438333333,0 
-169.8997938333333,-11.1730551666667,0 
-169.8998333333333,-11.1730668333333,0 
-169.8997850000000,-11.1730741666667,0 
-169.8998116666667,-11.1730856666667,0 
-169.8998341666667,-11.1731321666667,0 
-169.8998848333333,-11.1731356666667,0 
-169.8998836666667,-11.1731591666667,0 
-169.8999081666667,-11.1732126666667,0 
-169.8999348333333,-11.1731558333333,0 
-169.8999165000000,-11.1731823333333,0 
-169.8999241666667,-11.1732385000000,0 
-169.8999848333333,-11.1732436666667,0 
-169.8999775000000,-11.1732496666667,0 
-169.8999823333333,-11.1732665000000,0 
-169.9000001666667,-11.1732663333333,0 
-169.9000540000000,-11.1732886666667,0 
-169.9000551666667,-11.1732873333333,0 
-169.9000428333333,-11.1732950000000,0 
-169.9000668333333,-11.1733228333333,0 
-169.9001023333333,-11.1733325000000,0 
-169.9001506666667,-11.1733111666667,0 
-169.9001170000000,-11.1733170000000,0 
-169.9001390000000,-11.1733338333333,0 
-169.9002490000000,-11.1734503333333,0 
-169.9002975000000,-11.1734445000000,0 
-169.9002971666667,-11.1734538333333,0 
-169.9003263333333,-11.1734678333333,0 
-169.9003475000000,-11.1734725000000,0 
-169.9003661666667,-11.1734846666667,0 
-169.9003831666667,-11.1734985000000,0 
-169.9003840000000,-11.1735058333333,0 
-169.9004006666667,-11.1735046666667,0 
-169.9004285000000,-11.1735133333333,0 
-169.9004581666667,-11.1735258333333,0 
-169.9004411666667,-11.1735365000000,0 
-169.9004818333333,-11.1735661666667,0 
-169.9004996666667,-11.1735711666667,0 
-169.9004993333333,-11.1735881666667,0 
-169.9005338333333,-11.1736011666667,0 
-169.9005406666667,-11.1736133333333,0 
-169.9005585000000,-11.1736266666667,0 
-169.9005668333333,-11.1736345000000,0 
-169.9005890000000,-11.1736485000000,0 
-169.9006015000000,-11.1736666666667,0 
-169.9006293333333,-11.1736800000000,0 
-169.9006286666667,-11.1736818333333,0 
-169.9006185000000,-11.1736913333333,0 
-169.9006528333333,-11.1737330000000,0 
-169.9006720000000,-11.1737390000000,0 
-169.9006746666667,-11.1737523333333,0 
-169.9006830000000,-11.1737630000000,0 
-169.9006966666667,-11.1737950000000,0 
-169.9007656666667,-11.1738200000000,0 
-169.9007518333333,-11.1738395000000,0 
-169.9007755000000,-11.1738478333333,0 
-169.9007751666667,-11.1738530000000,0 
-169.9007888333333,-11.1738583333333,0 
-169.9008178333333,-11.1738876666667,0 
-169.9008495000000,-11.1738956666667,0 
-169.9008411666667,-11.1738995000000,0 
-169.9008561666667,-11.1739136666667,0 
-169.9008913333333,-11.1739355000000,0 
-169.9008893333333,-11.1739536666667,0 
-169.9008858333333,-11.1739583333333,0 
-169.9009245000000,-11.1739628333333,0 
-169.9009418333333,-11.1739721666667,0 
-169.9009243333333,-11.1739850000000,0 
-169.9009736666667,-11.1740218333333,0 
-169.9009723333333,-11.1740316666667,0 
-169.9010093333333,-11.1740180000000,0 
-169.9010348333333,-11.1740176666667,0 
-169.9010556666667,-11.1740586666667,0 
-169.9010563333333,-11.1740678333333,0 
-169.9010680000000,-11.1740848333333,0 
-169.9010990000000,-11.1740906666667,0 
-169.9011320000000,-11.1741173333333,0 
-169.9011491666667,-11.1741155000000,0 
-169.9011560000000,-11.1741253333333,0 
-169.9011756666667,-11.1741398333333,0 
-169.9012020000000,-11.1741490000000,0 
-169.9012283333333,-11.1741636666667,0 
-169.9012253333333,-11.1741735000000,0 
-169.9012401666667,-11.1741780000000,0 
-169.9012726666667,-11.1741820000000,0 
-169.9012865000000,-11.1741978333333,0 
-169.9012883333333,-11.1742248333333,0 
-169.9013341666667,-11.1742428333333,0 
-169.9013375000000,-11.1742443333333,0 
-169.9013483333333,-11.1742498333333,0 
-169.9013901666667,-11.1742355000000,0 
-169.9013906666667,-11.1742851666667,0 
-169.9014385000000,-11.1742980000000,0 
-169.9014625000000,-11.1743060000000,0 
-169.9014875000000,-11.1743198333333,0 
-169.9014983333333,-11.1743331666667,0 
-169.9015153333333,-11.1743433333333,0 
-169.9015266666667,-11.1743686666667,0 
-169.9015571666667,-11.1743805000000,0 
-169.9015626666667,-11.1743906666667,0 
-169.9015726666667,-11.1743996666667,0 
-169.9015998333333,-11.1744271666667,0 
-169.9016038333333,-11.1744371666667,0 
-169.9016286666667,-11.1744553333333,0 
-169.9016283333333,-11.1744736666667,0 
-169.9016443333333,-11.1744866666667,0 
-169.9016741666667,-11.1744983333333,0 
-169.9016721666667,-11.1745125000000,0 
-169.9016890000000,-11.1745275000000,0 
-169.9017045000000,-11.1745351666667,0 
-169.9017115000000,-11.1745570000000,0 
-169.9017286666667,-11.1745748333333,0 
-169.9017581666667,-11.1745861666667,0 
-169.9017681666667,-11.1745991666667,0 
-169.9017876666667,-11.1746173333333,0 
-169.9018055000000,-11.1746295000000,0 
-169.9018231666667,-11.1746426666667,0 
-169.9018258333333,-11.1746486666667,0 
-169.9018385000000,-11.1746750000000,0 
-169.9018415000000,-11.1746863333333,0 
-169.9018491666667,-11.1746990000000,0 
-169.9018380000000,-11.1747055000000,0 
-169.9018463333333,-11.1747213333333,0 
-169.9018488333333,-11.1747451666667,0 
-169.9018346666667,-11.1747531666667,0 
-169.9018376666667,-11.1747601666667,0 
-169.9018476666667,-11.1747608333333,0 
-169.9018166666667,-11.1747988333333,0 
-169.9018535000000,-11.1747710000000,0 
-169.9018498333333,-11.1747768333333,0 
-169.9018615000000,-11.1747838333333,0 
-169.9018490000000,-11.1748041666667,0 
-169.9018541666667,-11.1748220000000,0 
-169.9018580000000,-11.1748086666667,0 
-169.9018670000000,-11.1748266666667,0 
-169.9018633333333,-11.1748548333333,0 
-169.9018641666667,-11.1748378333333,0 
-169.9018713333333,-11.1748498333333,0 
-169.9018728333333,-11.1748611666667,0 
-169.9018805000000,-11.1748525000000,0 
-169.9018851666667,-11.1748490000000,0 
-169.9018908333333,-11.1748426666667,0 
-169.9019038333333,-11.1748455000000,0 
-169.9019075000000,-11.1748338333333,0 
-169.9019180000000,-11.1748345000000,0 
-169.9019286666667,-11.1748320000000,0 
-169.9019316666667,-11.1748420000000,0 
-169.9019398333333,-11.1748473333333,0 
-169.9019546666667,-11.1748351666667,0 
-169.9019718333333,-11.1748363333333,0 
-169.9019700000000,-11.1748293333333,0 
-169.9019820000000,-11.1748335000000,0 
-169.9020036666667,-11.1748278333333,0 
-169.9020053333333,-11.1748283333333,0 
-169.9020116666667,-11.1748305000000,0 
-169.9020238333333,-11.1748465000000,0 
-169.9020330000000,-11.1748433333333,0 
-169.9020416666667,-11.1748410000000,0 
-169.9020501666667,-11.1748408333333,0 
-169.9020706666667,-11.1748433333333,0 
-169.9020736666667,-11.1748371666667,0 
-169.9020870000000,-11.1748546666667,0 
-169.9020946666667,-11.1748656666667,0 
-169.9021216666667,-11.1748523333333,0 
-169.9021211666667,-11.1748613333333,0 
-169.9021296666667,-11.1748725000000,0 
-169.9021420000000,-11.1748675000000,0 
-169.9021528333333,-11.1748721666667,0 
-169.9021733333333,-11.1748671666667,0 
-169.9022006666667,-11.1748626666667,0 
-169.9022038333333,-11.1748701666667,0 
-169.9022101666667,-11.1748825000000,0 
-169.9022100000000,-11.1749028333333,0 
-169.9022080000000,-11.1749158333333,0 
-169.9021983333333,-11.1749260000000,0 
-169.9021940000000,-11.1749300000000,0 
-169.9021938333333,-11.1749436666667,0 
-169.9021871666667,-11.1749465000000,0 
-169.9021821666667,-11.1749550000000,0 
-169.9021758333333,-11.1749743333333,0 
-169.9021776666667,-11.1749710000000,0 
-169.9021781666667,-11.1749585000000,0 
</coordinates></LineString></Placemark></Document></kml>
