<kml><Document><Placemark>
<name>Testing</name>
<LineString><tessellate>1</tessellate>
<coordinates>
-168.0807890000000,-14.5408141666667,0 
-168.0808066666667,-14.5407906666667,0 
-168.0808135000000,-14.5407690000000,0 
-168.0808173333333,-14.5407563333333,0 
-168.0808370000000,-14.5407466666667,0 
-168.0808450000000,-14.5407280000000,0 
-168.0808576666667,-14.5407211666667,0 
-168.0808813333333,-14.5407066666667,0 
-168.0808785000000,-14.5407005000000,0 
-168.0808855000000,-14.5406856666667,0 
-168.0808915000000,-14.5406588333333,0 
-168.0808906666667,-14.5406370000000,0 
-168.0809025000000,-14.5406245000000,0 
-168.0809260000000,-14.5406018333333,0 
-168.0809253333333,-14.5405730000000,0 
-168.0809248333333,-14.5405636666667,0 
-168.0809450000000,-14.5405485000000,0 
-168.0809600000000,-14.5405306666667,0 
-168.0809605000000,-14.5405173333333,0 
-168.0809720000000,-14.5405038333333,0 
-168.0809858333333,-14.5404930000000,0 
-168.0810070000000,-14.5404828333333,0 
-168.0810193333333,-14.5404671666667,0 
-168.0810238333333,-14.5404593333333,0 
-168.0810276666667,-14.5404446666667,0 
-168.0810325000000,-14.5404261666667,0 
-168.0810460000000,-14.5404153333333,0 
-168.0810595000000,-14.5404085000000,0 
-168.0810553333333,-14.5404540000000,0 
-168.0810550000000,-14.5404981666667,0 
-168.0810535000000,-14.5405193333333,0 
-168.0810533333333,-14.5405318333333,0 
-168.0810748333333,-14.5405428333333,0 
-168.0810805000000,-14.5405331666667,0 
-168.0810938333333,-14.5405225000000,0 
-168.0811103333333,-14.5405131666667,0 
-168.0811340000000,-14.5405033333333,0 
-168.0811573333333,-14.5405000000000,0 
-168.0811818333333,-14.5404981666667,0 
-168.0811963333333,-14.5405106666667,0 
-168.0812076666667,-14.5405060000000,0 
-168.0812111666667,-14.5405031666667,0 
-168.0812265000000,-14.5404871666667,0 
-168.0812428333333,-14.5404761666667,0 
-168.0812621666667,-14.5404663333333,0 
-168.0812706666667,-14.5404423333333,0 
-168.0812861666667,-14.5404300000000,0 
-168.0812815000000,-14.5404151666667,0 
-168.0812886666667,-14.5404046666667,0 
-168.0812905000000,-14.5403846666667,0 
-168.0812993333333,-14.5403808333333,0 
-168.0813115000000,-14.5403811666667,0 
-168.0813025000000,-14.5403515000000,0 
-168.0813093333333,-14.5403465000000,0 
-168.0813101666667,-14.5403313333333,0 
-168.0812943333333,-14.5403025000000,0 
-168.0813060000000,-14.5402916666667,0 
-168.0813086666667,-14.5402873333333,0 
-168.0813105000000,-14.5402753333333,0 
-168.0813055000000,-14.5402623333333,0 
-168.0813110000000,-14.5402530000000,0 
-168.0813066666667,-14.5402353333333,0 
-168.0813038333333,-14.5402323333333,0 
-168.0812915000000,-14.5402221666667,0 
-168.0812753333333,-14.5401990000000,0 
-168.0812846666667,-14.5402081666667,0 
-168.0812758333333,-14.5401816666667,0 
-168.0812620000000,-14.5401461666667,0 
-168.0812611666667,-14.5401378333333,0 
-168.0812645000000,-14.5401476666667,0 
-168.0812751666667,-14.5401450000000,0 
-168.0812651666667,-14.5401243333333,0 
-168.0812435000000,-14.5401100000000,0 
-168.0812435000000,-14.5401235000000,0 
-168.0812371666667,-14.5401000000000,0 
-168.0812045000000,-14.5400751666667,0 
-168.0812156666667,-14.5400711666667,0 
-168.0811935000000,-14.5400651666667,0 
-168.0812025000000,-14.5400700000000,0 
-168.0811868333333,-14.5400456666667,0 
-168.0811750000000,-14.5400501666667,0 
-168.0811735000000,-14.5400428333333,0 
-168.0811546666667,-14.5400433333333,0 
-168.0811501666667,-14.5400521666667,0 
-168.0811291666667,-14.5400353333333,0 
-168.0811105000000,-14.5400183333333,0 
-168.0810965000000,-14.5400243333333,0 
-168.0810940000000,-14.5400201666667,0 
-168.0810815000000,-14.5399903333333,0 
-168.0810475000000,-14.5399820000000,0 
-168.0810466666667,-14.5399740000000,0 
-168.0810438333333,-14.5399793333333,0 
-168.0810453333333,-14.5399710000000,0 
-168.0810346666667,-14.5399451666667,0 
-168.0810288333333,-14.5399303333333,0 
-168.0810090000000,-14.5399243333333,0 
-168.0810065000000,-14.5399056666667,0 
-168.0810046666667,-14.5398990000000,0 
-168.0809978333333,-14.5399053333333,0 
-168.0809598333333,-14.5398790000000,0 
-168.0809503333333,-14.5398741666667,0 
-168.0809505000000,-14.5398810000000,0 
-168.0809361666667,-14.5398605000000,0 
-168.0809295000000,-14.5398431666667,0 
-168.0809160000000,-14.5398355000000,0 
-168.0809241666667,-14.5398426666667,0 
-168.0809313333333,-14.5398205000000,0 
-168.0809065000000,-14.5398000000000,0 
-168.0809098333333,-14.5398046666667,0 
-168.0808971666667,-14.5397820000000,0 
-168.0808991666667,-14.5397715000000,0 
-168.0809073333333,-14.5397771666667,0 
-168.0809043333333,-14.5397601666667,0 
-168.0808831666667,-14.5397375000000,0 
-168.0808955000000,-14.5397378333333,0 
-168.0808730000000,-14.5397063333333,0 
-168.0808751666667,-14.5397135000000,0 
-168.0808556666667,-14.5396870000000,0 
-168.0808775000000,-14.5396886666667,0 
-168.0808710000000,-14.5396668333333,0 
-168.0808635000000,-14.5396541666667,0 
-168.0808576666667,-14.5396413333333,0 
-168.0808623333333,-14.5396313333333,0 
-168.0808410000000,-14.5396030000000,0 
-168.0808301666667,-14.5395981666667,0 
-168.0808531666667,-14.5396083333333,0 
-168.0808378333333,-14.5395833333333,0 
-168.0808123333333,-14.5395658333333,0 
-168.0808231666667,-14.5395490000000,0 
-168.0808096666667,-14.5395211666667,0 
-168.0808063333333,-14.5395273333333,0 
-168.0807980000000,-14.5394993333333,0 
-168.0807866666667,-14.5394891666667,0 
-168.0808108333333,-14.5394988333333,0 
-168.0807841666667,-14.5394741666667,0 
-168.0807785000000,-14.5394556666667,0 
-168.0807821666667,-14.5394430000000,0 
-168.0807521666667,-14.5394231666667,0 
-168.0807366666667,-14.5394308333333,0 
-168.0807618333333,-14.5394276666667,0 
-168.0807345000000,-14.5394138333333,0 
-168.0807355000000,-14.5393886666667,0 
-168.0807261666667,-14.5393921666667,0 
-168.0807048333333,-14.5393691666667,0 
-168.0807165000000,-14.5393901666667,0 
-168.0806953333333,-14.5393841666667,0 
-168.0807225000000,-14.5393818333333,0 
-168.0807061666667,-14.5393596666667,0 
-168.0806881666667,-14.5393556666667,0 
-168.0806690000000,-14.5393493333333,0 
-168.0806476666667,-14.5393091666667,0 
-168.0806556666667,-14.5393245000000,0 
-168.0806821666667,-14.5393223333333,0 
-168.0806603333333,-14.5393126666667,0 
-168.0806621666667,-14.5393106666667,0 
-168.0806475000000,-14.5392706666667,0 
-168.0806585000000,-14.5392806666667,0 
-168.0806635000000,-14.5392748333333,0 
-168.0806435000000,-14.5392350000000,0 
-168.0806201666667,-14.5392283333333,0 
-168.0806215000000,-14.5392371666667,0 
-168.0806270000000,-14.5392085000000,0 
-168.0806178333333,-14.5391866666667,0 
-168.0806023333333,-14.5392130000000,0 
-168.0806083333333,-14.5391876666667,0 
-168.0805613333333,-14.5391341666667,0 
-168.0805391666667,-14.5391213333333,0 
-168.0805348333333,-14.5391201666667,0 
-168.0797801666667,-14.5384435000000,0 
-168.0797738333333,-14.5384066666667,0 
-168.0797976666667,-14.5384265000000,0 
-168.0797965000000,-14.5384196666667,0 
-168.0797886666667,-14.5384215000000,0 
-168.0797888333333,-14.5384055000000,0 
-168.0797540000000,-14.5383830000000,0 
-168.0797628333333,-14.5383843333333,0 
-168.0797778333333,-14.5383953333333,0 
-168.0797676666667,-14.5383811666667,0 
-168.0797595000000,-14.5383556666667,0 
-168.0797745000000,-14.5383750000000,0 
-168.0797840000000,-14.5383640000000,0 
-168.0797740000000,-14.5383453333333,0 
-168.0797550000000,-14.5383300000000,0 
-168.0797668333333,-14.5383465000000,0 
-168.0797561666667,-14.5383153333333,0 
-168.0797630000000,-14.5383363333333,0 
-168.0797793333333,-14.5383321666667,0 
-168.0797866666667,-14.5383141666667,0 
-168.0797728333333,-14.5382995000000,0 
-168.0798076666667,-14.5383341666667,0 
-168.0797746666667,-14.5382900000000,0 
-168.0797881666667,-14.5383126666667,0 
-168.0797986666667,-14.5383230000000,0 
-168.0797875000000,-14.5382891666667,0 
-168.0798091666667,-14.5383135000000,0 
-168.0797816666667,-14.5382831666667,0 
-168.0797851666667,-14.5382828333333,0 
-168.0797938333333,-14.5382660000000,0 
-168.0797761666667,-14.5383225000000,0 
-168.0797913333333,-14.5382761666667,0 
-168.0798195000000,-14.5382903333333,0 
-168.0797798333333,-14.5382596666667,0 
-168.0797775000000,-14.5382730000000,0 
-168.0797900000000,-14.5382473333333,0 
-168.0797651666667,-14.5382300000000,0 
-168.0797746666667,-14.5382825000000,0 
-168.0798160000000,-14.5382580000000,0 
-168.0798273333333,-14.5382623333333,0 
-168.0798190000000,-14.5382275000000,0 
-168.0798101666667,-14.5382426666667,0 
-168.0798151666667,-14.5382495000000,0 
-168.0798676666667,-14.5382773333333,0 
-168.0798661666667,-14.5382700000000,0 
-168.0798290000000,-14.5382630000000,0 
-168.0798475000000,-14.5382231666667,0 
-168.0798198333333,-14.5382491666667,0 
-168.0798291666667,-14.5382163333333,0 
-168.0798506666667,-14.5381943333333,0 
-168.0798496666667,-14.5382000000000,0 
-168.0798666666667,-14.5381970000000,0 
-168.0798585000000,-14.5381873333333,0 
-168.0798648333333,-14.5381476666667,0 
-168.0798785000000,-14.5381616666667,0 
-168.0798448333333,-14.5381845000000,0 
-168.0798888333333,-14.5381598333333,0 
-168.0798703333333,-14.5381563333333,0 
-168.0798791666667,-14.5381366666667,0 
-168.0798680000000,-14.5381488333333,0 
-168.0799066666667,-14.5381375000000,0 
-168.0798928333333,-14.5381000000000,0 
-168.0798690000000,-14.5381156666667,0 
-168.0799180000000,-14.5381670000000,0 
-168.0798945000000,-14.5381171666667,0 
-168.0799070000000,-14.5381688333333,0 
-168.0798758333333,-14.5381876666667,0 
-168.0799405000000,-14.5381616666667,0 
-168.0799043333333,-14.5380841666667,0 
-168.0799078333333,-14.5381166666667,0 
-168.0799186666667,-14.5380820000000,0 
-168.0799158333333,-14.5381236666667,0 
-168.0799571666667,-14.5381663333333,0 
-168.0798918333333,-14.5380833333333,0 
-168.0798946666667,-14.5380623333333,0 
-168.0798955000000,-14.5381355000000,0 
-168.0799586666667,-14.5381236666667,0 
-168.0799408333333,-14.5380673333333,0 
-168.0798956666667,-14.5380481666667,0 
-168.0799140000000,-14.5380676666667,0 
-168.0799238333333,-14.5380641666667,0 
-168.0799410000000,-14.5380511666667,0 
-168.0799205000000,-14.5380745000000,0 
-168.0799261666667,-14.5380365000000,0 
-168.0799748333333,-14.5380675000000,0 
-168.0799053333333,-14.5380896666667,0 
-168.0799261666667,-14.5380561666667,0 
-168.0799525000000,-14.5380501666667,0 
-168.0799450000000,-14.5381436666667,0 
-168.0799718333333,-14.5380973333333,0 
-168.0799670000000,-14.5380525000000,0 
-168.0799276666667,-14.5380603333333,0 
-168.0799025000000,-14.5380991666667,0 
-168.0799243333333,-14.5381011666667,0 
-168.0799290000000,-14.5380800000000,0 
-168.0799398333333,-14.5380368333333,0 
-168.0799180000000,-14.5380753333333,0 
-168.0799785000000,-14.5380636666667,0 
-168.0799521666667,-14.5380871666667,0 
-168.0799466666667,-14.5381061666667,0 
-168.0799686666667,-14.5380960000000,0 
-168.0799403333333,-14.5380191666667,0 
-168.0799468333333,-14.5381030000000,0 
-168.0798973333333,-14.5380628333333,0 
-168.0798865000000,-14.5380481666667,0 
-168.0799430000000,-14.5380258333333,0 
-168.0799153333333,-14.5380525000000,0 
-168.0799010000000,-14.5380846666667,0 
-168.0799110000000,-14.5381371666667,0 
-168.0799305000000,-14.5380543333333,0 
-168.0799473333333,-14.5380233333333,0 
-168.0799778333333,-14.5380761666667,0 
-168.0799450000000,-14.5380858333333,0 
-168.0799520000000,-14.5381195000000,0 
-168.0799453333333,-14.5380841666667,0 
-168.0799406666667,-14.5380340000000,0 
-168.0799776666667,-14.5380263333333,0 
-168.0799158333333,-14.5380716666667,0 
-168.0799368333333,-14.5380455000000,0 
-168.0799358333333,-14.5380701666667,0 
-168.0799538333333,-14.5380073333333,0 
-168.0800031666667,-14.5380808333333,0 
-168.0799701666667,-14.5380233333333,0 
-168.0799491666667,-14.5380446666667,0 
-168.0799658333333,-14.5380081666667,0 
-168.0799611666667,-14.5380770000000,0 
-168.0799613333333,-14.5380870000000,0 
-168.0799540000000,-14.5380278333333,0 
-168.0799831666667,-14.5379910000000,0 
-168.0799821666667,-14.5380516666667,0 
-168.0800430000000,-14.5380581666667,0 
-168.0799565000000,-14.5380618333333,0 
-168.0799443333333,-14.5380016666667,0 
-168.0799670000000,-14.5380815000000,0 
-168.0800136666667,-14.5380733333333,0 
-168.0800350000000,-14.5379745000000,0 
-168.0799833333333,-14.5379991666667,0 
-168.0800086666667,-14.5380440000000,0 
-168.0799688333333,-14.5380580000000,0 
-168.0799978333333,-14.5380410000000,0 
-168.0800045000000,-14.5380700000000,0 
-168.0800116666667,-14.5380341666667,0 
-168.0800231666667,-14.5380628333333,0 
-168.0799835000000,-14.5380896666667,0 
-168.0800021666667,-14.5380818333333,0 
-168.0800251666667,-14.5379921666667,0 
-168.0800185000000,-14.5380151666667,0 
-168.0799721666667,-14.5380816666667,0 
-168.0799945000000,-14.5380286666667,0 
-168.0799815000000,-14.5380238333333,0 
-168.0799710000000,-14.5379895000000,0 
-168.0799693333333,-14.5380555000000,0 
-168.0799735000000,-14.5380966666667,0 
-168.0799728333333,-14.5380691666667,0 
-168.0800148333333,-14.5380411666667,0 
-168.0799665000000,-14.5380586666667,0 
-168.0799745000000,-14.5380228333333,0 
-168.0799818333333,-14.5380996666667,0 
-168.0799780000000,-14.5381073333333,0 
-168.0799585000000,-14.5381051666667,0 
-168.0799543333333,-14.5381150000000,0 
-168.0799655000000,-14.5381215000000,0 
-168.0800240000000,-14.5380891666667,0 
-168.0799751666667,-14.5380896666667,0 
-168.0799516666667,-14.5380990000000,0 
-168.0799190000000,-14.5381293333333,0 
-168.0799536666667,-14.5380855000000,0 
-168.0800015000000,-14.5380723333333,0 
-168.0799368333333,-14.5381191666667,0 
-168.0799473333333,-14.5381208333333,0 
-168.0799666666667,-14.5381021666667,0 
-168.0799678333333,-14.5381136666667,0 
-168.0799046666667,-14.5381256666667,0 
-168.0799328333333,-14.5381623333333,0 
-168.0799638333333,-14.5381961666667,0 
-168.0799496666667,-14.5382256666667,0 
-168.0799803333333,-14.5381946666667,0 
-168.0799856666667,-14.5381545000000,0 
-168.0799715000000,-14.5381896666667,0 
-168.0799663333333,-14.5381601666667,0 
-168.0799320000000,-14.5382273333333,0 
-168.0799958333333,-14.5381966666667,0 
-168.0799688333333,-14.5381888333333,0 
-168.0799568333333,-14.5382341666667,0 
-168.0799550000000,-14.5381913333333,0 
-168.0799920000000,-14.5381331666667,0 
-168.0800066666667,-14.5382240000000,0 
-168.0800650000000,-14.5382291666667,0 
-168.0799958333333,-14.5381226666667,0 
-168.0800048333333,-14.5380910000000,0 
-168.0799645000000,-14.5381896666667,0 
-168.0800130000000,-14.5381640000000,0 
-168.0800418333333,-14.5381273333333,0 
-168.0800346666667,-14.5381793333333,0 
-168.0800235000000,-14.5381485000000,0 
-168.0800040000000,-14.5382296666667,0 
-168.0800358333333,-14.5381998333333,0 
-168.0799800000000,-14.5382568333333,0 
-168.0799553333333,-14.5382041666667,0 
-168.0799583333333,-14.5382018333333,0 
-168.0799823333333,-14.5381741666667,0 
-168.0799643333333,-14.5381720000000,0 
-168.0798846666667,-14.5381436666667,0 
-168.0797065000000,-14.5380293333333,0 
-168.0797213333333,-14.5380486666667,0 
-168.0796745000000,-14.5380083333333,0 
-168.0796313333333,-14.5379906666667,0 
-168.0796315000000,-14.5378790000000,0 
-168.0795961666667,-14.5379208333333,0 
-168.0796145000000,-14.5378505000000,0 
-168.0796255000000,-14.5378098333333,0 
-168.0796128333333,-14.5378120000000,0 
-168.0796768333333,-14.5377738333333,0 
-168.0796450000000,-14.5377513333333,0 
-168.0796721666667,-14.5376990000000,0 
-168.0796751666667,-14.5377726666667,0 
-168.0796761666667,-14.5378110000000,0 
-168.0797190000000,-14.5377133333333,0 
-168.0796386666667,-14.5377913333333,0 
-168.0796621666667,-14.5377816666667,0 
-168.0796653333333,-14.5378006666667,0 
-168.0796748333333,-14.5377705000000,0 
-168.0796553333333,-14.5377460000000,0 
-168.0796540000000,-14.5377570000000,0 
-168.0796578333333,-14.5377693333333,0 
-168.0796168333333,-14.5377978333333,0 
-168.0796735000000,-14.5378005000000,0 
-168.0796985000000,-14.5377518333333,0 
-168.0796735000000,-14.5377976666667,0 
-168.0796661666667,-14.5377446666667,0 
-168.0796680000000,-14.5377846666667,0 
-168.0796830000000,-14.5377895000000,0 
-168.0796605000000,-14.5378551666667,0 
-168.0796408333333,-14.5377773333333,0 
-168.0796958333333,-14.5377630000000,0 
-168.0796731666667,-14.5378515000000,0 
-168.0796691666667,-14.5378376666667,0 
-168.0796683333333,-14.5378036666667,0 
-168.0796470000000,-14.5377813333333,0 
-168.0796760000000,-14.5377680000000,0 
-168.0796393333333,-14.5377716666667,0 
-168.0796481666667,-14.5377715000000,0 
-168.0796473333333,-14.5377798333333,0 
-168.0796305000000,-14.5377751666667,0 
-168.0796750000000,-14.5377750000000,0 
-168.0796751666667,-14.5378093333333,0 
-168.0796950000000,-14.5378380000000,0 
-168.0796483333333,-14.5378113333333,0 
-168.0796653333333,-14.5378326666667,0 
-168.0796835000000,-14.5377893333333,0 
-168.0796895000000,-14.5378146666667,0 
-168.0796700000000,-14.5378230000000,0 
-168.0797023333333,-14.5378108333333,0 
-168.0796638333333,-14.5377665000000,0 
-168.0796728333333,-14.5378063333333,0 
-168.0796870000000,-14.5378523333333,0 
-168.0797413333333,-14.5378430000000,0 
-168.0796755000000,-14.5378008333333,0 
-168.0796971666667,-14.5377776666667,0 
-168.0796950000000,-14.5378505000000,0 
-168.0796838333333,-14.5378078333333,0 
-168.0796878333333,-14.5378090000000,0 
-168.0797140000000,-14.5378206666667,0 
-168.0797256666667,-14.5377681666667,0 
-168.0797075000000,-14.5377853333333,0 
-168.0796598333333,-14.5378640000000,0 
-168.0796900000000,-14.5378125000000,0 
-168.0797048333333,-14.5377418333333,0 
-168.0797191666667,-14.5377788333333,0 
-168.0796835000000,-14.5377485000000,0 
-168.0797248333333,-14.5378000000000,0 
-168.0797255000000,-14.5378155000000,0 
-168.0797030000000,-14.5378048333333,0 
-168.0796648333333,-14.5378083333333,0 
-168.0797051666667,-14.5378150000000,0 
-168.0796933333333,-14.5377385000000,0 
-168.0797420000000,-14.5378223333333,0 
-168.0797301666667,-14.5377460000000,0 
-168.0797188333333,-14.5377658333333,0 
-168.0796983333333,-14.5378175000000,0 
-168.0797040000000,-14.5377676666667,0 
-168.0797236666667,-14.5378670000000,0 
-168.0797076666667,-14.5378105000000,0 
-168.0797388333333,-14.5378066666667,0 
-168.0797081666667,-14.5377495000000,0 
-168.0796851666667,-14.5377596666667,0 
-168.0797348333333,-14.5378365000000,0 
-168.0797241666667,-14.5377853333333,0 
-168.0796826666667,-14.5377811666667,0 
-168.0796945000000,-14.5377316666667,0 
-168.0797266666667,-14.5377850000000,0 
-168.0797125000000,-14.5377626666667,0 
-168.0797106666667,-14.5377533333333,0 
-168.0797025000000,-14.5377483333333,0 
-168.0796790000000,-14.5377963333333,0 
-168.0797000000000,-14.5377455000000,0 
-168.0796895000000,-14.5377098333333,0 
-168.0797038333333,-14.5377966666667,0 
-168.0797138333333,-14.5378180000000,0 
-168.0796916666667,-14.5377681666667,0 
-168.0797065000000,-14.5377748333333,0 
-168.0797430000000,-14.5378073333333,0 
-168.0797268333333,-14.5378046666667,0 
-168.0797368333333,-14.5377550000000,0 
-168.0797285000000,-14.5377556666667,0 
-168.0796976666667,-14.5378181666667,0 
-168.0797456666667,-14.5377580000000,0 
-168.0797230000000,-14.5377831666667,0 
-168.0796901666667,-14.5378246666667,0 
-168.0797126666667,-14.5377811666667,0 
-168.0797095000000,-14.5377525000000,0 
-168.0797491666667,-14.5377970000000,0 
-168.0797053333333,-14.5377943333333,0 
-168.0797396666667,-14.5378498333333,0 
-168.0797676666667,-14.5378251666667,0 
-168.0797240000000,-14.5378340000000,0 
-168.0797005000000,-14.5378181666667,0 
-168.0797311666667,-14.5378508333333,0 
-168.0797088333333,-14.5378410000000,0 
-168.0797510000000,-14.5378576666667,0 
-168.0797373333333,-14.5378271666667,0 
-168.0797043333333,-14.5377808333333,0 
-168.0796840000000,-14.5378165000000,0 
-168.0796930000000,-14.5377961666667,0 
-168.0797271666667,-14.5378463333333,0 
-168.0797580000000,-14.5377500000000,0 
-168.0797391666667,-14.5377936666667,0 
-168.0796960000000,-14.5377580000000,0 
-168.0796408333333,-14.5378113333333,0 
-168.0796661666667,-14.5377558333333,0 
-168.0796703333333,-14.5377133333333,0 
-168.0797041666667,-14.5377701666667,0 
-168.0796555000000,-14.5378286666667,0 
-168.0796840000000,-14.5378135000000,0 
-168.0796636666667,-14.5377243333333,0 
-168.0797305000000,-14.5377876666667,0 
-168.0797023333333,-14.5378090000000,0 
-168.0797118333333,-14.5377958333333,0 
-168.0796643333333,-14.5377861666667,0 
-168.0796683333333,-14.5377905000000,0 
-168.0796755000000,-14.5377970000000,0 
-168.0796573333333,-14.5377800000000,0 
-168.0796773333333,-14.5377721666667,0 
-168.0796921666667,-14.5378490000000,0 
-168.0796896666667,-14.5378028333333,0 
-168.0796585000000,-14.5377671666667,0 
-168.0796901666667,-14.5376963333333,0 
-168.0796858333333,-14.5377238333333,0 
-168.0796586666667,-14.5378290000000,0 
-168.0797510000000,-14.5377620000000,0 
-168.0797368333333,-14.5377813333333,0 
-168.0797283333333,-14.5378246666667,0 
-168.0796456666667,-14.5377866666667,0 
-168.0796916666667,-14.5377720000000,0 
-168.0796628333333,-14.5378091666667,0 
-168.0797285000000,-14.5377780000000,0 
-168.0796758333333,-14.5377753333333,0 
-168.0796923333333,-14.5378300000000,0 
-168.0797158333333,-14.5377606666667,0 
-168.0796931666667,-14.5377896666667,0 
-168.0797593333333,-14.5378315000000,0 
-168.0797333333333,-14.5378511666667,0 
-168.0796973333333,-14.5377790000000,0 
-168.0796956666667,-14.5378063333333,0 
-168.0796575000000,-14.5378296666667,0 
-168.0796735000000,-14.5378213333333,0 
-168.0797300000000,-14.5378306666667,0 
-168.0797790000000,-14.5377323333333,0 
-168.0796766666667,-14.5377686666667,0 
-168.0796641666667,-14.5378381666667,0 
-168.0796988333333,-14.5378313333333,0 
-168.0797250000000,-14.5378115000000,0 
-168.0796970000000,-14.5377720000000,0 
-168.0796631666667,-14.5378190000000,0 
-168.0796923333333,-14.5377961666667,0 
-168.0797106666667,-14.5378011666667,0 
-168.0797085000000,-14.5378028333333,0 
-168.0797161666667,-14.5377976666667,0 
-168.0796503333333,-14.5378051666667,0 
-168.0796970000000,-14.5377763333333,0 
-168.0796998333333,-14.5377740000000,0 
-168.0797263333333,-14.5378048333333,0 
-168.0797025000000,-14.5378183333333,0 
-168.0796946666667,-14.5377745000000,0 
-168.0796775000000,-14.5377160000000,0 
-168.0797635000000,-14.5378073333333,0 
-168.0796831666667,-14.5377506666667,0 
-168.0797231666667,-14.5377923333333,0 
-168.0797061666667,-14.5377996666667,0 
-168.0796733333333,-14.5377603333333,0 
-168.0796975000000,-14.5377563333333,0 
-168.0797433333333,-14.5377471666667,0 
-168.0797556666667,-14.5378341666667,0 
-168.0796796666667,-14.5377070000000,0 
-168.0796903333333,-14.5377931666667,0 
-168.0797146666667,-14.5377988333333,0 
-168.0797441666667,-14.5377796666667,0 
-168.0797253333333,-14.5378003333333,0 
-168.0797340000000,-14.5378256666667,0 
-168.0797470000000,-14.5378050000000,0 
-168.0798045000000,-14.5377600000000,0 
-168.0797490000000,-14.5377330000000,0 
-168.0797483333333,-14.5378330000000,0 
-168.0797610000000,-14.5378180000000,0 
-168.0797380000000,-14.5377631666667,0 
-168.0797186666667,-14.5377283333333,0 
-168.0797343333333,-14.5377725000000,0 
-168.0796890000000,-14.5377553333333,0 
-168.0796888333333,-14.5377926666667,0 
-168.0797043333333,-14.5377015000000,0 
-168.0797041666667,-14.5376968333333,0 
-168.0797421666667,-14.5377601666667,0 
-168.0797578333333,-14.5377368333333,0 
-168.0797660000000,-14.5377265000000,0 
-168.0797055000000,-14.5377240000000,0 
-168.0796730000000,-14.5376930000000,0 
-168.0796990000000,-14.5377478333333,0 
-168.0797050000000,-14.5377166666667,0 
-168.0797313333333,-14.5376600000000,0 
-168.0796763333333,-14.5377283333333,0 
-168.0796855000000,-14.5376840000000,0 
-168.0797263333333,-14.5377296666667,0 
-168.0797001666667,-14.5377380000000,0 
-168.0797861666667,-14.5376973333333,0 
-168.0796758333333,-14.5376930000000,0 
-168.0796868333333,-14.5377265000000,0 
-168.0797450000000,-14.5377573333333,0 
-168.0797460000000,-14.5377283333333,0 
-168.0796960000000,-14.5377505000000,0 
-168.0797155000000,-14.5377118333333,0 
-168.0797318333333,-14.5377496666667,0 
-168.0797656666667,-14.5377081666667,0 
-168.0796975000000,-14.5377685000000,0 
-168.0797116666667,-14.5377005000000,0 
-168.0797118333333,-14.5377938333333,0 
-168.0797276666667,-14.5376645000000,0 
-168.0797310000000,-14.5377111666667,0 
-168.0797483333333,-14.5376786666667,0 
-168.0797418333333,-14.5377290000000,0 
-168.0797990000000,-14.5376596666667,0 
-168.0797198333333,-14.5377415000000,0 
-168.0797303333333,-14.5377273333333,0 
-168.0797353333333,-14.5377503333333,0 
-168.0796906666667,-14.5377186666667,0 
-168.0797310000000,-14.5377470000000,0 
-168.0797771666667,-14.5377030000000,0 
-168.0797681666667,-14.5377468333333,0 
-168.0797436666667,-14.5377163333333,0 
-168.0797288333333,-14.5376746666667,0 
-168.0797150000000,-14.5377523333333,0 
-168.0797551666667,-14.5377521666667,0 
-168.0798133333333,-14.5377033333333,0 
-168.0797505000000,-14.5376883333333,0 
-168.0797746666667,-14.5377841666667,0 
-168.0797541666667,-14.5376890000000,0 
-168.0798080000000,-14.5377623333333,0 
-168.0797580000000,-14.5376856666667,0 
-168.0797391666667,-14.5376950000000,0 
-168.0797881666667,-14.5377325000000,0 
-168.0797631666667,-14.5377506666667,0 
-168.0797940000000,-14.5377698333333,0 
-168.0797755000000,-14.5377740000000,0 
-168.0797788333333,-14.5377823333333,0 
-168.0797393333333,-14.5377060000000,0 
-168.0797761666667,-14.5376973333333,0 
-168.0797598333333,-14.5377380000000,0 
-168.0797758333333,-14.5377073333333,0 
-168.0797570000000,-14.5377196666667,0 
-168.0798093333333,-14.5377635000000,0 
-168.0797608333333,-14.5377568333333,0 
-168.0797591666667,-14.5377188333333,0 
-168.0797901666667,-14.5377215000000,0 
-168.0798011666667,-14.5377335000000,0 
-168.0797706666667,-14.5377665000000,0 
-168.0798253333333,-14.5377855000000,0 
-168.0798191666667,-14.5377998333333,0 
-168.0797600000000,-14.5377333333333,0 
-168.0798140000000,-14.5377571666667,0 
-168.0797775000000,-14.5377170000000,0 
-168.0798161666667,-14.5377303333333,0 
-168.0797391666667,-14.5376883333333,0 
-168.0797781666667,-14.5377171666667,0 
-168.0797735000000,-14.5377348333333,0 
-168.0798438333333,-14.5377395000000,0 
-168.0798085000000,-14.5377561666667,0 
-168.0797933333333,-14.5377160000000,0 
-168.0797978333333,-14.5377638333333,0 
-168.0797770000000,-14.5377600000000,0 
-168.0797856666667,-14.5377661666667,0 
-168.0797750000000,-14.5377285000000,0 
-168.0797595000000,-14.5377161666667,0 
-168.0798155000000,-14.5377603333333,0 
-168.0797996666667,-14.5376958333333,0 
-168.0797853333333,-14.5377330000000,0 
-168.0798146666667,-14.5377178333333,0 
-168.0797955000000,-14.5377383333333,0 
-168.0797971666667,-14.5377160000000,0 
-168.0798151666667,-14.5377930000000,0 
-168.0798050000000,-14.5377216666667,0 
-168.0798115000000,-14.5377938333333,0 
-168.0797890000000,-14.5376738333333,0 
-168.0797943333333,-14.5377646666667,0 
-168.0797916666667,-14.5377546666667,0 
-168.0798516666667,-14.5377691666667,0 
-168.0798451666667,-14.5377996666667,0 
-168.0798115000000,-14.5377683333333,0 
-168.0798278333333,-14.5377848333333,0 
-168.0798058333333,-14.5377200000000,0 
-168.0798321666667,-14.5377990000000,0 
-168.0798330000000,-14.5377836666667,0 
-168.0798231666667,-14.5377630000000,0 
-168.0798821666667,-14.5378223333333,0 
-168.0798285000000,-14.5377426666667,0 
-168.0798616666667,-14.5376925000000,0 
-168.0798371666667,-14.5377370000000,0 
-168.0798156666667,-14.5377755000000,0 
-168.0798153333333,-14.5377166666667,0 
-168.0798848333333,-14.5378053333333,0 
-168.0798806666667,-14.5377368333333,0 
-168.0798616666667,-14.5377318333333,0 
-168.0798648333333,-14.5377943333333,0 
-168.0798458333333,-14.5377451666667,0 
-168.0798603333333,-14.5377331666667,0 
-168.0798568333333,-14.5377495000000,0 
-168.0799085000000,-14.5377248333333,0 
-168.0798460000000,-14.5377386666667,0 
-168.0798708333333,-14.5377611666667,0 
-168.0798981666667,-14.5377133333333,0 
-168.0798386666667,-14.5377705000000,0 
-168.0798805000000,-14.5378155000000,0 
-168.0798588333333,-14.5377735000000,0 
-168.0799178333333,-14.5377566666667,0 
-168.0798898333333,-14.5377058333333,0 
-168.0798545000000,-14.5377968333333,0 
-168.0798540000000,-14.5377503333333,0 
-168.0798921666667,-14.5377943333333,0 
-168.0799298333333,-14.5377993333333,0 
-168.0798621666667,-14.5377936666667,0 
-168.0798845000000,-14.5377618333333,0 
-168.0798618333333,-14.5377760000000,0 
-168.0799005000000,-14.5377691666667,0 
-168.0799438333333,-14.5377156666667,0 
-168.0798785000000,-14.5377428333333,0 
-168.0798493333333,-14.5377518333333,0 
-168.0799140000000,-14.5377553333333,0 
-168.0798825000000,-14.5377561666667,0 
-168.0798575000000,-14.5377396666667,0 
-168.0799553333333,-14.5377645000000,0 
-168.0798501666667,-14.5377421666667,0 
-168.0798863333333,-14.5377666666667,0 
-168.0798936666667,-14.5378193333333,0 
-168.0799250000000,-14.5378110000000,0 
-168.0798951666667,-14.5377675000000,0 
-168.0798718333333,-14.5378170000000,0 
-168.0798798333333,-14.5377895000000,0 
-168.0798866666667,-14.5377428333333,0 
-168.0799488333333,-14.5377426666667,0 
-168.0799156666667,-14.5377568333333,0 
-168.0798851666667,-14.5377358333333,0 
-168.0798823333333,-14.5377601666667,0 
-168.0798780000000,-14.5377563333333,0 
-168.0799006666667,-14.5378096666667,0 
-168.0798708333333,-14.5377528333333,0 
-168.0798720000000,-14.5377415000000,0 
-168.0798951666667,-14.5377386666667,0 
-168.0798486666667,-14.5376596666667,0 
-168.0798611666667,-14.5377421666667,0 
-168.0798461666667,-14.5377465000000,0 
-168.0798901666667,-14.5377596666667,0 
-168.0799068333333,-14.5377698333333,0 
-168.0799060000000,-14.5377641666667,0 
-168.0798593333333,-14.5377688333333,0 
-168.0799010000000,-14.5377425000000,0 
-168.0799100000000,-14.5377918333333,0 
-168.0798768333333,-14.5377248333333,0 
-168.0798575000000,-14.5377648333333,0 
-168.0798746666667,-14.5377038333333,0 
-168.0798513333333,-14.5377713333333,0 
-168.0798758333333,-14.5378000000000,0 
-168.0798541666667,-14.5377268333333,0 
-168.0799040000000,-14.5378005000000,0 
-168.0798811666667,-14.5377378333333,0 
-168.0799375000000,-14.5377338333333,0 
-168.0798433333333,-14.5377006666667,0 
-168.0798543333333,-14.5377303333333,0 
-168.0798558333333,-14.5377668333333,0 
-168.0799098333333,-14.5377460000000,0 
-168.0798730000000,-14.5377411666667,0 
-168.0798670000000,-14.5376768333333,0 
-168.0798466666667,-14.5377610000000,0 
-168.0798871666667,-14.5377376666667,0 
-168.0798828333333,-14.5377288333333,0 
-168.0798553333333,-14.5377725000000,0 
-168.0798475000000,-14.5378305000000,0 
-168.0799080000000,-14.5377510000000,0 
-168.0798958333333,-14.5378070000000,0 
-168.0798583333333,-14.5377340000000,0 
-168.0799241666667,-14.5377278333333,0 
-168.0798915000000,-14.5377163333333,0 
-168.0799006666667,-14.5377283333333,0 
-168.0799141666667,-14.5377445000000,0 
-168.0799110000000,-14.5377470000000,0 
-168.0798993333333,-14.5377783333333,0 
-168.0799246666667,-14.5377405000000,0 
-168.0799106666667,-14.5377161666667,0 
-168.0799375000000,-14.5377661666667,0 
-168.0799756666667,-14.5377073333333,0 
-168.0799650000000,-14.5377201666667,0 
-168.0799088333333,-14.5376908333333,0 
-168.0799815000000,-14.5377170000000,0 
-168.0799200000000,-14.5376416666667,0 
-168.0799300000000,-14.5377383333333,0 
-168.0798916666667,-14.5377185000000,0 
-168.0799415000000,-14.5377600000000,0 
-168.0799231666667,-14.5377108333333,0 
-168.0799651666667,-14.5377041666667,0 
-168.0799545000000,-14.5377453333333,0 
-168.0799580000000,-14.5376581666667,0 
-168.0799221666667,-14.5376446666667,0 
-168.0800275000000,-14.5376758333333,0 
-168.0800061666667,-14.5376850000000,0 
-168.0799920000000,-14.5377058333333,0 
-168.0799581666667,-14.5376711666667,0 
-168.0799773333333,-14.5376796666667,0 
-168.0799538333333,-14.5377585000000,0 
-168.0800081666667,-14.5377036666667,0 
-168.0800163333333,-14.5376476666667,0 
-168.0799775000000,-14.5376973333333,0 
-168.0799555000000,-14.5377473333333,0 
-168.0799475000000,-14.5376653333333,0 
-168.0800170000000,-14.5376290000000,0 
-168.0799623333333,-14.5376551666667,0 
-168.0799506666667,-14.5377216666667,0 
-168.0799853333333,-14.5377301666667,0 
-168.0800236666667,-14.5376035000000,0 
-168.0799325000000,-14.5376980000000,0 
-168.0799358333333,-14.5376630000000,0 
-168.0799568333333,-14.5377100000000,0 
-168.0800018333333,-14.5376966666667,0 
-168.0799701666667,-14.5377011666667,0 
-168.0799641666667,-14.5376806666667,0 
-168.0799411666667,-14.5376756666667,0 
-168.0800273333333,-14.5376743333333,0 
-168.0799591666667,-14.5377108333333,0 
-168.0799968333333,-14.5376661666667,0 
-168.0800085000000,-14.5376963333333,0 
-168.0799790000000,-14.5377326666667,0 
-168.0799938333333,-14.5377185000000,0 
-168.0799470000000,-14.5376936666667,0 
-168.0799931666667,-14.5377541666667,0 
-168.0800205000000,-14.5376790000000,0 
-168.0799415000000,-14.5376835000000,0 
-168.0800005000000,-14.5376931666667,0 
-168.0799946666667,-14.5376315000000,0 
-168.0800120000000,-14.5377121666667,0 
-168.0799708333333,-14.5377360000000,0 
-168.0800068333333,-14.5376770000000,0 
-168.0799866666667,-14.5377048333333,0 
-168.0799598333333,-14.5377221666667,0 
-168.0799590000000,-14.5376958333333,0 
-168.0800028333333,-14.5377346666667,0 
-168.0800370000000,-14.5376558333333,0 
-168.0799830000000,-14.5376636666667,0 
-168.0799701666667,-14.5376613333333,0 
-168.0800483333333,-14.5376750000000,0 
-168.0799638333333,-14.5377183333333,0 
-168.0799551666667,-14.5376995000000,0 
-168.0799893333333,-14.5377676666667,0 
-168.0800260000000,-14.5376785000000,0 
-168.0799710000000,-14.5377051666667,0 
-168.0799380000000,-14.5377130000000,0 
-168.0799643333333,-14.5377426666667,0 
-168.0799861666667,-14.5376326666667,0 
-168.0799986666667,-14.5376910000000,0 
-168.0800038333333,-14.5376941666667,0 
-168.0799528333333,-14.5376750000000,0 
-168.0799441666667,-14.5377580000000,0 
-168.0799875000000,-14.5376426666667,0 
-168.0799638333333,-14.5376601666667,0 
-168.0799873333333,-14.5376635000000,0 
-168.0799415000000,-14.5376965000000,0 
-168.0800085000000,-14.5377335000000,0 
-168.0800256666667,-14.5376781666667,0 
-168.0799761666667,-14.5377166666667,0 
-168.0799290000000,-14.5376696666667,0 
-168.0799555000000,-14.5376555000000,0 
-168.0800010000000,-14.5377095000000,0 
-168.0799838333333,-14.5376678333333,0 
-168.0800170000000,-14.5376190000000,0 
-168.0800065000000,-14.5376660000000,0 
-168.0799535000000,-14.5376793333333,0 
-168.0799735000000,-14.5376533333333,0 
-168.0800053333333,-14.5376981666667,0 
-168.0800113333333,-14.5376206666667,0 
-168.0799965000000,-14.5376540000000,0 
-168.0800438333333,-14.5376656666667,0 
-168.0800618333333,-14.5376951666667,0 
-168.0800186666667,-14.5376406666667,0 
-168.0800206666667,-14.5376860000000,0 
-168.0800470000000,-14.5377125000000,0 
-168.0800663333333,-14.5377195000000,0 
-168.0800838333333,-14.5376518333333,0 
-168.0801190000000,-14.5377036666667,0 
-168.0800450000000,-14.5377148333333,0 
-168.0800861666667,-14.5377236666667,0 
-168.0801053333333,-14.5377165000000,0 
-168.0801183333333,-14.5376523333333,0 
-168.0801806666667,-14.5376711666667,0 
-168.0801565000000,-14.5376853333333,0 
-168.0801068333333,-14.5377151666667,0 
-168.0801285000000,-14.5377728333333,0 
-168.0801416666667,-14.5376741666667,0 
-168.0801141666667,-14.5376711666667,0 
-168.0801516666667,-14.5377033333333,0 
-168.0801666666667,-14.5376840000000,0 
-168.0801413333333,-14.5376340000000,0 
-168.0801261666667,-14.5377195000000,0 
-168.0801031666667,-14.5376371666667,0 
-168.0800893333333,-14.5376891666667,0 
-168.0801060000000,-14.5377130000000,0 
-168.0800698333333,-14.5376548333333,0 
-168.0801253333333,-14.5377083333333,0 
-168.0801066666667,-14.5377080000000,0 
-168.0801311666667,-14.5377431666667,0 
-168.0801420000000,-14.5377546666667,0 
-168.0801228333333,-14.5377655000000,0 
-168.0801863333333,-14.5377368333333,0 
-168.0801523333333,-14.5376790000000,0 
-168.0801655000000,-14.5377000000000,0 
-168.0801175000000,-14.5376878333333,0 
-168.0801558333333,-14.5376883333333,0 
-168.0801268333333,-14.5377506666667,0 
-168.0801130000000,-14.5377365000000,0 
-168.0802041666667,-14.5377338333333,0 
-168.0802086666667,-14.5377411666667,0 
-168.0801476666667,-14.5377203333333,0 
-168.0800996666667,-14.5377195000000,0 
-168.0801326666667,-14.5376976666667,0 
-168.0801760000000,-14.5376595000000,0 
-168.0801233333333,-14.5376843333333,0 
-168.0801600000000,-14.5377360000000,0 
-168.0801660000000,-14.5377071666667,0 
-168.0802050000000,-14.5376770000000,0 
-168.0801591666667,-14.5376778333333,0 
-168.0801388333333,-14.5377308333333,0 
-168.0802230000000,-14.5377231666667,0 
-168.0801805000000,-14.5377253333333,0 
-168.0801615000000,-14.5376745000000,0 
-168.0801113333333,-14.5377481666667,0 
-168.0801183333333,-14.5377203333333,0 
-168.0802078333333,-14.5377001666667,0 
-168.0801813333333,-14.5377250000000,0 
-168.0801521666667,-14.5376958333333,0 
-168.0801376666667,-14.5376966666667,0 
-168.0801531666667,-14.5377435000000,0 
-168.0801660000000,-14.5377696666667,0 
-168.0801795000000,-14.5376808333333,0 
-168.0801813333333,-14.5377138333333,0 
-168.0801458333333,-14.5377433333333,0 
-168.0801406666667,-14.5377215000000,0 
-168.0801898333333,-14.5377336666667,0 
-168.0801923333333,-14.5377568333333,0 
-168.0802353333333,-14.5377286666667,0 
-168.0801836666667,-14.5377061666667,0 
-168.0802006666667,-14.5377201666667,0 
-168.0801960000000,-14.5377386666667,0 
-168.0802375000000,-14.5377455000000,0 
-168.0801930000000,-14.5377635000000,0 
-168.0802045000000,-14.5376798333333,0 
-168.0801995000000,-14.5376580000000,0 
-168.0802035000000,-14.5377681666667,0 
-168.0802540000000,-14.5377521666667,0 
-168.0802240000000,-14.5377348333333,0 
-168.0802193333333,-14.5377665000000,0 
-168.0802135000000,-14.5376421666667,0 
-168.0801700000000,-14.5376931666667,0 
-168.0801923333333,-14.5377391666667,0 
-168.0802746666667,-14.5377301666667,0 
-168.0802240000000,-14.5377505000000,0 
-168.0802093333333,-14.5377508333333,0 
-168.0802320000000,-14.5376941666667,0 
-168.0802655000000,-14.5376480000000,0 
-168.0802781666667,-14.5376650000000,0 
-168.0802370000000,-14.5377100000000,0 
-168.0802010000000,-14.5376950000000,0 
-168.0802028333333,-14.5377296666667,0 
-168.0802758333333,-14.5377130000000,0 
-168.0802961666667,-14.5376771666667,0 
-168.0802631666667,-14.5377190000000,0 
-168.0801855000000,-14.5376540000000,0 
-168.0802033333333,-14.5377320000000,0 
-168.0802298333333,-14.5377233333333,0 
-168.0802341666667,-14.5376980000000,0 
-168.0802401666667,-14.5377213333333,0 
-168.0802395000000,-14.5376898333333,0 
-168.0802391666667,-14.5377753333333,0 
-168.0802798333333,-14.5377285000000,0 
-168.0802501666667,-14.5376991666667,0 
-168.0802770000000,-14.5377198333333,0 
-168.0802585000000,-14.5377571666667,0 
-168.0802611666667,-14.5377116666667,0 
-168.0802921666667,-14.5377358333333,0 
-168.0802991666667,-14.5376956666667,0 
-168.0803526666667,-14.5376768333333,0 
-168.0803071666667,-14.5377900000000,0 
-168.0803353333333,-14.5376866666667,0 
-168.0803285000000,-14.5377083333333,0 
-168.0802826666667,-14.5377278333333,0 
-168.0802831666667,-14.5377170000000,0 
-168.0802650000000,-14.5377185000000,0 
-168.0803065000000,-14.5377531666667,0 
-168.0803490000000,-14.5377076666667,0 
-168.0803321666667,-14.5376673333333,0 
-168.0803020000000,-14.5377171666667,0 
-168.0802916666667,-14.5376938333333,0 
-168.0803165000000,-14.5376613333333,0 
-168.0802500000000,-14.5376760000000,0 
-168.0802891666667,-14.5376936666667,0 
-168.0803031666667,-14.5376415000000,0 
-168.0802570000000,-14.5376755000000,0 
-168.0802591666667,-14.5376135000000,0 
-168.0802155000000,-14.5376201666667,0 
-168.0802571666667,-14.5377016666667,0 
-168.0802810000000,-14.5376970000000,0 
-168.0803173333333,-14.5377226666667,0 
-168.0803495000000,-14.5376570000000,0 
-168.0802546666667,-14.5376438333333,0 
-168.0802115000000,-14.5376455000000,0 
-168.0802711666667,-14.5376633333333,0 
-168.0802751666667,-14.5377016666667,0 
-168.0803155000000,-14.5377221666667,0 
-168.0802888333333,-14.5376448333333,0 
-168.0803538333333,-14.5376168333333,0 
-168.0802880000000,-14.5377225000000,0 
-168.0803428333333,-14.5376648333333,0 
-168.0803320000000,-14.5376300000000,0 
-168.0802545000000,-14.5376345000000,0 
-168.0802378333333,-14.5376551666667,0 
-168.0803525000000,-14.5376576666667,0 
-168.0803643333333,-14.5376308333333,0 
-168.0802725000000,-14.5377091666667,0 
-168.0803418333333,-14.5376771666667,0 
-168.0803221666667,-14.5376876666667,0 
-168.0802940000000,-14.5376288333333,0 
-168.0802471666667,-14.5376591666667,0 
-168.0802620000000,-14.5377076666667,0 
-168.0803146666667,-14.5376640000000,0 
-168.0802610000000,-14.5375913333333,0 
-168.0802841666667,-14.5376951666667,0 
-168.0803060000000,-14.5376306666667,0 
-168.0803021666667,-14.5377000000000,0 
-168.0803263333333,-14.5376530000000,0 
-168.0802656666667,-14.5376428333333,0 
-168.0802388333333,-14.5376256666667,0 
-168.0802610000000,-14.5376855000000,0 
-168.0802388333333,-14.5376875000000,0 
-168.0803303333333,-14.5376930000000,0 
-168.0802921666667,-14.5376766666667,0 
-168.0802378333333,-14.5376095000000,0 
-168.0802128333333,-14.5376768333333,0 
-168.0803170000000,-14.5376668333333,0 
-168.0803091666667,-14.5376450000000,0 
-168.0803406666667,-14.5376890000000,0 
-168.0802633333333,-14.5377040000000,0 
-168.0802678333333,-14.5376486666667,0 
-168.0803280000000,-14.5376606666667,0 
-168.0803033333333,-14.5376850000000,0 
-168.0802676666667,-14.5376628333333,0 
-168.0803156666667,-14.5376713333333,0 
-168.0802745000000,-14.5376683333333,0 
-168.0803436666667,-14.5376838333333,0 
-168.0803998333333,-14.5376425000000,0 
-168.0803900000000,-14.5376453333333,0 
-168.0803616666667,-14.5376280000000,0 
-168.0803845000000,-14.5375841666667,0 
-168.0803316666667,-14.5375805000000,0 
-168.0803958333333,-14.5376130000000,0 
-168.0803403333333,-14.5376910000000,0 
-168.0804063333333,-14.5376305000000,0 
-168.0804040000000,-14.5375930000000,0 
-168.0803295000000,-14.5376155000000,0 
-168.0803551666667,-14.5376280000000,0 
-168.0804020000000,-14.5376021666667,0 
-168.0803491666667,-14.5375990000000,0 
-168.0803343333333,-14.5376400000000,0 
-168.0803955000000,-14.5376385000000,0 
-168.0803353333333,-14.5376378333333,0 
-168.0803221666667,-14.5376625000000,0 
-168.0803740000000,-14.5376513333333,0 
-168.0804141666667,-14.5376756666667,0 
-168.0803906666667,-14.5375918333333,0 
-168.0804500000000,-14.5376008333333,0 
-168.0803725000000,-14.5376416666667,0 
-168.0803991666667,-14.5376308333333,0 
-168.0803391666667,-14.5376103333333,0 
-168.0803965000000,-14.5376440000000,0 
-168.0804468333333,-14.5375975000000,0 
-168.0803576666667,-14.5376201666667,0 
-168.0803731666667,-14.5375956666667,0 
-168.0803153333333,-14.5375516666667,0 
-168.0803855000000,-14.5375628333333,0 
-168.0803833333333,-14.5376548333333,0 
-168.0803930000000,-14.5375910000000,0 
-168.0803621666667,-14.5376056666667,0 
-168.0804231666667,-14.5375928333333,0 
-168.0804070000000,-14.5376138333333,0 
-168.0803853333333,-14.5375540000000,0 
-168.0803848333333,-14.5376258333333,0 
-168.0804135000000,-14.5375786666667,0 
-168.0803646666667,-14.5375916666667,0 
-168.0804468333333,-14.5375761666667,0 
-168.0804685000000,-14.5375076666667,0 
-168.0804108333333,-14.5376035000000,0 
-168.0804925000000,-14.5376093333333,0 
-168.0804681666667,-14.5376623333333,0 
-168.0804785000000,-14.5375850000000,0 
-168.0804993333333,-14.5375430000000,0 
-168.0804540000000,-14.5375375000000,0 
-168.0805233333333,-14.5375123333333,0 
-168.0804330000000,-14.5375771666667,0 
-168.0804101666667,-14.5375701666667,0 
-168.0804470000000,-14.5375596666667,0 
-168.0804760000000,-14.5376155000000,0 
-168.0804890000000,-14.5375921666667,0 
-168.0805388333333,-14.5375293333333,0 
-168.0805216666667,-14.5375733333333,0 
-168.0804988333333,-14.5375551666667,0 
-168.0805090000000,-14.5375826666667,0 
-168.0805110000000,-14.5375446666667,0 
-168.0804823333333,-14.5375885000000,0 
-168.0804491666667,-14.5375495000000,0 
-168.0804701666667,-14.5375913333333,0 
-168.0804968333333,-14.5375090000000,0 
-168.0804596666667,-14.5376015000000,0 
-168.0804760000000,-14.5375835000000,0 
-168.0805305000000,-14.5375816666667,0 
-168.0805368333333,-14.5375140000000,0 
-168.0805285000000,-14.5375905000000,0 
-168.0805078333333,-14.5376096666667,0 
-168.0805900000000,-14.5375428333333,0 
-168.0805266666667,-14.5376200000000,0 
-168.0805745000000,-14.5375760000000,0 
-168.0805300000000,-14.5375970000000,0 
-168.0805101666667,-14.5376201666667,0 
-168.0805051666667,-14.5375620000000,0 
-168.0805295000000,-14.5375795000000,0 
-168.0805486666667,-14.5375466666667,0 
-168.0805598333333,-14.5375655000000,0 
-168.0805616666667,-14.5375940000000,0 
-168.0805821666667,-14.5375320000000,0 
-168.0805940000000,-14.5375816666667,0 
-168.0805341666667,-14.5375990000000,0 
-168.0805708333333,-14.5375440000000,0 
-168.0805958333333,-14.5375241666667,0 
-168.0806291666667,-14.5375221666667,0 
-168.0805575000000,-14.5376198333333,0 
-168.0805498333333,-14.5376053333333,0 
-168.0805636666667,-14.5376300000000,0 
-168.0805841666667,-14.5376285000000,0 
-168.0805576666667,-14.5376590000000,0 
-168.0805226666667,-14.5375751666667,0 
-168.0805408333333,-14.5376523333333,0 
-168.0805691666667,-14.5375670000000,0 
-168.0805896666667,-14.5375888333333,0 
-168.0805955000000,-14.5376215000000,0 
-168.0805846666667,-14.5375783333333,0 
-168.0804978333333,-14.5375131666667,0 
-168.0805436666667,-14.5376066666667,0 
-168.0806148333333,-14.5375396666667,0 
-168.0805786666667,-14.5375143333333,0 
-168.0805828333333,-14.5375435000000,0 
-168.0805320000000,-14.5375233333333,0 
-168.0806303333333,-14.5375465000000,0 
-168.0806008333333,-14.5375415000000,0 
-168.0805503333333,-14.5375488333333,0 
-168.0805448333333,-14.5375841666667,0 
-168.0806488333333,-14.5374655000000,0 
-168.0805863333333,-14.5375228333333,0 
-168.0806103333333,-14.5375585000000,0 
-168.0806230000000,-14.5375066666667,0 
-168.0806730000000,-14.5374715000000,0 
-168.0805308333333,-14.5375171666667,0 
-168.0805308333333,-14.5375230000000,0 
-168.0806075000000,-14.5375216666667,0 
-168.0805933333333,-14.5375275000000,0 
-168.0805543333333,-14.5374668333333,0 
-168.0805913333333,-14.5375163333333,0 
-168.0805645000000,-14.5375903333333,0 
-168.0805411666667,-14.5375301666667,0 
-168.0805988333333,-14.5374720000000,0 
-168.0806061666667,-14.5375073333333,0 
-168.0805723333333,-14.5375128333333,0 
-168.0805540000000,-14.5374723333333,0 
-168.0805366666667,-14.5375368333333,0 
-168.0805200000000,-14.5375280000000,0 
-168.0805838333333,-14.5375736666667,0 
-168.0805471666667,-14.5375166666667,0 
-168.0805471666667,-14.5375326666667,0 
-168.0806056666667,-14.5374653333333,0 
-168.0805720000000,-14.5375851666667,0 
-168.0805976666667,-14.5374676666667,0 
-168.0805650000000,-14.5375211666667,0 
-168.0805606666667,-14.5374578333333,0 
-168.0805758333333,-14.5375555000000,0 
-168.0805645000000,-14.5375171666667,0 
-168.0805911666667,-14.5375303333333,0 
-168.0805580000000,-14.5374870000000,0 
-168.0805866666667,-14.5375188333333,0 
-168.0805835000000,-14.5375268333333,0 
-168.0805671666667,-14.5375623333333,0 
-168.0806238333333,-14.5375376666667,0 
-168.0805900000000,-14.5375248333333,0 
-168.0805785000000,-14.5374595000000,0 
-168.0805551666667,-14.5375086666667,0 
-168.0805318333333,-14.5375148333333,0 
-168.0805738333333,-14.5375026666667,0 
-168.0805783333333,-14.5375423333333,0 
-168.0805786666667,-14.5375443333333,0 
-168.0805905000000,-14.5374713333333,0 
-168.0805276666667,-14.5374920000000,0 
-168.0805620000000,-14.5375223333333,0 
-168.0806208333333,-14.5374855000000,0 
-168.0805455000000,-14.5375405000000,0 
-168.0805960000000,-14.5374926666667,0 
-168.0805493333333,-14.5375133333333,0 
-168.0805548333333,-14.5374765000000,0 
-168.0805300000000,-14.5375428333333,0 
-168.0806256666667,-14.5375096666667,0 
-168.0805475000000,-14.5375080000000,0 
-168.0805853333333,-14.5375076666667,0 
-168.0806125000000,-14.5375171666667,0 
-168.0806055000000,-14.5374163333333,0 
-168.0805305000000,-14.5375123333333,0 
-168.0805271666667,-14.5375163333333,0 
-168.0805446666667,-14.5374963333333,0 
-168.0805905000000,-14.5375270000000,0 
-168.0805616666667,-14.5374995000000,0 
-168.0805313333333,-14.5374906666667,0 
-168.0805321666667,-14.5375365000000,0 
-168.0806356666667,-14.5375085000000,0 
-168.0806025000000,-14.5375141666667,0 
-168.0805370000000,-14.5375238333333,0 
-168.0805618333333,-14.5375846666667,0 
-168.0805643333333,-14.5374806666667,0 
-168.0805816666667,-14.5374910000000,0 
-168.0805485000000,-14.5375101666667,0 
-168.0805330000000,-14.5374735000000,0 
-168.0805788333333,-14.5375686666667,0 
-168.0805145000000,-14.5374835000000,0 
-168.0805895000000,-14.5375141666667,0 
-168.0806118333333,-14.5374831666667,0 
-168.0805423333333,-14.5375198333333,0 
-168.0806231666667,-14.5374940000000,0 
-168.0805748333333,-14.5375371666667,0 
-168.0805855000000,-14.5375265000000,0 
-168.0806010000000,-14.5375365000000,0 
-168.0806623333333,-14.5375123333333,0 
-168.0806028333333,-14.5375923333333,0 
-168.0806736666667,-14.5375431666667,0 
-168.0806635000000,-14.5374920000000,0 
-168.0806576666667,-14.5375498333333,0 
-168.0806330000000,-14.5375581666667,0 
-168.0806700000000,-14.5375111666667,0 
-168.0806066666667,-14.5374370000000,0 
-168.0806640000000,-14.5375633333333,0 
-168.0806811666667,-14.5374863333333,0 
-168.0806155000000,-14.5374501666667,0 
-168.0806796666667,-14.5375008333333,0 
-168.0806811666667,-14.5375235000000,0 
-168.0806453333333,-14.5375076666667,0 
-168.0806246666667,-14.5375661666667,0 
-168.0806701666667,-14.5375323333333,0 
-168.0806403333333,-14.5374590000000,0 
-168.0806356666667,-14.5375348333333,0 
-168.0806698333333,-14.5374678333333,0 
-168.0805976666667,-14.5374718333333,0 
-168.0806583333333,-14.5374900000000,0 
-168.0806375000000,-14.5375315000000,0 
-168.0806583333333,-14.5374441666667,0 
-168.0806918333333,-14.5374753333333,0 
-168.0806193333333,-14.5375325000000,0 
-168.0806325000000,-14.5375396666667,0 
-168.0806656666667,-14.5375178333333,0 
-168.0806270000000,-14.5374976666667,0 
-168.0806693333333,-14.5375055000000,0 
-168.0806118333333,-14.5374933333333,0 
-168.0806850000000,-14.5375576666667,0 
-168.0806271666667,-14.5375545000000,0 
-168.0806660000000,-14.5375285000000,0 
-168.0806876666667,-14.5375470000000,0 
-168.0807311666667,-14.5375666666667,0 
-168.0807063333333,-14.5374751666667,0 
-168.0806776666667,-14.5375468333333,0 
-168.0807146666667,-14.5375486666667,0 
-168.0807280000000,-14.5375098333333,0 
-168.0807195000000,-14.5375370000000,0 
-168.0807511666667,-14.5375890000000,0 
-168.0807678333333,-14.5375955000000,0 
-168.0807181666667,-14.5376218333333,0 
-168.0807518333333,-14.5376236666667,0 
-168.0808045000000,-14.5376308333333,0 
-168.0807706666667,-14.5376311666667,0 
-168.0807783333333,-14.5375720000000,0 
-168.0807430000000,-14.5376151666667,0 
-168.0807966666667,-14.5375750000000,0 
-168.0807625000000,-14.5375531666667,0 
-168.0808068333333,-14.5375543333333,0 
-168.0807923333333,-14.5375753333333,0 
-168.0808030000000,-14.5375411666667,0 
-168.0807573333333,-14.5375703333333,0 
-168.0807733333333,-14.5376285000000,0 
-168.0807688333333,-14.5375938333333,0 
-168.0807710000000,-14.5376150000000,0 
-168.0808151666667,-14.5375930000000,0 
-168.0807866666667,-14.5375788333333,0 
-168.0807886666667,-14.5375770000000,0 
-168.0807846666667,-14.5375160000000,0 
-168.0807336666667,-14.5375350000000,0 
-168.0807861666667,-14.5375265000000,0 
-168.0806993333333,-14.5376298333333,0 
-168.0808123333333,-14.5376508333333,0 
-168.0807688333333,-14.5376086666667,0 
-168.0807698333333,-14.5375918333333,0 
-168.0807198333333,-14.5376280000000,0 
-168.0807180000000,-14.5376515000000,0 
-168.0807836666667,-14.5376306666667,0 
-168.0807486666667,-14.5375940000000,0 
-168.0807120000000,-14.5376571666667,0 
-168.0807906666667,-14.5376195000000,0 
-168.0807586666667,-14.5376055000000,0 
-168.0807686666667,-14.5375948333333,0 
-168.0806595000000,-14.5376698333333,0 
-168.0806970000000,-14.5376121666667,0 
-168.0807288333333,-14.5375705000000,0 
-168.0807226666667,-14.5376641666667,0 
-168.0807528333333,-14.5375743333333,0 
-168.0807533333333,-14.5376036666667,0 
-168.0807290000000,-14.5376380000000,0 
-168.0807158333333,-14.5376551666667,0 
-168.0807140000000,-14.5376716666667,0 
-168.0807470000000,-14.5375648333333,0 
-168.0807166666667,-14.5376660000000,0 
-168.0807680000000,-14.5376428333333,0 
-168.0807191666667,-14.5376028333333,0 
-168.0806920000000,-14.5376681666667,0 
-168.0807073333333,-14.5376120000000,0 
-168.0807625000000,-14.5376436666667,0 
-168.0807630000000,-14.5375793333333,0 
-168.0806806666667,-14.5376386666667,0 
-168.0807231666667,-14.5376276666667,0 
-168.0807046666667,-14.5376310000000,0 
-168.0807153333333,-14.5376121666667,0 
-168.0807443333333,-14.5376705000000,0 
-168.0807671666667,-14.5376548333333,0 
-168.0807600000000,-14.5375605000000,0 
-168.0806826666667,-14.5376270000000,0 
-168.0807836666667,-14.5375785000000,0 
-168.0807693333333,-14.5376553333333,0 
-168.0807400000000,-14.5376101666667,0 
-168.0807650000000,-14.5376036666667,0 
-168.0807640000000,-14.5376450000000,0 
-168.0807526666667,-14.5375861666667,0 
-168.0807106666667,-14.5376303333333,0 
-168.0808090000000,-14.5376488333333,0 
-168.0807986666667,-14.5376691666667,0 
-168.0807320000000,-14.5376786666667,0 
-168.0807448333333,-14.5376525000000,0 
-168.0808205000000,-14.5375510000000,0 
-168.0807541666667,-14.5376261666667,0 
-168.0807983333333,-14.5375536666667,0 
-168.0807815000000,-14.5375028333333,0 
-168.0807735000000,-14.5375188333333,0 
-168.0807341666667,-14.5375015000000,0 
-168.0807546666667,-14.5375508333333,0 
-168.0807791666667,-14.5374920000000,0 
-168.0806778333333,-14.5374960000000,0 
-168.0807111666667,-14.5374705000000,0 
-168.0807073333333,-14.5375298333333,0 
-168.0807485000000,-14.5374510000000,0 
-168.0806808333333,-14.5374865000000,0 
-168.0807073333333,-14.5374220000000,0 
-168.0807376666667,-14.5374900000000,0 
-168.0807480000000,-14.5374115000000,0 
-168.0807326666667,-14.5374350000000,0 
-168.0807095000000,-14.5374420000000,0 
-168.0807265000000,-14.5374783333333,0 
-168.0807041666667,-14.5374510000000,0 
-168.0807240000000,-14.5374133333333,0 
-168.0806846666667,-14.5374176666667,0 
-168.0807300000000,-14.5374558333333,0 
-168.0807008333333,-14.5374125000000,0 
-168.0807693333333,-14.5373566666667,0 
-168.0807315000000,-14.5373866666667,0 
-168.0806750000000,-14.5375165000000,0 
-168.0807313333333,-14.5373996666667,0 
-168.0806736666667,-14.5374660000000,0 
-168.0807678333333,-14.5374345000000,0 
-168.0806591666667,-14.5374745000000,0 
-168.0807295000000,-14.5374103333333,0 
-168.0806445000000,-14.5374451666667,0 
-168.0807213333333,-14.5374426666667,0 
-168.0807313333333,-14.5374338333333,0 
-168.0808128333333,-14.5373986666667,0 
-168.0808208333333,-14.5374278333333,0 
-168.0806981666667,-14.5374295000000,0 
-168.0807638333333,-14.5374553333333,0 
-168.0806923333333,-14.5374788333333,0 
-168.0807313333333,-14.5374095000000,0 
-168.0807343333333,-14.5374188333333,0 
-168.0807646666667,-14.5374570000000,0 
-168.0807920000000,-14.5374345000000,0 
-168.0807485000000,-14.5374910000000,0 
-168.0807656666667,-14.5375020000000,0 
-168.0808375000000,-14.5374493333333,0 
-168.0808653333333,-14.5373923333333,0 
-168.0807931666667,-14.5374320000000,0 
-168.0808646666667,-14.5373943333333,0 
-168.0808341666667,-14.5374665000000,0 
-168.0808890000000,-14.5374466666667,0 
-168.0808438333333,-14.5374840000000,0 
-168.0808338333333,-14.5374368333333,0 
-168.0808786666667,-14.5374555000000,0 
-168.0808321666667,-14.5374111666667,0 
-168.0809156666667,-14.5374336666667,0 
-168.0808716666667,-14.5374500000000,0 
-168.0809045000000,-14.5373893333333,0 
-168.0808925000000,-14.5374326666667,0 
-168.0808981666667,-14.5373926666667,0 
-168.0808651666667,-14.5374276666667,0 
-168.0809081666667,-14.5373568333333,0 
-168.0808566666667,-14.5374126666667,0 
-168.0809031666667,-14.5373395000000,0 
-168.0808296666667,-14.5373813333333,0 
-168.0808661666667,-14.5374138333333,0 
-168.0808316666667,-14.5374040000000,0 
-168.0809106666667,-14.5372970000000,0 
-168.0808423333333,-14.5373771666667,0 
-168.0809233333333,-14.5373791666667,0 
-168.0809263333333,-14.5373600000000,0 
-168.0808738333333,-14.5373621666667,0 
-168.0809193333333,-14.5373701666667,0 
-168.0809373333333,-14.5373611666667,0 
-168.0809133333333,-14.5373645000000,0 
-168.0809698333333,-14.5373858333333,0 
-168.0809596666667,-14.5373576666667,0 
-168.0809806666667,-14.5373673333333,0 
-168.0809331666667,-14.5373145000000,0 
-168.0809406666667,-14.5373876666667,0 
-168.0809625000000,-14.5373001666667,0 
-168.0810340000000,-14.5372893333333,0 
-168.0810183333333,-14.5373170000000,0 
-168.0809880000000,-14.5372933333333,0 
-168.0810055000000,-14.5373445000000,0 
-168.0810390000000,-14.5372960000000,0 
-168.0809528333333,-14.5373916666667,0 
-168.0809880000000,-14.5372788333333,0 
-168.0809231666667,-14.5373438333333,0 
-168.0809928333333,-14.5373896666667,0 
-168.0809903333333,-14.5373545000000,0 
-168.0809943333333,-14.5373475000000,0 
-168.0809821666667,-14.5373741666667,0 
-168.0809656666667,-14.5373550000000,0 
-168.0809215000000,-14.5373491666667,0 
-168.0810140000000,-14.5373363333333,0 
-168.0810110000000,-14.5373088333333,0 
-168.0809756666667,-14.5373398333333,0 
-168.0809976666667,-14.5372655000000,0 
-168.0810483333333,-14.5373406666667,0 
-168.0809993333333,-14.5373378333333,0 
-168.0810188333333,-14.5373521666667,0 
-168.0810276666667,-14.5372960000000,0 
-168.0810396666667,-14.5372530000000,0 
-168.0809401666667,-14.5373121666667,0 
-168.0809786666667,-14.5373123333333,0 
-168.0810430000000,-14.5372403333333,0 
-168.0810290000000,-14.5373210000000,0 
-168.0810543333333,-14.5372830000000,0 
-168.0810196666667,-14.5373238333333,0 
-168.0810316666667,-14.5373146666667,0 
-168.0810538333333,-14.5373250000000,0 
-168.0809805000000,-14.5373073333333,0 
-168.0810035000000,-14.5372788333333,0 
-168.0809975000000,-14.5372496666667,0 
-168.0809513333333,-14.5373288333333,0 
-168.0810096666667,-14.5373823333333,0 
-168.0809741666667,-14.5373625000000,0 
-168.0810336666667,-14.5373665000000,0 
-168.0811168333333,-14.5374088333333,0 
-168.0810643333333,-14.5372713333333,0 
-168.0810808333333,-14.5373155000000,0 
-168.0810981666667,-14.5373840000000,0 
-168.0811285000000,-14.5372686666667,0 
-168.0810963333333,-14.5373476666667,0 
-168.0811046666667,-14.5372738333333,0 
-168.0811411666667,-14.5373215000000,0 
-168.0811325000000,-14.5372641666667,0 
-168.0811346666667,-14.5373541666667,0 
-168.0811626666667,-14.5372903333333,0 
-168.0811811666667,-14.5373046666667,0 
-168.0811390000000,-14.5372691666667,0 
-168.0812363333333,-14.5372048333333,0 
-168.0811741666667,-14.5373320000000,0 
-168.0812283333333,-14.5373161666667,0 
-168.0812006666667,-14.5372673333333,0 
-168.0812298333333,-14.5372030000000,0 
-168.0811625000000,-14.5372358333333,0 
-168.0812073333333,-14.5372276666667,0 
-168.0811946666667,-14.5372688333333,0 
-168.0812230000000,-14.5372216666667,0 
-168.0813116666667,-14.5372018333333,0 
-168.0812138333333,-14.5372628333333,0 
-168.0812203333333,-14.5372681666667,0 
-168.0812300000000,-14.5371946666667,0 
-168.0812898333333,-14.5371721666667,0 
-168.0812468333333,-14.5371936666667,0 
-168.0812253333333,-14.5371961666667,0 
-168.0812515000000,-14.5372535000000,0 
-168.0812476666667,-14.5372365000000,0 
-168.0812415000000,-14.5372141666667,0 
-168.0812226666667,-14.5372443333333,0 
-168.0812591666667,-14.5372138333333,0 
-168.0812246666667,-14.5372690000000,0 
-168.0812951666667,-14.5372246666667,0 
-168.0812288333333,-14.5372386666667,0 
-168.0812958333333,-14.5372140000000,0 
-168.0811970000000,-14.5373203333333,0 
-168.0813231666667,-14.5371888333333,0 
-168.0812388333333,-14.5372788333333,0 
-168.0812705000000,-14.5372235000000,0 
-168.0812300000000,-14.5372820000000,0 
-168.0812343333333,-14.5372598333333,0 
-168.0812853333333,-14.5371983333333,0 
-168.0812918333333,-14.5371730000000,0 
-168.0812745000000,-14.5372608333333,0 
-168.0812250000000,-14.5372691666667,0 
-168.0812886666667,-14.5372168333333,0 
-168.0812543333333,-14.5372206666667,0 
-168.0811896666667,-14.5371606666667,0 
-168.0811986666667,-14.5371296666667,0 
-168.0812301666667,-14.5371541666667,0 
-168.0813056666667,-14.5371616666667,0 
-168.0812951666667,-14.5371543333333,0 
-168.0812090000000,-14.5371811666667,0 
-168.0812571666667,-14.5371426666667,0 
-168.0812766666667,-14.5371778333333,0 
-168.0812785000000,-14.5371635000000,0 
-168.0813376666667,-14.5371430000000,0 
-168.0812683333333,-14.5371038333333,0 
-168.0813315000000,-14.5371498333333,0 
-168.0813270000000,-14.5371163333333,0 
-168.0813536666667,-14.5371126666667,0 
-168.0813025000000,-14.5371635000000,0 
-168.0812566666667,-14.5371436666667,0 
-168.0813075000000,-14.5371768333333,0 
-168.0813143333333,-14.5371535000000,0 
-168.0812478333333,-14.5371428333333,0 
-168.0813251666667,-14.5371553333333,0 
-168.0813201666667,-14.5371271666667,0 
-168.0812450000000,-14.5371741666667,0 
-168.0813500000000,-14.5371645000000,0 
-168.0813141666667,-14.5371438333333,0 
-168.0812531666667,-14.5371236666667,0 
-168.0812861666667,-14.5371166666667,0 
-168.0812931666667,-14.5370963333333,0 
-168.0813018333333,-14.5370618333333,0 
-168.0812888333333,-14.5370818333333,0 
-168.0812791666667,-14.5370803333333,0 
-168.0812938333333,-14.5370988333333,0 
-168.0812995000000,-14.5371026666667,0 
-168.0813570000000,-14.5370533333333,0 
-168.0812680000000,-14.5370715000000,0 
-168.0812970000000,-14.5370988333333,0 
-168.0813591666667,-14.5370806666667,0 
-168.0812618333333,-14.5370825000000,0 
-168.0813105000000,-14.5371403333333,0 
-168.0813126666667,-14.5371005000000,0 
-168.0813038333333,-14.5371106666667,0 
-168.0813550000000,-14.5370020000000,0 
-168.0813355000000,-14.5371363333333,0 
-168.0813411666667,-14.5371191666667,0 
-168.0813681666667,-14.5370663333333,0 
-168.0812961666667,-14.5370743333333,0 
-168.0813851666667,-14.5370970000000,0 
-168.0813025000000,-14.5371348333333,0 
-168.0812948333333,-14.5371186666667,0 
-168.0813775000000,-14.5371118333333,0 
-168.0813243333333,-14.5371276666667,0 
-168.0813933333333,-14.5371141666667,0 
-168.0813521666667,-14.5371338333333,0 
-168.0813678333333,-14.5371276666667,0 
-168.0814118333333,-14.5371218333333,0 
-168.0813925000000,-14.5370695000000,0 
-168.0814130000000,-14.5370921666667,0 
-168.0813951666667,-14.5370741666667,0 
-168.0814106666667,-14.5370428333333,0 
-168.0814580000000,-14.5370611666667,0 
-168.0813970000000,-14.5370780000000,0 
-168.0814185000000,-14.5370718333333,0 
-168.0814035000000,-14.5370773333333,0 
-168.0813925000000,-14.5370705000000,0 
-168.0814066666667,-14.5371151666667,0 
-168.0814138333333,-14.5370760000000,0 
-168.0813870000000,-14.5370306666667,0 
-168.0814135000000,-14.5371115000000,0 
-168.0813976666667,-14.5371528333333,0 
-168.0814690000000,-14.5370655000000,0 
-168.0814243333333,-14.5371288333333,0 
-168.0814600000000,-14.5371115000000,0 
-168.0813850000000,-14.5370631666667,0 
-168.0813510000000,-14.5371661666667,0 
-168.0814030000000,-14.5370531666667,0 
-168.0813830000000,-14.5371013333333,0 
-168.0814321666667,-14.5371091666667,0 
-168.0813895000000,-14.5371128333333,0 
-168.0813960000000,-14.5370118333333,0 
-168.0814756666667,-14.5370758333333,0 
-168.0814756666667,-14.5370121666667,0 
-168.0814076666667,-14.5370363333333,0 
-168.0814890000000,-14.5370120000000,0 
-168.0814020000000,-14.5370903333333,0 
-168.0814023333333,-14.5370638333333,0 
-168.0814661666667,-14.5370560000000,0 
-168.0814235000000,-14.5370876666667,0 
-168.0813750000000,-14.5370810000000,0 
-168.0814525000000,-14.5370445000000,0 
-168.0814085000000,-14.5370885000000,0 
-168.0814406666667,-14.5370848333333,0 
-168.0814248333333,-14.5371481666667,0 
-168.0814210000000,-14.5371795000000,0 
-168.0814806666667,-14.5370955000000,0 
-168.0814163333333,-14.5371345000000,0 
-168.0814841666667,-14.5371496666667,0 
-168.0814213333333,-14.5371798333333,0 
-168.0815158333333,-14.5371450000000,0 
-168.0815083333333,-14.5371915000000,0 
-168.0815248333333,-14.5372401666667,0 
-168.0814916666667,-14.5372046666667,0 
-168.0815856666667,-14.5371716666667,0 
-168.0815605000000,-14.5371350000000,0 
-168.0815281666667,-14.5372113333333,0 
-168.0815140000000,-14.5372453333333,0 
-168.0815983333333,-14.5371738333333,0 
-168.0814956666667,-14.5372611666667,0 
-168.0815233333333,-14.5372230000000,0 
-168.0816006666667,-14.5372133333333,0 
-168.0816151666667,-14.5371903333333,0 
-168.0815240000000,-14.5371806666667,0 
-168.0815416666667,-14.5372113333333,0 
-168.0815543333333,-14.5372071666667,0 
-168.0816318333333,-14.5371560000000,0 
-168.0816730000000,-14.5371966666667,0 
-168.0816590000000,-14.5371163333333,0 
-168.0816255000000,-14.5371645000000,0 
-168.0816331666667,-14.5371578333333,0 
-168.0816995000000,-14.5371501666667,0 
-168.0816178333333,-14.5371948333333,0 
-168.0816120000000,-14.5371746666667,0 
-168.0815978333333,-14.5371213333333,0 
-168.0816341666667,-14.5371608333333,0 
-168.0816668333333,-14.5371213333333,0 
-168.0816225000000,-14.5371243333333,0 
-168.0816753333333,-14.5371455000000,0 
-168.0816503333333,-14.5371135000000,0 
-168.0816760000000,-14.5371045000000,0 
-168.0816840000000,-14.5371415000000,0 
-168.0817385000000,-14.5371435000000,0 
-168.0817806666667,-14.5370528333333,0 
-168.0817336666667,-14.5371295000000,0 
-168.0816963333333,-14.5371506666667,0 
-168.0817191666667,-14.5371431666667,0 
-168.0817675000000,-14.5372100000000,0 
-168.0817886666667,-14.5371853333333,0 
-168.0817231666667,-14.5371378333333,0 
-168.0816786666667,-14.5372156666667,0 
-168.0816981666667,-14.5371845000000,0 
-168.0817668333333,-14.5371791666667,0 
-168.0817778333333,-14.5371405000000,0 
-168.0816845000000,-14.5371346666667,0 
-168.0817916666667,-14.5371301666667,0 
-168.0817088333333,-14.5371060000000,0 
-168.0817488333333,-14.5371003333333,0 
-168.0817958333333,-14.5370658333333,0 
-168.0817035000000,-14.5371411666667,0 
-168.0817811666667,-14.5370708333333,0 
-168.0817551666667,-14.5371356666667,0 
-168.0817696666667,-14.5371711666667,0 
-168.0818025000000,-14.5371236666667,0 
-168.0817201666667,-14.5371443333333,0 
-168.0817178333333,-14.5371751666667,0 
-168.0817533333333,-14.5372091666667,0 
-168.0818011666667,-14.5371288333333,0 
-168.0816831666667,-14.5372168333333,0 
-168.0817783333333,-14.5371485000000,0 
-168.0818070000000,-14.5372321666667,0 
-168.0817535000000,-14.5372635000000,0 
-168.0817635000000,-14.5372125000000,0 
-168.0817901666667,-14.5372085000000,0 
-168.0817525000000,-14.5372203333333,0 
-168.0818165000000,-14.5372218333333,0 
-168.0818041666667,-14.5371968333333,0 
-168.0817775000000,-14.5372521666667,0 
-168.0817811666667,-14.5371773333333,0 
-168.0817758333333,-14.5372190000000,0 
-168.0817605000000,-14.5372058333333,0 
-168.0818026666667,-14.5371786666667,0 
-168.0817485000000,-14.5372526666667,0 
-168.0817623333333,-14.5372570000000,0 
-168.0817998333333,-14.5372165000000,0 
-168.0818058333333,-14.5372433333333,0 
-168.0818033333333,-14.5372441666667,0 
-168.0817973333333,-14.5372268333333,0 
-168.0817881666667,-14.5372431666667,0 
-168.0818041666667,-14.5372263333333,0 
-168.0817505000000,-14.5372196666667,0 
-168.0818106666667,-14.5372093333333,0 
-168.0818031666667,-14.5372388333333,0 
-168.0817685000000,-14.5372491666667,0 
-168.0817601666667,-14.5372040000000,0 
-168.0817826666667,-14.5372446666667,0 
-168.0818158333333,-14.5372313333333,0 
-168.0818471666667,-14.5371541666667,0 
-168.0817793333333,-14.5372171666667,0 
-168.0818330000000,-14.5372120000000,0 
-168.0818608333333,-14.5371796666667,0 
-168.0818176666667,-14.5372143333333,0 
-168.0818306666667,-14.5372428333333,0 
-168.0817826666667,-14.5371935000000,0 
-168.0817921666667,-14.5371831666667,0 
-168.0818701666667,-14.5371838333333,0 
-168.0818670000000,-14.5372458333333,0 
-168.0818510000000,-14.5372210000000,0 
-168.0818750000000,-14.5371761666667,0 
-168.0818180000000,-14.5372076666667,0 
-168.0818841666667,-14.5371705000000,0 
-168.0819138333333,-14.5371693333333,0 
-168.0818413333333,-14.5372005000000,0 
-168.0818231666667,-14.5372598333333,0 
-168.0818810000000,-14.5372436666667,0 
-168.0818343333333,-14.5372011666667,0 
-168.0818005000000,-14.5371573333333,0 
-168.0818648333333,-14.5372505000000,0 
-168.0817990000000,-14.5372793333333,0 
-168.0819053333333,-14.5371576666667,0 
-168.0818670000000,-14.5371790000000,0 
-168.0818391666667,-14.5371876666667,0 
-168.0819093333333,-14.5371491666667,0 
-168.0818830000000,-14.5372360000000,0 
-168.0819548333333,-14.5371486666667,0 
-168.0819201666667,-14.5371831666667,0 
-168.0819416666667,-14.5372033333333,0 
-168.0820198333333,-14.5372308333333,0 
-168.0820205000000,-14.5372108333333,0 
-168.0820253333333,-14.5372153333333,0 
-168.0819973333333,-14.5372430000000,0 
-168.0820435000000,-14.5371495000000,0 
-168.0820233333333,-14.5372070000000,0 
-168.0820473333333,-14.5371361666667,0 
-168.0820515000000,-14.5371020000000,0 
-168.0819601666667,-14.5372483333333,0 
-168.0820030000000,-14.5371940000000,0 
-168.0820456666667,-14.5371725000000,0 
-168.0819763333333,-14.5371711666667,0 
-168.0820398333333,-14.5371898333333,0 
-168.0820565000000,-14.5371263333333,0 
-168.0820315000000,-14.5371363333333,0 
-168.0819730000000,-14.5371585000000,0 
-168.0820680000000,-14.5371496666667,0 
-168.0820155000000,-14.5372065000000,0 
-168.0820958333333,-14.5371736666667,0 
-168.0820125000000,-14.5372400000000,0 
-168.0820710000000,-14.5372396666667,0 
-168.0820685000000,-14.5371605000000,0 
-168.0821255000000,-14.5372313333333,0 
-168.0820573333333,-14.5372410000000,0 
-168.0820696666667,-14.5372456666667,0 
-168.0820603333333,-14.5371488333333,0 
-168.0820383333333,-14.5372715000000,0 
-168.0821158333333,-14.5371560000000,0 
-168.0820898333333,-14.5372306666667,0 
-168.0820223333333,-14.5372776666667,0 
-168.0820986666667,-14.5371673333333,0 
-168.0821118333333,-14.5372135000000,0 
-168.0820196666667,-14.5372698333333,0 
-168.0821130000000,-14.5372005000000,0 
-168.0820623333333,-14.5372315000000,0 
-168.0820723333333,-14.5372255000000,0 
-168.0820335000000,-14.5372361666667,0 
-168.0820948333333,-14.5372488333333,0 
-168.0821063333333,-14.5371931666667,0 
-168.0820621666667,-14.5372816666667,0 
-168.0821011666667,-14.5372720000000,0 
-168.0820433333333,-14.5372171666667,0 
-168.0820883333333,-14.5372078333333,0 
-168.0820618333333,-14.5371780000000,0 
-168.0820633333333,-14.5371911666667,0 
-168.0819891666667,-14.5372150000000,0 
-168.0821055000000,-14.5371095000000,0 
-168.0820280000000,-14.5371835000000,0 
-168.0820605000000,-14.5371820000000,0 
-168.0820886666667,-14.5371293333333,0 
-168.0819955000000,-14.5371865000000,0 
-168.0820473333333,-14.5371890000000,0 
-168.0820211666667,-14.5371738333333,0 
-168.0820776666667,-14.5371428333333,0 
-168.0820066666667,-14.5371966666667,0 
-168.0820753333333,-14.5371730000000,0 
-168.0820386666667,-14.5371805000000,0 
-168.0820178333333,-14.5371530000000,0 
-168.0820326666667,-14.5371795000000,0 
-168.0820928333333,-14.5372016666667,0 
-168.0821298333333,-14.5372188333333,0 
-168.0821323333333,-14.5372633333333,0 
-168.0821288333333,-14.5372745000000,0 
-168.0821541666667,-14.5372198333333,0 
-168.0821908333333,-14.5372700000000,0 
-168.0821980000000,-14.5372580000000,0 
-168.0821626666667,-14.5373225000000,0 
-168.0822005000000,-14.5373028333333,0 
-168.0822121666667,-14.5373000000000,0 
-168.0822298333333,-14.5372366666667,0 
-168.0822001666667,-14.5373181666667,0 
-168.0822136666667,-14.5372900000000,0 
-168.0821725000000,-14.5372815000000,0 
-168.0822348333333,-14.5372375000000,0 
-168.0821660000000,-14.5372663333333,0 
-168.0821968333333,-14.5373185000000,0 
-168.0822288333333,-14.5372460000000,0 
-168.0821820000000,-14.5372663333333,0 
-168.0821710000000,-14.5372266666667,0 
-168.0821928333333,-14.5372623333333,0 
-168.0822040000000,-14.5373045000000,0 
-168.0822256666667,-14.5372286666667,0 
-168.0822058333333,-14.5372835000000,0 
-168.0821408333333,-14.5372678333333,0 
-168.0821516666667,-14.5372455000000,0 
-168.0821655000000,-14.5372791666667,0 
-168.0821900000000,-14.5372576666667,0 
-168.0821390000000,-14.5372216666667,0 
-168.0821505000000,-14.5372630000000,0 
-168.0821598333333,-14.5372783333333,0 
-168.0821451666667,-14.5372776666667,0 
-168.0822493333333,-14.5372140000000,0 
-168.0821815000000,-14.5372483333333,0 
-168.0822155000000,-14.5372551666667,0 
-168.0821941666667,-14.5372273333333,0 
-168.0822038333333,-14.5372655000000,0 
-168.0821493333333,-14.5372223333333,0 
-168.0821958333333,-14.5371901666667,0 
-168.0821965000000,-14.5372305000000,0 
-168.0822070000000,-14.5372378333333,0 
-168.0821793333333,-14.5372465000000,0 
-168.0822138333333,-14.5372650000000,0 
-168.0821858333333,-14.5372801666667,0 
-168.0821480000000,-14.5372085000000,0 
-168.0821740000000,-14.5372345000000,0 
-168.0821050000000,-14.5372583333333,0 
-168.0821256666667,-14.5372686666667,0 
-168.0821765000000,-14.5372386666667,0 
-168.0821470000000,-14.5372180000000,0 
-168.0821553333333,-14.5372448333333,0 
-168.0821343333333,-14.5372558333333,0 
-168.0821371666667,-14.5372733333333,0 
-168.0821048333333,-14.5372946666667,0 
-168.0822223333333,-14.5371686666667,0 
-168.0821788333333,-14.5372231666667,0 
-168.0821563333333,-14.5372353333333,0 
-168.0821351666667,-14.5372180000000,0 
-168.0821676666667,-14.5372100000000,0 
-168.0821685000000,-14.5372321666667,0 
-168.0821305000000,-14.5371761666667,0 
-168.0821236666667,-14.5372106666667,0 
-168.0821416666667,-14.5372020000000,0 
-168.0821720000000,-14.5372285000000,0 
-168.0822193333333,-14.5372308333333,0 
-168.0822085000000,-14.5372003333333,0 
-168.0821673333333,-14.5372513333333,0 
-168.0821180000000,-14.5372360000000,0 
-168.0821258333333,-14.5372108333333,0 
-168.0822356666667,-14.5372445000000,0 
-168.0821595000000,-14.5372245000000,0 
-168.0821595000000,-14.5372638333333,0 
-168.0821101666667,-14.5372886666667,0 
-168.0821326666667,-14.5372961666667,0 
-168.0822408333333,-14.5372531666667,0 
-168.0821386666667,-14.5372673333333,0 
-168.0821611666667,-14.5372071666667,0 
-168.0821310000000,-14.5372633333333,0 
-168.0821485000000,-14.5372483333333,0 
-168.0821278333333,-14.5372486666667,0 
-168.0822113333333,-14.5372328333333,0 
-168.0822141666667,-14.5372383333333,0 
-168.0821425000000,-14.5371910000000,0 
-168.0821921666667,-14.5372983333333,0 
-168.0822345000000,-14.5372530000000,0 
-168.0821541666667,-14.5372716666667,0 
-168.0821671666667,-14.5372056666667,0 
-168.0821586666667,-14.5372883333333,0 
-168.0822341666667,-14.5372540000000,0 
-168.0821341666667,-14.5373133333333,0 
-168.0821271666667,-14.5372625000000,0 
-168.0822043333333,-14.5372168333333,0 
-168.0821336666667,-14.5373043333333,0 
-168.0822193333333,-14.5371906666667,0 
-168.0821921666667,-14.5372661666667,0 
-168.0821948333333,-14.5372658333333,0 
-168.0822073333333,-14.5372360000000,0 
-168.0821205000000,-14.5372946666667,0 
-168.0821306666667,-14.5373013333333,0 
-168.0821820000000,-14.5372481666667,0 
-168.0821255000000,-14.5372286666667,0 
-168.0821333333333,-14.5372398333333,0 
-168.0821650000000,-14.5372515000000,0 
-168.0822198333333,-14.5373090000000,0 
-168.0821588333333,-14.5372476666667,0 
-168.0822096666667,-14.5372320000000,0 
-168.0821545000000,-14.5372721666667,0 
-168.0821943333333,-14.5372386666667,0 
-168.0821333333333,-14.5372506666667,0 
-168.0822050000000,-14.5372821666667,0 
-168.0821398333333,-14.5372358333333,0 
-168.0822061666667,-14.5372135000000,0 
-168.0821030000000,-14.5373075000000,0 
-168.0822348333333,-14.5372798333333,0 
-168.0821555000000,-14.5372521666667,0 
-168.0822098333333,-14.5372253333333,0 
-168.0821671666667,-14.5372485000000,0 
-168.0821430000000,-14.5373083333333,0 
-168.0821161666667,-14.5373015000000,0 
-168.0821386666667,-14.5373276666667,0 
-168.0821158333333,-14.5372456666667,0 
-168.0821018333333,-14.5373300000000,0 
-168.0821480000000,-14.5372728333333,0 
-168.0821506666667,-14.5372813333333,0 
-168.0821151666667,-14.5373111666667,0 
-168.0821341666667,-14.5373063333333,0 
-168.0821496666667,-14.5372761666667,0 
-168.0821011666667,-14.5372946666667,0 
-168.0821556666667,-14.5372963333333,0 
-168.0821245000000,-14.5372816666667,0 
-168.0822205000000,-14.5372505000000,0 
-168.0821271666667,-14.5372708333333,0 
-168.0821846666667,-14.5372126666667,0 
-168.0821465000000,-14.5372805000000,0 
-168.0821260000000,-14.5372713333333,0 
-168.0821055000000,-14.5372910000000,0 
-168.0821488333333,-14.5373038333333,0 
-168.0821140000000,-14.5372898333333,0 
-168.0821415000000,-14.5372895000000,0 
-168.0821025000000,-14.5372753333333,0 
-168.0821541666667,-14.5371956666667,0 
-168.0821071666667,-14.5373193333333,0 
-168.0821818333333,-14.5372485000000,0 
-168.0821840000000,-14.5372780000000,0 
-168.0820960000000,-14.5372881666667,0 
-168.0821441666667,-14.5372150000000,0 
-168.0821128333333,-14.5373250000000,0 
-168.0822006666667,-14.5372071666667,0 
-168.0821156666667,-14.5373288333333,0 
-168.0821908333333,-14.5372078333333,0 
-168.0820946666667,-14.5372678333333,0 
-168.0821218333333,-14.5372498333333,0 
-168.0821396666667,-14.5372910000000,0 
-168.0821038333333,-14.5372891666667,0 
-168.0821295000000,-14.5372360000000,0 
-168.0821125000000,-14.5372756666667,0 
-168.0821813333333,-14.5372925000000,0 
-168.0821511666667,-14.5372200000000,0 
-168.0821225000000,-14.5372980000000,0 
-168.0821251666667,-14.5372756666667,0 
-168.0822023333333,-14.5372261666667,0 
-168.0821928333333,-14.5371845000000,0 
-168.0821470000000,-14.5372798333333,0 
-168.0821230000000,-14.5372685000000,0 
-168.0822116666667,-14.5372480000000,0 
-168.0821275000000,-14.5373018333333,0 
-168.0821613333333,-14.5372835000000,0 
-168.0821861666667,-14.5371895000000,0 
-168.0821216666667,-14.5372615000000,0 
-168.0821388333333,-14.5372770000000,0 
-168.0821328333333,-14.5373238333333,0 
-168.0821618333333,-14.5372093333333,0 
-168.0822091666667,-14.5372228333333,0 
-168.0821650000000,-14.5372406666667,0 
-168.0821828333333,-14.5373113333333,0 
-168.0821476666667,-14.5372795000000,0 
-168.0821643333333,-14.5373241666667,0 
-168.0821301666667,-14.5372773333333,0 
-168.0821471666667,-14.5372396666667,0 
-168.0821168333333,-14.5372275000000,0 
-168.0821186666667,-14.5373018333333,0 
-168.0821890000000,-14.5372901666667,0 
-168.0821058333333,-14.5372741666667,0 
-168.0820616666667,-14.5373458333333,0 
-168.0821745000000,-14.5372110000000,0 
-168.0821035000000,-14.5372931666667,0 
-168.0820968333333,-14.5372906666667,0 
-168.0821156666667,-14.5372151666667,0 
-168.0821271666667,-14.5372468333333,0 
-168.0821320000000,-14.5372636666667,0 
-168.0821210000000,-14.5372448333333,0 
-168.0821331666667,-14.5372198333333,0 
-168.0820976666667,-14.5372500000000,0 
-168.0821330000000,-14.5372381666667,0 
-168.0821253333333,-14.5372680000000,0 
-168.0821060000000,-14.5372638333333,0 
-168.0821188333333,-14.5372638333333,0 
-168.0821950000000,-14.5371835000000,0 
-168.0821690000000,-14.5372245000000,0 
-168.0821178333333,-14.5372475000000,0 
-168.0821228333333,-14.5372103333333,0 
-168.0821400000000,-14.5372213333333,0 
-168.0821340000000,-14.5372225000000,0 
-168.0821335000000,-14.5372675000000,0 
-168.0821405000000,-14.5372695000000,0 
-168.0821363333333,-14.5372296666667,0 
-168.0820760000000,-14.5373043333333,0 
-168.0821368333333,-14.5372988333333,0 
-168.0820746666667,-14.5372683333333,0 
-168.0821386666667,-14.5372908333333,0 
-168.0820735000000,-14.5373056666667,0 
-168.0820576666667,-14.5373226666667,0 
-168.0821135000000,-14.5373131666667,0 
-168.0820773333333,-14.5372833333333,0 
-168.0820821666667,-14.5373041666667,0 
-168.0820708333333,-14.5373413333333,0 
-168.0821780000000,-14.5373008333333,0 
-168.0820835000000,-14.5372961666667,0 
-168.0821156666667,-14.5372526666667,0 
-168.0821156666667,-14.5373118333333,0 
-168.0821020000000,-14.5373558333333,0 
-168.0821490000000,-14.5373315000000,0 
-168.0821475000000,-14.5373241666667,0 
-168.0820991666667,-14.5373376666667,0 
-168.0820496666667,-14.5373435000000,0 
-168.0821133333333,-14.5373440000000,0 
-168.0821593333333,-14.5373111666667,0 
-168.0821075000000,-14.5373120000000,0 
-168.0821815000000,-14.5373070000000,0 
-168.0820978333333,-14.5372708333333,0 
-168.0820906666667,-14.5373165000000,0 
-168.0820948333333,-14.5373501666667,0 
-168.0820968333333,-14.5373500000000,0 
-168.0821525000000,-14.5372423333333,0 
-168.0821021666667,-14.5373266666667,0 
-168.0821130000000,-14.5373305000000,0 
-168.0821996666667,-14.5373115000000,0 
-168.0821225000000,-14.5372881666667,0 
-168.0821088333333,-14.5372875000000,0 
-168.0821963333333,-14.5373028333333,0 
-168.0821425000000,-14.5372526666667,0 
-168.0821186666667,-14.5372730000000,0 
-168.0821183333333,-14.5373271666667,0 
-168.0821508333333,-14.5372961666667,0 
-168.0821703333333,-14.5372336666667,0 
-168.0822070000000,-14.5372920000000,0 
-168.0821458333333,-14.5372818333333,0 
-168.0821395000000,-14.5373056666667,0 
-168.0822230000000,-14.5372858333333,0 
-168.0821280000000,-14.5372925000000,0 
-168.0821336666667,-14.5372513333333,0 
-168.0821410000000,-14.5372320000000,0 
-168.0821211666667,-14.5373240000000,0 
-168.0822316666667,-14.5372328333333,0 
-168.0821358333333,-14.5373243333333,0 
-168.0821651666667,-14.5372523333333,0 
-168.0821411666667,-14.5373316666667,0 
-168.0821566666667,-14.5372963333333,0 
-168.0821546666667,-14.5373278333333,0 
-168.0821598333333,-14.5372996666667,0 
-168.0821593333333,-14.5372278333333,0 
-168.0821408333333,-14.5372296666667,0 
-168.0821101666667,-14.5372353333333,0 
-168.0821505000000,-14.5372525000000,0 
-168.0821710000000,-14.5372456666667,0 
-168.0821506666667,-14.5372640000000,0 
-168.0821383333333,-14.5371956666667,0 
-168.0821125000000,-14.5372521666667,0 
-168.0821355000000,-14.5372500000000,0 
-168.0821296666667,-14.5372878333333,0 
-168.0821700000000,-14.5372973333333,0 
-168.0821575000000,-14.5371888333333,0 
-168.0821511666667,-14.5373040000000,0 
-168.0821540000000,-14.5372840000000,0 
-168.0821056666667,-14.5372481666667,0 
-168.0821123333333,-14.5372416666667,0 
-168.0820903333333,-14.5372903333333,0 
-168.0821713333333,-14.5372565000000,0 
-168.0821276666667,-14.5372795000000,0 
-168.0821181666667,-14.5372758333333,0 
-168.0821658333333,-14.5372561666667,0 
-168.0821091666667,-14.5372933333333,0 
-168.0821160000000,-14.5372918333333,0 
-168.0821473333333,-14.5372731666667,0 
-168.0821623333333,-14.5372938333333,0 
-168.0821550000000,-14.5372943333333,0 
-168.0821466666667,-14.5373118333333,0 
-168.0822376666667,-14.5372170000000,0 
-168.0821408333333,-14.5373326666667,0 
-168.0821071666667,-14.5373141666667,0 
-168.0821716666667,-14.5373065000000,0 
-168.0821885000000,-14.5372446666667,0 
-168.0821875000000,-14.5372645000000,0 
-168.0821720000000,-14.5372325000000,0 
-168.0821921666667,-14.5372095000000,0 
-168.0821826666667,-14.5372276666667,0 
-168.0821753333333,-14.5372370000000,0 
-168.0821590000000,-14.5372233333333,0 
-168.0821360000000,-14.5372283333333,0 
-168.0822075000000,-14.5372186666667,0 
-168.0821641666667,-14.5373046666667,0 
-168.0821706666667,-14.5371678333333,0 
-168.0821101666667,-14.5372328333333,0 
-168.0821721666667,-14.5372641666667,0 
-168.0821405000000,-14.5372603333333,0 
-168.0821736666667,-14.5372053333333,0 
-168.0822031666667,-14.5372621666667,0 
-168.0822133333333,-14.5372235000000,0 
-168.0822128333333,-14.5372710000000,0 
-168.0821863333333,-14.5372835000000,0 
-168.0821651666667,-14.5372445000000,0 
-168.0821480000000,-14.5372921666667,0 
-168.0821785000000,-14.5372996666667,0 
-168.0822386666667,-14.5372985000000,0 
-168.0821740000000,-14.5373310000000,0 
-168.0821978333333,-14.5373201666667,0 
-168.0822495000000,-14.5372791666667,0 
-168.0821805000000,-14.5373043333333,0 
-168.0822041666667,-14.5373053333333,0 
-168.0821978333333,-14.5372473333333,0 
-168.0822105000000,-14.5372515000000,0 
-168.0821423333333,-14.5372888333333,0 
-168.0822150000000,-14.5372336666667,0 
-168.0821891666667,-14.5372956666667,0 
-168.0821808333333,-14.5372521666667,0 
-168.0822128333333,-14.5372131666667,0 
-168.0822191666667,-14.5372426666667,0 
-168.0822170000000,-14.5373023333333,0 
-168.0822406666667,-14.5372516666667,0 
-168.0822231666667,-14.5372450000000,0 
-168.0822353333333,-14.5372885000000,0 
-168.0822373333333,-14.5372121666667,0 
-168.0822116666667,-14.5372790000000,0 
-168.0821575000000,-14.5373088333333,0 
-168.0822006666667,-14.5372641666667,0 
-168.0822010000000,-14.5372903333333,0 
-168.0822005000000,-14.5372851666667,0 
-168.0821486666667,-14.5373186666667,0 
-168.0822115000000,-14.5372213333333,0 
-168.0822061666667,-14.5372986666667,0 
-168.0822168333333,-14.5372481666667,0 
-168.0822191666667,-14.5372845000000,0 
-168.0821945000000,-14.5372751666667,0 
-168.0822175000000,-14.5372868333333,0 
-168.0821666666667,-14.5372348333333,0 
-168.0821968333333,-14.5372690000000,0 
-168.0822183333333,-14.5373140000000,0 
-168.0822165000000,-14.5372360000000,0 
-168.0822283333333,-14.5372846666667,0 
-168.0822313333333,-14.5372871666667,0 
-168.0822040000000,-14.5373006666667,0 
-168.0822255000000,-14.5372753333333,0 
-168.0822068333333,-14.5372615000000,0 
-168.0822073333333,-14.5372395000000,0 
-168.0821620000000,-14.5373350000000,0 
-168.0822008333333,-14.5372320000000,0 
-168.0822295000000,-14.5372483333333,0 
-168.0822228333333,-14.5373011666667,0 
-168.0822230000000,-14.5372343333333,0 
-168.0821756666667,-14.5372798333333,0 
-168.0822261666667,-14.5372973333333,0 
-168.0822205000000,-14.5373096666667,0 
-168.0821960000000,-14.5372563333333,0 
-168.0821978333333,-14.5372698333333,0 
-168.0822033333333,-14.5372828333333,0 
-168.0822336666667,-14.5372498333333,0 
-168.0822353333333,-14.5372173333333,0 
-168.0822398333333,-14.5372115000000,0 
-168.0822036666667,-14.5371945000000,0 
-168.0822246666667,-14.5372500000000,0 
-168.0821840000000,-14.5373405000000,0 
-168.0821901666667,-14.5373853333333,0 
-168.0821755000000,-14.5373391666667,0 
-168.0821525000000,-14.5373531666667,0 
-168.0821528333333,-14.5373510000000,0 
-168.0821226666667,-14.5373663333333,0 
-168.0821325000000,-14.5372931666667,0 
-168.0821220000000,-14.5373211666667,0 
-168.0821753333333,-14.5373433333333,0 
-168.0821678333333,-14.5374518333333,0 
-168.0821483333333,-14.5374528333333,0 
-168.0822268333333,-14.5375178333333,0 
-168.0822083333333,-14.5375146666667,0 
-168.0822190000000,-14.5375976666667,0 
-168.0822006666667,-14.5375820000000,0 
-168.0822195000000,-14.5375491666667,0 
-168.0822423333333,-14.5375255000000,0 
-168.0822078333333,-14.5375075000000,0 
-168.0822331666667,-14.5375455000000,0 
-168.0822413333333,-14.5376300000000,0 
-168.0822351666667,-14.5376945000000,0 
-168.0822915000000,-14.5377938333333,0 
-168.0822536666667,-14.5377460000000,0 
-168.0822916666667,-14.5377660000000,0 
-168.0822993333333,-14.5377838333333,0 
-168.0822681666667,-14.5377468333333,0 
-168.0823820000000,-14.5378238333333,0 
-168.0823135000000,-14.5378420000000,0 
-168.0823056666667,-14.5377870000000,0 
-168.0822885000000,-14.5378425000000,0 
-168.0823628333333,-14.5378015000000,0 
-168.0823900000000,-14.5378236666667,0 
-168.0824476666667,-14.5377568333333,0 
-168.0824231666667,-14.5377926666667,0 
-168.0824456666667,-14.5377973333333,0 
-168.0825331666667,-14.5377101666667,0 
-168.0825096666667,-14.5377935000000,0 
-168.0825983333333,-14.5377620000000,0 
-168.0826028333333,-14.5377410000000,0 
-168.0825178333333,-14.5377540000000,0 
-168.0826451666667,-14.5376948333333,0 
-168.0825980000000,-14.5376958333333,0 
-168.0825663333333,-14.5377525000000,0 
-168.0826228333333,-14.5377013333333,0 
-168.0826350000000,-14.5376996666667,0 
-168.0826703333333,-14.5376273333333,0 
-168.0826751666667,-14.5376706666667,0 
-168.0826750000000,-14.5376996666667,0 
-168.0826963333333,-14.5376238333333,0 
-168.0826571666667,-14.5376501666667,0 
-168.0826491666667,-14.5376543333333,0 
-168.0826353333333,-14.5376941666667,0 
-168.0827143333333,-14.5375936666667,0 
-168.0827380000000,-14.5376711666667,0 
-168.0826991666667,-14.5376050000000,0 
-168.0826903333333,-14.5376291666667,0 
-168.0826946666667,-14.5375923333333,0 
-168.0826485000000,-14.5376768333333,0 
-168.0827148333333,-14.5376533333333,0 
-168.0827163333333,-14.5376820000000,0 
-168.0827250000000,-14.5375641666667,0 
-168.0826945000000,-14.5376565000000,0 
-168.0826718333333,-14.5376988333333,0 
-168.0826535000000,-14.5377066666667,0 
-168.0827073333333,-14.5376093333333,0 
-168.0826795000000,-14.5376570000000,0 
-168.0827120000000,-14.5376166666667,0 
-168.0827063333333,-14.5376111666667,0 
-168.0826405000000,-14.5376821666667,0 
-168.0826051666667,-14.5376690000000,0 
-168.0825746666667,-14.5376456666667,0 
-168.0825880000000,-14.5376495000000,0 
-168.0825918333333,-14.5376523333333,0 
-168.0825753333333,-14.5376140000000,0 
-168.0825748333333,-14.5376948333333,0 
-168.0825825000000,-14.5376623333333,0 
-168.0825513333333,-14.5375956666667,0 
-168.0825558333333,-14.5376146666667,0 
-168.0825000000000,-14.5376025000000,0 
-168.0825288333333,-14.5376331666667,0 
-168.0825280000000,-14.5376108333333,0 
-168.0825231666667,-14.5376058333333,0 
-168.0825010000000,-14.5375678333333,0 
-168.0825101666667,-14.5375505000000,0 
-168.0824780000000,-14.5375453333333,0 
-168.0824926666667,-14.5375568333333,0 
-168.0825056666667,-14.5375553333333,0 
-168.0824978333333,-14.5375450000000,0 
-168.0824736666667,-14.5375033333333,0 
-168.0825075000000,-14.5375201666667,0 
-168.0825176666667,-14.5375225000000,0 
-168.0825190000000,-14.5374831666667,0 
-168.0825326666667,-14.5374875000000,0 
-168.0825393333333,-14.5375063333333,0 
-168.0825061666667,-14.5374181666667,0 
-168.0825691666667,-14.5374330000000,0 
-168.0825086666667,-14.5374740000000,0 
-168.0825190000000,-14.5374538333333,0 
-168.0825158333333,-14.5374180000000,0 
-168.0825280000000,-14.5373958333333,0 
-168.0824885000000,-14.5373575000000,0 
-168.0824971666667,-14.5373706666667,0 
-168.0824911666667,-14.5374031666667,0 
-168.0824538333333,-14.5373178333333,0 
-168.0825070000000,-14.5373273333333,0 
-168.0824781666667,-14.5373261666667,0 
-168.0824951666667,-14.5373243333333,0 
-168.0824876666667,-14.5372666666667,0 
-168.0824950000000,-14.5372793333333,0 
-168.0824335000000,-14.5372331666667,0 
-168.0825021666667,-14.5372536666667,0 
-168.0825243333333,-14.5372421666667,0 
-168.0824991666667,-14.5372235000000,0 
-168.0825705000000,-14.5372131666667,0 
-168.0825281666667,-14.5371895000000,0 
-168.0824778333333,-14.5371563333333,0 
-168.0825806666667,-14.5371178333333,0 
-168.0825173333333,-14.5371155000000,0 
-168.0824486666667,-14.5371316666667,0 
-168.0825008333333,-14.5371090000000,0 
-168.0824661666667,-14.5370665000000,0 
-168.0824860000000,-14.5370313333333,0 
-168.0824981666667,-14.5370450000000,0 
-168.0824338333333,-14.5369955000000,0 
-168.0824688333333,-14.5369336666667,0 
-168.0824365000000,-14.5369685000000,0 
-168.0824728333333,-14.5369421666667,0 
-168.0824075000000,-14.5369256666667,0 
-168.0824218333333,-14.5368585000000,0 
-168.0824771666667,-14.5369615000000,0 
-168.0824455000000,-14.5368423333333,0 
-168.0824645000000,-14.5368390000000,0 
-168.0824858333333,-14.5368736666667,0 
-168.0824835000000,-14.5368391666667,0 
-168.0824755000000,-14.5368215000000,0 
-168.0825448333333,-14.5367906666667,0 
-168.0825155000000,-14.5368141666667,0 
-168.0824600000000,-14.5368325000000,0 
-168.0825118333333,-14.5367451666667,0 
-168.0824576666667,-14.5367130000000,0 
-168.0825173333333,-14.5367241666667,0 
-168.0825150000000,-14.5367478333333,0 
-168.0824810000000,-14.5366526666667,0 
-168.0825176666667,-14.5366716666667,0 
-168.0824730000000,-14.5366511666667,0 
-168.0824973333333,-14.5366200000000,0 
-168.0825013333333,-14.5366246666667,0 
-168.0825016666667,-14.5365771666667,0 
-168.0824501666667,-14.5366240000000,0 
-168.0824641666667,-14.5365773333333,0 
-168.0824781666667,-14.5365686666667,0 
-168.0825001666667,-14.5365745000000,0 
-168.0825313333333,-14.5365111666667,0 
-168.0825160000000,-14.5365296666667,0 
-168.0824783333333,-14.5364793333333,0 
-168.0825126666667,-14.5364566666667,0 
-168.0824508333333,-14.5364796666667,0 
-168.0824793333333,-14.5364603333333,0 
-168.0824695000000,-14.5363885000000,0 
-168.0824615000000,-14.5364265000000,0 
-168.0824635000000,-14.5364115000000,0 
-168.0824971666667,-14.5363855000000,0 
-168.0824570000000,-14.5363738333333,0 
-168.0824808333333,-14.5363178333333,0 
-168.0825178333333,-14.5362988333333,0 
-168.0825531666667,-14.5362426666667,0 
-168.0824741666667,-14.5362675000000,0 
-168.0825238333333,-14.5362215000000,0 
-168.0824953333333,-14.5362703333333,0 
-168.0825446666667,-14.5361960000000,0 
-168.0825271666667,-14.5361821666667,0 
-168.0825825000000,-14.5361340000000,0 
-168.0825411666667,-14.5361538333333,0 
-168.0825390000000,-14.5361511666667,0 
-168.0825055000000,-14.5361648333333,0 
-168.0826020000000,-14.5360886666667,0 
-168.0825575000000,-14.5360816666667,0 
-168.0825890000000,-14.5360333333333,0 
-168.0826033333333,-14.5360563333333,0 
-168.0826015000000,-14.5359796666667,0 
-168.0825850000000,-14.5359276666667,0 
-168.0826310000000,-14.5359311666667,0 
-168.0826231666667,-14.5360088333333,0 
-168.0826416666667,-14.5358415000000,0 
-168.0825946666667,-14.5358641666667,0 
-168.0825913333333,-14.5357760000000,0 
-168.0825908333333,-14.5358593333333,0 
-168.0826286666667,-14.5357820000000,0 
-168.0826320000000,-14.5357950000000,0 
-168.0826340000000,-14.5357621666667,0 
-168.0826428333333,-14.5357263333333,0 
-168.0825971666667,-14.5357110000000,0 
-168.0826208333333,-14.5356981666667,0 
-168.0826285000000,-14.5356838333333,0 
-168.0826396666667,-14.5357020000000,0 
-168.0826068333333,-14.5356616666667,0 
-168.0825791666667,-14.5356283333333,0 
-168.0826353333333,-14.5355738333333,0 
-168.0826033333333,-14.5355795000000,0 
-168.0825851666667,-14.5355750000000,0 
-168.0825563333333,-14.5356043333333,0 
-168.0825743333333,-14.5355350000000,0 
-168.0825793333333,-14.5354981666667,0 
-168.0825706666667,-14.5354815000000,0 
-168.0825793333333,-14.5354461666667,0 
-168.0825351666667,-14.5354513333333,0 
-168.0825431666667,-14.5354153333333,0 
-168.0825513333333,-14.5354255000000,0 
-168.0825560000000,-14.5353681666667,0 
-168.0825571666667,-14.5353656666667,0 
-168.0825403333333,-14.5353616666667,0 
-168.0825453333333,-14.5353173333333,0 
-168.0825256666667,-14.5353178333333,0 
-168.0825171666667,-14.5352411666667,0 
-168.0825301666667,-14.5351845000000,0 
-168.0825140000000,-14.5352156666667,0 
-168.0824605000000,-14.5351926666667,0 
-168.0825190000000,-14.5351281666667,0 
-168.0825008333333,-14.5351726666667,0 
-168.0825066666667,-14.5350975000000,0 
-168.0825163333333,-14.5350396666667,0 
-168.0825085000000,-14.5350740000000,0 
-168.0825020000000,-14.5350275000000,0 
-168.0824760000000,-14.5350006666667,0 
-168.0824888333333,-14.5350071666667,0 
-168.0824985000000,-14.5349820000000,0 
-168.0824856666667,-14.5349170000000,0 
-168.0824760000000,-14.5349390000000,0 
-168.0825123333333,-14.5348761666667,0 
-168.0824855000000,-14.5348965000000,0 
-168.0824858333333,-14.5348215000000,0 
-168.0824901666667,-14.5348391666667,0 
-168.0825020000000,-14.5348013333333,0 
-168.0824888333333,-14.5347603333333,0 
-168.0825256666667,-14.5347640000000,0 
-168.0825088333333,-14.5347301666667,0 
-168.0825023333333,-14.5347418333333,0 
-168.0824993333333,-14.5346723333333,0 
-168.0825035000000,-14.5346485000000,0 
-168.0824906666667,-14.5346141666667,0 
-168.0824873333333,-14.5346145000000,0 
-168.0824961666667,-14.5345723333333,0 
-168.0825068333333,-14.5345833333333,0 
-168.0824973333333,-14.5345006666667,0 
-168.0824998333333,-14.5345271666667,0 
-168.0825106666667,-14.5344488333333,0 
-168.0824940000000,-14.5344818333333,0 
-168.0824938333333,-14.5343650000000,0 
-168.0825256666667,-14.5343741666667,0 
-168.0825148333333,-14.5343663333333,0 
-168.0825066666667,-14.5342900000000,0 
-168.0825263333333,-14.5342076666667,0 
-168.0825210000000,-14.5342993333333,0 
-168.0825035000000,-14.5342431666667,0 
-168.0825130000000,-14.5341935000000,0 
-168.0825011666667,-14.5341670000000,0 
-168.0824903333333,-14.5341366666667,0 
-168.0824783333333,-14.5341343333333,0 
-168.0824923333333,-14.5340983333333,0 
-168.0824843333333,-14.5340331666667,0 
-168.0824876666667,-14.5340296666667,0 
-168.0824676666667,-14.5340025000000,0 
-168.0824716666667,-14.5339653333333,0 
-168.0824638333333,-14.5339016666667,0 
-168.0824540000000,-14.5338736666667,0 
-168.0824925000000,-14.5338821666667,0 
-168.0824995000000,-14.5338338333333,0 
-168.0824920000000,-14.5338211666667,0 
-168.0824903333333,-14.5337646666667,0 
-168.0825111666667,-14.5337566666667,0 
-168.0825173333333,-14.5337360000000,0 
-168.0825110000000,-14.5336496666667,0 
-168.0825180000000,-14.5336463333333,0 
-168.0825333333333,-14.5336515000000,0 
-168.0825325000000,-14.5335806666667,0 
-168.0825321666667,-14.5335746666667,0 
-168.0825451666667,-14.5335423333333,0 
-168.0825611666667,-14.5334918333333,0 
-168.0825418333333,-14.5334580000000,0 
-168.0825520000000,-14.5334631666667,0 
-168.0825621666667,-14.5334160000000,0 
-168.0825580000000,-14.5334245000000,0 
-168.0825636666667,-14.5333626666667,0 
-168.0825990000000,-14.5333580000000,0 
-168.0825838333333,-14.5333298333333,0 
-168.0826031666667,-14.5332480000000,0 
-168.0825840000000,-14.5332521666667,0 
-168.0826148333333,-14.5332256666667,0 
-168.0826045000000,-14.5331793333333,0 
-168.0826343333333,-14.5331793333333,0 
-168.0826006666667,-14.5331288333333,0 
-168.0825990000000,-14.5330918333333,0 
-168.0825691666667,-14.5330536666667,0 
-168.0826041666667,-14.5330476666667,0 
-168.0826023333333,-14.5330208333333,0 
-168.0826065000000,-14.5329690000000,0 
-168.0826035000000,-14.5329456666667,0 
-168.0825763333333,-14.5329096666667,0 
-168.0826125000000,-14.5328963333333,0 
-168.0825893333333,-14.5328638333333,0 
-168.0826123333333,-14.5328373333333,0 
-168.0826175000000,-14.5328226666667,0 
-168.0826393333333,-14.5327943333333,0 
-168.0826320000000,-14.5327716666667,0 
-168.0826396666667,-14.5327050000000,0 
-168.0826260000000,-14.5327203333333,0 
-168.0826255000000,-14.5326638333333,0 
-168.0826153333333,-14.5326306666667,0 
-168.0826220000000,-14.5326043333333,0 
-168.0826183333333,-14.5325890000000,0 
-168.0826151666667,-14.5325515000000,0 
-168.0826295000000,-14.5325278333333,0 
-168.0826305000000,-14.5324913333333,0 
-168.0826343333333,-14.5324631666667,0 
-168.0826320000000,-14.5324443333333,0 
-168.0826496666667,-14.5323998333333,0 
-168.0826678333333,-14.5323718333333,0 
-168.0826776666667,-14.5323373333333,0 
-168.0826868333333,-14.5323146666667,0 
-168.0827100000000,-14.5322786666667,0 
-168.0827090000000,-14.5322543333333,0 
-168.0826973333333,-14.5322141666667,0 
-168.0827003333333,-14.5322135000000,0 
-168.0827366666667,-14.5321380000000,0 
-168.0827308333333,-14.5321365000000,0 
-168.0827383333333,-14.5321165000000,0 
-168.0827450000000,-14.5320923333333,0 
-168.0827340000000,-14.5320816666667,0 
-168.0827490000000,-14.5320463333333,0 
-168.0827493333333,-14.5320330000000,0 
-168.0827608333333,-14.5319866666667,0 
-168.0827651666667,-14.5319696666667,0 
-168.0827621666667,-14.5319333333333,0 
-168.0827960000000,-14.5318870000000,0 
-168.0827725000000,-14.5318941666667,0 
-168.0828010000000,-14.5318586666667,0 
-168.0828110000000,-14.5318278333333,0 
-168.0828121666667,-14.5317906666667,0 
-168.0828178333333,-14.5317613333333,0 
-168.0828366666667,-14.5317355000000,0 
-168.0828376666667,-14.5317156666667,0 
-168.0828470000000,-14.5316841666667,0 
-168.0828686666667,-14.5316506666667,0 
-168.0828478333333,-14.5316420000000,0 
-168.0828620000000,-14.5316155000000,0 
-168.0828588333333,-14.5316268333333,0 
-168.0828675000000,-14.5315550000000,0 
-168.0828671666667,-14.5315468333333,0 
-168.0828533333333,-14.5315445000000,0 
-168.0828855000000,-14.5315156666667,0 
-168.0828870000000,-14.5315026666667,0 
-168.0829050000000,-14.5314665000000,0 
-168.0828968333333,-14.5314501666667,0 
-168.0829225000000,-14.5314383333333,0 
-168.0829290000000,-14.5314145000000,0 
-168.0829398333333,-14.5313751666667,0 
-168.0829508333333,-14.5313665000000,0 
-168.0829416666667,-14.5313328333333,0 
-168.0829321666667,-14.5313208333333,0 
-168.0829261666667,-14.5313128333333,0 
-168.0829436666667,-14.5312816666667,0 
-168.0829478333333,-14.5312338333333,0 
-168.0829498333333,-14.5312058333333,0 
-168.0829730000000,-14.5311675000000,0 
-168.0829545000000,-14.5311635000000,0 
-168.0829561666667,-14.5311375000000,0 
-168.0829841666667,-14.5311148333333,0 
-168.0829938333333,-14.5310585000000,0 
-168.0830203333333,-14.5310290000000,0 
-168.0830236666667,-14.5310233333333,0 
-168.0830300000000,-14.5310000000000,0 
-168.0830655000000,-14.5309631666667,0 
-168.0830730000000,-14.5309355000000,0 
-168.0830870000000,-14.5309103333333,0 
-168.0831033333333,-14.5308966666667,0 
-168.0831156666667,-14.5308721666667,0 
-168.0831350000000,-14.5308521666667,0 
-168.0831656666667,-14.5307990000000,0 
-168.0831811666667,-14.5307786666667,0 
-168.0832006666667,-14.5307576666667,0 
-168.0832088333333,-14.5307308333333,0 
-168.0832213333333,-14.5307063333333,0 
-168.0832310000000,-14.5306963333333,0 
-168.0832456666667,-14.5306741666667,0 
-168.0832568333333,-14.5306306666667,0 
-168.0832736666667,-14.5306426666667,0 
-168.0832830000000,-14.5306170000000,0 
-168.0832908333333,-14.5306005000000,0 
-168.0832938333333,-14.5305855000000,0 
-168.0833095000000,-14.5305825000000,0 
-168.0833181666667,-14.5305568333333,0 
-168.0833293333333,-14.5305346666667,0 
-168.0833391666667,-14.5305198333333,0 
-168.0833431666667,-14.5305146666667,0 
-168.0833496666667,-14.5305091666667,0 
-168.0833581666667,-14.5305106666667,0 
-168.0833780000000,-14.5305000000000,0 
-168.0833860000000,-14.5304813333333,0 
-168.0833993333333,-14.5304671666667,0 
-168.0833948333333,-14.5304495000000,0 
-168.0834005000000,-14.5304578333333,0 
-168.0834188333333,-14.5304348333333,0 
-168.0834110000000,-14.5304361666667,0 
-168.0834281666667,-14.5304243333333,0 
-168.0834358333333,-14.5304196666667,0 
-168.0834640000000,-14.5304170000000,0 
-168.0834703333333,-14.5303938333333,0 
-168.0834886666667,-14.5303875000000,0 
-168.0835061666667,-14.5303738333333,0 
-168.0835190000000,-14.5303426666667,0 
-168.0835236666667,-14.5303218333333,0 
-168.0835388333333,-14.5303041666667,0 
-168.0835543333333,-14.5302818333333,0 
-168.0835648333333,-14.5302625000000,0 
-168.0835810000000,-14.5302476666667,0 
-168.0835990000000,-14.5302251666667,0 
-168.0836050000000,-14.5302043333333,0 
-168.0836100000000,-14.5302020000000,0 
-168.0836250000000,-14.5301815000000,0 
-168.0836348333333,-14.5301708333333,0 
-168.0836453333333,-14.5301446666667,0 
-168.0836558333333,-14.5301305000000,0 
-168.0836821666667,-14.5301125000000,0 
-168.0837000000000,-14.5300858333333,0 
-168.0837186666667,-14.5300466666667,0 
-168.0837343333333,-14.5300243333333,0 
-168.0837510000000,-14.5299903333333,0 
-168.0837596666667,-14.5299663333333,0 
-168.0837890000000,-14.5299460000000,0 
-168.0837926666667,-14.5299205000000,0 
-168.0838110000000,-14.5298916666667,0 
-168.0838311666667,-14.5298615000000,0 
-168.0838391666667,-14.5298275000000,0 
-168.0838631666667,-14.5297943333333,0 
-168.0838915000000,-14.5297640000000,0 
-168.0839123333333,-14.5297301666667,0 
-168.0839168333333,-14.5297065000000,0 
-168.0839205000000,-14.5296950000000,0 
-168.0839356666667,-14.5296668333333,0 
-168.0839633333333,-14.5296460000000,0 
-168.0839850000000,-14.5296165000000,0 
-168.0839965000000,-14.5295860000000,0 
-168.0840230000000,-14.5295518333333,0 
-168.0840328333333,-14.5295130000000,0 
-168.0840331666667,-14.5294825000000,0 
-168.0840400000000,-14.5294471666667,0 
-168.0840565000000,-14.5294161666667,0 
-168.0840681666667,-14.5293828333333,0 
-168.0840855000000,-14.5293493333333,0 
-168.0840918333333,-14.5293250000000,0 
-168.0840990000000,-14.5292901666667,0 
-168.0840986666667,-14.5292673333333,0 
-168.0840996666667,-14.5292418333333,0 
-168.0840856666667,-14.5292301666667,0 
-168.0840896666667,-14.5292083333333,0 
-168.0840790000000,-14.5291641666667,0 
</coordinates></LineString></Placemark></Document></kml>
