<kml><Document><Placemark>
<name>Testing</name>
<LineString><tessellate>1</tessellate>
<coordinates>
-168.1281681666667,-14.5418118333333,0 
-168.1281568333333,-14.5418088333333,0 
-168.1281286666667,-14.5418333333333,0 
-168.1281286666667,-14.5418338333333,0 
-168.1281105000000,-14.5418353333333,0 
-168.1280928333333,-14.5418700000000,0 
-168.1280695000000,-14.5418910000000,0 
-168.1280621666667,-14.5418895000000,0 
-168.1280546666667,-14.5418993333333,0 
-168.1280461666667,-14.5419135000000,0 
-168.1280421666667,-14.5419131666667,0 
-168.1280208333333,-14.5419083333333,0 
-168.1280106666667,-14.5419148333333,0 
-168.1280016666667,-14.5419200000000,0 
-168.1279846666667,-14.5419263333333,0 
-168.1279720000000,-14.5419268333333,0 
-168.1279680000000,-14.5419450000000,0 
-168.1279573333333,-14.5419508333333,0 
-168.1279506666667,-14.5419583333333,0 
-168.1279443333333,-14.5419680000000,0 
-168.1279335000000,-14.5419733333333,0 
-168.1279265000000,-14.5419910000000,0 
-168.1279268333333,-14.5419878333333,0 
-168.1279145000000,-14.5419870000000,0 
-168.1279100000000,-14.5419893333333,0 
-168.1279046666667,-14.5419933333333,0 
-168.1279030000000,-14.5419940000000,0 
-168.1278965000000,-14.5419993333333,0 
-168.1278980000000,-14.5420041666667,0 
-168.1278913333333,-14.5420093333333,0 
-168.1278963333333,-14.5420176666667,0 
-168.1279016666667,-14.5420248333333,0 
-168.1279011666667,-14.5420305000000,0 
-168.1278996666667,-14.5420343333333,0 
-168.1278943333333,-14.5420260000000,0 
-168.1278918333333,-14.5420283333333,0 
-168.1278861666667,-14.5420273333333,0 
-168.1278815000000,-14.5420375000000,0 
-168.1278831666667,-14.5420426666667,0 
-168.1278790000000,-14.5420503333333,0 
-168.1278800000000,-14.5420580000000,0 
-168.1278770000000,-14.5420663333333,0 
-168.1278731666667,-14.5420741666667,0 
-168.1278723333333,-14.5420756666667,0 
-168.1278650000000,-14.5420785000000,0 
-168.1278595000000,-14.5420778333333,0 
-168.1278596666667,-14.5420813333333,0 
-168.1278506666667,-14.5420878333333,0 
-168.1278455000000,-14.5420871666667,0 
-168.1278380000000,-14.5420888333333,0 
-168.1278231666667,-14.5420908333333,0 
-168.1278165000000,-14.5420935000000,0 
-168.1278108333333,-14.5421030000000,0 
-168.1278068333333,-14.5421023333333,0 
-168.1278011666667,-14.5421146666667,0 
-168.1277931666667,-14.5421161666667,0 
-168.1277923333333,-14.5421213333333,0 
-168.1277821666667,-14.5421268333333,0 
-168.1277731666667,-14.5421208333333,0 
-168.1277670000000,-14.5421286666667,0 
-168.1277558333333,-14.5421256666667,0 
-168.1277526666667,-14.5421238333333,0 
-168.1277543333333,-14.5421296666667,0 
-168.1277458333333,-14.5421256666667,0 
-168.1277428333333,-14.5421256666667,0 
-168.1277395000000,-14.5421263333333,0 
-168.1277253333333,-14.5421220000000,0 
-168.1277145000000,-14.5421191666667,0 
-168.1277068333333,-14.5421136666667,0 
-168.1276931666667,-14.5421076666667,0 
-168.1276810000000,-14.5421026666667,0 
-168.1276775000000,-14.5420981666667,0 
-168.1276655000000,-14.5420913333333,0 
-168.1276625000000,-14.5420891666667,0 
-168.1276558333333,-14.5420821666667,0 
-168.1276458333333,-14.5420786666667,0 
-168.1276415000000,-14.5420728333333,0 
-168.1276356666667,-14.5420655000000,0 
-168.1276306666667,-14.5420655000000,0 
-168.1276286666667,-14.5420616666667,0 
-168.1276190000000,-14.5420473333333,0 
-168.1276146666667,-14.5420491666667,0 
-168.1276101666667,-14.5420466666667,0 
-168.1276018333333,-14.5420360000000,0 
-168.1276010000000,-14.5420358333333,0 
-168.1275961666667,-14.5420315000000,0 
-168.1275960000000,-14.5420305000000,0 
-168.1275936666667,-14.5420265000000,0 
-168.1275895000000,-14.5420180000000,0 
-168.1275876666667,-14.5420143333333,0 
-168.1275841666667,-14.5420098333333,0 
-168.1275815000000,-14.5420046666667,0 
-168.1275671666667,-14.5420005000000,0 
-168.1275681666667,-14.5420035000000,0 
-168.1275640000000,-14.5420010000000,0 
-168.1275528333333,-14.5419943333333,0 
-168.1275456666667,-14.5419910000000,0 
-168.1275361666667,-14.5419930000000,0 
-168.1275263333333,-14.5419848333333,0 
-168.1275248333333,-14.5419955000000,0 
-168.1275116666667,-14.5419940000000,0 
-168.1275045000000,-14.5419785000000,0 
-168.1274900000000,-14.5419851666667,0 
-168.1274796666667,-14.5419771666667,0 
-168.1274691666667,-14.5419810000000,0 
-168.1274638333333,-14.5419728333333,0 
-168.1274501666667,-14.5419716666667,0 
-168.1274498333333,-14.5419681666667,0 
-168.1274451666667,-14.5419706666667,0 
-168.1274261666667,-14.5419598333333,0 
-168.1274215000000,-14.5419613333333,0 
-168.1274130000000,-14.5419600000000,0 
-168.1274168333333,-14.5419515000000,0 
-168.1274088333333,-14.5419591666667,0 
-168.1274103333333,-14.5419488333333,0 
-168.1274045000000,-14.5419551666667,0 
-168.1274045000000,-14.5419506666667,0 
-168.1274208333333,-14.5419521666667,0 
-168.1274120000000,-14.5419513333333,0 
-168.1274313333333,-14.5419568333333,0 
-168.1274440000000,-14.5419620000000,0 
-168.1274438333333,-14.5419635000000,0 
-168.1274521666667,-14.5419620000000,0 
-168.1274653333333,-14.5419626666667,0 
-168.1274596666667,-14.5419656666667,0 
-168.1274675000000,-14.5419721666667,0 
-168.1274745000000,-14.5419710000000,0 
-168.1274753333333,-14.5419713333333,0 
-168.1274640000000,-14.5419646666667,0 
-168.1274713333333,-14.5419701666667,0 
-168.1274701666667,-14.5419823333333,0 
-168.1274723333333,-14.5419768333333,0 
-168.1274616666667,-14.5419790000000,0 
-168.1274673333333,-14.5419876666667,0 
-168.1274641666667,-14.5419868333333,0 
-168.1274605000000,-14.5419868333333,0 
-168.1274670000000,-14.5419858333333,0 
-168.1274813333333,-14.5419930000000,0 
-168.1274585000000,-14.5419895000000,0 
-168.1274786666667,-14.5419948333333,0 
-168.1274813333333,-14.5419948333333,0 
-168.1274836666667,-14.5420013333333,0 
-168.1274801666667,-14.5420003333333,0 
-168.1274923333333,-14.5420045000000,0 
-168.1274828333333,-14.5420141666667,0 
-168.1275058333333,-14.5420155000000,0 
-168.1274978333333,-14.5420123333333,0 
-168.1275108333333,-14.5420188333333,0 
-168.1275036666667,-14.5420230000000,0 
-168.1275173333333,-14.5420356666667,0 
-168.1275115000000,-14.5420385000000,0 
-168.1275343333333,-14.5420356666667,0 
-168.1275213333333,-14.5420526666667,0 
-168.1275333333333,-14.5420481666667,0 
-168.1275445000000,-14.5420661666667,0 
-168.1275270000000,-14.5420586666667,0 
-168.1275331666667,-14.5420666666667,0 
-168.1275270000000,-14.5420810000000,0 
-168.1275255000000,-14.5420818333333,0 
-168.1275345000000,-14.5420921666667,0 
-168.1275376666667,-14.5420923333333,0 
-168.1275180000000,-14.5421000000000,0 
-168.1275288333333,-14.5421123333333,0 
-168.1275240000000,-14.5421253333333,0 
-168.1275366666667,-14.5421335000000,0 
-168.1275053333333,-14.5421358333333,0 
-168.1275011666667,-14.5421555000000,0 
-168.1275011666667,-14.5421513333333,0 
-168.1275078333333,-14.5421720000000,0 
-168.1274813333333,-14.5421656666667,0 
-168.1274926666667,-14.5421741666667,0 
-168.1274966666667,-14.5421823333333,0 
-168.1275045000000,-14.5421956666667,0 
-168.1274878333333,-14.5421976666667,0 
-168.1274920000000,-14.5422185000000,0 
-168.1274850000000,-14.5422266666667,0 
-168.1274898333333,-14.5422388333333,0 
-168.1275021666667,-14.5422406666667,0 
-168.1274966666667,-14.5422501666667,0 
-168.1274953333333,-14.5422396666667,0 
-168.1274950000000,-14.5422498333333,0 
-168.1274850000000,-14.5422658333333,0 
-168.1274791666667,-14.5422723333333,0 
-168.1274763333333,-14.5422881666667,0 
-168.1274791666667,-14.5422810000000,0 
-168.1274726666667,-14.5422928333333,0 
-168.1274741666667,-14.5422991666667,0 
-168.1274633333333,-14.5423045000000,0 
-168.1274648333333,-14.5423141666667,0 
-168.1274676666667,-14.5423161666667,0 
-168.1274575000000,-14.5423326666667,0 
-168.1274678333333,-14.5423436666667,0 
-168.1274393333333,-14.5423303333333,0 
-168.1274586666667,-14.5423430000000,0 
-168.1274461666667,-14.5423450000000,0 
-168.1274401666667,-14.5423593333333,0 
-168.1274386666667,-14.5423700000000,0 
-168.1274365000000,-14.5423805000000,0 
-168.1274243333333,-14.5423780000000,0 
-168.1274260000000,-14.5423890000000,0 
-168.1274141666667,-14.5423835000000,0 
-168.1274131666667,-14.5423871666667,0 
-168.1274136666667,-14.5424023333333,0 
-168.1274173333333,-14.5424010000000,0 
-168.1274111666667,-14.5424245000000,0 
-168.1274020000000,-14.5424123333333,0 
-168.1274141666667,-14.5424386666667,0 
-168.1274103333333,-14.5424153333333,0 
-168.1274116666667,-14.5424316666667,0 
-168.1273965000000,-14.5424291666667,0 
-168.1273971666667,-14.5424328333333,0 
-168.1273965000000,-14.5424516666667,0 
-168.1273956666667,-14.5424476666667,0 
-168.1273930000000,-14.5424606666667,0 
-168.1273945000000,-14.5424695000000,0 
-168.1274063333333,-14.5424813333333,0 
-168.1273851666667,-14.5424640000000,0 
-168.1273986666667,-14.5424773333333,0 
-168.1273936666667,-14.5424783333333,0 
-168.1273918333333,-14.5424838333333,0 
-168.1273901666667,-14.5424923333333,0 
-168.1273856666667,-14.5424840000000,0 
-168.1273981666667,-14.5425001666667,0 
-168.1273975000000,-14.5425050000000,0 
-168.1273920000000,-14.5425123333333,0 
-168.1273943333333,-14.5425205000000,0 
-168.1273986666667,-14.5425198333333,0 
-168.1273858333333,-14.5425325000000,0 
-168.1273926666667,-14.5425330000000,0 
-168.1273885000000,-14.5425473333333,0 
-168.1273896666667,-14.5425300000000,0 
-168.1273815000000,-14.5425458333333,0 
-168.1273910000000,-14.5425570000000,0 
-168.1273880000000,-14.5425488333333,0 
-168.1273965000000,-14.5425683333333,0 
-168.1273975000000,-14.5425666666667,0 
-168.1274013333333,-14.5425893333333,0 
-168.1273891666667,-14.5425860000000,0 
-168.1273970000000,-14.5425960000000,0 
-168.1273915000000,-14.5426026666667,0 
-168.1273925000000,-14.5426095000000,0 
-168.1273933333333,-14.5426146666667,0 
-168.1273820000000,-14.5425928333333,0 
-168.1274023333333,-14.5426276666667,0 
-168.1273948333333,-14.5426198333333,0 
-168.1273886666667,-14.5426421666667,0 
-168.1273858333333,-14.5426555000000,0 
-168.1273770000000,-14.5426455000000,0 
-168.1273828333333,-14.5426565000000,0 
-168.1273735000000,-14.5426751666667,0 
-168.1273790000000,-14.5426826666667,0 
-168.1273618333333,-14.5426855000000,0 
-168.1273613333333,-14.5426991666667,0 
-168.1273435000000,-14.5426845000000,0 
-168.1273555000000,-14.5426785000000,0 
-168.1273418333333,-14.5426961666667,0 
-168.1273453333333,-14.5426973333333,0 
-168.1273541666667,-14.5427348333333,0 
-168.1273493333333,-14.5427026666667,0 
-168.1273518333333,-14.5427268333333,0 
-168.1273375000000,-14.5427363333333,0 
-168.1273475000000,-14.5427335000000,0 
-168.1273613333333,-14.5427408333333,0 
-168.1273458333333,-14.5427306666667,0 
-168.1273500000000,-14.5427501666667,0 
-168.1273473333333,-14.5427590000000,0 
-168.1273390000000,-14.5427643333333,0 
-168.1273351666667,-14.5427781666667,0 
-168.1273373333333,-14.5427880000000,0 
-168.1273360000000,-14.5427875000000,0 
-168.1273445000000,-14.5428025000000,0 
-168.1273351666667,-14.5427975000000,0 
-168.1273406666667,-14.5428170000000,0 
-168.1273438333333,-14.5428115000000,0 
-168.1273451666667,-14.5428271666667,0 
-168.1273348333333,-14.5428158333333,0 
-168.1273475000000,-14.5428366666667,0 
-168.1273358333333,-14.5428586666667,0 
-168.1273295000000,-14.5428631666667,0 
-168.1273388333333,-14.5428658333333,0 
-168.1273341666667,-14.5428670000000,0 
-168.1273306666667,-14.5428663333333,0 
-168.1273420000000,-14.5428938333333,0 
-168.1273356666667,-14.5429035000000,0 
-168.1273425000000,-14.5428925000000,0 
-168.1273345000000,-14.5429166666667,0 
-168.1273351666667,-14.5429160000000,0 
-168.1273438333333,-14.5429445000000,0 
-168.1273436666667,-14.5429246666667,0 
-168.1273365000000,-14.5429305000000,0 
-168.1273388333333,-14.5429423333333,0 
-168.1273355000000,-14.5429540000000,0 
-168.1273393333333,-14.5429755000000,0 
-168.1273435000000,-14.5429665000000,0 
-168.1273401666667,-14.5429756666667,0 
-168.1273443333333,-14.5429883333333,0 
-168.1273583333333,-14.5429871666667,0 
-168.1273448333333,-14.5429905000000,0 
-168.1273481666667,-14.5430063333333,0 
-168.1273455000000,-14.5430155000000,0 
-168.1273498333333,-14.5430153333333,0 
-168.1273570000000,-14.5430328333333,0 
-168.1273521666667,-14.5430383333333,0 
-168.1273553333333,-14.5430335000000,0 
-168.1273416666667,-14.5430311666667,0 
-168.1273591666667,-14.5430530000000,0 
-168.1273485000000,-14.5430368333333,0 
-168.1273588333333,-14.5430435000000,0 
-168.1273428333333,-14.5430590000000,0 
-168.1273680000000,-14.5430563333333,0 
-168.1273586666667,-14.5430838333333,0 
-168.1273643333333,-14.5430771666667,0 
-168.1273510000000,-14.5430848333333,0 
-168.1273668333333,-14.5430971666667,0 
-168.1273508333333,-14.5431033333333,0 
-168.1273625000000,-14.5431135000000,0 
-168.1273618333333,-14.5431148333333,0 
-168.1273643333333,-14.5431198333333,0 
-168.1273688333333,-14.5431315000000,0 
-168.1273533333333,-14.5431278333333,0 
-168.1273638333333,-14.5431368333333,0 
-168.1273578333333,-14.5431471666667,0 
-168.1273613333333,-14.5431453333333,0 
-168.1273516666667,-14.5431506666667,0 
-168.1273590000000,-14.5431668333333,0 
-168.1273771666667,-14.5431635000000,0 
-168.1273585000000,-14.5431865000000,0 
-168.1273623333333,-14.5431913333333,0 
-168.1273626666667,-14.5432053333333,0 
-168.1273538333333,-14.5431993333333,0 
-168.1273611666667,-14.5432070000000,0 
-168.1273475000000,-14.5432106666667,0 
-168.1273516666667,-14.5432188333333,0 
-168.1273533333333,-14.5432388333333,0 
-168.1273593333333,-14.5432381666667,0 
-168.1273661666667,-14.5432496666667,0 
-168.1273676666667,-14.5432493333333,0 
-168.1273678333333,-14.5432651666667,0 
-168.1273645000000,-14.5432661666667,0 
-168.1273631666667,-14.5432693333333,0 
-168.1273686666667,-14.5432875000000,0 
-168.1273643333333,-14.5432838333333,0 
-168.1273678333333,-14.5433016666667,0 
-168.1273456666667,-14.5432883333333,0 
-168.1273625000000,-14.5433148333333,0 
-168.1273526666667,-14.5433146666667,0 
-168.1273543333333,-14.5433016666667,0 
-168.1273760000000,-14.5433255000000,0 
-168.1273528333333,-14.5433036666667,0 
-168.1273681666667,-14.5433378333333,0 
-168.1273635000000,-14.5433401666667,0 
-168.1273748333333,-14.5433376666667,0 
-168.1273686666667,-14.5433481666667,0 
-168.1273715000000,-14.5433546666667,0 
-168.1273553333333,-14.5433393333333,0 
-168.1273701666667,-14.5433568333333,0 
-168.1273766666667,-14.5433826666667,0 
-168.1273515000000,-14.5433668333333,0 
-168.1273598333333,-14.5433906666667,0 
-168.1273578333333,-14.5433800000000,0 
-168.1273496666667,-14.5434003333333,0 
-168.1273490000000,-14.5433975000000,0 
-168.1273455000000,-14.5434113333333,0 
-168.1273470000000,-14.5434221666667,0 
-168.1273360000000,-14.5434288333333,0 
-168.1273426666667,-14.5434388333333,0 
-168.1273450000000,-14.5434423333333,0 
-168.1273346666667,-14.5434610000000,0 
-168.1273296666667,-14.5434450000000,0 
-168.1273310000000,-14.5434645000000,0 
-168.1273350000000,-14.5434715000000,0 
-168.1273336666667,-14.5434851666667,0 
-168.1273223333333,-14.5434871666667,0 
-168.1273358333333,-14.5434976666667,0 
-168.1273286666667,-14.5435208333333,0 
-168.1273351666667,-14.5435110000000,0 
-168.1273351666667,-14.5435240000000,0 
-168.1273185000000,-14.5434931666667,0 
-168.1273215000000,-14.5435111666667,0 
-168.1273223333333,-14.5435403333333,0 
-168.1273310000000,-14.5435365000000,0 
-168.1273323333333,-14.5435403333333,0 
-168.1273330000000,-14.5435678333333,0 
-168.1273295000000,-14.5435711666667,0 
-168.1273140000000,-14.5435611666667,0 
-168.1273546666667,-14.5435723333333,0 
-168.1273083333333,-14.5435571666667,0 
-168.1273295000000,-14.5435808333333,0 
-168.1273270000000,-14.5435971666667,0 
-168.1273153333333,-14.5436048333333,0 
-168.1273186666667,-14.5436035000000,0 
-168.1273185000000,-14.5436190000000,0 
-168.1273183333333,-14.5436226666667,0 
-168.1273161666667,-14.5436191666667,0 
-168.1273221666667,-14.5436305000000,0 
-168.1273080000000,-14.5436441666667,0 
-168.1273160000000,-14.5436461666667,0 
-168.1273116666667,-14.5436560000000,0 
-168.1273080000000,-14.5436660000000,0 
-168.1273030000000,-14.5436720000000,0 
-168.1272996666667,-14.5436566666667,0 
-168.1273136666667,-14.5436848333333,0 
-168.1272851666667,-14.5436973333333,0 
-168.1272945000000,-14.5437065000000,0 
-168.1272978333333,-14.5437180000000,0 
-168.1273093333333,-14.5437220000000,0 
-168.1272930000000,-14.5437150000000,0 
-168.1272938333333,-14.5437348333333,0 
-168.1272813333333,-14.5437401666667,0 
-168.1272735000000,-14.5437498333333,0 
-168.1272800000000,-14.5437633333333,0 
-168.1272943333333,-14.5437575000000,0 
-168.1273048333333,-14.5437638333333,0 
-168.1272995000000,-14.5437748333333,0 
-168.1273066666667,-14.5437910000000,0 
-168.1272938333333,-14.5437963333333,0 
-168.1272980000000,-14.5437928333333,0 
-168.1273033333333,-14.5438063333333,0 
-168.1272966666667,-14.5438083333333,0 
-168.1272918333333,-14.5438090000000,0 
-168.1272986666667,-14.5438285000000,0 
-168.1272846666667,-14.5438141666667,0 
-168.1272958333333,-14.5438381666667,0 
-168.1272938333333,-14.5438353333333,0 
-168.1273038333333,-14.5438451666667,0 
-168.1272856666667,-14.5438273333333,0 
-168.1272953333333,-14.5438698333333,0 
-168.1272791666667,-14.5438603333333,0 
-168.1272906666667,-14.5438711666667,0 
-168.1272806666667,-14.5438663333333,0 
-168.1273068333333,-14.5438825000000,0 
-168.1272861666667,-14.5439121666667,0 
-168.1272845000000,-14.5439036666667,0 
-168.1272846666667,-14.5439108333333,0 
-168.1272961666667,-14.5439191666667,0 
-168.1272938333333,-14.5439305000000,0 
-168.1272945000000,-14.5439243333333,0 
-168.1272941666667,-14.5439443333333,0 
-168.1272800000000,-14.5439346666667,0 
-168.1272945000000,-14.5439521666667,0 
-168.1272930000000,-14.5439560000000,0 
-168.1272950000000,-14.5439688333333,0 
-168.1272816666667,-14.5439631666667,0 
-168.1272853333333,-14.5439696666667,0 
-168.1272896666667,-14.5439950000000,0 
-168.1273005000000,-14.5439891666667,0 
-168.1272826666667,-14.5439930000000,0 
-168.1272873333333,-14.5439908333333,0 
-168.1272951666667,-14.5440030000000,0 
-168.1272858333333,-14.5440181666667,0 
-168.1272916666667,-14.5440283333333,0 
-168.1272698333333,-14.5440123333333,0 
-168.1272881666667,-14.5440368333333,0 
-168.1272640000000,-14.5440453333333,0 
-168.1272723333333,-14.5440491666667,0 
-168.1272798333333,-14.5440545000000,0 
-168.1272745000000,-14.5440646666667,0 
-168.1272698333333,-14.5440583333333,0 
-168.1272743333333,-14.5440711666667,0 
-168.1272831666667,-14.5440835000000,0 
-168.1272883333333,-14.5440738333333,0 
-168.1272776666667,-14.5440935000000,0 
-168.1272770000000,-14.5441125000000,0 
-168.1272685000000,-14.5441060000000,0 
-168.1272728333333,-14.5441161666667,0 
-168.1272726666667,-14.5441090000000,0 
-168.1272746666667,-14.5441303333333,0 
-168.1272740000000,-14.5441361666667,0 
-168.1272808333333,-14.5441445000000,0 
-168.1272798333333,-14.5441358333333,0 
-168.1272833333333,-14.5441598333333,0 
-168.1272803333333,-14.5441700000000,0 
-168.1272683333333,-14.5441755000000,0 
-168.1272806666667,-14.5441781666667,0 
-168.1272755000000,-14.5441753333333,0 
-168.1272870000000,-14.5441900000000,0 
-168.1272670000000,-14.5441750000000,0 
-168.1272731666667,-14.5441881666667,0 
-168.1272800000000,-14.5442096666667,0 
-168.1272823333333,-14.5442126666667,0 
-168.1272766666667,-14.5442205000000,0 
-168.1272638333333,-14.5442113333333,0 
-168.1272801666667,-14.5442318333333,0 
-168.1272673333333,-14.5442111666667,0 
-168.1272895000000,-14.5442375000000,0 
-168.1272776666667,-14.5442520000000,0 
-168.1272886666667,-14.5442391666667,0 
-168.1272850000000,-14.5442548333333,0 
-168.1272828333333,-14.5442743333333,0 
-168.1272780000000,-14.5442771666667,0 
-168.1272753333333,-14.5442936666667,0 
-168.1272763333333,-14.5442943333333,0 
-168.1272841666667,-14.5443046666667,0 
-168.1272778333333,-14.5442988333333,0 
-168.1272811666667,-14.5443170000000,0 
-168.1272718333333,-14.5443105000000,0 
-168.1272835000000,-14.5443243333333,0 
-168.1272655000000,-14.5443298333333,0 
-168.1272788333333,-14.5443366666667,0 
-168.1272800000000,-14.5443373333333,0 
-168.1272686666667,-14.5443533333333,0 
-168.1272781666667,-14.5443605000000,0 
-168.1272826666667,-14.5443731666667,0 
-168.1272766666667,-14.5443725000000,0 
-168.1272806666667,-14.5443838333333,0 
-168.1273005000000,-14.5443928333333,0 
-168.1272916666667,-14.5443918333333,0 
-168.1273006666667,-14.5443978333333,0 
-168.1273013333333,-14.5443965000000,0 
-168.1272956666667,-14.5444038333333,0 
-168.1273123333333,-14.5444185000000,0 
-168.1273113333333,-14.5444190000000,0 
-168.1273113333333,-14.5444400000000,0 
-168.1273031666667,-14.5444365000000,0 
-168.1273060000000,-14.5444395000000,0 
-168.1273126666667,-14.5444635000000,0 
-168.1273228333333,-14.5444688333333,0 
-168.1273116666667,-14.5444533333333,0 
-168.1273160000000,-14.5444700000000,0 
-168.1273196666667,-14.5444590000000,0 
-168.1273073333333,-14.5444865000000,0 
-168.1273143333333,-14.5444691666667,0 
-168.1272966666667,-14.5444903333333,0 
-168.1273050000000,-14.5444901666667,0 
-168.1272795000000,-14.5445043333333,0 
-168.1272780000000,-14.5444996666667,0 
-168.1272851666667,-14.5445206666667,0 
-168.1272900000000,-14.5445235000000,0 
-168.1272818333333,-14.5445190000000,0 
-168.1273026666667,-14.5445376666667,0 
-168.1273181666667,-14.5445496666667,0 
-168.1273171666667,-14.5445496666667,0 
-168.1273190000000,-14.5445598333333,0 
-168.1273221666667,-14.5445786666667,0 
-168.1273196666667,-14.5445778333333,0 
-168.1273290000000,-14.5445810000000,0 
-168.1273221666667,-14.5445985000000,0 
-168.1273173333333,-14.5445956666667,0 
-168.1273113333333,-14.5446088333333,0 
-168.1273351666667,-14.5446120000000,0 
-168.1273203333333,-14.5446191666667,0 
-168.1273326666667,-14.5446395000000,0 
-168.1273073333333,-14.5446343333333,0 
-168.1273243333333,-14.5446493333333,0 
-168.1273336666667,-14.5446491666667,0 
-168.1273113333333,-14.5446578333333,0 
-168.1273173333333,-14.5446663333333,0 
-168.1273196666667,-14.5446620000000,0 
-168.1273040000000,-14.5446788333333,0 
-168.1273235000000,-14.5446961666667,0 
-168.1273253333333,-14.5446980000000,0 
-168.1273115000000,-14.5446976666667,0 
-168.1272998333333,-14.5446968333333,0 
-168.1273141666667,-14.5447290000000,0 
-168.1272950000000,-14.5447156666667,0 
-168.1273121666667,-14.5447443333333,0 
-168.1273130000000,-14.5447353333333,0 
-168.1272993333333,-14.5447335000000,0 
-168.1273226666667,-14.5447446666667,0 
-168.1272961666667,-14.5447531666667,0 
-168.1273108333333,-14.5447493333333,0 
-168.1273095000000,-14.5447723333333,0 
-168.1273125000000,-14.5447735000000,0 
-168.1273105000000,-14.5447790000000,0 
-168.1273098333333,-14.5447940000000,0 
-168.1273088333333,-14.5447850000000,0 
-168.1273166666667,-14.5448041666667,0 
-168.1273226666667,-14.5448071666667,0 
-168.1273198333333,-14.5448093333333,0 
-168.1273093333333,-14.5448146666667,0 
-168.1273170000000,-14.5448223333333,0 
-168.1273180000000,-14.5448403333333,0 
-168.1273075000000,-14.5448450000000,0 
-168.1273106666667,-14.5448388333333,0 
-168.1273046666667,-14.5448341666667,0 
-168.1272956666667,-14.5448445000000,0 
-168.1273108333333,-14.5448331666667,0 
-168.1272975000000,-14.5448626666667,0 
-168.1272910000000,-14.5448678333333,0 
-168.1272996666667,-14.5448890000000,0 
-168.1272865000000,-14.5448783333333,0 
-168.1273218333333,-14.5448831666667,0 
-168.1273003333333,-14.5449075000000,0 
-168.1273020000000,-14.5448953333333,0 
-168.1272845000000,-14.5449131666667,0 
-168.1272980000000,-14.5449266666667,0 
-168.1272985000000,-14.5449215000000,0 
-168.1272975000000,-14.5449288333333,0 
-168.1272890000000,-14.5449205000000,0 
-168.1273060000000,-14.5449535000000,0 
-168.1272821666667,-14.5449378333333,0 
-168.1273033333333,-14.5449566666667,0 
-168.1272935000000,-14.5449738333333,0 
-168.1273015000000,-14.5449733333333,0 
-168.1273035000000,-14.5449710000000,0 
-168.1273021666667,-14.5449711666667,0 
-168.1272965000000,-14.5449715000000,0 
-168.1273043333333,-14.5449990000000,0 
-168.1272891666667,-14.5450030000000,0 
-168.1273005000000,-14.5450203333333,0 
-168.1272941666667,-14.5450126666667,0 
-168.1273030000000,-14.5450291666667,0 
-168.1272933333333,-14.5450321666667,0 
-168.1272901666667,-14.5450258333333,0 
-168.1273120000000,-14.5450546666667,0 
-168.1272988333333,-14.5450555000000,0 
-168.1273060000000,-14.5450571666667,0 
-168.1273038333333,-14.5450733333333,0 
-168.1272986666667,-14.5450681666667,0 
-168.1272983333333,-14.5450790000000,0 
-168.1273113333333,-14.5450908333333,0 
-168.1272833333333,-14.5450930000000,0 
-168.1272885000000,-14.5451151666667,0 
-168.1272836666667,-14.5451111666667,0 
-168.1272851666667,-14.5451171666667,0 
-168.1272926666667,-14.5451296666667,0 
-168.1272820000000,-14.5451371666667,0 
-168.1272815000000,-14.5451448333333,0 
-168.1273011666667,-14.5451655000000,0 
-168.1273103333333,-14.5451615000000,0 
-168.1272885000000,-14.5451758333333,0 
-168.1272945000000,-14.5451953333333,0 
-168.1272960000000,-14.5451826666667,0 
-168.1272990000000,-14.5452158333333,0 
-168.1272933333333,-14.5452030000000,0 
-168.1272851666667,-14.5452245000000,0 
-168.1272983333333,-14.5452096666667,0 
-168.1272915000000,-14.5452198333333,0 
-168.1272863333333,-14.5452295000000,0 
-168.1273075000000,-14.5452520000000,0 
-168.1272793333333,-14.5452775000000,0 
-168.1273423333333,-14.5452705000000,0 
-168.1273025000000,-14.5452980000000,0 
-168.1273300000000,-14.5452893333333,0 
-168.1273083333333,-14.5453311666667,0 
-168.1273150000000,-14.5453465000000,0 
-168.1272903333333,-14.5453858333333,0 
-168.1273480000000,-14.5454150000000,0 
-168.1273135000000,-14.5454365000000,0 
-168.1273368333333,-14.5454661666667,0 
-168.1273443333333,-14.5454776666667,0 
-168.1273465000000,-14.5455033333333,0 
-168.1273171666667,-14.5455245000000,0 
-168.1273490000000,-14.5455576666667,0 
-168.1273460000000,-14.5455831666667,0 
-168.1273858333333,-14.5455950000000,0 
-168.1273825000000,-14.5456261666667,0 
-168.1274085000000,-14.5456711666667,0 
-168.1274331666667,-14.5457103333333,0 
-168.1274140000000,-14.5457183333333,0 
-168.1274103333333,-14.5457051666667,0 
-168.1274275000000,-14.5457121666667,0 
-168.1274348333333,-14.5457135000000,0 
-168.1274470000000,-14.5457040000000,0 
-168.1274391666667,-14.5457150000000,0 
-168.1274723333333,-14.5457151666667,0 
-168.1274371666667,-14.5457185000000,0 
-168.1274893333333,-14.5457125000000,0 
-168.1274658333333,-14.5457248333333,0 
-168.1274898333333,-14.5457165000000,0 
-168.1274671666667,-14.5457050000000,0 
-168.1274855000000,-14.5457160000000,0 
-168.1274841666667,-14.5457216666667,0 
-168.1274861666667,-14.5457353333333,0 
-168.1274665000000,-14.5457390000000,0 
-168.1274816666667,-14.5457385000000,0 
-168.1274790000000,-14.5457283333333,0 
-168.1274848333333,-14.5457255000000,0 
-168.1274760000000,-14.5457170000000,0 
-168.1274923333333,-14.5457278333333,0 
-168.1274711666667,-14.5457098333333,0 
-168.1274888333333,-14.5457216666667,0 
-168.1274760000000,-14.5457120000000,0 
-168.1274828333333,-14.5457123333333,0 
-168.1274861666667,-14.5457051666667,0 
-168.1274875000000,-14.5457041666667,0 
-168.1274791666667,-14.5457151666667,0 
-168.1275090000000,-14.5457033333333,0 
-168.1274775000000,-14.5457073333333,0 
-168.1274795000000,-14.5456940000000,0 
-168.1274810000000,-14.5457093333333,0 
-168.1274803333333,-14.5456930000000,0 
-168.1274875000000,-14.5457023333333,0 
-168.1274776666667,-14.5457068333333,0 
-168.1274683333333,-14.5457071666667,0 
-168.1274803333333,-14.5457236666667,0 
-168.1274733333333,-14.5457428333333,0 
-168.1274778333333,-14.5457516666667,0 
-168.1274715000000,-14.5457601666667,0 
-168.1274778333333,-14.5457623333333,0 
-168.1274518333333,-14.5457566666667,0 
-168.1274943333333,-14.5457585000000,0 
-168.1274603333333,-14.5457533333333,0 
-168.1274965000000,-14.5457615000000,0 
-168.1274870000000,-14.5457638333333,0 
-168.1274846666667,-14.5457655000000,0 
-168.1275131666667,-14.5457731666667,0 
-168.1275103333333,-14.5457843333333,0 
-168.1275036666667,-14.5457741666667,0 
-168.1275300000000,-14.5457881666667,0 
-168.1274906666667,-14.5457710000000,0 
-168.1275325000000,-14.5457845000000,0 
-168.1275130000000,-14.5458001666667,0 
-168.1275326666667,-14.5457800000000,0 
-168.1275080000000,-14.5458116666667,0 
-168.1275250000000,-14.5458163333333,0 
-168.1274846666667,-14.5458088333333,0 
-168.1274976666667,-14.5458246666667,0 
-168.1274648333333,-14.5457978333333,0 
-168.1274918333333,-14.5458061666667,0 
-168.1274628333333,-14.5457940000000,0 
-168.1274913333333,-14.5458048333333,0 
-168.1274433333333,-14.5457916666667,0 
-168.1274455000000,-14.5458016666667,0 
-168.1274375000000,-14.5457948333333,0 
-168.1274401666667,-14.5457943333333,0 
-168.1274333333333,-14.5457923333333,0 
-168.1274386666667,-14.5457861666667,0 
-168.1274488333333,-14.5457900000000,0 
-168.1274478333333,-14.5457891666667,0 
-168.1274073333333,-14.5457833333333,0 
-168.1274170000000,-14.5457863333333,0 
-168.1274243333333,-14.5457753333333,0 
-168.1274290000000,-14.5457916666667,0 
-168.1274360000000,-14.5457781666667,0 
-168.1274055000000,-14.5457901666667,0 
-168.1274366666667,-14.5457703333333,0 
-168.1274048333333,-14.5458030000000,0 
-168.1274328333333,-14.5457828333333,0 
-168.1273950000000,-14.5457788333333,0 
-168.1274126666667,-14.5457810000000,0 
-168.1274048333333,-14.5457810000000,0 
-168.1274158333333,-14.5457873333333,0 
-168.1274241666667,-14.5458016666667,0 
-168.1274343333333,-14.5457730000000,0 
-168.1274103333333,-14.5457713333333,0 
-168.1274045000000,-14.5457841666667,0 
-168.1274236666667,-14.5457860000000,0 
-168.1273881666667,-14.5457981666667,0 
-168.1274146666667,-14.5457878333333,0 
-168.1274061666667,-14.5457991666667,0 
-168.1274228333333,-14.5458023333333,0 
-168.1273888333333,-14.5458060000000,0 
-168.1273940000000,-14.5457953333333,0 
-168.1274165000000,-14.5458206666667,0 
-168.1273910000000,-14.5457868333333,0 
-168.1274260000000,-14.5458101666667,0 
-168.1273926666667,-14.5458035000000,0 
-168.1274540000000,-14.5458133333333,0 
-168.1273866666667,-14.5457953333333,0 
-168.1274285000000,-14.5458043333333,0 
-168.1274153333333,-14.5458063333333,0 
-168.1274010000000,-14.5458050000000,0 
-168.1273900000000,-14.5458101666667,0 
-168.1274425000000,-14.5458146666667,0 
-168.1274156666667,-14.5458128333333,0 
-168.1273986666667,-14.5458116666667,0 
-168.1274256666667,-14.5458105000000,0 
-168.1274008333333,-14.5458131666667,0 
-168.1274203333333,-14.5458033333333,0 
-168.1274366666667,-14.5458220000000,0 
-168.1274178333333,-14.5458050000000,0 
-168.1274546666667,-14.5458003333333,0 
-168.1274428333333,-14.5458130000000,0 
-168.1274485000000,-14.5458045000000,0 
-168.1274386666667,-14.5458068333333,0 
-168.1274320000000,-14.5458016666667,0 
-168.1274173333333,-14.5458030000000,0 
-168.1274476666667,-14.5457988333333,0 
-168.1274425000000,-14.5458118333333,0 
-168.1274325000000,-14.5458005000000,0 
-168.1274531666667,-14.5458171666667,0 
-168.1274491666667,-14.5458106666667,0 
-168.1274651666667,-14.5458203333333,0 
-168.1274511666667,-14.5458140000000,0 
-168.1274651666667,-14.5458188333333,0 
-168.1274313333333,-14.5458080000000,0 
-168.1274786666667,-14.5458195000000,0 
-168.1274146666667,-14.5458111666667,0 
-168.1274520000000,-14.5458168333333,0 
-168.1274605000000,-14.5458265000000,0 
-168.1274540000000,-14.5458028333333,0 
-168.1274703333333,-14.5458233333333,0 
-168.1274510000000,-14.5457976666667,0 
-168.1274813333333,-14.5458193333333,0 
-168.1274293333333,-14.5458100000000,0 
-168.1274653333333,-14.5458100000000,0 
-168.1274691666667,-14.5458146666667,0 
-168.1274321666667,-14.5457933333333,0 
-168.1274493333333,-14.5458063333333,0 
-168.1274675000000,-14.5458133333333,0 
-168.1274556666667,-14.5458131666667,0 
-168.1274618333333,-14.5458198333333,0 
-168.1274408333333,-14.5458198333333,0 
-168.1274421666667,-14.5458145000000,0 
-168.1274500000000,-14.5458048333333,0 
-168.1274375000000,-14.5458115000000,0 
-168.1274540000000,-14.5457985000000,0 
-168.1274568333333,-14.5458023333333,0 
-168.1274403333333,-14.5458005000000,0 
-168.1274330000000,-14.5457971666667,0 
-168.1274570000000,-14.5458058333333,0 
-168.1274493333333,-14.5458045000000,0 
-168.1274513333333,-14.5458136666667,0 
-168.1274086666667,-14.5457996666667,0 
-168.1274463333333,-14.5458061666667,0 
-168.1274396666667,-14.5458081666667,0 
-168.1274250000000,-14.5458026666667,0 
-168.1274736666667,-14.5458080000000,0 
-168.1274363333333,-14.5458046666667,0 
-168.1274428333333,-14.5458118333333,0 
-168.1274466666667,-14.5458130000000,0 
-168.1274406666667,-14.5458038333333,0 
-168.1274600000000,-14.5458056666667,0 
-168.1274396666667,-14.5458003333333,0 
-168.1274466666667,-14.5458020000000,0 
-168.1274528333333,-14.5458036666667,0 
-168.1274611666667,-14.5458158333333,0 
-168.1274335000000,-14.5457950000000,0 
-168.1274583333333,-14.5457981666667,0 
-168.1274505000000,-14.5457990000000,0 
-168.1274658333333,-14.5458003333333,0 
-168.1274435000000,-14.5458051666667,0 
-168.1274463333333,-14.5458048333333,0 
-168.1274355000000,-14.5458018333333,0 
-168.1274445000000,-14.5458088333333,0 
-168.1274681666667,-14.5458060000000,0 
-168.1274366666667,-14.5458170000000,0 
-168.1274611666667,-14.5457973333333,0 
-168.1274361666667,-14.5458100000000,0 
-168.1274580000000,-14.5458143333333,0 
-168.1274480000000,-14.5458176666667,0 
-168.1274353333333,-14.5458105000000,0 
-168.1274460000000,-14.5457976666667,0 
-168.1274506666667,-14.5458101666667,0 
-168.1274185000000,-14.5457933333333,0 
-168.1274530000000,-14.5458031666667,0 
-168.1274110000000,-14.5457963333333,0 
-168.1274293333333,-14.5458113333333,0 
-168.1274193333333,-14.5458056666667,0 
-168.1274280000000,-14.5458165000000,0 
-168.1274246666667,-14.5458070000000,0 
-168.1274300000000,-14.5458181666667,0 
-168.1274191666667,-14.5458035000000,0 
-168.1274211666667,-14.5458095000000,0 
-168.1274410000000,-14.5458075000000,0 
-168.1274186666667,-14.5458121666667,0 
-168.1274265000000,-14.5458000000000,0 
-168.1274163333333,-14.5458090000000,0 
-168.1274175000000,-14.5457925000000,0 
-168.1274205000000,-14.5457980000000,0 
-168.1274418333333,-14.5458038333333,0 
-168.1274338333333,-14.5458175000000,0 
-168.1274396666667,-14.5458096666667,0 
-168.1274443333333,-14.5458103333333,0 
-168.1274355000000,-14.5458108333333,0 
-168.1274536666667,-14.5458081666667,0 
-168.1274393333333,-14.5458053333333,0 
-168.1274283333333,-14.5458156666667,0 
-168.1274233333333,-14.5458156666667,0 
-168.1274116666667,-14.5458171666667,0 
-168.1274048333333,-14.5458226666667,0 
-168.1274201666667,-14.5458175000000,0 
-168.1273943333333,-14.5458096666667,0 
-168.1274113333333,-14.5458125000000,0 
-168.1274010000000,-14.5458090000000,0 
-168.1274251666667,-14.5458156666667,0 
-168.1274216666667,-14.5458103333333,0 
-168.1273948333333,-14.5458098333333,0 
-168.1273816666667,-14.5457985000000,0 
-168.1273991666667,-14.5458108333333,0 
-168.1273796666667,-14.5458000000000,0 
-168.1273823333333,-14.5457970000000,0 
-168.1273810000000,-14.5458056666667,0 
-168.1273945000000,-14.5457968333333,0 
-168.1273838333333,-14.5457996666667,0 
-168.1274043333333,-14.5458008333333,0 
-168.1273686666667,-14.5457978333333,0 
-168.1273691666667,-14.5457900000000,0 
-168.1273988333333,-14.5457958333333,0 
-168.1273678333333,-14.5457893333333,0 
-168.1273976666667,-14.5457990000000,0 
-168.1273948333333,-14.5458090000000,0 
-168.1274153333333,-14.5458083333333,0 
-168.1274026666667,-14.5458120000000,0 
-168.1274256666667,-14.5458010000000,0 
-168.1274073333333,-14.5458156666667,0 
-168.1274393333333,-14.5458115000000,0 
-168.1273806666667,-14.5458145000000,0 
-168.1274381666667,-14.5458153333333,0 
-168.1273860000000,-14.5458161666667,0 
-168.1274275000000,-14.5458196666667,0 
-168.1273788333333,-14.5458115000000,0 
-168.1274361666667,-14.5458175000000,0 
-168.1273923333333,-14.5458281666667,0 
-168.1274045000000,-14.5458188333333,0 
-168.1273976666667,-14.5458180000000,0 
-168.1274281666667,-14.5458178333333,0 
-168.1274153333333,-14.5458225000000,0 
-168.1274260000000,-14.5458326666667,0 
-168.1273855000000,-14.5458060000000,0 
-168.1274283333333,-14.5458263333333,0 
-168.1274160000000,-14.5458203333333,0 
-168.1274346666667,-14.5458311666667,0 
-168.1273998333333,-14.5458098333333,0 
-168.1274103333333,-14.5458215000000,0 
-168.1274343333333,-14.5458238333333,0 
-168.1274148333333,-14.5458113333333,0 
-168.1274323333333,-14.5458215000000,0 
-168.1274038333333,-14.5458118333333,0 
-168.1274148333333,-14.5458218333333,0 
-168.1274086666667,-14.5458183333333,0 
-168.1274031666667,-14.5458110000000,0 
-168.1274041666667,-14.5458158333333,0 
-168.1274053333333,-14.5458078333333,0 
-168.1274036666667,-14.5458221666667,0 
-168.1274165000000,-14.5458151666667,0 
-168.1274300000000,-14.5458205000000,0 
-168.1274011666667,-14.5458136666667,0 
-168.1274155000000,-14.5458216666667,0 
-168.1274170000000,-14.5458218333333,0 
-168.1274188333333,-14.5458165000000,0 
-168.1274003333333,-14.5458203333333,0 
-168.1273916666667,-14.5458090000000,0 
-168.1273933333333,-14.5458106666667,0 
-168.1274051666667,-14.5458030000000,0 
-168.1273926666667,-14.5458113333333,0 
-168.1274096666667,-14.5458146666667,0 
-168.1273721666667,-14.5458028333333,0 
-168.1274291666667,-14.5458121666667,0 
-168.1273885000000,-14.5458175000000,0 
-168.1274255000000,-14.5458161666667,0 
-168.1273681666667,-14.5458041666667,0 
-168.1274213333333,-14.5458140000000,0 
-168.1273840000000,-14.5458118333333,0 
-168.1274271666667,-14.5458096666667,0 
-168.1274055000000,-14.5458118333333,0 
-168.1274196666667,-14.5458133333333,0 
-168.1274113333333,-14.5458128333333,0 
-168.1274308333333,-14.5458226666667,0 
-168.1274365000000,-14.5458181666667,0 
-168.1274375000000,-14.5458155000000,0 
-168.1274295000000,-14.5458190000000,0 
-168.1274198333333,-14.5458100000000,0 
-168.1274351666667,-14.5458168333333,0 
-168.1274421666667,-14.5458185000000,0 
-168.1274583333333,-14.5458151666667,0 
-168.1274618333333,-14.5458226666667,0 
-168.1274671666667,-14.5458240000000,0 
-168.1274511666667,-14.5458251666667,0 
-168.1274720000000,-14.5458261666667,0 
-168.1274900000000,-14.5458241666667,0 
-168.1274353333333,-14.5458210000000,0 
-168.1274655000000,-14.5458303333333,0 
-168.1274408333333,-14.5458223333333,0 
-168.1274491666667,-14.5458285000000,0 
-168.1274358333333,-14.5458211666667,0 
-168.1274510000000,-14.5458338333333,0 
-168.1274163333333,-14.5458321666667,0 
-168.1274351666667,-14.5458413333333,0 
-168.1274410000000,-14.5458320000000,0 
-168.1274401666667,-14.5458361666667,0 
-168.1274443333333,-14.5458378333333,0 
-168.1274316666667,-14.5458255000000,0 
-168.1274536666667,-14.5458390000000,0 
-168.1274618333333,-14.5458286666667,0 
-168.1274711666667,-14.5458266666667,0 
-168.1274335000000,-14.5458240000000,0 
-168.1274763333333,-14.5458421666667,0 
-168.1274468333333,-14.5458426666667,0 
-168.1274673333333,-14.5458318333333,0 
-168.1274670000000,-14.5458360000000,0 
-168.1274656666667,-14.5458256666667,0 
-168.1274765000000,-14.5458358333333,0 
-168.1274701666667,-14.5458331666667,0 
-168.1274643333333,-14.5458265000000,0 
-168.1274635000000,-14.5458440000000,0 
-168.1274576666667,-14.5458383333333,0 
-168.1274506666667,-14.5458465000000,0 
-168.1274621666667,-14.5458448333333,0 
-168.1274488333333,-14.5458378333333,0 
-168.1274553333333,-14.5458480000000,0 
-168.1274385000000,-14.5458433333333,0 
-168.1274435000000,-14.5458531666667,0 
-168.1274216666667,-14.5458498333333,0 
-168.1274450000000,-14.5458491666667,0 
-168.1274460000000,-14.5458545000000,0 
-168.1274390000000,-14.5458576666667,0 
-168.1274388333333,-14.5458583333333,0 
-168.1274441666667,-14.5458598333333,0 
-168.1274346666667,-14.5458556666667,0 
-168.1274530000000,-14.5458576666667,0 
-168.1274536666667,-14.5458645000000,0 
-168.1274561666667,-14.5458631666667,0 
-168.1274511666667,-14.5458586666667,0 
-168.1274406666667,-14.5458636666667,0 
-168.1274461666667,-14.5458536666667,0 
-168.1274438333333,-14.5458670000000,0 
-168.1274491666667,-14.5458618333333,0 
-168.1274545000000,-14.5458635000000,0 
-168.1274333333333,-14.5458661666667,0 
-168.1274558333333,-14.5458785000000,0 
-168.1274400000000,-14.5458676666667,0 
-168.1274585000000,-14.5458636666667,0 
-168.1274225000000,-14.5458558333333,0 
-168.1274586666667,-14.5458633333333,0 
-168.1274453333333,-14.5458668333333,0 
-168.1274245000000,-14.5458623333333,0 
-168.1274195000000,-14.5458680000000,0 
-168.1274231666667,-14.5458751666667,0 
-168.1274308333333,-14.5458801666667,0 
-168.1274265000000,-14.5458755000000,0 
-168.1274376666667,-14.5458741666667,0 
-168.1274323333333,-14.5458655000000,0 
-168.1273933333333,-14.5458566666667,0 
-168.1274490000000,-14.5458670000000,0 
-168.1274036666667,-14.5458721666667,0 
-168.1274538333333,-14.5458788333333,0 
-168.1274151666667,-14.5458781666667,0 
-168.1274486666667,-14.5458736666667,0 
-168.1273886666667,-14.5458598333333,0 
-168.1274481666667,-14.5458736666667,0 
-168.1273996666667,-14.5458618333333,0 
-168.1274310000000,-14.5458716666667,0 
-168.1274093333333,-14.5458610000000,0 
-168.1274293333333,-14.5458606666667,0 
-168.1274148333333,-14.5458595000000,0 
-168.1273943333333,-14.5458560000000,0 
-168.1274411666667,-14.5458745000000,0 
-168.1273958333333,-14.5458670000000,0 
-168.1274163333333,-14.5458791666667,0 
-168.1274000000000,-14.5458610000000,0 
-168.1274341666667,-14.5458611666667,0 
-168.1274225000000,-14.5458681666667,0 
-168.1274273333333,-14.5458623333333,0 
-168.1274476666667,-14.5458648333333,0 
-168.1274015000000,-14.5458633333333,0 
-168.1274015000000,-14.5458575000000,0 
-168.1274381666667,-14.5458676666667,0 
-168.1274256666667,-14.5458625000000,0 
-168.1274265000000,-14.5458663333333,0 
-168.1274355000000,-14.5458621666667,0 
-168.1274368333333,-14.5458741666667,0 
-168.1274035000000,-14.5458625000000,0 
-168.1274296666667,-14.5458673333333,0 
-168.1274126666667,-14.5458686666667,0 
-168.1274156666667,-14.5458636666667,0 
-168.1274343333333,-14.5458596666667,0 
-168.1274308333333,-14.5458671666667,0 
-168.1274135000000,-14.5458691666667,0 
-168.1274143333333,-14.5458661666667,0 
-168.1274073333333,-14.5458553333333,0 
-168.1274430000000,-14.5458673333333,0 
-168.1274041666667,-14.5458661666667,0 
-168.1274243333333,-14.5458641666667,0 
-168.1274201666667,-14.5458640000000,0 
-168.1274023333333,-14.5458593333333,0 
-168.1274233333333,-14.5458630000000,0 
-168.1274250000000,-14.5458633333333,0 
-168.1274255000000,-14.5458643333333,0 
-168.1274185000000,-14.5458616666667,0 
-168.1274038333333,-14.5458610000000,0 
-168.1274051666667,-14.5458491666667,0 
-168.1274206666667,-14.5458528333333,0 
-168.1274081666667,-14.5458436666667,0 
-168.1274270000000,-14.5458625000000,0 
-168.1273961666667,-14.5458543333333,0 
-168.1274115000000,-14.5458596666667,0 
-168.1274018333333,-14.5458500000000,0 
-168.1274408333333,-14.5458586666667,0 
-168.1274195000000,-14.5458528333333,0 
-168.1274386666667,-14.5458626666667,0 
-168.1273938333333,-14.5458486666667,0 
-168.1274321666667,-14.5458593333333,0 
-168.1274001666667,-14.5458553333333,0 
-168.1274098333333,-14.5458623333333,0 
-168.1274075000000,-14.5458571666667,0 
-168.1274323333333,-14.5458626666667,0 
-168.1274221666667,-14.5458565000000,0 
-168.1274315000000,-14.5458581666667,0 
-168.1274300000000,-14.5458520000000,0 
-168.1274315000000,-14.5458603333333,0 
-168.1274440000000,-14.5458628333333,0 
-168.1274236666667,-14.5458673333333,0 
-168.1274088333333,-14.5458633333333,0 
-168.1274310000000,-14.5458583333333,0 
-168.1274321666667,-14.5458583333333,0 
-168.1274090000000,-14.5458600000000,0 
-168.1274315000000,-14.5458540000000,0 
-168.1274143333333,-14.5458541666667,0 
-168.1274008333333,-14.5458545000000,0 
-168.1274240000000,-14.5458660000000,0 
-168.1274218333333,-14.5458521666667,0 
-168.1274380000000,-14.5458598333333,0 
-168.1274020000000,-14.5458476666667,0 
-168.1274240000000,-14.5458521666667,0 
-168.1274196666667,-14.5458578333333,0 
-168.1274170000000,-14.5458541666667,0 
-168.1274440000000,-14.5458535000000,0 
-168.1274483333333,-14.5458501666667,0 
-168.1274150000000,-14.5458490000000,0 
-168.1274308333333,-14.5458548333333,0 
-168.1274050000000,-14.5458456666667,0 
-168.1274441666667,-14.5458618333333,0 
-168.1274396666667,-14.5458551666667,0 
-168.1274396666667,-14.5458568333333,0 
-168.1274473333333,-14.5458600000000,0 
-168.1274013333333,-14.5458483333333,0 
-168.1274475000000,-14.5458538333333,0 
-168.1274416666667,-14.5458618333333,0 
-168.1274310000000,-14.5458511666667,0 
-168.1274540000000,-14.5458603333333,0 
-168.1274050000000,-14.5458521666667,0 
-168.1273976666667,-14.5458466666667,0 
-168.1274235000000,-14.5458543333333,0 
-168.1274230000000,-14.5458543333333,0 
-168.1274206666667,-14.5458635000000,0 
-168.1274055000000,-14.5458648333333,0 
-168.1274143333333,-14.5458628333333,0 
-168.1273996666667,-14.5458610000000,0 
-168.1274228333333,-14.5458605000000,0 
-168.1274120000000,-14.5458641666667,0 
-168.1274186666667,-14.5458601666667,0 
-168.1274193333333,-14.5458615000000,0 
-168.1274193333333,-14.5458586666667,0 
-168.1274115000000,-14.5458506666667,0 
-168.1274295000000,-14.5458481666667,0 
-168.1274238333333,-14.5458481666667,0 
-168.1274376666667,-14.5458505000000,0 
-168.1274160000000,-14.5458500000000,0 
-168.1274573333333,-14.5458478333333,0 
-168.1274291666667,-14.5458445000000,0 
-168.1274236666667,-14.5458381666667,0 
-168.1274436666667,-14.5458461666667,0 
-168.1274250000000,-14.5458366666667,0 
-168.1274276666667,-14.5458415000000,0 
-168.1274448333333,-14.5458351666667,0 
-168.1274276666667,-14.5458318333333,0 
-168.1274511666667,-14.5458340000000,0 
-168.1274635000000,-14.5458480000000,0 
-168.1274280000000,-14.5458416666667,0 
-168.1274420000000,-14.5458488333333,0 
-168.1274433333333,-14.5458390000000,0 
-168.1274271666667,-14.5458436666667,0 
-168.1274251666667,-14.5458435000000,0 
-168.1274545000000,-14.5458466666667,0 
-168.1274368333333,-14.5458450000000,0 
-168.1274448333333,-14.5458536666667,0 
-168.1274280000000,-14.5458463333333,0 
-168.1274498333333,-14.5458546666667,0 
-168.1274235000000,-14.5458585000000,0 
-168.1274276666667,-14.5458651666667,0 
-168.1274171666667,-14.5458485000000,0 
-168.1274500000000,-14.5458578333333,0 
-168.1274175000000,-14.5458488333333,0 
-168.1274265000000,-14.5458530000000,0 
-168.1274215000000,-14.5458485000000,0 
-168.1274166666667,-14.5458518333333,0 
-168.1274205000000,-14.5458543333333,0 
-168.1274453333333,-14.5458555000000,0 
-168.1274025000000,-14.5458383333333,0 
-168.1274610000000,-14.5458540000000,0 
-168.1273995000000,-14.5458446666667,0 
-168.1274341666667,-14.5458691666667,0 
-168.1274125000000,-14.5458425000000,0 
-168.1274508333333,-14.5458558333333,0 
-168.1274288333333,-14.5458538333333,0 
-168.1274423333333,-14.5458555000000,0 
-168.1274380000000,-14.5458600000000,0 
-168.1274353333333,-14.5458618333333,0 
-168.1274296666667,-14.5458566666667,0 
-168.1274330000000,-14.5458621666667,0 
-168.1274218333333,-14.5458626666667,0 
-168.1274346666667,-14.5458623333333,0 
-168.1274078333333,-14.5458618333333,0 
-168.1274445000000,-14.5458581666667,0 
-168.1274013333333,-14.5458523333333,0 
-168.1274240000000,-14.5458475000000,0 
-168.1274321666667,-14.5458545000000,0 
-168.1274176666667,-14.5458550000000,0 
-168.1274385000000,-14.5458526666667,0 
-168.1274325000000,-14.5458553333333,0 
-168.1274563333333,-14.5458555000000,0 
-168.1274360000000,-14.5458543333333,0 
-168.1274400000000,-14.5458590000000,0 
-168.1274290000000,-14.5458583333333,0 
-168.1274501666667,-14.5458673333333,0 
-168.1274348333333,-14.5458391666667,0 
-168.1274828333333,-14.5458423333333,0 
-168.1274618333333,-14.5458363333333,0 
-168.1274600000000,-14.5458386666667,0 
-168.1274780000000,-14.5458491666667,0 
-168.1274626666667,-14.5458475000000,0 
-168.1274775000000,-14.5458385000000,0 
-168.1274868333333,-14.5458518333333,0 
-168.1274793333333,-14.5458483333333,0 
-168.1274961666667,-14.5458440000000,0 
-168.1274768333333,-14.5458330000000,0 
-168.1274996666667,-14.5458253333333,0 
-168.1274971666667,-14.5458203333333,0 
-168.1275040000000,-14.5458245000000,0 
-168.1274900000000,-14.5458098333333,0 
-168.1274933333333,-14.5458156666667,0 
-168.1275061666667,-14.5458260000000,0 
-168.1274793333333,-14.5458281666667,0 
-168.1274890000000,-14.5458246666667,0 
-168.1275105000000,-14.5458281666667,0 
-168.1274648333333,-14.5458103333333,0 
-168.1274888333333,-14.5458261666667,0 
-168.1274968333333,-14.5458176666667,0 
-168.1274730000000,-14.5458141666667,0 
-168.1275000000000,-14.5458231666667,0 
-168.1274996666667,-14.5458298333333,0 
-168.1275055000000,-14.5458273333333,0 
-168.1274798333333,-14.5458241666667,0 
-168.1274938333333,-14.5458206666667,0 
-168.1274856666667,-14.5458240000000,0 
-168.1274945000000,-14.5458306666667,0 
-168.1274958333333,-14.5458336666667,0 
-168.1274726666667,-14.5458228333333,0 
-168.1275056666667,-14.5458243333333,0 
-168.1274621666667,-14.5458171666667,0 
-168.1274880000000,-14.5458263333333,0 
-168.1274846666667,-14.5458165000000,0 
-168.1274721666667,-14.5458116666667,0 
-168.1274950000000,-14.5458170000000,0 
-168.1274740000000,-14.5458138333333,0 
-168.1274943333333,-14.5458236666667,0 
-168.1274865000000,-14.5458241666667,0 
-168.1274931666667,-14.5458128333333,0 
-168.1274868333333,-14.5458236666667,0 
-168.1274870000000,-14.5458166666667,0 
-168.1275031666667,-14.5458256666667,0 
-168.1274680000000,-14.5458175000000,0 
-168.1274795000000,-14.5458196666667,0 
-168.1275016666667,-14.5458291666667,0 
-168.1274753333333,-14.5458216666667,0 
-168.1275066666667,-14.5458310000000,0 
-168.1274756666667,-14.5458426666667,0 
-168.1274916666667,-14.5458530000000,0 
-168.1274743333333,-14.5458643333333,0 
-168.1274828333333,-14.5458620000000,0 
-168.1274573333333,-14.5458551666667,0 
-168.1274868333333,-14.5458581666667,0 
-168.1274808333333,-14.5458556666667,0 
-168.1274863333333,-14.5458551666667,0 
-168.1274816666667,-14.5458643333333,0 
-168.1274861666667,-14.5458560000000,0 
-168.1274930000000,-14.5458573333333,0 
-168.1274886666667,-14.5458666666667,0 
-168.1275018333333,-14.5458775000000,0 
-168.1274741666667,-14.5458756666667,0 
-168.1274921666667,-14.5458910000000,0 
-168.1274763333333,-14.5458880000000,0 
-168.1274841666667,-14.5458921666667,0 
-168.1274600000000,-14.5458911666667,0 
-168.1274703333333,-14.5458893333333,0 
-168.1274895000000,-14.5458928333333,0 
-168.1274905000000,-14.5458890000000,0 
-168.1274696666667,-14.5458815000000,0 
-168.1275131666667,-14.5459063333333,0 
-168.1274725000000,-14.5458885000000,0 
-168.1275061666667,-14.5459065000000,0 
-168.1274626666667,-14.5458891666667,0 
-168.1275063333333,-14.5459133333333,0 
-168.1274360000000,-14.5459090000000,0 
-168.1275091666667,-14.5459028333333,0 
-168.1274801666667,-14.5458900000000,0 
-168.1274941666667,-14.5458855000000,0 
-168.1274933333333,-14.5458938333333,0 
-168.1274816666667,-14.5458915000000,0 
-168.1274898333333,-14.5458970000000,0 
-168.1274801666667,-14.5458966666667,0 
-168.1275055000000,-14.5458986666667,0 
-168.1274848333333,-14.5458970000000,0 
-168.1274891666667,-14.5458956666667,0 
-168.1274970000000,-14.5458971666667,0 
-168.1275008333333,-14.5458928333333,0 
-168.1274958333333,-14.5458946666667,0 
-168.1275065000000,-14.5458923333333,0 
-168.1275203333333,-14.5459008333333,0 
-168.1274903333333,-14.5458975000000,0 
-168.1275191666667,-14.5459105000000,0 
-168.1274785000000,-14.5458910000000,0 
-168.1275178333333,-14.5459005000000,0 
-168.1274828333333,-14.5459021666667,0 
-168.1275103333333,-14.5459028333333,0 
-168.1274856666667,-14.5458971666667,0 
-168.1275055000000,-14.5458923333333,0 
-168.1274960000000,-14.5458846666667,0 
-168.1274968333333,-14.5458818333333,0 
-168.1275040000000,-14.5458901666667,0 
-168.1275046666667,-14.5458933333333,0 
-168.1275218333333,-14.5458981666667,0 
-168.1275048333333,-14.5458901666667,0 
-168.1274935000000,-14.5458943333333,0 
-168.1274938333333,-14.5458920000000,0 
-168.1275021666667,-14.5458950000000,0 
-168.1275016666667,-14.5458796666667,0 
-168.1275176666667,-14.5458556666667,0 
-168.1275153333333,-14.5458426666667,0 
-168.1275261666667,-14.5458530000000,0 
-168.1275078333333,-14.5458435000000,0 
-168.1275365000000,-14.5458436666667,0 
-168.1275260000000,-14.5458531666667,0 
-168.1275331666667,-14.5458508333333,0 
-168.1275273333333,-14.5458673333333,0 
-168.1275220000000,-14.5458806666667,0 
-168.1275006666667,-14.5458756666667,0 
-168.1275186666667,-14.5458696666667,0 
-168.1275180000000,-14.5458701666667,0 
-168.1275338333333,-14.5458548333333,0 
-168.1275348333333,-14.5458556666667,0 
-168.1275285000000,-14.5458558333333,0 
-168.1275413333333,-14.5458460000000,0 
-168.1275188333333,-14.5458715000000,0 
-168.1275578333333,-14.5458615000000,0 
-168.1275028333333,-14.5458701666667,0 
-168.1275560000000,-14.5458580000000,0 
-168.1275396666667,-14.5458561666667,0 
-168.1275633333333,-14.5458575000000,0 
-168.1275335000000,-14.5458653333333,0 
-168.1275366666667,-14.5458535000000,0 
-168.1275586666667,-14.5458551666667,0 
-168.1275528333333,-14.5458728333333,0 
-168.1275501666667,-14.5458620000000,0 
-168.1275378333333,-14.5458788333333,0 
-168.1275353333333,-14.5458545000000,0 
-168.1275410000000,-14.5458771666667,0 
-168.1275183333333,-14.5458651666667,0 
-168.1275308333333,-14.5458955000000,0 
-168.1274980000000,-14.5458831666667,0 
-168.1275088333333,-14.5458750000000,0 
-168.1274921666667,-14.5458741666667,0 
-168.1274818333333,-14.5458926666667,0 
-168.1274935000000,-14.5458796666667,0 
-168.1274898333333,-14.5458961666667,0 
-168.1274888333333,-14.5458951666667,0 
-168.1274746666667,-14.5458958333333,0 
-168.1275073333333,-14.5459095000000,0 
-168.1274488333333,-14.5459131666667,0 
-168.1274811666667,-14.5459411666667,0 
-168.1274496666667,-14.5459553333333,0 
-168.1275048333333,-14.5459765000000,0 
-168.1275160000000,-14.5459868333333,0 
-168.1274786666667,-14.5460123333333,0 
-168.1274766666667,-14.5460113333333,0 
-168.1274616666667,-14.5460131666667,0 
-168.1274628333333,-14.5460055000000,0 
-168.1274523333333,-14.5460038333333,0 
-168.1274593333333,-14.5460116666667,0 
-168.1274630000000,-14.5460248333333,0 
-168.1274593333333,-14.5460243333333,0 
-168.1274923333333,-14.5460143333333,0 
-168.1274476666667,-14.5460115000000,0 
-168.1274931666667,-14.5460166666667,0 
-168.1274628333333,-14.5460141666667,0 
-168.1274658333333,-14.5460106666667,0 
-168.1274776666667,-14.5460098333333,0 
-168.1274446666667,-14.5460043333333,0 
-168.1274513333333,-14.5460018333333,0 
-168.1274511666667,-14.5460076666667,0 
-168.1274625000000,-14.5460080000000,0 
-168.1274300000000,-14.5460098333333,0 
-168.1274440000000,-14.5460043333333,0 
-168.1274501666667,-14.5460123333333,0 
-168.1274935000000,-14.5460155000000,0 
-168.1274483333333,-14.5460206666667,0 
-168.1274563333333,-14.5460103333333,0 
-168.1274570000000,-14.5460078333333,0 
-168.1274841666667,-14.5460108333333,0 
-168.1274723333333,-14.5460173333333,0 
-168.1275083333333,-14.5460121666667,0 
-168.1275185000000,-14.5460051666667,0 
-168.1275095000000,-14.5460100000000,0 
-168.1275245000000,-14.5459951666667,0 
-168.1275055000000,-14.5460020000000,0 
-168.1275273333333,-14.5460025000000,0 
-168.1274965000000,-14.5459988333333,0 
-168.1275221666667,-14.5460095000000,0 
-168.1275133333333,-14.5460040000000,0 
-168.1275110000000,-14.5460116666667,0 
-168.1274973333333,-14.5460150000000,0 
-168.1275091666667,-14.5460130000000,0 
-168.1275121666667,-14.5460256666667,0 
-168.1275268333333,-14.5460161666667,0 
-168.1274920000000,-14.5460110000000,0 
-168.1275198333333,-14.5460170000000,0 
-168.1275055000000,-14.5460143333333,0 
-168.1275373333333,-14.5460293333333,0 
-168.1275006666667,-14.5460165000000,0 
-168.1275298333333,-14.5460138333333,0 
-168.1274995000000,-14.5460221666667,0 
-168.1275230000000,-14.5460225000000,0 
-168.1275066666667,-14.5460113333333,0 
-168.1275280000000,-14.5460128333333,0 
-168.1275076666667,-14.5460126666667,0 
-168.1275340000000,-14.5460145000000,0 
-168.1275065000000,-14.5460210000000,0 
-168.1275415000000,-14.5460096666667,0 
-168.1274890000000,-14.5460025000000,0 
-168.1275323333333,-14.5459968333333,0 
-168.1275096666667,-14.5459896666667,0 
-168.1275301666667,-14.5459878333333,0 
-168.1275436666667,-14.5460018333333,0 
-168.1275266666667,-14.5459956666667,0 
-168.1275475000000,-14.5460016666667,0 
-168.1275321666667,-14.5460040000000,0 
-168.1275291666667,-14.5460030000000,0 
-168.1275206666667,-14.5460065000000,0 
-168.1275043333333,-14.5460151666667,0 
-168.1275153333333,-14.5460283333333,0 
-168.1274930000000,-14.5460085000000,0 
-168.1274848333333,-14.5460003333333,0 
-168.1274998333333,-14.5460000000000,0 
-168.1275100000000,-14.5460113333333,0 
-168.1274918333333,-14.5460158333333,0 
-168.1275071666667,-14.5460143333333,0 
-168.1274651666667,-14.5460108333333,0 
-168.1275278333333,-14.5460080000000,0 
-168.1274936666667,-14.5460045000000,0 
-168.1275270000000,-14.5460080000000,0 
-168.1275243333333,-14.5460143333333,0 
-168.1275296666667,-14.5460225000000,0 
-168.1275181666667,-14.5460130000000,0 
-168.1275376666667,-14.5460235000000,0 
-168.1274676666667,-14.5460140000000,0 
-168.1275133333333,-14.5460126666667,0 
-168.1274905000000,-14.5460290000000,0 
-168.1275278333333,-14.5460130000000,0 
-168.1275201666667,-14.5460150000000,0 
-168.1275110000000,-14.5460086666667,0 
-168.1275278333333,-14.5460218333333,0 
-168.1274805000000,-14.5460081666667,0 
-168.1275001666667,-14.5460085000000,0 
-168.1275178333333,-14.5460201666667,0 
-168.1274770000000,-14.5460138333333,0 
-168.1275005000000,-14.5460191666667,0 
-168.1274751666667,-14.5460075000000,0 
-168.1274925000000,-14.5460120000000,0 
-168.1274980000000,-14.5460185000000,0 
-168.1275040000000,-14.5460183333333,0 
-168.1275075000000,-14.5460181666667,0 
-168.1274865000000,-14.5460130000000,0 
-168.1274885000000,-14.5460226666667,0 
-168.1274678333333,-14.5460183333333,0 
-168.1275201666667,-14.5460308333333,0 
-168.1274946666667,-14.5460235000000,0 
-168.1275186666667,-14.5460341666667,0 
-168.1274706666667,-14.5460093333333,0 
-168.1275283333333,-14.5460256666667,0 
-168.1274641666667,-14.5460225000000,0 
-168.1275126666667,-14.5460238333333,0 
-168.1274911666667,-14.5460246666667,0 
-168.1275001666667,-14.5460233333333,0 
-168.1275110000000,-14.5460193333333,0 
-168.1274935000000,-14.5460281666667,0 
-168.1274666666667,-14.5460123333333,0 
-168.1274876666667,-14.5460271666667,0 
-168.1275016666667,-14.5460243333333,0 
-168.1274681666667,-14.5460186666667,0 
-168.1275143333333,-14.5460261666667,0 
-168.1274958333333,-14.5460286666667,0 
-168.1274675000000,-14.5460233333333,0 
-168.1274921666667,-14.5460275000000,0 
-168.1274963333333,-14.5460261666667,0 
-168.1274741666667,-14.5460206666667,0 
-168.1275068333333,-14.5460266666667,0 
-168.1275010000000,-14.5460288333333,0 
-168.1275110000000,-14.5460310000000,0 
-168.1274936666667,-14.5460233333333,0 
-168.1274740000000,-14.5460273333333,0 
-168.1275096666667,-14.5460295000000,0 
-168.1274658333333,-14.5460176666667,0 
-168.1275196666667,-14.5460281666667,0 
-168.1275131666667,-14.5460341666667,0 
-168.1275083333333,-14.5460245000000,0 
-168.1274945000000,-14.5460210000000,0 
-168.1274868333333,-14.5460186666667,0 
-168.1275150000000,-14.5460268333333,0 
-168.1274828333333,-14.5460188333333,0 
-168.1275080000000,-14.5460231666667,0 
-168.1275228333333,-14.5460315000000,0 
-168.1274996666667,-14.5460271666667,0 
-168.1274930000000,-14.5460250000000,0 
-168.1275045000000,-14.5460268333333,0 
-168.1275090000000,-14.5460296666667,0 
-168.1274736666667,-14.5460220000000,0 
-168.1275006666667,-14.5460205000000,0 
-168.1274873333333,-14.5460166666667,0 
-168.1274823333333,-14.5460236666667,0 
-168.1274933333333,-14.5460308333333,0 
-168.1274833333333,-14.5460150000000,0 
-168.1274983333333,-14.5460276666667,0 
-168.1274898333333,-14.5460230000000,0 
-168.1275038333333,-14.5460246666667,0 
-168.1274896666667,-14.5460190000000,0 
-168.1275030000000,-14.5460268333333,0 
-168.1275198333333,-14.5460255000000,0 
-168.1275155000000,-14.5460283333333,0 
-168.1275241666667,-14.5460275000000,0 
-168.1275341666667,-14.5460378333333,0 
-168.1275226666667,-14.5460331666667,0 
-168.1275273333333,-14.5460320000000,0 
-168.1275400000000,-14.5460295000000,0 
-168.1275461666667,-14.5460296666667,0 
-168.1275450000000,-14.5460275000000,0 
-168.1275101666667,-14.5460225000000,0 
-168.1275410000000,-14.5460360000000,0 
-168.1275111666667,-14.5460178333333,0 
-168.1275415000000,-14.5460256666667,0 
-168.1275245000000,-14.5460286666667,0 
-168.1275083333333,-14.5460231666667,0 
-168.1275326666667,-14.5460293333333,0 
-168.1275366666667,-14.5460268333333,0 
-168.1275103333333,-14.5460180000000,0 
-168.1275361666667,-14.5460313333333,0 
-168.1275496666667,-14.5460300000000,0 
-168.1275071666667,-14.5460246666667,0 
-168.1275366666667,-14.5460271666667,0 
-168.1275085000000,-14.5460211666667,0 
-168.1275560000000,-14.5460405000000,0 
-168.1275040000000,-14.5460241666667,0 
-168.1275556666667,-14.5460151666667,0 
-168.1275358333333,-14.5460120000000,0 
-168.1275481666667,-14.5460208333333,0 
-168.1275540000000,-14.5460098333333,0 
-168.1275456666667,-14.5460291666667,0 
-168.1275265000000,-14.5460140000000,0 
-168.1275488333333,-14.5460243333333,0 
-168.1275423333333,-14.5460251666667,0 
-168.1275473333333,-14.5460286666667,0 
-168.1275155000000,-14.5460213333333,0 
-168.1275083333333,-14.5460195000000,0 
-168.1275243333333,-14.5460348333333,0 
-168.1275315000000,-14.5460341666667,0 
-168.1275070000000,-14.5460231666667,0 
-168.1275181666667,-14.5460335000000,0 
-168.1275065000000,-14.5460301666667,0 
-168.1275096666667,-14.5460320000000,0 
-168.1275360000000,-14.5460561666667,0 
-168.1275136666667,-14.5460416666667,0 
-168.1275366666667,-14.5460531666667,0 
-168.1275346666667,-14.5460585000000,0 
-168.1275425000000,-14.5460620000000,0 
-168.1274978333333,-14.5460605000000,0 
-168.1275181666667,-14.5460600000000,0 
-168.1274808333333,-14.5460356666667,0 
-168.1275171666667,-14.5460563333333,0 
-168.1274766666667,-14.5460366666667,0 
-168.1274975000000,-14.5460456666667,0 
-168.1274948333333,-14.5460501666667,0 
-168.1274706666667,-14.5460286666667,0 
-168.1275048333333,-14.5460448333333,0 
-168.1274681666667,-14.5460336666667,0 
-168.1275105000000,-14.5460543333333,0 
-168.1274971666667,-14.5460493333333,0 
-168.1275078333333,-14.5460511666667,0 
-168.1275041666667,-14.5460518333333,0 
-168.1274991666667,-14.5460478333333,0 
-168.1274686666667,-14.5460440000000,0 
-168.1275143333333,-14.5460540000000,0 
-168.1274788333333,-14.5460453333333,0 
-168.1274926666667,-14.5460440000000,0 
-168.1274728333333,-14.5460385000000,0 
-168.1275051666667,-14.5460448333333,0 
-168.1274900000000,-14.5460488333333,0 
-168.1275103333333,-14.5460371666667,0 
-168.1275053333333,-14.5460490000000,0 
-168.1275085000000,-14.5460470000000,0 
-168.1274611666667,-14.5460370000000,0 
-168.1275171666667,-14.5460465000000,0 
-168.1275036666667,-14.5460503333333,0 
-168.1275225000000,-14.5460455000000,0 
-168.1275121666667,-14.5460493333333,0 
-168.1274911666667,-14.5460468333333,0 
-168.1274735000000,-14.5460528333333,0 
-168.1274953333333,-14.5460530000000,0 
-168.1274781666667,-14.5460495000000,0 
-168.1275126666667,-14.5460525000000,0 
-168.1275141666667,-14.5460628333333,0 
-168.1274771666667,-14.5460388333333,0 
-168.1274910000000,-14.5460615000000,0 
-168.1275240000000,-14.5460550000000,0 
-168.1275056666667,-14.5460630000000,0 
-168.1274671666667,-14.5460293333333,0 
-168.1275053333333,-14.5460491666667,0 
-168.1274646666667,-14.5460556666667,0 
-168.1275413333333,-14.5460870000000,0 
-168.1275003333333,-14.5460781666667,0 
-168.1275770000000,-14.5460803333333,0 
-168.1275543333333,-14.5460735000000,0 
-168.1275548333333,-14.5460736666667,0 
-168.1275161666667,-14.5460866666667,0 
-168.1275231666667,-14.5461016666667,0 
-168.1275608333333,-14.5460916666667,0 
-168.1275190000000,-14.5460931666667,0 
-168.1275415000000,-14.5460921666667,0 
-168.1275403333333,-14.5460983333333,0 
-168.1275375000000,-14.5460870000000,0 
-168.1275253333333,-14.5461018333333,0 
-168.1275535000000,-14.5461000000000,0 
-168.1275525000000,-14.5460898333333,0 
-168.1275605000000,-14.5461168333333,0 
-168.1275363333333,-14.5461045000000,0 
-168.1275405000000,-14.5460823333333,0 
-168.1275283333333,-14.5460873333333,0 
-168.1275513333333,-14.5461018333333,0 
-168.1275695000000,-14.5461001666667,0 
-168.1275586666667,-14.5460951666667,0 
-168.1275213333333,-14.5460908333333,0 
-168.1275700000000,-14.5460961666667,0 
-168.1275111666667,-14.5460860000000,0 
-168.1275538333333,-14.5460990000000,0 
-168.1275638333333,-14.5460953333333,0 
-168.1275721666667,-14.5460981666667,0 
-168.1275411666667,-14.5460895000000,0 
-168.1275448333333,-14.5460871666667,0 
-168.1275320000000,-14.5460808333333,0 
-168.1275085000000,-14.5460860000000,0 
-168.1275600000000,-14.5460895000000,0 
-168.1275206666667,-14.5460870000000,0 
-168.1275563333333,-14.5460905000000,0 
-168.1275563333333,-14.5460856666667,0 
-168.1275740000000,-14.5460890000000,0 
-168.1275790000000,-14.5460910000000,0 
-168.1275896666667,-14.5460991666667,0 
-168.1275506666667,-14.5460723333333,0 
-168.1275723333333,-14.5460865000000,0 
-168.1275808333333,-14.5460773333333,0 
-168.1275908333333,-14.5460758333333,0 
-168.1275950000000,-14.5460791666667,0 
-168.1275986666667,-14.5460726666667,0 
-168.1275831666667,-14.5460798333333,0 
-168.1275885000000,-14.5460731666667,0 
-168.1275968333333,-14.5460786666667,0 
-168.1275726666667,-14.5460675000000,0 
-168.1275696666667,-14.5460736666667,0 
-168.1275960000000,-14.5460788333333,0 
-168.1275725000000,-14.5460695000000,0 
-168.1275918333333,-14.5460800000000,0 
-168.1275735000000,-14.5460691666667,0 
-168.1276000000000,-14.5460693333333,0 
-168.1275755000000,-14.5460718333333,0 
-168.1275835000000,-14.5460663333333,0 
-168.1275663333333,-14.5460811666667,0 
-168.1276051666667,-14.5460750000000,0 
-168.1275656666667,-14.5460800000000,0 
-168.1275658333333,-14.5460688333333,0 
-168.1275901666667,-14.5460781666667,0 
-168.1275701666667,-14.5460750000000,0 
-168.1275610000000,-14.5460700000000,0 
-168.1275815000000,-14.5460723333333,0 
-168.1275898333333,-14.5460758333333,0 
-168.1275956666667,-14.5460758333333,0 
-168.1275783333333,-14.5460665000000,0 
-168.1275625000000,-14.5460893333333,0 
-168.1275365000000,-14.5460815000000,0 
-168.1275531666667,-14.5460871666667,0 
-168.1275506666667,-14.5461018333333,0 
-168.1275621666667,-14.5460931666667,0 
-168.1275536666667,-14.5460881666667,0 
-168.1275988333333,-14.5460946666667,0 
-168.1275721666667,-14.5460970000000,0 
-168.1276093333333,-14.5460996666667,0 
-168.1275986666667,-14.5461038333333,0 
-168.1276083333333,-14.5460795000000,0 
-168.1276130000000,-14.5460833333333,0 
-168.1276296666667,-14.5460836666667,0 
-168.1276255000000,-14.5460873333333,0 
-168.1276166666667,-14.5460960000000,0 
-168.1276311666667,-14.5460965000000,0 
-168.1276070000000,-14.5460958333333,0 
-168.1276308333333,-14.5460955000000,0 
-168.1276191666667,-14.5461115000000,0 
-168.1275821666667,-14.5461213333333,0 
-168.1275881666667,-14.5461185000000,0 
-168.1275848333333,-14.5461296666667,0 
-168.1275905000000,-14.5461278333333,0 
-168.1275835000000,-14.5461305000000,0 
-168.1275888333333,-14.5461316666667,0 
-168.1275703333333,-14.5461351666667,0 
-168.1275938333333,-14.5461328333333,0 
-168.1275868333333,-14.5461251666667,0 
-168.1275921666667,-14.5461228333333,0 
-168.1276351666667,-14.5461236666667,0 
-168.1276508333333,-14.5461180000000,0 
-168.1276543333333,-14.5461110000000,0 
-168.1276548333333,-14.5461151666667,0 
-168.1276450000000,-14.5461073333333,0 
-168.1276555000000,-14.5461095000000,0 
-168.1276470000000,-14.5461121666667,0 
-168.1276098333333,-14.5461145000000,0 
-168.1276348333333,-14.5461241666667,0 
-168.1275746666667,-14.5461201666667,0 
-168.1276215000000,-14.5461173333333,0 
-168.1276230000000,-14.5461238333333,0 
-168.1276118333333,-14.5461233333333,0 
-168.1275950000000,-14.5461206666667,0 
-168.1276175000000,-14.5461200000000,0 
-168.1276213333333,-14.5461326666667,0 
-168.1276143333333,-14.5461198333333,0 
-168.1276333333333,-14.5461260000000,0 
-168.1276285000000,-14.5461206666667,0 
-168.1276048333333,-14.5461273333333,0 
-168.1276270000000,-14.5461190000000,0 
-168.1275896666667,-14.5461151666667,0 
-168.1276276666667,-14.5461200000000,0 
-168.1276246666667,-14.5461201666667,0 
-168.1276063333333,-14.5461090000000,0 
-168.1276465000000,-14.5461250000000,0 
-168.1276151666667,-14.5461140000000,0 
-168.1276143333333,-14.5461203333333,0 
-168.1276350000000,-14.5461158333333,0 
-168.1276120000000,-14.5461171666667,0 
-168.1276040000000,-14.5461156666667,0 
-168.1276133333333,-14.5461133333333,0 
-168.1276195000000,-14.5461155000000,0 
-168.1276118333333,-14.5461123333333,0 
-168.1276183333333,-14.5461096666667,0 
-168.1276360000000,-14.5461161666667,0 
-168.1276438333333,-14.5461241666667,0 
-168.1276140000000,-14.5461156666667,0 
-168.1276555000000,-14.5461226666667,0 
-168.1276173333333,-14.5461276666667,0 
-168.1276376666667,-14.5461246666667,0 
-168.1276131666667,-14.5461138333333,0 
-168.1276290000000,-14.5461165000000,0 
-168.1276536666667,-14.5461193333333,0 
-168.1276413333333,-14.5461066666667,0 
-168.1276556666667,-14.5461195000000,0 
-168.1276565000000,-14.5461160000000,0 
-168.1276583333333,-14.5461075000000,0 
-168.1276651666667,-14.5461075000000,0 
-168.1276645000000,-14.5460996666667,0 
-168.1276378333333,-14.5460946666667,0 
-168.1276603333333,-14.5460985000000,0 
-168.1276380000000,-14.5460988333333,0 
-168.1276323333333,-14.5460981666667,0 
-168.1276593333333,-14.5461070000000,0 
-168.1276353333333,-14.5461083333333,0 
-168.1276778333333,-14.5461075000000,0 
-168.1276206666667,-14.5461053333333,0 
-168.1276565000000,-14.5461000000000,0 
-168.1276325000000,-14.5461011666667,0 
-168.1276413333333,-14.5460911666667,0 
-168.1276563333333,-14.5461060000000,0 
-168.1276230000000,-14.5460935000000,0 
-168.1276523333333,-14.5461026666667,0 
-168.1276191666667,-14.5460960000000,0 
-168.1276571666667,-14.5460981666667,0 
-168.1276398333333,-14.5461028333333,0 
-168.1276686666667,-14.5460985000000,0 
-168.1276516666667,-14.5461033333333,0 
-168.1276500000000,-14.5460898333333,0 
-168.1276531666667,-14.5460896666667,0 
-168.1276510000000,-14.5460963333333,0 
-168.1276403333333,-14.5460983333333,0 
-168.1276386666667,-14.5460961666667,0 
-168.1276351666667,-14.5460925000000,0 
-168.1276263333333,-14.5460876666667,0 
-168.1276603333333,-14.5460875000000,0 
-168.1276226666667,-14.5460838333333,0 
-168.1276440000000,-14.5460933333333,0 
-168.1276320000000,-14.5460851666667,0 
-168.1276381666667,-14.5460931666667,0 
-168.1276223333333,-14.5460951666667,0 
-168.1276623333333,-14.5460996666667,0 
-168.1276161666667,-14.5460805000000,0 
-168.1276548333333,-14.5460926666667,0 
-168.1276231666667,-14.5460936666667,0 
-168.1276345000000,-14.5460985000000,0 
-168.1276493333333,-14.5461073333333,0 
-168.1276383333333,-14.5461101666667,0 
-168.1276405000000,-14.5461008333333,0 
-168.1276370000000,-14.5461011666667,0 
-168.1276488333333,-14.5461053333333,0 
-168.1276425000000,-14.5461296666667,0 
-168.1276410000000,-14.5461100000000,0 
-168.1276203333333,-14.5461131666667,0 
-168.1276620000000,-14.5460993333333,0 
-168.1276493333333,-14.5461071666667,0 
-168.1276355000000,-14.5460981666667,0 
-168.1276375000000,-14.5461073333333,0 
-168.1276388333333,-14.5461073333333,0 
-168.1276305000000,-14.5460990000000,0 
-168.1276621666667,-14.5461048333333,0 
-168.1276366666667,-14.5460980000000,0 
-168.1276453333333,-14.5460995000000,0 
-168.1276615000000,-14.5461081666667,0 
-168.1276303333333,-14.5460886666667,0 
-168.1276816666667,-14.5461105000000,0 
-168.1276371666667,-14.5461105000000,0 
-168.1276673333333,-14.5461021666667,0 
-168.1276488333333,-14.5461150000000,0 
-168.1276566666667,-14.5460981666667,0 
-168.1276803333333,-14.5461133333333,0 
-168.1276681666667,-14.5461031666667,0 
-168.1276748333333,-14.5461045000000,0 
-168.1276808333333,-14.5461050000000,0 
-168.1276663333333,-14.5461056666667,0 
-168.1276725000000,-14.5461111666667,0 
-168.1276751666667,-14.5461111666667,0 
-168.1276780000000,-14.5461138333333,0 
-168.1276598333333,-14.5461103333333,0 
-168.1276916666667,-14.5461316666667,0 
-168.1276975000000,-14.5461240000000,0 
-168.1276815000000,-14.5461211666667,0 
-168.1276878333333,-14.5461315000000,0 
-168.1276595000000,-14.5461201666667,0 
-168.1276761666667,-14.5461323333333,0 
-168.1276583333333,-14.5461298333333,0 
-168.1276825000000,-14.5461353333333,0 
-168.1276535000000,-14.5461293333333,0 
-168.1276751666667,-14.5461261666667,0 
-168.1276638333333,-14.5461315000000,0 
-168.1276708333333,-14.5461235000000,0 
-168.1276740000000,-14.5461311666667,0 
-168.1276590000000,-14.5461225000000,0 
-168.1276621666667,-14.5461116666667,0 
-168.1276975000000,-14.5461370000000,0 
-168.1276698333333,-14.5461226666667,0 
-168.1276963333333,-14.5461315000000,0 
-168.1276495000000,-14.5461181666667,0 
-168.1276833333333,-14.5461306666667,0 
-168.1276760000000,-14.5461273333333,0 
-168.1276746666667,-14.5461243333333,0 
-168.1276766666667,-14.5461285000000,0 
-168.1276693333333,-14.5461293333333,0 
-168.1276636666667,-14.5461323333333,0 
-168.1276615000000,-14.5461288333333,0 
-168.1276578333333,-14.5461291666667,0 
-168.1276706666667,-14.5461303333333,0 
-168.1276413333333,-14.5461286666667,0 
-168.1276343333333,-14.5461196666667,0 
-168.1276803333333,-14.5461313333333,0 
-168.1276228333333,-14.5461203333333,0 
-168.1276646666667,-14.5461270000000,0 
-168.1276503333333,-14.5461213333333,0 
-168.1276598333333,-14.5461295000000,0 
-168.1276535000000,-14.5461175000000,0 
-168.1276748333333,-14.5461211666667,0 
-168.1276620000000,-14.5461273333333,0 
-168.1276645000000,-14.5461193333333,0 
-168.1276546666667,-14.5461200000000,0 
-168.1276476666667,-14.5461178333333,0 
-168.1276406666667,-14.5461165000000,0 
-168.1276363333333,-14.5461220000000,0 
-168.1276556666667,-14.5461231666667,0 
-168.1276673333333,-14.5461176666667,0 
-168.1276706666667,-14.5461273333333,0 
-168.1276390000000,-14.5461128333333,0 
-168.1276653333333,-14.5461298333333,0 
-168.1276240000000,-14.5461106666667,0 
-168.1276570000000,-14.5461185000000,0 
-168.1276246666667,-14.5461133333333,0 
-168.1276610000000,-14.5461276666667,0 
-168.1276536666667,-14.5461328333333,0 
-168.1276670000000,-14.5461230000000,0 
-168.1276428333333,-14.5461276666667,0 
-168.1276535000000,-14.5461273333333,0 
-168.1276633333333,-14.5461285000000,0 
-168.1276253333333,-14.5461296666667,0 
-168.1276460000000,-14.5461275000000,0 
-168.1276618333333,-14.5461375000000,0 
-168.1276545000000,-14.5461255000000,0 
-168.1276683333333,-14.5461280000000,0 
-168.1276800000000,-14.5461278333333,0 
-168.1276778333333,-14.5461253333333,0 
-168.1276758333333,-14.5461238333333,0 
-168.1276838333333,-14.5461348333333,0 
-168.1276963333333,-14.5461340000000,0 
-168.1276831666667,-14.5461328333333,0 
-168.1276901666667,-14.5461326666667,0 
-168.1276941666667,-14.5461286666667,0 
-168.1276911666667,-14.5461308333333,0 
-168.1277043333333,-14.5461236666667,0 
-168.1277133333333,-14.5461375000000,0 
-168.1276841666667,-14.5461163333333,0 
-168.1277223333333,-14.5461280000000,0 
-168.1276846666667,-14.5461278333333,0 
-168.1277101666667,-14.5461243333333,0 
-168.1277116666667,-14.5461370000000,0 
-168.1277021666667,-14.5461311666667,0 
-168.1277098333333,-14.5461376666667,0 
-168.1277085000000,-14.5461291666667,0 
-168.1277061666667,-14.5461291666667,0 
-168.1277150000000,-14.5461400000000,0 
-168.1277101666667,-14.5461318333333,0 
-168.1277253333333,-14.5461351666667,0 
-168.1277130000000,-14.5461368333333,0 
-168.1277300000000,-14.5461385000000,0 
-168.1277025000000,-14.5461291666667,0 
-168.1277321666667,-14.5461360000000,0 
-168.1277045000000,-14.5461266666667,0 
-168.1277486666667,-14.5461458333333,0 
-168.1277160000000,-14.5461375000000,0 
-168.1277138333333,-14.5461435000000,0 
-168.1277120000000,-14.5461411666667,0 
-168.1277331666667,-14.5461450000000,0 
-168.1277038333333,-14.5461335000000,0 
-168.1277263333333,-14.5461520000000,0 
-168.1277158333333,-14.5461470000000,0 
-168.1277121666667,-14.5461490000000,0 
-168.1277251666667,-14.5461483333333,0 
-168.1277101666667,-14.5461451666667,0 
-168.1276918333333,-14.5461351666667,0 
-168.1277391666667,-14.5461488333333,0 
-168.1277120000000,-14.5461466666667,0 
-168.1277340000000,-14.5461445000000,0 
-168.1276995000000,-14.5461466666667,0 
-168.1277068333333,-14.5461435000000,0 
-168.1277080000000,-14.5461406666667,0 
-168.1277163333333,-14.5461511666667,0 
-168.1276971666667,-14.5461451666667,0 
-168.1277105000000,-14.5461495000000,0 
-168.1277041666667,-14.5461500000000,0 
-168.1277096666667,-14.5461455000000,0 
-168.1276916666667,-14.5461493333333,0 
-168.1276716666667,-14.5461513333333,0 
-168.1276835000000,-14.5461495000000,0 
-168.1276880000000,-14.5461538333333,0 
-168.1276896666667,-14.5461471666667,0 
-168.1276700000000,-14.5461491666667,0 
-168.1276971666667,-14.5461515000000,0 
-168.1276765000000,-14.5461515000000,0 
-168.1276945000000,-14.5461620000000,0 
-168.1276766666667,-14.5461460000000,0 
-168.1276953333333,-14.5461521666667,0 
-168.1276975000000,-14.5461591666667,0 
-168.1276973333333,-14.5461536666667,0 
-168.1276906666667,-14.5461521666667,0 
-168.1276913333333,-14.5461513333333,0 
-168.1276886666667,-14.5461523333333,0 
-168.1276905000000,-14.5461471666667,0 
-168.1276666666667,-14.5461526666667,0 
-168.1276970000000,-14.5461595000000,0 
-168.1276910000000,-14.5461595000000,0 
-168.1276821666667,-14.5461446666667,0 
-168.1276635000000,-14.5461455000000,0 
-168.1276836666667,-14.5461526666667,0 
-168.1276760000000,-14.5461625000000,0 
-168.1276701666667,-14.5461676666667,0 
-168.1276950000000,-14.5461660000000,0 
-168.1277003333333,-14.5461710000000,0 
-168.1277010000000,-14.5461510000000,0 
-168.1276583333333,-14.5461601666667,0 
-168.1277011666667,-14.5461586666667,0 
-168.1276661666667,-14.5461505000000,0 
-168.1276568333333,-14.5461535000000,0 
-168.1276711666667,-14.5461621666667,0 
-168.1276678333333,-14.5461493333333,0 
-168.1276530000000,-14.5461443333333,0 
-168.1276781666667,-14.5461351666667,0 
-168.1276663333333,-14.5461383333333,0 
-168.1276803333333,-14.5461435000000,0 
-168.1276486666667,-14.5461438333333,0 
-168.1277155000000,-14.5461380000000,0 
-168.1277275000000,-14.5461326666667,0 
-168.1277405000000,-14.5461405000000,0 
-168.1277101666667,-14.5461421666667,0 
-168.1277325000000,-14.5461570000000,0 
-168.1277083333333,-14.5461298333333,0 
-168.1277363333333,-14.5461455000000,0 
-168.1277380000000,-14.5461501666667,0 
-168.1277366666667,-14.5461446666667,0 
-168.1277331666667,-14.5461500000000,0 
-168.1277513333333,-14.5461483333333,0 
-168.1277330000000,-14.5461375000000,0 
-168.1277488333333,-14.5461443333333,0 
-168.1277478333333,-14.5461516666667,0 
-168.1277605000000,-14.5461490000000,0 
-168.1277650000000,-14.5461560000000,0 
-168.1277881666667,-14.5461556666667,0 
-168.1277720000000,-14.5461443333333,0 
-168.1277911666667,-14.5461510000000,0 
-168.1277825000000,-14.5461580000000,0 
-168.1277900000000,-14.5461573333333,0 
-168.1277768333333,-14.5461756666667,0 
-168.1277978333333,-14.5461748333333,0 
-168.1277795000000,-14.5461940000000,0 
-168.1277965000000,-14.5461948333333,0 
-168.1277836666667,-14.5462021666667,0 
-168.1277935000000,-14.5462045000000,0 
-168.1277611666667,-14.5461970000000,0 
-168.1277728333333,-14.5462103333333,0 
-168.1277823333333,-14.5461993333333,0 
-168.1277848333333,-14.5462250000000,0 
-168.1277635000000,-14.5462111666667,0 
-168.1277606666667,-14.5462245000000,0 
-168.1277761666667,-14.5462218333333,0 
-168.1277720000000,-14.5462176666667,0 
-168.1277963333333,-14.5462278333333,0 
-168.1277763333333,-14.5462291666667,0 
-168.1277931666667,-14.5462311666667,0 
-168.1277608333333,-14.5462303333333,0 
-168.1277776666667,-14.5462281666667,0 
-168.1277768333333,-14.5462276666667,0 
-168.1277715000000,-14.5462270000000,0 
-168.1277671666667,-14.5462298333333,0 
-168.1277631666667,-14.5462285000000,0 
-168.1277408333333,-14.5462291666667,0 
-168.1277770000000,-14.5462380000000,0 
-168.1277618333333,-14.5462380000000,0 
-168.1277523333333,-14.5462390000000,0 
-168.1277688333333,-14.5462511666667,0 
-168.1277558333333,-14.5462526666667,0 
-168.1277795000000,-14.5462708333333,0 
-168.1277796666667,-14.5462608333333,0 
-168.1277876666667,-14.5462630000000,0 
-168.1277745000000,-14.5462633333333,0 
-168.1277996666667,-14.5462648333333,0 
-168.1277921666667,-14.5462578333333,0 
-168.1277913333333,-14.5462475000000,0 
-168.1278090000000,-14.5462643333333,0 
-168.1277903333333,-14.5462496666667,0 
-168.1277968333333,-14.5462453333333,0 
-168.1278066666667,-14.5462525000000,0 
-168.1277866666667,-14.5462558333333,0 
-168.1278115000000,-14.5462598333333,0 
-168.1277963333333,-14.5462441666667,0 
-168.1277990000000,-14.5462695000000,0 
-168.1277735000000,-14.5462575000000,0 
-168.1277918333333,-14.5462618333333,0 
-168.1277898333333,-14.5462616666667,0 
-168.1277725000000,-14.5462645000000,0 
-168.1277991666667,-14.5462630000000,0 
-168.1277890000000,-14.5462643333333,0 
-168.1277748333333,-14.5462598333333,0 
-168.1278010000000,-14.5462561666667,0 
-168.1277931666667,-14.5462586666667,0 
-168.1278005000000,-14.5462603333333,0 
-168.1277953333333,-14.5462568333333,0 
-168.1277826666667,-14.5462500000000,0 
-168.1277871666667,-14.5462475000000,0 
-168.1277933333333,-14.5462538333333,0 
-168.1277925000000,-14.5462410000000,0 
-168.1278026666667,-14.5462506666667,0 
-168.1277891666667,-14.5462466666667,0 
-168.1278010000000,-14.5462531666667,0 
-168.1277970000000,-14.5462460000000,0 
-168.1277905000000,-14.5462493333333,0 
-168.1278258333333,-14.5462430000000,0 
-168.1277996666667,-14.5462573333333,0 
-168.1277918333333,-14.5462670000000,0 
-168.1277801666667,-14.5462671666667,0 
-168.1277768333333,-14.5462711666667,0 
-168.1278005000000,-14.5462701666667,0 
-168.1278148333333,-14.5462640000000,0 
-168.1278251666667,-14.5462678333333,0 
-168.1278220000000,-14.5462616666667,0 
-168.1278118333333,-14.5462636666667,0 
-168.1278460000000,-14.5462763333333,0 
-168.1278136666667,-14.5462673333333,0 
-168.1278345000000,-14.5462788333333,0 
-168.1278213333333,-14.5462653333333,0 
-168.1278441666667,-14.5462675000000,0 
-168.1278415000000,-14.5462730000000,0 
-168.1278408333333,-14.5462745000000,0 
-168.1278533333333,-14.5462841666667,0 
-168.1278681666667,-14.5462811666667,0 
-168.1278505000000,-14.5462823333333,0 
-168.1278725000000,-14.5462891666667,0 
-168.1278725000000,-14.5462903333333,0 
-168.1278583333333,-14.5462870000000,0 
-168.1278825000000,-14.5462908333333,0 
-168.1278770000000,-14.5462908333333,0 
-168.1278733333333,-14.5462843333333,0 
-168.1278691666667,-14.5462935000000,0 
-168.1278800000000,-14.5463033333333,0 
-168.1278776666667,-14.5463065000000,0 
-168.1278790000000,-14.5463021666667,0 
-168.1278498333333,-14.5463006666667,0 
-168.1278908333333,-14.5463160000000,0 
-168.1278476666667,-14.5462993333333,0 
-168.1278973333333,-14.5463116666667,0 
-168.1278483333333,-14.5463011666667,0 
-168.1278978333333,-14.5463083333333,0 
-168.1278778333333,-14.5463016666667,0 
-168.1278660000000,-14.5463046666667,0 
-168.1278795000000,-14.5463048333333,0 
-168.1278618333333,-14.5463036666667,0 
-168.1278790000000,-14.5463131666667,0 
-168.1278691666667,-14.5463156666667,0 
-168.1278896666667,-14.5463131666667,0 
-168.1278498333333,-14.5463028333333,0 
-168.1279000000000,-14.5463021666667,0 
-168.1278855000000,-14.5463040000000,0 
-168.1278913333333,-14.5462905000000,0 
-168.1278808333333,-14.5462971666667,0 
-168.1278891666667,-14.5462983333333,0 
-168.1278548333333,-14.5463053333333,0 
-168.1278633333333,-14.5463025000000,0 
-168.1278776666667,-14.5463016666667,0 
-168.1278761666667,-14.5462980000000,0 
-168.1278733333333,-14.5463038333333,0 
-168.1278858333333,-14.5463033333333,0 
-168.1278886666667,-14.5463073333333,0 
-168.1278771666667,-14.5463028333333,0 
-168.1278788333333,-14.5463028333333,0 
-168.1278956666667,-14.5463081666667,0 
-168.1278825000000,-14.5463003333333,0 
-168.1279143333333,-14.5463148333333,0 
-168.1279050000000,-14.5463078333333,0 
-168.1278933333333,-14.5463103333333,0 
-168.1279090000000,-14.5462868333333,0 
-168.1279020000000,-14.5462845000000,0 
-168.1278956666667,-14.5462905000000,0 
-168.1278888333333,-14.5462803333333,0 
-168.1278681666667,-14.5462845000000,0 
-168.1278960000000,-14.5462981666667,0 
-168.1278913333333,-14.5462915000000,0 
-168.1278890000000,-14.5462900000000,0 
-168.1279128333333,-14.5462883333333,0 
-168.1278958333333,-14.5463013333333,0 
-168.1278998333333,-14.5462828333333,0 
-168.1278770000000,-14.5462911666667,0 
-168.1279191666667,-14.5463071666667,0 
-168.1278995000000,-14.5463053333333,0 
-168.1279525000000,-14.5463015000000,0 
-168.1279046666667,-14.5463161666667,0 
-168.1279253333333,-14.5463005000000,0 
-168.1279175000000,-14.5463103333333,0 
-168.1279321666667,-14.5463131666667,0 
-168.1279426666667,-14.5463218333333,0 
-168.1279401666667,-14.5463195000000,0 
-168.1279583333333,-14.5463146666667,0 
-168.1279315000000,-14.5463231666667,0 
-168.1279593333333,-14.5463160000000,0 
-168.1279343333333,-14.5463155000000,0 
-168.1279361666667,-14.5463140000000,0 
-168.1279418333333,-14.5463188333333,0 
-168.1279461666667,-14.5463160000000,0 
-168.1279296666667,-14.5463185000000,0 
-168.1279628333333,-14.5463210000000,0 
-168.1279391666667,-14.5463213333333,0 
-168.1279530000000,-14.5463121666667,0 
-168.1279380000000,-14.5463183333333,0 
-168.1279635000000,-14.5463208333333,0 
-168.1279423333333,-14.5463203333333,0 
-168.1279410000000,-14.5463251666667,0 
-168.1279438333333,-14.5463171666667,0 
-168.1279566666667,-14.5463413333333,0 
-168.1279365000000,-14.5463200000000,0 
-168.1279508333333,-14.5463351666667,0 
-168.1279353333333,-14.5463221666667,0 
-168.1279416666667,-14.5463351666667,0 
-168.1279280000000,-14.5463271666667,0 
-168.1279593333333,-14.5463308333333,0 
-168.1279060000000,-14.5463263333333,0 
-168.1279580000000,-14.5463240000000,0 
-168.1279458333333,-14.5463231666667,0 
-168.1279386666667,-14.5463201666667,0 
-168.1279350000000,-14.5463258333333,0 
-168.1279286666667,-14.5463125000000,0 
-168.1279571666667,-14.5463260000000,0 
-168.1279536666667,-14.5463208333333,0 
-168.1279241666667,-14.5463178333333,0 
-168.1279428333333,-14.5463140000000,0 
-168.1279660000000,-14.5463311666667,0 
-168.1279238333333,-14.5463188333333,0 
-168.1279383333333,-14.5463186666667,0 
-168.1279385000000,-14.5463076666667,0 
-168.1279163333333,-14.5463226666667,0 
-168.1279458333333,-14.5463120000000,0 
-168.1279393333333,-14.5463190000000,0 
-168.1279265000000,-14.5463128333333,0 
-168.1279346666667,-14.5463098333333,0 
-168.1279346666667,-14.5463166666667,0 
-168.1279600000000,-14.5463226666667,0 
-168.1279166666667,-14.5463176666667,0 
-168.1279548333333,-14.5463113333333,0 
-168.1279238333333,-14.5463211666667,0 
-168.1279216666667,-14.5463285000000,0 
-168.1279130000000,-14.5463325000000,0 
-168.1279146666667,-14.5463356666667,0 
-168.1279063333333,-14.5463423333333,0 
-168.1278975000000,-14.5463175000000,0 
-168.1279103333333,-14.5463306666667,0 
-168.1279230000000,-14.5463425000000,0 
-168.1279191666667,-14.5463473333333,0 
-168.1279195000000,-14.5463458333333,0 
-168.1278923333333,-14.5463473333333,0 
-168.1279421666667,-14.5463438333333,0 
-168.1278746666667,-14.5463460000000,0 
-168.1279360000000,-14.5463540000000,0 
-168.1278913333333,-14.5463481666667,0 
-168.1279330000000,-14.5463461666667,0 
-168.1279171666667,-14.5463461666667,0 
-168.1279335000000,-14.5463518333333,0 
-168.1279240000000,-14.5463533333333,0 
-168.1279155000000,-14.5463380000000,0 
-168.1279500000000,-14.5463470000000,0 
-168.1279336666667,-14.5463513333333,0 
-168.1279245000000,-14.5463493333333,0 
-168.1279285000000,-14.5463506666667,0 
-168.1279363333333,-14.5463413333333,0 
-168.1279473333333,-14.5463435000000,0 
-168.1279443333333,-14.5463435000000,0 
-168.1279141666667,-14.5463748333333,0 
-168.1279233333333,-14.5463360000000,0 
-168.1279321666667,-14.5463291666667,0 
-168.1279505000000,-14.5463503333333,0 
-168.1279323333333,-14.5463341666667,0 
-168.1279423333333,-14.5463361666667,0 
-168.1279070000000,-14.5463185000000,0 
-168.1279641666667,-14.5463235000000,0 
-168.1279085000000,-14.5463356666667,0 
-168.1279113333333,-14.5463293333333,0 
-168.1279445000000,-14.5463336666667,0 
-168.1279181666667,-14.5463330000000,0 
-168.1279266666667,-14.5463528333333,0 
-168.1279145000000,-14.5463495000000,0 
-168.1279338333333,-14.5463303333333,0 
-168.1279440000000,-14.5463550000000,0 
-168.1279183333333,-14.5463433333333,0 
-168.1279345000000,-14.5463520000000,0 
-168.1279015000000,-14.5463483333333,0 
-168.1279481666667,-14.5463428333333,0 
-168.1279413333333,-14.5463608333333,0 
-168.1279143333333,-14.5463361666667,0 
-168.1279450000000,-14.5463473333333,0 
-168.1279410000000,-14.5463486666667,0 
-168.1279258333333,-14.5463420000000,0 
-168.1279446666667,-14.5463541666667,0 
-168.1279301666667,-14.5463446666667,0 
-168.1279493333333,-14.5463516666667,0 
-168.1279241666667,-14.5463481666667,0 
-168.1279400000000,-14.5463466666667,0 
-168.1279586666667,-14.5463486666667,0 
-168.1279316666667,-14.5463448333333,0 
-168.1279433333333,-14.5463446666667,0 
-168.1279455000000,-14.5463480000000,0 
-168.1279463333333,-14.5463470000000,0 
-168.1279423333333,-14.5463596666667,0 
-168.1279451666667,-14.5463506666667,0 
-168.1279140000000,-14.5463483333333,0 
-168.1279418333333,-14.5463358333333,0 
-168.1279306666667,-14.5463466666667,0 
-168.1279383333333,-14.5463490000000,0 
-168.1279273333333,-14.5463303333333,0 
-168.1279451666667,-14.5463426666667,0 
-168.1279328333333,-14.5463448333333,0 
-168.1279463333333,-14.5463413333333,0 
-168.1279346666667,-14.5463425000000,0 
-168.1279200000000,-14.5463363333333,0 
-168.1279510000000,-14.5463418333333,0 
-168.1279446666667,-14.5463425000000,0 
-168.1279511666667,-14.5463440000000,0 
-168.1279218333333,-14.5463361666667,0 
-168.1279595000000,-14.5463505000000,0 
-168.1279288333333,-14.5463463333333,0 
-168.1279528333333,-14.5463468333333,0 
-168.1279461666667,-14.5463520000000,0 
-168.1279410000000,-14.5463433333333,0 
-168.1279203333333,-14.5463381666667,0 
-168.1279385000000,-14.5463426666667,0 
-168.1279393333333,-14.5463445000000,0 
-168.1279298333333,-14.5463481666667,0 
-168.1279081666667,-14.5463313333333,0 
-168.1279498333333,-14.5463476666667,0 
-168.1279278333333,-14.5463431666667,0 
-168.1279270000000,-14.5463528333333,0 
-168.1279135000000,-14.5463451666667,0 
-168.1279588333333,-14.5463446666667,0 
-168.1279555000000,-14.5463428333333,0 
-168.1279523333333,-14.5463506666667,0 
-168.1279676666667,-14.5463458333333,0 
-168.1279315000000,-14.5463238333333,0 
-168.1279565000000,-14.5463416666667,0 
-168.1279473333333,-14.5463406666667,0 
-168.1279400000000,-14.5463441666667,0 
-168.1279610000000,-14.5463343333333,0 
-168.1279481666667,-14.5463425000000,0 
-168.1279251666667,-14.5463341666667,0 
-168.1279488333333,-14.5463410000000,0 
-168.1279571666667,-14.5463543333333,0 
-168.1279351666667,-14.5463458333333,0 
-168.1279476666667,-14.5463561666667,0 
-168.1279180000000,-14.5463516666667,0 
-168.1279588333333,-14.5463501666667,0 
-168.1279161666667,-14.5463461666667,0 
-168.1279470000000,-14.5463466666667,0 
-168.1279288333333,-14.5463488333333,0 
-168.1279291666667,-14.5463468333333,0 
-168.1279253333333,-14.5463476666667,0 
-168.1279201666667,-14.5463416666667,0 
-168.1279560000000,-14.5463458333333,0 
-168.1279273333333,-14.5463430000000,0 
-168.1279358333333,-14.5463348333333,0 
-168.1279038333333,-14.5463293333333,0 
-168.1279471666667,-14.5463391666667,0 
-168.1279228333333,-14.5463395000000,0 
-168.1279266666667,-14.5463320000000,0 
-168.1279253333333,-14.5463301666667,0 
-168.1279056666667,-14.5463350000000,0 
-168.1279378333333,-14.5463360000000,0 
-168.1279310000000,-14.5463386666667,0 
-168.1279318333333,-14.5463393333333,0 
-168.1279361666667,-14.5463346666667,0 
-168.1279048333333,-14.5463233333333,0 
-168.1279223333333,-14.5463348333333,0 
-168.1279155000000,-14.5463276666667,0 
-168.1279338333333,-14.5463406666667,0 
-168.1279288333333,-14.5463348333333,0 
-168.1279091666667,-14.5463311666667,0 
-168.1279151666667,-14.5463263333333,0 
-168.1279020000000,-14.5463251666667,0 
-168.1279183333333,-14.5463323333333,0 
-168.1279060000000,-14.5463231666667,0 
-168.1279248333333,-14.5463291666667,0 
-168.1279061666667,-14.5463311666667,0 
-168.1279310000000,-14.5463411666667,0 
-168.1278968333333,-14.5463281666667,0 
-168.1279068333333,-14.5463391666667,0 
-168.1279276666667,-14.5463471666667,0 
-168.1278921666667,-14.5463361666667,0 
-168.1279163333333,-14.5463460000000,0 
-168.1279110000000,-14.5463556666667,0 
-168.1279066666667,-14.5463440000000,0 
-168.1278991666667,-14.5463413333333,0 
-168.1278973333333,-14.5463313333333,0 
-168.1279235000000,-14.5463476666667,0 
-168.1279206666667,-14.5463451666667,0 
-168.1279020000000,-14.5463470000000,0 
-168.1279296666667,-14.5463533333333,0 
-168.1278978333333,-14.5463481666667,0 
-168.1279305000000,-14.5463551666667,0 
-168.1278971666667,-14.5463426666667,0 
-168.1279101666667,-14.5463561666667,0 
-168.1279165000000,-14.5463598333333,0 
-168.1279291666667,-14.5463516666667,0 
-168.1279008333333,-14.5463610000000,0 
-168.1279008333333,-14.5463476666667,0 
-168.1279120000000,-14.5463560000000,0 
-168.1279020000000,-14.5463481666667,0 
-168.1278976666667,-14.5463550000000,0 
-168.1279040000000,-14.5463590000000,0 
-168.1279046666667,-14.5463541666667,0 
-168.1279115000000,-14.5463585000000,0 
-168.1278931666667,-14.5463483333333,0 
-168.1278831666667,-14.5463558333333,0 
-168.1278805000000,-14.5463503333333,0 
-168.1279126666667,-14.5463533333333,0 
-168.1278825000000,-14.5463455000000,0 
-168.1279255000000,-14.5463596666667,0 
-168.1278746666667,-14.5463508333333,0 
-168.1279273333333,-14.5463626666667,0 
-168.1278821666667,-14.5463570000000,0 
-168.1279251666667,-14.5463596666667,0 
-168.1278746666667,-14.5463468333333,0 
-168.1279095000000,-14.5463503333333,0 
-168.1278778333333,-14.5463431666667,0 
-168.1278866666667,-14.5463458333333,0 
-168.1278956666667,-14.5463523333333,0 
-168.1278841666667,-14.5463525000000,0 
-168.1278868333333,-14.5463518333333,0 
-168.1279046666667,-14.5463458333333,0 
-168.1278928333333,-14.5463531666667,0 
-168.1279121666667,-14.5463501666667,0 
-168.1279225000000,-14.5463603333333,0 
-168.1279386666667,-14.5463563333333,0 
-168.1279115000000,-14.5463560000000,0 
-168.1279423333333,-14.5463666666667,0 
-168.1279016666667,-14.5463553333333,0 
-168.1279365000000,-14.5463783333333,0 
-168.1279073333333,-14.5463658333333,0 
-168.1279450000000,-14.5463701666667,0 
-168.1279355000000,-14.5463661666667,0 
-168.1279300000000,-14.5463773333333,0 
-168.1279371666667,-14.5463803333333,0 
-168.1279173333333,-14.5463815000000,0 
-168.1279260000000,-14.5463753333333,0 
-168.1278991666667,-14.5463691666667,0 
-168.1279180000000,-14.5463731666667,0 
-168.1279240000000,-14.5463415000000,0 
-168.1279355000000,-14.5463391666667,0 
-168.1279360000000,-14.5463438333333,0 
-168.1279421666667,-14.5463441666667,0 
-168.1279536666667,-14.5463403333333,0 
-168.1279451666667,-14.5463531666667,0 
-168.1279428333333,-14.5463421666667,0 
-168.1279481666667,-14.5463473333333,0 
-168.1279281666667,-14.5463458333333,0 
-168.1279486666667,-14.5463461666667,0 
-168.1279361666667,-14.5463543333333,0 
-168.1279366666667,-14.5463415000000,0 
-168.1279521666667,-14.5463600000000,0 
-168.1279233333333,-14.5463380000000,0 
-168.1279445000000,-14.5463415000000,0 
-168.1279405000000,-14.5463455000000,0 
-168.1279526666667,-14.5463471666667,0 
-168.1279523333333,-14.5463553333333,0 
-168.1279393333333,-14.5463406666667,0 
-168.1279595000000,-14.5463518333333,0 
-168.1279420000000,-14.5463445000000,0 
-168.1279655000000,-14.5463506666667,0 
-168.1279381666667,-14.5463440000000,0 
-168.1279403333333,-14.5463473333333,0 
-168.1279465000000,-14.5463480000000,0 
-168.1279383333333,-14.5463411666667,0 
-168.1279410000000,-14.5463500000000,0 
-168.1279363333333,-14.5463415000000,0 
-168.1279271666667,-14.5463440000000,0 
-168.1279541666667,-14.5463478333333,0 
-168.1279563333333,-14.5463540000000,0 
-168.1279546666667,-14.5463550000000,0 
-168.1279536666667,-14.5463520000000,0 
-168.1279536666667,-14.5463466666667,0 
-168.1279516666667,-14.5463646666667,0 
-168.1279431666667,-14.5463688333333,0 
-168.1279168333333,-14.5463663333333,0 
-168.1279485000000,-14.5463811666667,0 
-168.1279025000000,-14.5463765000000,0 
-168.1279155000000,-14.5463726666667,0 
-168.1279128333333,-14.5463630000000,0 
-168.1279110000000,-14.5463635000000,0 
-168.1279336666667,-14.5463655000000,0 
-168.1279268333333,-14.5463633333333,0 
-168.1279426666667,-14.5463675000000,0 
-168.1279223333333,-14.5463616666667,0 
-168.1279306666667,-14.5463650000000,0 
-168.1279465000000,-14.5463813333333,0 
-168.1279263333333,-14.5463728333333,0 
-168.1279508333333,-14.5463856666667,0 
-168.1279361666667,-14.5463856666667,0 
-168.1279540000000,-14.5463948333333,0 
-168.1279371666667,-14.5464018333333,0 
-168.1279375000000,-14.5464126666667,0 
-168.1279396666667,-14.5464025000000,0 
-168.1279471666667,-14.5464090000000,0 
-168.1279433333333,-14.5464173333333,0 
-168.1279558333333,-14.5464123333333,0 
-168.1279421666667,-14.5464146666667,0 
-168.1279346666667,-14.5464221666667,0 
-168.1279448333333,-14.5464215000000,0 
-168.1279336666667,-14.5464238333333,0 
-168.1279400000000,-14.5464261666667,0 
-168.1279383333333,-14.5464295000000,0 
-168.1279513333333,-14.5464350000000,0 
-168.1279248333333,-14.5464351666667,0 
-168.1279576666667,-14.5464398333333,0 
-168.1279488333333,-14.5464426666667,0 
-168.1279671666667,-14.5464495000000,0 
-168.1279266666667,-14.5464313333333,0 
-168.1279571666667,-14.5464418333333,0 
-168.1279516666667,-14.5464348333333,0 
-168.1279226666667,-14.5464330000000,0 
-168.1279555000000,-14.5464423333333,0 
-168.1279330000000,-14.5464365000000,0 
-168.1279425000000,-14.5464278333333,0 
-168.1279595000000,-14.5464190000000,0 
-168.1279668333333,-14.5464285000000,0 
-168.1279726666667,-14.5464330000000,0 
-168.1279826666667,-14.5464381666667,0 
-168.1279876666667,-14.5464501666667,0 
-168.1279828333333,-14.5464308333333,0 
-168.1279881666667,-14.5464405000000,0 
-168.1280126666667,-14.5464511666667,0 
-168.1280123333333,-14.5464501666667,0 
-168.1280065000000,-14.5464396666667,0 
-168.1279941666667,-14.5464390000000,0 
-168.1280266666667,-14.5464371666667,0 
-168.1280145000000,-14.5464398333333,0 
-168.1280253333333,-14.5464356666667,0 
-168.1280436666667,-14.5464391666667,0 
-168.1280108333333,-14.5464238333333,0 
-168.1280631666667,-14.5464330000000,0 
-168.1280321666667,-14.5464303333333,0 
-168.1280538333333,-14.5464341666667,0 
-168.1280573333333,-14.5464410000000,0 
-168.1280533333333,-14.5464381666667,0 
-168.1280626666667,-14.5464503333333,0 
-168.1280763333333,-14.5464441666667,0 
-168.1280713333333,-14.5464416666667,0 
-168.1280733333333,-14.5464445000000,0 
-168.1280626666667,-14.5464440000000,0 
-168.1280420000000,-14.5464381666667,0 
-168.1280635000000,-14.5464403333333,0 
-168.1280533333333,-14.5464351666667,0 
-168.1280613333333,-14.5464421666667,0 
-168.1280508333333,-14.5464365000000,0 
-168.1280510000000,-14.5464443333333,0 
-168.1280795000000,-14.5464495000000,0 
-168.1280573333333,-14.5464415000000,0 
-168.1280748333333,-14.5464408333333,0 
-168.1280506666667,-14.5464380000000,0 
-168.1280866666667,-14.5464380000000,0 
-168.1280591666667,-14.5464268333333,0 
-168.1280708333333,-14.5464328333333,0 
-168.1280695000000,-14.5464261666667,0 
-168.1280875000000,-14.5464328333333,0 
-168.1280788333333,-14.5464223333333,0 
-168.1280846666667,-14.5464260000000,0 
-168.1280881666667,-14.5464341666667,0 
-168.1280871666667,-14.5464276666667,0 
-168.1280928333333,-14.5464420000000,0 
-168.1280738333333,-14.5464423333333,0 
-168.1280876666667,-14.5464455000000,0 
-168.1280588333333,-14.5464425000000,0 
-168.1280963333333,-14.5464390000000,0 
-168.1280580000000,-14.5464335000000,0 
-168.1280786666667,-14.5464421666667,0 
-168.1280573333333,-14.5464335000000,0 
-168.1280641666667,-14.5464420000000,0 
-168.1280735000000,-14.5464395000000,0 
-168.1280568333333,-14.5464313333333,0 
-168.1280548333333,-14.5464401666667,0 
-168.1280746666667,-14.5464356666667,0 
-168.1280625000000,-14.5464281666667,0 
-168.1280696666667,-14.5464403333333,0 
-168.1280631666667,-14.5464276666667,0 
-168.1280656666667,-14.5464315000000,0 
-168.1280706666667,-14.5464273333333,0 
-168.1280718333333,-14.5464360000000,0 
-168.1280588333333,-14.5464351666667,0 
-168.1280740000000,-14.5464265000000,0 
-168.1280505000000,-14.5464250000000,0 
-168.1280835000000,-14.5464260000000,0 
-168.1280690000000,-14.5464370000000,0 
-168.1280858333333,-14.5464346666667,0 
-168.1280403333333,-14.5464275000000,0 
-168.1280776666667,-14.5464216666667,0 
-168.1280848333333,-14.5464315000000,0 
-168.1280800000000,-14.5464220000000,0 
-168.1280798333333,-14.5464315000000,0 
-168.1280511666667,-14.5464211666667,0 
-168.1280658333333,-14.5464255000000,0 
-168.1280745000000,-14.5464308333333,0 
-168.1280656666667,-14.5464260000000,0 
-168.1280833333333,-14.5464315000000,0 
-168.1280660000000,-14.5464203333333,0 
-168.1280651666667,-14.5464196666667,0 
-168.1280858333333,-14.5464311666667,0 
-168.1280616666667,-14.5464238333333,0 
-168.1280801666667,-14.5464291666667,0 
-168.1280713333333,-14.5464280000000,0 
-168.1280878333333,-14.5464305000000,0 
-168.1280880000000,-14.5464345000000,0 
-168.1280458333333,-14.5464231666667,0 
-168.1280728333333,-14.5464348333333,0 
-168.1280383333333,-14.5464241666667,0 
-168.1280785000000,-14.5464293333333,0 
-168.1280813333333,-14.5464285000000,0 
-168.1280848333333,-14.5464273333333,0 
-168.1280600000000,-14.5464351666667,0 
-168.1280980000000,-14.5464295000000,0 
-168.1280715000000,-14.5464213333333,0 
-168.1280898333333,-14.5464300000000,0 
-168.1280673333333,-14.5464186666667,0 
-168.1280688333333,-14.5464168333333,0 
-168.1280721666667,-14.5464138333333,0 
-168.1280721666667,-14.5463996666667,0 
-168.1280546666667,-14.5463996666667,0 
-168.1280851666667,-14.5464001666667,0 
-168.1280706666667,-14.5464036666667,0 
-168.1280615000000,-14.5463936666667,0 
-168.1280830000000,-14.5464041666667,0 
-168.1280473333333,-14.5463941666667,0 
-168.1280713333333,-14.5463956666667,0 
-168.1280843333333,-14.5463976666667,0 
-168.1280646666667,-14.5463978333333,0 
-168.1280958333333,-14.5464113333333,0 
-168.1280758333333,-14.5463990000000,0 
-168.1280735000000,-14.5463965000000,0 
-168.1280948333333,-14.5464030000000,0 
-168.1280923333333,-14.5464013333333,0 
-168.1280573333333,-14.5464020000000,0 
-168.1280813333333,-14.5464010000000,0 
-168.1280611666667,-14.5463923333333,0 
-168.1280666666667,-14.5463928333333,0 
-168.1280718333333,-14.5463926666667,0 
-168.1280775000000,-14.5464053333333,0 
-168.1280756666667,-14.5464040000000,0 
-168.1280745000000,-14.5464033333333,0 
-168.1280765000000,-14.5463988333333,0 
-168.1281076666667,-14.5464051666667,0 
-168.1280545000000,-14.5463848333333,0 
-168.1281085000000,-14.5464100000000,0 
-168.1280538333333,-14.5464146666667,0 
-168.1280971666667,-14.5464050000000,0 
-168.1280440000000,-14.5464145000000,0 
-168.1280825000000,-14.5463995000000,0 
-168.1280818333333,-14.5463981666667,0 
-168.1280621666667,-14.5463988333333,0 
-168.1280941666667,-14.5464045000000,0 
-168.1280701666667,-14.5463936666667,0 
-168.1280893333333,-14.5464078333333,0 
-168.1280718333333,-14.5464011666667,0 
-168.1280628333333,-14.5463863333333,0 
-168.1280785000000,-14.5463986666667,0 
-168.1280458333333,-14.5463866666667,0 
-168.1280718333333,-14.5464011666667,0 
-168.1280790000000,-14.5463958333333,0 
-168.1280875000000,-14.5464031666667,0 
-168.1280866666667,-14.5464115000000,0 
-168.1280846666667,-14.5463993333333,0 
-168.1280821666667,-14.5463921666667,0 
-168.1280851666667,-14.5463978333333,0 
-168.1280888333333,-14.5464003333333,0 
-168.1280806666667,-14.5464016666667,0 
-168.1280945000000,-14.5464020000000,0 
-168.1280868333333,-14.5464051666667,0 
-168.1280806666667,-14.5464000000000,0 
-168.1280638333333,-14.5463961666667,0 
-168.1280791666667,-14.5464050000000,0 
-168.1280910000000,-14.5464011666667,0 
-168.1280870000000,-14.5464081666667,0 
-168.1280731666667,-14.5463970000000,0 
-168.1280738333333,-14.5464010000000,0 
-168.1280806666667,-14.5464088333333,0 
-168.1280646666667,-14.5464018333333,0 
-168.1280713333333,-14.5464060000000,0 
-168.1280843333333,-14.5464041666667,0 
-168.1280925000000,-14.5464055000000,0 
-168.1280963333333,-14.5464040000000,0 
-168.1280650000000,-14.5464023333333,0 
-168.1280723333333,-14.5463943333333,0 
-168.1280953333333,-14.5464026666667,0 
-168.1280655000000,-14.5463976666667,0 
-168.1280980000000,-14.5464048333333,0 
-168.1280645000000,-14.5463936666667,0 
-168.1280930000000,-14.5464000000000,0 
-168.1280731666667,-14.5463951666667,0 
-168.1280715000000,-14.5463940000000,0 
-168.1280890000000,-14.5464088333333,0 
-168.1280720000000,-14.5463986666667,0 
-168.1280896666667,-14.5464091666667,0 
-168.1280673333333,-14.5463861666667,0 
-168.1280806666667,-14.5464143333333,0 
-168.1280670000000,-14.5464113333333,0 
-168.1280775000000,-14.5464168333333,0 
-168.1280501666667,-14.5464216666667,0 
-168.1280865000000,-14.5464151666667,0 
-168.1280670000000,-14.5464096666667,0 
-168.1280931666667,-14.5464053333333,0 
-168.1280718333333,-14.5464101666667,0 
-168.1280563333333,-14.5464033333333,0 
-168.1280640000000,-14.5464016666667,0 
-168.1280798333333,-14.5463958333333,0 
-168.1280818333333,-14.5464081666667,0 
-168.1280885000000,-14.5464033333333,0 
-168.1280921666667,-14.5464025000000,0 
-168.1280626666667,-14.5463875000000,0 
-168.1280951666667,-14.5464065000000,0 
-168.1280776666667,-14.5464053333333,0 
-168.1280793333333,-14.5464075000000,0 
-168.1280630000000,-14.5463998333333,0 
-168.1280981666667,-14.5464046666667,0 
-168.1280420000000,-14.5464080000000,0 
-168.1281100000000,-14.5464036666667,0 
-168.1280751666667,-14.5464001666667,0 
-168.1280935000000,-14.5463975000000,0 
-168.1280763333333,-14.5464016666667,0 
-168.1280713333333,-14.5463915000000,0 
-168.1280716666667,-14.5463940000000,0 
-168.1280660000000,-14.5463801666667,0 
-168.1280818333333,-14.5463980000000,0 
-168.1280761666667,-14.5463930000000,0 
-168.1280943333333,-14.5463973333333,0 
-168.1280588333333,-14.5463875000000,0 
-168.1280973333333,-14.5464018333333,0 
-168.1280806666667,-14.5464021666667,0 
-168.1280815000000,-14.5464018333333,0 
-168.1280588333333,-14.5463846666667,0 
-168.1280846666667,-14.5464033333333,0 
-168.1280751666667,-14.5463925000000,0 
-168.1280591666667,-14.5463935000000,0 
-168.1280600000000,-14.5463861666667,0 
-168.1280618333333,-14.5463938333333,0 
-168.1280843333333,-14.5463966666667,0 
-168.1280876666667,-14.5464073333333,0 
-168.1280840000000,-14.5463985000000,0 
-168.1280858333333,-14.5464038333333,0 
-168.1280786666667,-14.5463958333333,0 
-168.1280825000000,-14.5463988333333,0 
-168.1280855000000,-14.5463976666667,0 
-168.1280993333333,-14.5464031666667,0 
-168.1280620000000,-14.5464030000000,0 
-168.1280871666667,-14.5464026666667,0 
-168.1280918333333,-14.5464051666667,0 
-168.1280773333333,-14.5464003333333,0 
-168.1280886666667,-14.5464016666667,0 
-168.1280890000000,-14.5463961666667,0 
-168.1280933333333,-14.5463993333333,0 
-168.1280855000000,-14.5463956666667,0 
-168.1280776666667,-14.5463985000000,0 
-168.1280848333333,-14.5464026666667,0 
-168.1281068333333,-14.5464060000000,0 
-168.1280771666667,-14.5464000000000,0 
-168.1281111666667,-14.5464061666667,0 
-168.1280893333333,-14.5464081666667,0 
-168.1280795000000,-14.5463965000000,0 
-168.1280988333333,-14.5463993333333,0 
-168.1280770000000,-14.5463903333333,0 
-168.1280963333333,-14.5463973333333,0 
-168.1280715000000,-14.5463931666667,0 
-168.1281061666667,-14.5463993333333,0 
-168.1280880000000,-14.5463925000000,0 
-168.1280861666667,-14.5463873333333,0 
-168.1280806666667,-14.5463841666667,0 
-168.1280913333333,-14.5463786666667,0 
-168.1281063333333,-14.5463853333333,0 
-168.1281060000000,-14.5463878333333,0 
-168.1281016666667,-14.5463753333333,0 
-168.1280983333333,-14.5463778333333,0 
-168.1281273333333,-14.5463788333333,0 
-168.1281138333333,-14.5463773333333,0 
-168.1281245000000,-14.5463723333333,0 
-168.1281038333333,-14.5463733333333,0 
-168.1280973333333,-14.5463725000000,0 
-168.1281236666667,-14.5463953333333,0 
-168.1280936666667,-14.5464033333333,0 
-168.1281361666667,-14.5463978333333,0 
-168.1280943333333,-14.5464021666667,0 
-168.1281273333333,-14.5464101666667,0 
-168.1281005000000,-14.5464153333333,0 
-168.1280961666667,-14.5464021666667,0 
-168.1281015000000,-14.5464085000000,0 
-168.1280871666667,-14.5464110000000,0 
-168.1281058333333,-14.5464185000000,0 
-168.1280895000000,-14.5464191666667,0 
-168.1281006666667,-14.5464293333333,0 
-168.1280878333333,-14.5464268333333,0 
-168.1280886666667,-14.5464256666667,0 
-168.1280896666667,-14.5464320000000,0 
-168.1280843333333,-14.5464340000000,0 
-168.1280860000000,-14.5464391666667,0 
-168.1280941666667,-14.5464403333333,0 
-168.1280885000000,-14.5464413333333,0 
-168.1280891666667,-14.5464438333333,0 
-168.1280740000000,-14.5464500000000,0 
-168.1280716666667,-14.5464625000000,0 
-168.1280671666667,-14.5464713333333,0 
-168.1280696666667,-14.5464738333333,0 
-168.1280821666667,-14.5464726666667,0 
-168.1280961666667,-14.5464840000000,0 
-168.1280833333333,-14.5464820000000,0 
-168.1280888333333,-14.5464766666667,0 
-168.1281146666667,-14.5464881666667,0 
-168.1280965000000,-14.5464855000000,0 
-168.1280986666667,-14.5464893333333,0 
-168.1280933333333,-14.5464893333333,0 
-168.1280915000000,-14.5464888333333,0 
-168.1281191666667,-14.5464961666667,0 
-168.1280906666667,-14.5464893333333,0 
-168.1281143333333,-14.5465005000000,0 
-168.1280735000000,-14.5464761666667,0 
-168.1281385000000,-14.5465073333333,0 
-168.1280833333333,-14.5464791666667,0 
-168.1281205000000,-14.5464946666667,0 
-168.1280926666667,-14.5464920000000,0 
-168.1281203333333,-14.5464876666667,0 
-168.1281103333333,-14.5464850000000,0 
-168.1281220000000,-14.5464838333333,0 
-168.1281110000000,-14.5464828333333,0 
-168.1281311666667,-14.5464791666667,0 
-168.1281125000000,-14.5464803333333,0 
-168.1280963333333,-14.5464748333333,0 
-168.1281156666667,-14.5464765000000,0 
-168.1281050000000,-14.5464791666667,0 
-168.1281105000000,-14.5464730000000,0 
-168.1280933333333,-14.5464760000000,0 
-168.1281058333333,-14.5464760000000,0 
-168.1281091666667,-14.5464851666667,0 
-168.1281301666667,-14.5464841666667,0 
-168.1281306666667,-14.5464965000000,0 
-168.1281121666667,-14.5464788333333,0 
-168.1281236666667,-14.5464930000000,0 
-168.1280793333333,-14.5464886666667,0 
-168.1281135000000,-14.5465061666667,0 
-168.1280736666667,-14.5465001666667,0 
-168.1281038333333,-14.5465013333333,0 
-168.1280713333333,-14.5465055000000,0 
-168.1280970000000,-14.5464940000000,0 
-168.1280670000000,-14.5465095000000,0 
-168.1280975000000,-14.5465013333333,0 
-168.1280793333333,-14.5464903333333,0 
-168.1280945000000,-14.5464770000000,0 
-168.1281101666667,-14.5464868333333,0 
-168.1281038333333,-14.5464886666667,0 
-168.1281376666667,-14.5464953333333,0 
-168.1281436666667,-14.5465178333333,0 
-168.1281253333333,-14.5465096666667,0 
-168.1281373333333,-14.5465250000000,0 
-168.1281333333333,-14.5465295000000,0 
-168.1281710000000,-14.5465096666667,0 
-168.1281970000000,-14.5465260000000,0 
-168.1281798333333,-14.5465155000000,0 
-168.1281900000000,-14.5465268333333,0 
-168.1281896666667,-14.5465306666667,0 
-168.1281715000000,-14.5465381666667,0 
-168.1281748333333,-14.5465435000000,0 
-168.1281421666667,-14.5465420000000,0 
-168.1281510000000,-14.5465501666667,0 
-168.1281608333333,-14.5465635000000,0 
-168.1281196666667,-14.5465550000000,0 
-168.1281423333333,-14.5465728333333,0 
-168.1281235000000,-14.5465658333333,0 
-168.1281520000000,-14.5465806666667,0 
-168.1281366666667,-14.5465813333333,0 
-168.1281473333333,-14.5465876666667,0 
-168.1281485000000,-14.5465831666667,0 
-168.1281661666667,-14.5465930000000,0 
-168.1281591666667,-14.5465830000000,0 
-168.1281736666667,-14.5465778333333,0 
-168.1281620000000,-14.5465845000000,0 
-168.1281800000000,-14.5465788333333,0 
-168.1281903333333,-14.5465766666667,0 
-168.1281901666667,-14.5465736666667,0 
-168.1281993333333,-14.5465705000000,0 
-168.1281960000000,-14.5465656666667,0 
-168.1282156666667,-14.5465695000000,0 
-168.1281765000000,-14.5465616666667,0 
-168.1282048333333,-14.5465780000000,0 
-168.1281701666667,-14.5465708333333,0 
-168.1281740000000,-14.5465655000000,0 
-168.1281565000000,-14.5465620000000,0 
-168.1281703333333,-14.5465558333333,0 
-168.1281585000000,-14.5465603333333,0 
-168.1281726666667,-14.5465663333333,0 
-168.1281748333333,-14.5465746666667,0 
-168.1281871666667,-14.5465743333333,0 
-168.1282168333333,-14.5465818333333,0 
-168.1281735000000,-14.5465753333333,0 
-168.1281968333333,-14.5465851666667,0 
-168.1282103333333,-14.5465806666667,0 
-168.1282118333333,-14.5465855000000,0 
-168.1282105000000,-14.5465831666667,0 
-168.1282048333333,-14.5465856666667,0 
-168.1281941666667,-14.5466070000000,0 
-168.1282026666667,-14.5466220000000,0 
-168.1281805000000,-14.5466213333333,0 
-168.1282120000000,-14.5466345000000,0 
-168.1282050000000,-14.5466345000000,0 
-168.1281961666667,-14.5466275000000,0 
-168.1282133333333,-14.5466306666667,0 
-168.1281808333333,-14.5466178333333,0 
-168.1282086666667,-14.5466196666667,0 
-168.1281975000000,-14.5466181666667,0 
-168.1281920000000,-14.5466145000000,0 
-168.1281921666667,-14.5466195000000,0 
-168.1281878333333,-14.5466181666667,0 
-168.1281931666667,-14.5466175000000,0 
-168.1281870000000,-14.5466003333333,0 
-168.1281956666667,-14.5465905000000,0 
-168.1282030000000,-14.5466051666667,0 
-168.1281853333333,-14.5465938333333,0 
-168.1282176666667,-14.5466121666667,0 
-168.1281946666667,-14.5465891666667,0 
-168.1282240000000,-14.5465975000000,0 
-168.1282110000000,-14.5465955000000,0 
-168.1282278333333,-14.5465776666667,0 
-168.1282438333333,-14.5465711666667,0 
-168.1282526666667,-14.5465545000000,0 
-168.1282620000000,-14.5465475000000,0 
-168.1282268333333,-14.5465381666667,0 
-168.1282553333333,-14.5465458333333,0 
-168.1282885000000,-14.5465420000000,0 
-168.1283166666667,-14.5465343333333,0 
-168.1283045000000,-14.5465178333333,0 
-168.1283263333333,-14.5465196666667,0 
-168.1283218333333,-14.5465190000000,0 
-168.1283386666667,-14.5465326666667,0 
-168.1283123333333,-14.5465446666667,0 
-168.1283310000000,-14.5465461666667,0 
-168.1283091666667,-14.5465423333333,0 
-168.1283098333333,-14.5465430000000,0 
-168.1283376666667,-14.5465513333333,0 
-168.1283126666667,-14.5465543333333,0 
-168.1283413333333,-14.5465513333333,0 
-168.1283001666667,-14.5465605000000,0 
-168.1283391666667,-14.5465675000000,0 
-168.1282963333333,-14.5465851666667,0 
-168.1283285000000,-14.5465775000000,0 
-168.1282913333333,-14.5465898333333,0 
-168.1283051666667,-14.5465951666667,0 
-168.1282573333333,-14.5466016666667,0 
-168.1282863333333,-14.5466100000000,0 
-168.1282396666667,-14.5466093333333,0 
-168.1282345000000,-14.5466061666667,0 
-168.1282575000000,-14.5466106666667,0 
-168.1282498333333,-14.5465990000000,0 
-168.1282751666667,-14.5466150000000,0 
-168.1283005000000,-14.5466181666667,0 
-168.1283170000000,-14.5466145000000,0 
-168.1283125000000,-14.5466028333333,0 
-168.1283446666667,-14.5466095000000,0 
-168.1283193333333,-14.5466031666667,0 
-168.1283403333333,-14.5465963333333,0 
-168.1283628333333,-14.5465888333333,0 
-168.1283415000000,-14.5465815000000,0 
-168.1283486666667,-14.5465950000000,0 
-168.1283396666667,-14.5465880000000,0 
-168.1283606666667,-14.5466008333333,0 
-168.1283408333333,-14.5466158333333,0 
-168.1283156666667,-14.5466198333333,0 
-168.1283260000000,-14.5466285000000,0 
-168.1283068333333,-14.5466435000000,0 
-168.1282888333333,-14.5466571666667,0 
-168.1283076666667,-14.5466781666667,0 
-168.1282923333333,-14.5466775000000,0 
-168.1283093333333,-14.5466681666667,0 
-168.1282966666667,-14.5466670000000,0 
-168.1283195000000,-14.5466443333333,0 
-168.1283446666667,-14.5466335000000,0 
-168.1283180000000,-14.5466003333333,0 
-168.1283198333333,-14.5466281666667,0 
-168.1282881666667,-14.5466618333333,0 
-168.1282925000000,-14.5466803333333,0 
-168.1282501666667,-14.5466973333333,0 
-168.1282510000000,-14.5467008333333,0 
-168.1282493333333,-14.5467105000000,0 
-168.1282381666667,-14.5467181666667,0 
-168.1282421666667,-14.5467203333333,0 
-168.1282723333333,-14.5467470000000,0 
-168.1283085000000,-14.5467278333333,0 
-168.1282966666667,-14.5467155000000,0 
-168.1283390000000,-14.5467173333333,0 
-168.1283411666667,-14.5467100000000,0 
-168.1283600000000,-14.5467091666667,0 
-168.1283640000000,-14.5467111666667,0 
-168.1283753333333,-14.5467086666667,0 
-168.1283768333333,-14.5467076666667,0 
-168.1283866666667,-14.5467078333333,0 
-168.1283668333333,-14.5467115000000,0 
-168.1283675000000,-14.5467178333333,0 
-168.1283531666667,-14.5467310000000,0 
-168.1283600000000,-14.5467465000000,0 
-168.1283833333333,-14.5467355000000,0 
-168.1283595000000,-14.5467396666667,0 
-168.1283655000000,-14.5467408333333,0 
-168.1283726666667,-14.5467498333333,0 
-168.1283498333333,-14.5467323333333,0 
-168.1283446666667,-14.5467285000000,0 
-168.1283535000000,-14.5467213333333,0 
-168.1283505000000,-14.5467303333333,0 
-168.1283716666667,-14.5467401666667,0 
-168.1283423333333,-14.5467350000000,0 
-168.1283895000000,-14.5467466666667,0 
-168.1283421666667,-14.5467613333333,0 
-168.1283703333333,-14.5467723333333,0 
-168.1283391666667,-14.5467738333333,0 
-168.1283650000000,-14.5467770000000,0 
-168.1283851666667,-14.5467970000000,0 
-168.1283696666667,-14.5467846666667,0 
-168.1284018333333,-14.5467875000000,0 
-168.1283751666667,-14.5467711666667,0 
-168.1284021666667,-14.5467478333333,0 
-168.1283865000000,-14.5467376666667,0 
-168.1284080000000,-14.5467245000000,0 
-168.1284271666667,-14.5467311666667,0 
-168.1284670000000,-14.5467301666667,0 
-168.1284778333333,-14.5467316666667,0 
-168.1285000000000,-14.5467391666667,0 
-168.1285083333333,-14.5467220000000,0 
-168.1285293333333,-14.5467356666667,0 
-168.1285331666667,-14.5467278333333,0 
-168.1285495000000,-14.5467435000000,0 
-168.1285460000000,-14.5467503333333,0 
-168.1285650000000,-14.5467626666667,0 
-168.1285416666667,-14.5467670000000,0 
-168.1285796666667,-14.5467890000000,0 
-168.1285843333333,-14.5467951666667,0 
-168.1285855000000,-14.5467970000000,0 
-168.1285863333333,-14.5468018333333,0 
-168.1285720000000,-14.5468006666667,0 
-168.1286163333333,-14.5468168333333,0 
-168.1285768333333,-14.5467990000000,0 
-168.1285988333333,-14.5468393333333,0 
-168.1285593333333,-14.5468326666667,0 
-168.1285700000000,-14.5468496666667,0 
-168.1285525000000,-14.5468518333333,0 
-168.1285345000000,-14.5468613333333,0 
-168.1285125000000,-14.5468681666667,0 
-168.1285171666667,-14.5468881666667,0 
-168.1284893333333,-14.5468831666667,0 
-168.1285418333333,-14.5469145000000,0 
-168.1285323333333,-14.5468741666667,0 
-168.1285721666667,-14.5468760000000,0 
-168.1285631666667,-14.5468431666667,0 
-168.1286043333333,-14.5468260000000,0 
-168.1286000000000,-14.5468306666667,0 
-168.1286173333333,-14.5468340000000,0 
-168.1286015000000,-14.5468206666667,0 
-168.1286108333333,-14.5468088333333,0 
-168.1286146666667,-14.5467978333333,0 
-168.1286183333333,-14.5467856666667,0 
-168.1286438333333,-14.5467810000000,0 
-168.1286500000000,-14.5467553333333,0 
-168.1286683333333,-14.5467460000000,0 
-168.1286743333333,-14.5467445000000,0 
-168.1286438333333,-14.5467355000000,0 
-168.1286350000000,-14.5467476666667,0 
-168.1286286666667,-14.5467518333333,0 
-168.1286025000000,-14.5467670000000,0 
-168.1285908333333,-14.5467803333333,0 
-168.1285816666667,-14.5467943333333,0 
-168.1285803333333,-14.5468035000000,0 
-168.1285868333333,-14.5468080000000,0 
-168.1285901666667,-14.5468043333333,0 
-168.1286010000000,-14.5468095000000,0 
-168.1286095000000,-14.5468098333333,0 
-168.1285850000000,-14.5468038333333,0 
-168.1286025000000,-14.5468150000000,0 
-168.1285846666667,-14.5468091666667,0 
-168.1285898333333,-14.5468075000000,0 
-168.1286143333333,-14.5468053333333,0 
-168.1286023333333,-14.5467926666667,0 
-168.1286171666667,-14.5467903333333,0 
-168.1286218333333,-14.5467853333333,0 
-168.1286233333333,-14.5467818333333,0 
-168.1286461666667,-14.5467880000000,0 
-168.1286298333333,-14.5467865000000,0 
-168.1286410000000,-14.5468051666667,0 
-168.1286210000000,-14.5468026666667,0 
-168.1286273333333,-14.5467980000000,0 
-168.1286465000000,-14.5467946666667,0 
-168.1286536666667,-14.5467926666667,0 
-168.1286511666667,-14.5467870000000,0 
-168.1286463333333,-14.5467901666667,0 
-168.1286193333333,-14.5467986666667,0 
-168.1286406666667,-14.5467983333333,0 
-168.1286200000000,-14.5467943333333,0 
-168.1286140000000,-14.5467973333333,0 
-168.1286195000000,-14.5467855000000,0 
-168.1286673333333,-14.5467773333333,0 
-168.1286523333333,-14.5467743333333,0 
-168.1286540000000,-14.5467771666667,0 
-168.1286481666667,-14.5467790000000,0 
-168.1286358333333,-14.5467908333333,0 
-168.1286458333333,-14.5467911666667,0 
-168.1286308333333,-14.5468000000000,0 
-168.1286303333333,-14.5468026666667,0 
-168.1286150000000,-14.5468118333333,0 
-168.1286195000000,-14.5468041666667,0 
-168.1286343333333,-14.5468020000000,0 
-168.1286090000000,-14.5467993333333,0 
-168.1286068333333,-14.5467951666667,0 
-168.1286140000000,-14.5468003333333,0 
-168.1286036666667,-14.5467996666667,0 
-168.1286186666667,-14.5468051666667,0 
-168.1286271666667,-14.5468068333333,0 
-168.1286093333333,-14.5468050000000,0 
-168.1286115000000,-14.5468016666667,0 
-168.1286163333333,-14.5468053333333,0 
-168.1286115000000,-14.5468083333333,0 
-168.1285973333333,-14.5468021666667,0 
-168.1285985000000,-14.5468041666667,0 
-168.1286190000000,-14.5468141666667,0 
-168.1285868333333,-14.5468078333333,0 
-168.1286273333333,-14.5468120000000,0 
-168.1286000000000,-14.5468108333333,0 
-168.1286321666667,-14.5468130000000,0 
-168.1286093333333,-14.5468115000000,0 
-168.1286303333333,-14.5468125000000,0 
-168.1286106666667,-14.5468066666667,0 
-168.1286221666667,-14.5468068333333,0 
-168.1286118333333,-14.5468101666667,0 
-168.1286158333333,-14.5467976666667,0 
-168.1286066666667,-14.5468068333333,0 
-168.1286193333333,-14.5468076666667,0 
-168.1286210000000,-14.5468115000000,0 
-168.1285935000000,-14.5468141666667,0 
-168.1286188333333,-14.5468013333333,0 
-168.1286230000000,-14.5468250000000,0 
-168.1286040000000,-14.5468050000000,0 
-168.1286313333333,-14.5468180000000,0 
-168.1285841666667,-14.5468093333333,0 
-168.1286311666667,-14.5468145000000,0 
-168.1285973333333,-14.5468173333333,0 
-168.1286223333333,-14.5468083333333,0 
-168.1285980000000,-14.5468083333333,0 
-168.1286253333333,-14.5468050000000,0 
-168.1286213333333,-14.5468083333333,0 
-168.1286203333333,-14.5468000000000,0 
-168.1286320000000,-14.5468075000000,0 
-168.1285966666667,-14.5468036666667,0 
-168.1286150000000,-14.5468070000000,0 
-168.1286075000000,-14.5468063333333,0 
-168.1286038333333,-14.5468085000000,0 
-168.1286126666667,-14.5468073333333,0 
-168.1285930000000,-14.5468026666667,0 
-168.1286046666667,-14.5468043333333,0 
-168.1285933333333,-14.5468063333333,0 
-168.1286331666667,-14.5468103333333,0 
-168.1286131666667,-14.5468031666667,0 
-168.1286221666667,-14.5467988333333,0 
-168.1286158333333,-14.5467973333333,0 
-168.1286036666667,-14.5468010000000,0 
-168.1286128333333,-14.5467971666667,0 
-168.1286118333333,-14.5468023333333,0 
-168.1286045000000,-14.5468043333333,0 
-168.1286060000000,-14.5468183333333,0 
-168.1286135000000,-14.5468291666667,0 
-168.1286075000000,-14.5468345000000,0 
-168.1286100000000,-14.5468300000000,0 
-168.1286140000000,-14.5468328333333,0 
-168.1286115000000,-14.5468346666667,0 
-168.1286006666667,-14.5468373333333,0 
-168.1286300000000,-14.5468383333333,0 
-168.1286183333333,-14.5468326666667,0 
-168.1286230000000,-14.5468300000000,0 
-168.1286043333333,-14.5468280000000,0 
-168.1286075000000,-14.5468301666667,0 
-168.1286145000000,-14.5468271666667,0 
-168.1286023333333,-14.5468241666667,0 
-168.1286151666667,-14.5468330000000,0 
-168.1286206666667,-14.5468241666667,0 
-168.1286095000000,-14.5468273333333,0 
-168.1286096666667,-14.5468241666667,0 
-168.1286200000000,-14.5468255000000,0 
-168.1286213333333,-14.5468353333333,0 
-168.1286136666667,-14.5468353333333,0 
-168.1286336666667,-14.5468368333333,0 
-168.1285791666667,-14.5468356666667,0 
-168.1286223333333,-14.5468376666667,0 
-168.1285848333333,-14.5468338333333,0 
-168.1286221666667,-14.5468161666667,0 
-168.1286176666667,-14.5468093333333,0 
-168.1286065000000,-14.5468045000000,0 
-168.1286221666667,-14.5468071666667,0 
-168.1286100000000,-14.5468046666667,0 
-168.1286281666667,-14.5468080000000,0 
-168.1286070000000,-14.5468048333333,0 
-168.1286293333333,-14.5468123333333,0 
-168.1286080000000,-14.5468103333333,0 
-168.1286265000000,-14.5468076666667,0 
-168.1286231666667,-14.5468106666667,0 
-168.1286228333333,-14.5468090000000,0 
-168.1286203333333,-14.5468140000000,0 
-168.1285866666667,-14.5468270000000,0 
-168.1286055000000,-14.5468250000000,0 
-168.1286086666667,-14.5468285000000,0 
-168.1285958333333,-14.5468253333333,0 
-168.1286398333333,-14.5468363333333,0 
-168.1286150000000,-14.5468363333333,0 
-168.1286281666667,-14.5468330000000,0 
-168.1286015000000,-14.5468350000000,0 
-168.1286418333333,-14.5468311666667,0 
-168.1286160000000,-14.5468371666667,0 
-168.1286406666667,-14.5468340000000,0 
-168.1286121666667,-14.5468338333333,0 
-168.1286365000000,-14.5468315000000,0 
-168.1286115000000,-14.5468278333333,0 
-168.1286310000000,-14.5468280000000,0 
-168.1286395000000,-14.5468395000000,0 
-168.1286381666667,-14.5468303333333,0 
-168.1286395000000,-14.5468433333333,0 
-168.1286135000000,-14.5468223333333,0 
-168.1286510000000,-14.5468336666667,0 
-168.1286155000000,-14.5468376666667,0 
-168.1286440000000,-14.5468243333333,0 
-168.1286171666667,-14.5468361666667,0 
-168.1286275000000,-14.5468360000000,0 
-168.1286330000000,-14.5468406666667,0 
-168.1286230000000,-14.5468431666667,0 
-168.1286398333333,-14.5468570000000,0 
-168.1286405000000,-14.5468678333333,0 
-168.1286395000000,-14.5468633333333,0 
-168.1286516666667,-14.5468711666667,0 
-168.1286405000000,-14.5468808333333,0 
-168.1286736666667,-14.5468748333333,0 
-168.1286595000000,-14.5468606666667,0 
-168.1286825000000,-14.5468530000000,0 
-168.1286751666667,-14.5468640000000,0 
-168.1286808333333,-14.5468636666667,0 
-168.1286711666667,-14.5468691666667,0 
-168.1286671666667,-14.5468721666667,0 
-168.1286593333333,-14.5468681666667,0 
-168.1286826666667,-14.5468648333333,0 
-168.1286761666667,-14.5468718333333,0 
-168.1286736666667,-14.5468653333333,0 
-168.1286841666667,-14.5468733333333,0 
-168.1286753333333,-14.5468713333333,0 
-168.1286820000000,-14.5468788333333,0 
-168.1286681666667,-14.5468718333333,0 
-168.1286826666667,-14.5468746666667,0 
-168.1286703333333,-14.5468705000000,0 
-168.1286925000000,-14.5468733333333,0 
-168.1286768333333,-14.5468613333333,0 
-168.1286955000000,-14.5468725000000,0 
-168.1286765000000,-14.5468728333333,0 
-168.1286876666667,-14.5468748333333,0 
-168.1286723333333,-14.5468900000000,0 
-168.1286371666667,-14.5468973333333,0 
-168.1286568333333,-14.5468990000000,0 
-168.1286883333333,-14.5469035000000,0 
-168.1286993333333,-14.5468861666667,0 
-168.1287061666667,-14.5469018333333,0 
-168.1287118333333,-14.5468891666667,0 
-168.1287180000000,-14.5468888333333,0 
-168.1287336666667,-14.5468791666667,0 
-168.1287263333333,-14.5468670000000,0 
-168.1287615000000,-14.5468828333333,0 
-168.1287323333333,-14.5468766666667,0 
-168.1287665000000,-14.5468980000000,0 
-168.1287445000000,-14.5468946666667,0 
-168.1287653333333,-14.5468936666667,0 
-168.1287753333333,-14.5468903333333,0 
-168.1287581666667,-14.5468953333333,0 
-168.1287818333333,-14.5468925000000,0 
-168.1287860000000,-14.5468965000000,0 
-168.1287636666667,-14.5468963333333,0 
-168.1287648333333,-14.5468975000000,0 
-168.1287580000000,-14.5469046666667,0 
-168.1287630000000,-14.5468890000000,0 
-168.1287478333333,-14.5468988333333,0 
-168.1287440000000,-14.5468908333333,0 
-168.1287646666667,-14.5469018333333,0 
-168.1287601666667,-14.5469001666667,0 
-168.1287693333333,-14.5468990000000,0 
-168.1287331666667,-14.5468895000000,0 
-168.1287460000000,-14.5468893333333,0 
-168.1287573333333,-14.5468965000000,0 
-168.1287513333333,-14.5468948333333,0 
-168.1287593333333,-14.5469003333333,0 
-168.1287765000000,-14.5469008333333,0 
-168.1287526666667,-14.5468986666667,0 
-168.1287640000000,-14.5468996666667,0 
-168.1287366666667,-14.5468948333333,0 
-168.1287923333333,-14.5468916666667,0 
-168.1287476666667,-14.5468976666667,0 
-168.1287891666667,-14.5468948333333,0 
-168.1287585000000,-14.5468986666667,0 
-168.1287735000000,-14.5468893333333,0 
-168.1287588333333,-14.5468991666667,0 
-168.1287416666667,-14.5468826666667,0 
-168.1287798333333,-14.5469008333333,0 
-168.1287490000000,-14.5469025000000,0 
-168.1287501666667,-14.5468918333333,0 
-168.1287361666667,-14.5468941666667,0 
-168.1287731666667,-14.5468943333333,0 
-168.1287591666667,-14.5468985000000,0 
-168.1287883333333,-14.5468975000000,0 
-168.1287730000000,-14.5468870000000,0 
-168.1287816666667,-14.5468980000000,0 
-168.1288091666667,-14.5469126666667,0 
-168.1288185000000,-14.5469040000000,0 
-168.1287978333333,-14.5469213333333,0 
-168.1288121666667,-14.5469176666667,0 
-168.1288371666667,-14.5469220000000,0 
-168.1288456666667,-14.5469315000000,0 
-168.1288501666667,-14.5469271666667,0 
-168.1288615000000,-14.5469420000000,0 
-168.1288461666667,-14.5469413333333,0 
-168.1288440000000,-14.5469470000000,0 
-168.1288218333333,-14.5469425000000,0 
-168.1288480000000,-14.5469508333333,0 
-168.1288375000000,-14.5469458333333,0 
-168.1288590000000,-14.5469505000000,0 
-168.1288818333333,-14.5469646666667,0 
-168.1288541666667,-14.5469476666667,0 
-168.1288890000000,-14.5469628333333,0 
-168.1288433333333,-14.5469388333333,0 
-168.1288766666667,-14.5469685000000,0 
-168.1288473333333,-14.5469536666667,0 
-168.1288813333333,-14.5469608333333,0 
-168.1288503333333,-14.5469545000000,0 
-168.1288553333333,-14.5469521666667,0 
-168.1288858333333,-14.5469626666667,0 
-168.1288460000000,-14.5469443333333,0 
-168.1288800000000,-14.5469558333333,0 
-168.1288605000000,-14.5469443333333,0 
-168.1288705000000,-14.5469508333333,0 
-168.1288603333333,-14.5469473333333,0 
-168.1288495000000,-14.5469600000000,0 
-168.1288716666667,-14.5469418333333,0 
-168.1288731666667,-14.5469601666667,0 
-168.1288463333333,-14.5469463333333,0 
-168.1288661666667,-14.5469525000000,0 
-168.1288516666667,-14.5469403333333,0 
-168.1288603333333,-14.5469456666667,0 
-168.1288853333333,-14.5469583333333,0 
-168.1288786666667,-14.5469588333333,0 
-168.1288631666667,-14.5469466666667,0 
-168.1288640000000,-14.5469551666667,0 
-168.1288928333333,-14.5469485000000,0 
-168.1288796666667,-14.5469480000000,0 
-168.1288750000000,-14.5469478333333,0 
-168.1288553333333,-14.5469481666667,0 
-168.1288831666667,-14.5469555000000,0 
-168.1288646666667,-14.5469483333333,0 
-168.1288585000000,-14.5469498333333,0 
-168.1288650000000,-14.5469550000000,0 
-168.1288603333333,-14.5469468333333,0 
-168.1288696666667,-14.5469551666667,0 
-168.1288456666667,-14.5469465000000,0 
-168.1288398333333,-14.5469518333333,0 
-168.1288683333333,-14.5469510000000,0 
-168.1288690000000,-14.5469523333333,0 
-168.1288506666667,-14.5469448333333,0 
-168.1288576666667,-14.5469466666667,0 
-168.1288825000000,-14.5469466666667,0 
-168.1288868333333,-14.5469451666667,0 
-168.1289145000000,-14.5469513333333,0 
-168.1288908333333,-14.5469345000000,0 
-168.1289256666667,-14.5469526666667,0 
-168.1289220000000,-14.5469526666667,0 
-168.1289230000000,-14.5469573333333,0 
-168.1289306666667,-14.5469456666667,0 
-168.1289756666667,-14.5469315000000,0 
-168.1289706666667,-14.5469171666667,0 
-168.1290028333333,-14.5469100000000,0 
-168.1289743333333,-14.5469103333333,0 
-168.1290121666667,-14.5469103333333,0 
-168.1289973333333,-14.5469123333333,0 
-168.1289993333333,-14.5469051666667,0 
-168.1290023333333,-14.5469258333333,0 
-168.1290015000000,-14.5469136666667,0 
-168.1290025000000,-14.5469065000000,0 
-168.1289940000000,-14.5469176666667,0 
-168.1290000000000,-14.5469126666667,0 
-168.1289813333333,-14.5469088333333,0 
-168.1289876666667,-14.5469206666667,0 
-168.1289753333333,-14.5469115000000,0 
-168.1290095000000,-14.5469095000000,0 
-168.1289891666667,-14.5469070000000,0 
-168.1289921666667,-14.5468940000000,0 
-168.1289898333333,-14.5468971666667,0 
-168.1289996666667,-14.5469083333333,0 
-168.1289878333333,-14.5469123333333,0 
-168.1290093333333,-14.5469130000000,0 
-168.1289886666667,-14.5469125000000,0 
-168.1290146666667,-14.5469190000000,0 
-168.1290066666667,-14.5469220000000,0 
-168.1290060000000,-14.5469370000000,0 
-168.1290111666667,-14.5469283333333,0 
-168.1290068333333,-14.5469376666667,0 
-168.1289805000000,-14.5469268333333,0 
-168.1289855000000,-14.5469320000000,0 
-168.1289981666667,-14.5469246666667,0 
-168.1290048333333,-14.5469251666667,0 
-168.1289851666667,-14.5469160000000,0 
-168.1290126666667,-14.5469313333333,0 
-168.1289816666667,-14.5469261666667,0 
-168.1290153333333,-14.5469143333333,0 
-168.1289995000000,-14.5469163333333,0 
-168.1290046666667,-14.5469096666667,0 
-168.1290043333333,-14.5469083333333,0 
-168.1289920000000,-14.5468958333333,0 
-168.1290088333333,-14.5468921666667,0 
-168.1289878333333,-14.5468978333333,0 
-168.1289970000000,-14.5469066666667,0 
-168.1289910000000,-14.5469191666667,0 
-168.1290245000000,-14.5469196666667,0 
-168.1290175000000,-14.5469273333333,0 
-168.1290373333333,-14.5469280000000,0 
-168.1289930000000,-14.5469558333333,0 
-168.1289961666667,-14.5469535000000,0 
-168.1289913333333,-14.5469663333333,0 
-168.1290093333333,-14.5469663333333,0 
-168.1290183333333,-14.5469621666667,0 
-168.1290065000000,-14.5469521666667,0 
-168.1290145000000,-14.5469520000000,0 
-168.1290378333333,-14.5469460000000,0 
-168.1290553333333,-14.5469358333333,0 
-168.1290508333333,-14.5469590000000,0 
-168.1290625000000,-14.5469595000000,0 
-168.1290651666667,-14.5469593333333,0 
-168.1290713333333,-14.5469600000000,0 
-168.1290588333333,-14.5469521666667,0 
-168.1290661666667,-14.5469623333333,0 
-168.1290466666667,-14.5469555000000,0 
-168.1290950000000,-14.5469610000000,0 
-168.1290783333333,-14.5469660000000,0 
-168.1290975000000,-14.5469630000000,0 
-168.1290803333333,-14.5469658333333,0 
-168.1291110000000,-14.5469665000000,0 
-168.1290808333333,-14.5469613333333,0 
-168.1290851666667,-14.5469710000000,0 
-168.1290850000000,-14.5469721666667,0 
-168.1290790000000,-14.5469685000000,0 
-168.1290863333333,-14.5469730000000,0 
-168.1291320000000,-14.5469881666667,0 
-168.1291021666667,-14.5469758333333,0 
-168.1291161666667,-14.5469833333333,0 
-168.1290961666667,-14.5469670000000,0 
-168.1291351666667,-14.5469825000000,0 
-168.1291026666667,-14.5469675000000,0 
-168.1291266666667,-14.5469855000000,0 
-168.1291203333333,-14.5469851666667,0 
-168.1291168333333,-14.5469846666667,0 
-168.1291271666667,-14.5469835000000,0 
-168.1291438333333,-14.5469973333333,0 
-168.1291350000000,-14.5470008333333,0 
-168.1291408333333,-14.5469993333333,0 
-168.1291571666667,-14.5470140000000,0 
-168.1291363333333,-14.5470135000000,0 
-168.1291603333333,-14.5470321666667,0 
-168.1291646666667,-14.5470345000000,0 
-168.1291806666667,-14.5470330000000,0 
-168.1291805000000,-14.5470096666667,0 
-168.1291970000000,-14.5470291666667,0 
-168.1291845000000,-14.5470073333333,0 
-168.1291971666667,-14.5470008333333,0 
-168.1291916666667,-14.5470050000000,0 
-168.1292130000000,-14.5469885000000,0 
-168.1291973333333,-14.5470076666667,0 
-168.1292198333333,-14.5469966666667,0 
-168.1292110000000,-14.5470050000000,0 
-168.1292161666667,-14.5470075000000,0 
-168.1292056666667,-14.5470048333333,0 
-168.1292036666667,-14.5470166666667,0 
-168.1291950000000,-14.5470175000000,0 
-168.1292045000000,-14.5470205000000,0 
-168.1292021666667,-14.5470231666667,0 
-168.1292108333333,-14.5470191666667,0 
-168.1292120000000,-14.5470226666667,0 
-168.1291853333333,-14.5470070000000,0 
-168.1292048333333,-14.5470201666667,0 
-168.1291958333333,-14.5470231666667,0 
-168.1292066666667,-14.5470233333333,0 
-168.1291863333333,-14.5470121666667,0 
-168.1292240000000,-14.5470253333333,0 
-168.1291805000000,-14.5470130000000,0 
-168.1292111666667,-14.5470271666667,0 
-168.1291913333333,-14.5470278333333,0 
-168.1292116666667,-14.5470215000000,0 
-168.1292063333333,-14.5470308333333,0 
-168.1292273333333,-14.5470315000000,0 
-168.1292010000000,-14.5470251666667,0 
-168.1292203333333,-14.5470185000000,0 
-168.1292066666667,-14.5470181666667,0 
-168.1292135000000,-14.5470160000000,0 
-168.1292166666667,-14.5470148333333,0 
-168.1292086666667,-14.5470181666667,0 
-168.1292168333333,-14.5470210000000,0 
-168.1291975000000,-14.5470133333333,0 
-168.1292091666667,-14.5470278333333,0 
-168.1291841666667,-14.5470140000000,0 
-168.1291991666667,-14.5470058333333,0 
-168.1292121666667,-14.5470151666667,0 
-168.1292341666667,-14.5470090000000,0 
-168.1292386666667,-14.5470050000000,0 
-168.1292380000000,-14.5470170000000,0 
-168.1292268333333,-14.5470231666667,0 
-168.1292476666667,-14.5470433333333,0 
-168.1292368333333,-14.5470401666667,0 
-168.1292361666667,-14.5470413333333,0 
-168.1292346666667,-14.5470438333333,0 
-168.1292415000000,-14.5470616666667,0 
-168.1292166666667,-14.5470493333333,0 
-168.1292410000000,-14.5470540000000,0 
-168.1292290000000,-14.5470393333333,0 
-168.1292483333333,-14.5470393333333,0 
-168.1292351666667,-14.5470378333333,0 
-168.1292311666667,-14.5470346666667,0 
-168.1292506666667,-14.5470566666667,0 
-168.1292460000000,-14.5470683333333,0 
-168.1292378333333,-14.5470820000000,0 
-168.1292485000000,-14.5471018333333,0 
-168.1292268333333,-14.5471180000000,0 
-168.1292340000000,-14.5471263333333,0 
-168.1292435000000,-14.5471181666667,0 
-168.1292546666667,-14.5471126666667,0 
-168.1292920000000,-14.5471145000000,0 
-168.1293030000000,-14.5471168333333,0 
-168.1292943333333,-14.5470916666667,0 
-168.1293248333333,-14.5470856666667,0 
-168.1292941666667,-14.5470695000000,0 
-168.1293216666667,-14.5470630000000,0 
-168.1293305000000,-14.5470488333333,0 
-168.1293278333333,-14.5470311666667,0 
-168.1293346666667,-14.5470340000000,0 
-168.1293573333333,-14.5470306666667,0 
-168.1293545000000,-14.5470180000000,0 
-168.1293431666667,-14.5469951666667,0 
-168.1293513333333,-14.5469913333333,0 
-168.1293390000000,-14.5469833333333,0 
-168.1293618333333,-14.5469893333333,0 
-168.1293445000000,-14.5469966666667,0 
-168.1293950000000,-14.5470146666667,0 
-168.1293641666667,-14.5470068333333,0 
-168.1293956666667,-14.5470121666667,0 
-168.1293793333333,-14.5470066666667,0 
-168.1293853333333,-14.5469986666667,0 
-168.1293971666667,-14.5469988333333,0 
-168.1293778333333,-14.5470110000000,0 
-168.1293946666667,-14.5470046666667,0 
-168.1293951666667,-14.5470113333333,0 
-168.1293921666667,-14.5470011666667,0 
-168.1294013333333,-14.5470045000000,0 
-168.1294036666667,-14.5469986666667,0 
-168.1294036666667,-14.5469941666667,0 
-168.1293961666667,-14.5470030000000,0 
-168.1294011666667,-14.5469946666667,0 
-168.1293905000000,-14.5469961666667,0 
-168.1293858333333,-14.5469951666667,0 
-168.1293860000000,-14.5469933333333,0 
-168.1293821666667,-14.5469881666667,0 
-168.1293876666667,-14.5469925000000,0 
-168.1293848333333,-14.5469898333333,0 
-168.1293856666667,-14.5469915000000,0 
-168.1293825000000,-14.5469925000000,0 
-168.1293906666667,-14.5470003333333,0 
-168.1293745000000,-14.5469886666667,0 
-168.1294123333333,-14.5469940000000,0 
-168.1293798333333,-14.5469976666667,0 
-168.1294140000000,-14.5470096666667,0 
-168.1294093333333,-14.5470106666667,0 
-168.1294080000000,-14.5470098333333,0 
-168.1294321666667,-14.5470191666667,0 
-168.1294408333333,-14.5470078333333,0 
-168.1294553333333,-14.5470076666667,0 
-168.1294563333333,-14.5470050000000,0 
-168.1294503333333,-14.5469910000000,0 
-168.1294730000000,-14.5470050000000,0 
-168.1294673333333,-14.5469958333333,0 
-168.1294916666667,-14.5470011666667,0 
-168.1294578333333,-14.5469820000000,0 
-168.1294870000000,-14.5470021666667,0 
-168.1294745000000,-14.5470008333333,0 
-168.1294806666667,-14.5469895000000,0 
-168.1294876666667,-14.5470030000000,0 
-168.1294676666667,-14.5469906666667,0 
-168.1294856666667,-14.5470025000000,0 
-168.1294600000000,-14.5469908333333,0 
-168.1294805000000,-14.5469891666667,0 
-168.1294658333333,-14.5469970000000,0 
-168.1294720000000,-14.5469968333333,0 
-168.1294693333333,-14.5469946666667,0 
-168.1294935000000,-14.5470036666667,0 
-168.1294688333333,-14.5469798333333,0 
-168.1295076666667,-14.5469751666667,0 
-168.1295031666667,-14.5469813333333,0 
-168.1294998333333,-14.5469786666667,0 
-168.1295100000000,-14.5469805000000,0 
-168.1295086666667,-14.5469760000000,0 
-168.1294970000000,-14.5469933333333,0 
-168.1294996666667,-14.5469953333333,0 
-168.1294845000000,-14.5469975000000,0 
-168.1294750000000,-14.5469913333333,0 
-168.1295106666667,-14.5470085000000,0 
-168.1294735000000,-14.5470001666667,0 
-168.1294983333333,-14.5470005000000,0 
-168.1294870000000,-14.5469995000000,0 
-168.1294790000000,-14.5469968333333,0 
-168.1294610000000,-14.5469923333333,0 
-168.1294915000000,-14.5469973333333,0 
-168.1294648333333,-14.5469908333333,0 
-168.1294755000000,-14.5469978333333,0 
-168.1294968333333,-14.5469981666667,0 
-168.1294493333333,-14.5469978333333,0 
-168.1294540000000,-14.5469906666667,0 
-168.1294915000000,-14.5470121666667,0 
-168.1294401666667,-14.5469931666667,0 
-168.1294695000000,-14.5470041666667,0 
-168.1294753333333,-14.5470120000000,0 
-168.1294786666667,-14.5470098333333,0 
-168.1294513333333,-14.5470030000000,0 
-168.1294516666667,-14.5470128333333,0 
-168.1294575000000,-14.5470105000000,0 
-168.1294626666667,-14.5470123333333,0 
-168.1294693333333,-14.5470145000000,0 
-168.1294660000000,-14.5469990000000,0 
-168.1295005000000,-14.5470075000000,0 
-168.1294813333333,-14.5470041666667,0 
-168.1294833333333,-14.5469936666667,0 
-168.1294843333333,-14.5469958333333,0 
-168.1294771666667,-14.5469951666667,0 
-168.1294691666667,-14.5469886666667,0 
-168.1294860000000,-14.5470006666667,0 
-168.1294613333333,-14.5469806666667,0 
-168.1294810000000,-14.5469901666667,0 
-168.1294575000000,-14.5469835000000,0 
-168.1294930000000,-14.5469860000000,0 
-168.1294756666667,-14.5469790000000,0 
-168.1294838333333,-14.5469823333333,0 
-168.1294846666667,-14.5469831666667,0 
-168.1294730000000,-14.5469800000000,0 
-168.1294918333333,-14.5469820000000,0 
-168.1294743333333,-14.5469733333333,0 
-168.1294700000000,-14.5469741666667,0 
-168.1294893333333,-14.5469798333333,0 
-168.1294761666667,-14.5469828333333,0 
-168.1294961666667,-14.5469886666667,0 
-168.1294760000000,-14.5469915000000,0 
-168.1295021666667,-14.5469960000000,0 
-168.1294758333333,-14.5469980000000,0 
-168.1295035000000,-14.5470050000000,0 
-168.1294958333333,-14.5470088333333,0 
-168.1294960000000,-14.5470070000000,0 
-168.1294993333333,-14.5470051666667,0 
-168.1295106666667,-14.5470055000000,0 
-168.1295220000000,-14.5470018333333,0 
-168.1295425000000,-14.5470036666667,0 
-168.1295395000000,-14.5470008333333,0 
-168.1295633333333,-14.5470241666667,0 
-168.1295616666667,-14.5470286666667,0 
-168.1295590000000,-14.5470360000000,0 
-168.1295780000000,-14.5470403333333,0 
-168.1295885000000,-14.5470218333333,0 
-168.1296078333333,-14.5470036666667,0 
-168.1296166666667,-14.5469915000000,0 
-168.1296196666667,-14.5469861666667,0 
-168.1296336666667,-14.5469561666667,0 
-168.1296391666667,-14.5469536666667,0 
-168.1296446666667,-14.5469561666667,0 
-168.1296663333333,-14.5469555000000,0 
-168.1296503333333,-14.5469475000000,0 
-168.1296633333333,-14.5469455000000,0 
-168.1296565000000,-14.5469428333333,0 
-168.1296595000000,-14.5469418333333,0 
-168.1296625000000,-14.5469475000000,0 
-168.1296548333333,-14.5469416666667,0 
-168.1296785000000,-14.5469525000000,0 
-168.1296636666667,-14.5469595000000,0 
-168.1296671666667,-14.5469508333333,0 
-168.1296785000000,-14.5469651666667,0 
-168.1296488333333,-14.5469558333333,0 
-168.1296740000000,-14.5469626666667,0 
-168.1296526666667,-14.5469653333333,0 
-168.1296690000000,-14.5469576666667,0 
-168.1296713333333,-14.5469666666667,0 
-168.1296778333333,-14.5469605000000,0 
-168.1296735000000,-14.5469653333333,0 
-168.1296806666667,-14.5469620000000,0 
-168.1296776666667,-14.5469670000000,0 
-168.1296813333333,-14.5469610000000,0 
-168.1296806666667,-14.5469733333333,0 
-168.1296798333333,-14.5469640000000,0 
-168.1296741666667,-14.5469720000000,0 
-168.1296716666667,-14.5469673333333,0 
-168.1296800000000,-14.5469711666667,0 
-168.1296840000000,-14.5469626666667,0 
-168.1296860000000,-14.5469705000000,0 
-168.1296985000000,-14.5469686666667,0 
-168.1296866666667,-14.5469710000000,0 
-168.1296913333333,-14.5469685000000,0 
-168.1296988333333,-14.5469735000000,0 
-168.1296920000000,-14.5469645000000,0 
-168.1297046666667,-14.5469715000000,0 
-168.1296751666667,-14.5469540000000,0 
-168.1297065000000,-14.5469661666667,0 
-168.1296781666667,-14.5469548333333,0 
-168.1297076666667,-14.5469635000000,0 
-168.1296928333333,-14.5469680000000,0 
-168.1296895000000,-14.5469901666667,0 
-168.1296728333333,-14.5469891666667,0 
-168.1296713333333,-14.5469836666667,0 
-168.1296748333333,-14.5469880000000,0 
-168.1296780000000,-14.5469936666667,0 
-168.1296833333333,-14.5469840000000,0 
-168.1296923333333,-14.5469888333333,0 
-168.1297085000000,-14.5469873333333,0 
-168.1297098333333,-14.5469755000000,0 
-168.1297138333333,-14.5469765000000,0 
-168.1297178333333,-14.5469963333333,0 
-168.1297303333333,-14.5469921666667,0 
-168.1297285000000,-14.5470091666667,0 
-168.1297418333333,-14.5469973333333,0 
-168.1297528333333,-14.5470000000000,0 
-168.1297623333333,-14.5469805000000,0 
-168.1297741666667,-14.5469703333333,0 
-168.1297835000000,-14.5469698333333,0 
-168.1297876666667,-14.5469668333333,0 
-168.1298001666667,-14.5469666666667,0 
-168.1298031666667,-14.5469775000000,0 
-168.1297958333333,-14.5469698333333,0 
-168.1297985000000,-14.5469865000000,0 
-168.1298050000000,-14.5470021666667,0 
-168.1297978333333,-14.5470028333333,0 
-168.1298175000000,-14.5470213333333,0 
-168.1297825000000,-14.5470315000000,0 
-168.1298108333333,-14.5470551666667,0 
-168.1297771666667,-14.5470578333333,0 
-168.1298061666667,-14.5470590000000,0 
-168.1298106666667,-14.5470766666667,0 
-168.1297931666667,-14.5470535000000,0 
-168.1298223333333,-14.5470726666667,0 
-168.1297986666667,-14.5470520000000,0 
-168.1298255000000,-14.5470398333333,0 
-168.1298171666667,-14.5470218333333,0 
-168.1298271666667,-14.5470151666667,0 
-168.1298296666667,-14.5469911666667,0 
-168.1298300000000,-14.5469798333333,0 
-168.1298536666667,-14.5469700000000,0 
-168.1298341666667,-14.5469675000000,0 
-168.1298566666667,-14.5469686666667,0 
-168.1298405000000,-14.5469616666667,0 
-168.1298593333333,-14.5469395000000,0 
-168.1298663333333,-14.5469338333333,0 
-168.1298730000000,-14.5469338333333,0 
-168.1298810000000,-14.5469291666667,0 
-168.1298781666667,-14.5469310000000,0 
-168.1298841666667,-14.5469426666667,0 
-168.1298935000000,-14.5469486666667,0 
-168.1298773333333,-14.5469491666667,0 
-168.1299020000000,-14.5469483333333,0 
-168.1298798333333,-14.5469561666667,0 
-168.1298958333333,-14.5469596666667,0 
-168.1298928333333,-14.5469540000000,0 
-168.1298846666667,-14.5469480000000,0 
-168.1298990000000,-14.5469463333333,0 
-168.1298960000000,-14.5469490000000,0 
-168.1299003333333,-14.5469365000000,0 
-168.1298968333333,-14.5469315000000,0 
-168.1299130000000,-14.5469291666667,0 
-168.1298958333333,-14.5469266666667,0 
-168.1299101666667,-14.5469310000000,0 
-168.1299043333333,-14.5469423333333,0 
-168.1298985000000,-14.5469500000000,0 
-168.1298930000000,-14.5469555000000,0 
-168.1298921666667,-14.5469685000000,0 
-168.1298955000000,-14.5469690000000,0 
-168.1298933333333,-14.5469743333333,0 
-168.1299095000000,-14.5469635000000,0 
-168.1299048333333,-14.5469715000000,0 
-168.1299105000000,-14.5469651666667,0 
-168.1299196666667,-14.5469768333333,0 
-168.1299186666667,-14.5469671666667,0 
-168.1299321666667,-14.5469738333333,0 
-168.1299345000000,-14.5469681666667,0 
-168.1299281666667,-14.5469621666667,0 
-168.1299543333333,-14.5469660000000,0 
-168.1299273333333,-14.5469518333333,0 
-168.1299538333333,-14.5469576666667,0 
-168.1299281666667,-14.5469606666667,0 
-168.1299595000000,-14.5469628333333,0 
-168.1299328333333,-14.5469633333333,0 
-168.1299468333333,-14.5469593333333,0 
-168.1299495000000,-14.5469718333333,0 
-168.1299400000000,-14.5469631666667,0 
-168.1299521666667,-14.5469675000000,0 
-168.1299525000000,-14.5469720000000,0 
-168.1299536666667,-14.5469746666667,0 
-168.1299475000000,-14.5469713333333,0 
-168.1299533333333,-14.5469828333333,0 
-168.1299563333333,-14.5469863333333,0 
-168.1299576666667,-14.5469971666667,0 
-168.1299586666667,-14.5469943333333,0 
-168.1299630000000,-14.5470055000000,0 
-168.1299715000000,-14.5470073333333,0 
-168.1299780000000,-14.5470080000000,0 
-168.1299913333333,-14.5470085000000,0 
-168.1299973333333,-14.5470080000000,0 
-168.1300035000000,-14.5470116666667,0 
-168.1300120000000,-14.5470085000000,0 
-168.1300055000000,-14.5470096666667,0 
-168.1300195000000,-14.5470353333333,0 
-168.1300216666667,-14.5470430000000,0 
-168.1300260000000,-14.5470515000000,0 
-168.1300260000000,-14.5470485000000,0 
-168.1300490000000,-14.5470371666667,0 
-168.1300495000000,-14.5470170000000,0 
-168.1300633333333,-14.5470021666667,0 
-168.1300723333333,-14.5469910000000,0 
-168.1300733333333,-14.5469750000000,0 
-168.1300811666667,-14.5469793333333,0 
-168.1300820000000,-14.5469700000000,0 
-168.1300908333333,-14.5469700000000,0 
-168.1300816666667,-14.5469648333333,0 
-168.1300821666667,-14.5469576666667,0 
-168.1300751666667,-14.5469593333333,0 
-168.1300910000000,-14.5469281666667,0 
-168.1300883333333,-14.5469096666667,0 
-168.1300801666667,-14.5469096666667,0 
-168.1300840000000,-14.5468948333333,0 
-168.1300906666667,-14.5469320000000,0 
-168.1300703333333,-14.5469263333333,0 
-168.1300918333333,-14.5469371666667,0 
-168.1300743333333,-14.5469275000000,0 
-168.1300980000000,-14.5469330000000,0 
-168.1300915000000,-14.5469411666667,0 
-168.1300963333333,-14.5469331666667,0 
-168.1301101666667,-14.5469458333333,0 
-168.1301030000000,-14.5469418333333,0 
-168.1301055000000,-14.5469373333333,0 
-168.1301073333333,-14.5469438333333,0 
-168.1301215000000,-14.5469478333333,0 
-168.1301266666667,-14.5469341666667,0 
-168.1301243333333,-14.5469438333333,0 
-168.1301233333333,-14.5469531666667,0 
-168.1301191666667,-14.5469538333333,0 
-168.1301228333333,-14.5469441666667,0 
-168.1301331666667,-14.5469521666667,0 
-168.1301115000000,-14.5469445000000,0 
-168.1301276666667,-14.5469466666667,0 
-168.1301243333333,-14.5469471666667,0 
-168.1301126666667,-14.5469475000000,0 
-168.1301390000000,-14.5469525000000,0 
-168.1301196666667,-14.5469478333333,0 
-168.1301371666667,-14.5469500000000,0 
-168.1301210000000,-14.5469458333333,0 
-168.1301378333333,-14.5469493333333,0 
-168.1301215000000,-14.5469430000000,0 
-168.1301343333333,-14.5469498333333,0 
-168.1301305000000,-14.5469520000000,0 
-168.1301376666667,-14.5469510000000,0 
-168.1301178333333,-14.5469415000000,0 
-168.1301470000000,-14.5469570000000,0 
-168.1301318333333,-14.5469543333333,0 
-168.1301416666667,-14.5469546666667,0 
-168.1301403333333,-14.5469480000000,0 
-168.1301375000000,-14.5469491666667,0 
-168.1301371666667,-14.5469505000000,0 
-168.1301395000000,-14.5469436666667,0 
-168.1301435000000,-14.5469503333333,0 
-168.1301421666667,-14.5469503333333,0 
-168.1301451666667,-14.5469570000000,0 
-168.1301465000000,-14.5469600000000,0 
-168.1301553333333,-14.5469630000000,0 
-168.1301476666667,-14.5469606666667,0 
-168.1301395000000,-14.5469576666667,0 
-168.1301395000000,-14.5469593333333,0 
-168.1301236666667,-14.5469513333333,0 
-168.1301295000000,-14.5469468333333,0 
-168.1301571666667,-14.5469666666667,0 
-168.1301338333333,-14.5469520000000,0 
-168.1301700000000,-14.5469671666667,0 
-168.1301520000000,-14.5469551666667,0 
-168.1301760000000,-14.5469680000000,0 
-168.1301778333333,-14.5469700000000,0 
-168.1301486666667,-14.5469581666667,0 
-168.1301775000000,-14.5469683333333,0 
-168.1301721666667,-14.5469706666667,0 
-168.1301816666667,-14.5469641666667,0 
-168.1301840000000,-14.5469678333333,0 
-168.1301905000000,-14.5469613333333,0 
-168.1301993333333,-14.5469638333333,0 
-168.1302121666667,-14.5469608333333,0 
-168.1302111666667,-14.5469778333333,0 
-168.1302183333333,-14.5469813333333,0 
-168.1302170000000,-14.5470168333333,0 
-168.1302105000000,-14.5470216666667,0 
-168.1302131666667,-14.5469908333333,0 
-168.1302166666667,-14.5470108333333,0 
-168.1302241666667,-14.5469730000000,0 
-168.1301998333333,-14.5469561666667,0 
-168.1302146666667,-14.5469558333333,0 
-168.1302131666667,-14.5469593333333,0 
-168.1302188333333,-14.5469603333333,0 
-168.1302393333333,-14.5469801666667,0 
-168.1302246666667,-14.5469673333333,0 
-168.1302450000000,-14.5469635000000,0 
-168.1302381666667,-14.5469660000000,0 
-168.1302511666667,-14.5469536666667,0 
-168.1302671666667,-14.5469441666667,0 
-168.1302521666667,-14.5469278333333,0 
-168.1302728333333,-14.5469311666667,0 
-168.1302571666667,-14.5469375000000,0 
-168.1302833333333,-14.5469325000000,0 
-168.1302740000000,-14.5469348333333,0 
-168.1302730000000,-14.5469351666667,0 
-168.1302745000000,-14.5469261666667,0 
-168.1302673333333,-14.5469391666667,0 
-168.1302673333333,-14.5469546666667,0 
-168.1302508333333,-14.5469558333333,0 
-168.1302588333333,-14.5469613333333,0 
-168.1302513333333,-14.5469616666667,0 
-168.1302481666667,-14.5469686666667,0 
-168.1302458333333,-14.5469745000000,0 
-168.1302430000000,-14.5469643333333,0 
-168.1302645000000,-14.5469433333333,0 
-168.1302480000000,-14.5469385000000,0 
-168.1302563333333,-14.5469405000000,0 
-168.1302731666667,-14.5469400000000,0 
-168.1302701666667,-14.5469355000000,0 
-168.1302971666667,-14.5469436666667,0 
-168.1302696666667,-14.5469428333333,0 
-168.1303111666667,-14.5469511666667,0 
-168.1302995000000,-14.5469646666667,0 
-168.1303126666667,-14.5469615000000,0 
-168.1303235000000,-14.5469653333333,0 
-168.1303078333333,-14.5469661666667,0 
-168.1303296666667,-14.5469660000000,0 
-168.1303195000000,-14.5469638333333,0 
-168.1303300000000,-14.5469641666667,0 
-168.1303148333333,-14.5469643333333,0 
-168.1303406666667,-14.5469681666667,0 
-168.1303213333333,-14.5469631666667,0 
-168.1303530000000,-14.5469750000000,0 
-168.1303235000000,-14.5469721666667,0 
-168.1303756666667,-14.5470025000000,0 
-168.1303325000000,-14.5470018333333,0 
-168.1303660000000,-14.5469966666667,0 
-168.1303493333333,-14.5470096666667,0 
-168.1303525000000,-14.5470051666667,0 
-168.1303483333333,-14.5470076666667,0 
-168.1303441666667,-14.5470055000000,0 
-168.1303460000000,-14.5469958333333,0 
-168.1303483333333,-14.5470016666667,0 
-168.1303423333333,-14.5469920000000,0 
-168.1303490000000,-14.5469928333333,0 
-168.1303596666667,-14.5469916666667,0 
-168.1303726666667,-14.5469901666667,0 
-168.1303535000000,-14.5469801666667,0 
-168.1303776666667,-14.5469830000000,0 
-168.1303665000000,-14.5469780000000,0 
-168.1303875000000,-14.5469778333333,0 
-168.1303816666667,-14.5469875000000,0 
-168.1303816666667,-14.5469916666667,0 
-168.1303990000000,-14.5470010000000,0 
-168.1303933333333,-14.5469965000000,0 
-168.1304031666667,-14.5469983333333,0 
-168.1304005000000,-14.5469975000000,0 
-168.1304083333333,-14.5470108333333,0 
-168.1304148333333,-14.5469971666667,0 
-168.1304150000000,-14.5470005000000,0 
-168.1304105000000,-14.5469935000000,0 
-168.1304185000000,-14.5470051666667,0 
-168.1303995000000,-14.5470091666667,0 
-168.1303938333333,-14.5470193333333,0 
-168.1304056666667,-14.5470186666667,0 
-168.1303985000000,-14.5470256666667,0 
-168.1304003333333,-14.5470215000000,0 
-168.1304008333333,-14.5470210000000,0 
-168.1304031666667,-14.5470320000000,0 
-168.1303986666667,-14.5470196666667,0 
-168.1303998333333,-14.5470291666667,0 
-168.1303915000000,-14.5470200000000,0 
-168.1303890000000,-14.5470261666667,0 
-168.1303836666667,-14.5470176666667,0 
-168.1303880000000,-14.5470270000000,0 
-168.1303990000000,-14.5470253333333,0 
-168.1303803333333,-14.5470181666667,0 
-168.1304126666667,-14.5470181666667,0 
-168.1303931666667,-14.5470120000000,0 
-168.1304006666667,-14.5470078333333,0 
-168.1304105000000,-14.5470045000000,0 
-168.1304113333333,-14.5470033333333,0 
-168.1304263333333,-14.5469988333333,0 
-168.1304016666667,-14.5469995000000,0 
-168.1304168333333,-14.5469961666667,0 
-168.1304081666667,-14.5470020000000,0 
-168.1304170000000,-14.5469898333333,0 
-168.1304018333333,-14.5469916666667,0 
-168.1304071666667,-14.5469966666667,0 
-168.1304016666667,-14.5469946666667,0 
-168.1304088333333,-14.5469956666667,0 
-168.1304320000000,-14.5470046666667,0 
-168.1304348333333,-14.5470103333333,0 
-168.1304381666667,-14.5470053333333,0 
-168.1304398333333,-14.5470076666667,0 
-168.1304345000000,-14.5469948333333,0 
-168.1304286666667,-14.5470031666667,0 
-168.1304393333333,-14.5469980000000,0 
-168.1304361666667,-14.5469833333333,0 
-168.1304376666667,-14.5469710000000,0 
-168.1304411666667,-14.5469758333333,0 
-168.1304483333333,-14.5469833333333,0 
-168.1304300000000,-14.5469953333333,0 
-168.1304351666667,-14.5470026666667,0 
-168.1304270000000,-14.5469956666667,0 
-168.1304183333333,-14.5470006666667,0 
-168.1304225000000,-14.5469970000000,0 
-168.1304171666667,-14.5470046666667,0 
-168.1304310000000,-14.5469963333333,0 
-168.1304125000000,-14.5470048333333,0 
-168.1304133333333,-14.5469980000000,0 
-168.1304196666667,-14.5470058333333,0 
-168.1304275000000,-14.5470071666667,0 
-168.1304186666667,-14.5470088333333,0 
-168.1304173333333,-14.5470065000000,0 
-168.1304163333333,-14.5470033333333,0 
-168.1304273333333,-14.5470151666667,0 
-168.1304190000000,-14.5470075000000,0 
-168.1304173333333,-14.5470021666667,0 
-168.1304283333333,-14.5470038333333,0 
-168.1304130000000,-14.5470103333333,0 
-168.1304198333333,-14.5470090000000,0 
-168.1304151666667,-14.5470113333333,0 
-168.1304380000000,-14.5470056666667,0 
-168.1304158333333,-14.5470135000000,0 
-168.1304453333333,-14.5469991666667,0 
-168.1304298333333,-14.5469911666667,0 
-168.1304521666667,-14.5469790000000,0 
-168.1304446666667,-14.5469828333333,0 
-168.1304468333333,-14.5469768333333,0 
-168.1304413333333,-14.5469811666667,0 
-168.1304486666667,-14.5469746666667,0 
-168.1304408333333,-14.5469795000000,0 
-168.1304363333333,-14.5469741666667,0 
-168.1304441666667,-14.5469745000000,0 
-168.1304328333333,-14.5469758333333,0 
-168.1304443333333,-14.5469815000000,0 
-168.1304515000000,-14.5469800000000,0 
-168.1304466666667,-14.5469820000000,0 
-168.1304521666667,-14.5469838333333,0 
-168.1304481666667,-14.5469800000000,0 
-168.1304500000000,-14.5469825000000,0 
-168.1304365000000,-14.5469750000000,0 
-168.1304536666667,-14.5469818333333,0 
-168.1304381666667,-14.5469785000000,0 
-168.1304403333333,-14.5469841666667,0 
-168.1304305000000,-14.5469666666667,0 
-168.1304575000000,-14.5469870000000,0 
-168.1304278333333,-14.5469693333333,0 
-168.1304440000000,-14.5469766666667,0 
-168.1304280000000,-14.5469751666667,0 
-168.1304351666667,-14.5469746666667,0 
-168.1304381666667,-14.5469806666667,0 
-168.1304351666667,-14.5469753333333,0 
-168.1304390000000,-14.5469858333333,0 
-168.1304365000000,-14.5469836666667,0 
-168.1304490000000,-14.5469838333333,0 
-168.1304366666667,-14.5469820000000,0 
-168.1304495000000,-14.5469786666667,0 
-168.1304283333333,-14.5469813333333,0 
-168.1304556666667,-14.5469820000000,0 
-168.1304451666667,-14.5469831666667,0 
-168.1304506666667,-14.5469803333333,0 
-168.1304491666667,-14.5469791666667,0 
-168.1304560000000,-14.5469901666667,0 
-168.1304525000000,-14.5469980000000,0 
-168.1304658333333,-14.5470020000000,0 
-168.1304531666667,-14.5470081666667,0 
-168.1304641666667,-14.5470140000000,0 
-168.1304565000000,-14.5469963333333,0 
-168.1304643333333,-14.5470025000000,0 
-168.1304731666667,-14.5469880000000,0 
-168.1304586666667,-14.5469865000000,0 
-168.1304715000000,-14.5469755000000,0 
-168.1304695000000,-14.5469796666667,0 
-168.1304566666667,-14.5469678333333,0 
-168.1304553333333,-14.5469680000000,0 
-168.1304608333333,-14.5469663333333,0 
-168.1304766666667,-14.5469775000000,0 
-168.1304608333333,-14.5469753333333,0 
-168.1304590000000,-14.5469711666667,0 
-168.1304736666667,-14.5469680000000,0 
-168.1304665000000,-14.5469751666667,0 
-168.1304691666667,-14.5469693333333,0 
-168.1304555000000,-14.5469735000000,0 
-168.1304623333333,-14.5469538333333,0 
-168.1304765000000,-14.5469616666667,0 
-168.1304703333333,-14.5469520000000,0 
-168.1304498333333,-14.5469578333333,0 
-168.1304386666667,-14.5469491666667,0 
-168.1304566666667,-14.5469656666667,0 
-168.1304466666667,-14.5469738333333,0 
-168.1304556666667,-14.5469883333333,0 
-168.1304588333333,-14.5469906666667,0 
-168.1304676666667,-14.5469881666667,0 
-168.1304646666667,-14.5469836666667,0 
-168.1304796666667,-14.5469886666667,0 
-168.1304868333333,-14.5469855000000,0 
-168.1304946666667,-14.5469850000000,0 
-168.1304891666667,-14.5469876666667,0 
-168.1304830000000,-14.5469858333333,0 
-168.1304885000000,-14.5469890000000,0 
-168.1304921666667,-14.5469890000000,0 
-168.1304908333333,-14.5469905000000,0 
-168.1304935000000,-14.5469868333333,0 
-168.1305073333333,-14.5469878333333,0 
-168.1304915000000,-14.5469880000000,0 
-168.1304988333333,-14.5469853333333,0 
-168.1304901666667,-14.5469816666667,0 
-168.1304978333333,-14.5469850000000,0 
-168.1304948333333,-14.5469871666667,0 
-168.1304923333333,-14.5469860000000,0 
-168.1304830000000,-14.5469818333333,0 
-168.1304953333333,-14.5469868333333,0 
-168.1304911666667,-14.5469858333333,0 
-168.1304795000000,-14.5469823333333,0 
-168.1304901666667,-14.5469885000000,0 
-168.1304871666667,-14.5469866666667,0 
-168.1304961666667,-14.5469858333333,0 
-168.1304830000000,-14.5469850000000,0 
-168.1304920000000,-14.5469895000000,0 
-168.1304883333333,-14.5469858333333,0 
-168.1304836666667,-14.5469858333333,0 
-168.1305008333333,-14.5469903333333,0 
-168.1304840000000,-14.5470013333333,0 
-168.1304846666667,-14.5470015000000,0 
-168.1305018333333,-14.5470071666667,0 
-168.1304966666667,-14.5470110000000,0 
-168.1304938333333,-14.5470188333333,0 
-168.1304993333333,-14.5470128333333,0 
-168.1304866666667,-14.5470130000000,0 
-168.1304830000000,-14.5470141666667,0 
-168.1304990000000,-14.5470123333333,0 
-168.1304901666667,-14.5470141666667,0 
-168.1304866666667,-14.5470108333333,0 
-168.1304941666667,-14.5470166666667,0 
-168.1304843333333,-14.5470170000000,0 
-168.1304935000000,-14.5470133333333,0 
-168.1304840000000,-14.5470091666667,0 
-168.1305051666667,-14.5470078333333,0 
-168.1305058333333,-14.5470081666667,0 
-168.1304980000000,-14.5470076666667,0 
-168.1304906666667,-14.5470065000000,0 
-168.1304963333333,-14.5470090000000,0 
-168.1304906666667,-14.5470133333333,0 
-168.1304900000000,-14.5470118333333,0 
-168.1304801666667,-14.5470066666667,0 
-168.1304868333333,-14.5470071666667,0 
-168.1305021666667,-14.5470143333333,0 
-168.1304853333333,-14.5470030000000,0 
-168.1305046666667,-14.5470095000000,0 
-168.1305021666667,-14.5470070000000,0 
-168.1305000000000,-14.5470120000000,0 
-168.1304988333333,-14.5470085000000,0 
-168.1304876666667,-14.5470061666667,0 
-168.1304936666667,-14.5470056666667,0 
-168.1305031666667,-14.5470115000000,0 
-168.1305058333333,-14.5470071666667,0 
-168.1305126666667,-14.5470118333333,0 
-168.1305138333333,-14.5470063333333,0 
-168.1304941666667,-14.5470006666667,0 
-168.1304985000000,-14.5470001666667,0 
-168.1305168333333,-14.5470073333333,0 
-168.1304951666667,-14.5470025000000,0 
-168.1305213333333,-14.5470125000000,0 
-168.1305033333333,-14.5470071666667,0 
-168.1304998333333,-14.5470078333333,0 
-168.1304881666667,-14.5469970000000,0 
-168.1305100000000,-14.5470035000000,0 
-168.1304918333333,-14.5470003333333,0 
-168.1305135000000,-14.5470000000000,0 
-168.1305148333333,-14.5470085000000,0 
-168.1304891666667,-14.5470073333333,0 
-168.1305016666667,-14.5470045000000,0 
-168.1305055000000,-14.5470070000000,0 
-168.1304993333333,-14.5470003333333,0 
-168.1304958333333,-14.5469958333333,0 
-168.1305215000000,-14.5470041666667,0 
-168.1304971666667,-14.5469961666667,0 
-168.1305086666667,-14.5469988333333,0 
-168.1305086666667,-14.5470065000000,0 
-168.1305005000000,-14.5469961666667,0 
-168.1305193333333,-14.5470005000000,0 
-168.1304955000000,-14.5469990000000,0 
-168.1305135000000,-14.5469971666667,0 
-168.1305045000000,-14.5469988333333,0 
-168.1305211666667,-14.5469966666667,0 
-168.1305195000000,-14.5470033333333,0 
-168.1304971666667,-14.5469946666667,0 
-168.1305208333333,-14.5469983333333,0 
-168.1305206666667,-14.5469956666667,0 
-168.1305060000000,-14.5470000000000,0 
-168.1305013333333,-14.5469965000000,0 
-168.1304991666667,-14.5469933333333,0 
-168.1304988333333,-14.5469858333333,0 
-168.1305193333333,-14.5469901666667,0 
-168.1304938333333,-14.5469740000000,0 
-168.1305075000000,-14.5469850000000,0 
-168.1304946666667,-14.5469788333333,0 
-168.1305118333333,-14.5469841666667,0 
-168.1305098333333,-14.5469820000000,0 
-168.1304950000000,-14.5469763333333,0 
-168.1305081666667,-14.5469845000000,0 
-168.1305033333333,-14.5469818333333,0 
-168.1305218333333,-14.5469905000000,0 
-168.1305111666667,-14.5469880000000,0 
-168.1305310000000,-14.5469920000000,0 
-168.1305153333333,-14.5469883333333,0 
-168.1305210000000,-14.5469843333333,0 
-168.1304960000000,-14.5469810000000,0 
-168.1305016666667,-14.5469805000000,0 
-168.1305038333333,-14.5469811666667,0 
-168.1305253333333,-14.5469846666667,0 
-168.1305075000000,-14.5469930000000,0 
-168.1305205000000,-14.5469923333333,0 
-168.1305005000000,-14.5469875000000,0 
-168.1305170000000,-14.5469938333333,0 
-168.1305170000000,-14.5469938333333,0 
-168.1305256666667,-14.5469935000000,0 
-168.1305016666667,-14.5469898333333,0 
-168.1304978333333,-14.5469880000000,0 
-168.1304865000000,-14.5469835000000,0 
-168.1304908333333,-14.5469806666667,0 
-168.1305171666667,-14.5469921666667,0 
-168.1304868333333,-14.5469785000000,0 
-168.1305248333333,-14.5469965000000,0 
-168.1305071666667,-14.5469986666667,0 
-168.1305186666667,-14.5469898333333,0 
-168.1304948333333,-14.5469903333333,0 
-168.1305191666667,-14.5469966666667,0 
-168.1305150000000,-14.5469956666667,0 
-168.1305073333333,-14.5469931666667,0 
-168.1305201666667,-14.5469936666667,0 
-168.1305060000000,-14.5469876666667,0 
-168.1305025000000,-14.5469911666667,0 
-168.1305021666667,-14.5469890000000,0 
-168.1304976666667,-14.5469838333333,0 
-168.1305155000000,-14.5469891666667,0 
-168.1305115000000,-14.5469903333333,0 
-168.1305201666667,-14.5469901666667,0 
-168.1305045000000,-14.5469760000000,0 
-168.1305176666667,-14.5469831666667,0 
-168.1305151666667,-14.5469858333333,0 
-168.1305138333333,-14.5469985000000,0 
-168.1305206666667,-14.5470083333333,0 
-168.1305266666667,-14.5470061666667,0 
-168.1305340000000,-14.5469965000000,0 
-168.1305400000000,-14.5470001666667,0 
-168.1305361666667,-14.5470003333333,0 
-168.1305438333333,-14.5470061666667,0 
-168.1305370000000,-14.5470006666667,0 
-168.1305548333333,-14.5470176666667,0 
-168.1305423333333,-14.5470136666667,0 
-168.1305610000000,-14.5470135000000,0 
-168.1305651666667,-14.5469985000000,0 
-168.1305786666667,-14.5469916666667,0 
-168.1305798333333,-14.5469828333333,0 
-168.1305881666667,-14.5469806666667,0 
-168.1305725000000,-14.5469743333333,0 
-168.1305848333333,-14.5469711666667,0 
-168.1305818333333,-14.5469800000000,0 
-168.1305840000000,-14.5469835000000,0 
-168.1305915000000,-14.5469806666667,0 
-168.1305838333333,-14.5469718333333,0 
-168.1306048333333,-14.5469640000000,0 
-168.1305978333333,-14.5469595000000,0 
-168.1305965000000,-14.5469436666667,0 
-168.1305980000000,-14.5469481666667,0 
-168.1305995000000,-14.5469473333333,0 
-168.1306068333333,-14.5469711666667,0 
-168.1306100000000,-14.5469826666667,0 
-168.1306120000000,-14.5469871666667,0 
-168.1306030000000,-14.5470023333333,0 
-168.1306191666667,-14.5470006666667,0 
-168.1306211666667,-14.5470108333333,0 
-168.1306245000000,-14.5469970000000,0 
-168.1306388333333,-14.5469863333333,0 
-168.1306375000000,-14.5469786666667,0 
-168.1306525000000,-14.5469791666667,0 
-168.1306458333333,-14.5469728333333,0 
-168.1306543333333,-14.5469771666667,0 
-168.1306561666667,-14.5469706666667,0 
-168.1306523333333,-14.5469763333333,0 
-168.1306533333333,-14.5469810000000,0 
-168.1306481666667,-14.5469928333333,0 
-168.1306468333333,-14.5469973333333,0 
-168.1306506666667,-14.5470005000000,0 
-168.1306621666667,-14.5470013333333,0 
-168.1306491666667,-14.5469935000000,0 
-168.1306675000000,-14.5470055000000,0 
-168.1306626666667,-14.5470001666667,0 
-168.1306543333333,-14.5470041666667,0 
-168.1306731666667,-14.5470151666667,0 
-168.1306550000000,-14.5470036666667,0 
-168.1306723333333,-14.5470093333333,0 
-168.1306708333333,-14.5470120000000,0 
-168.1306833333333,-14.5470130000000,0 
-168.1306615000000,-14.5470218333333,0 
-168.1306898333333,-14.5470203333333,0 
-168.1306735000000,-14.5470241666667,0 
-168.1306825000000,-14.5470206666667,0 
-168.1306826666667,-14.5470200000000,0 
-168.1306816666667,-14.5470258333333,0 
-168.1306781666667,-14.5470195000000,0 
-168.1306871666667,-14.5470248333333,0 
-168.1306771666667,-14.5470301666667,0 
-168.1306871666667,-14.5470213333333,0 
-168.1306850000000,-14.5470271666667,0 
-168.1306915000000,-14.5470248333333,0 
-168.1306976666667,-14.5470221666667,0 
-168.1306850000000,-14.5470190000000,0 
-168.1306838333333,-14.5470241666667,0 
-168.1306916666667,-14.5470286666667,0 
-168.1306916666667,-14.5470315000000,0 
-168.1306805000000,-14.5470223333333,0 
-168.1306920000000,-14.5470341666667,0 
-168.1306853333333,-14.5470241666667,0 
-168.1306876666667,-14.5470296666667,0 
-168.1306860000000,-14.5470250000000,0 
-168.1306958333333,-14.5470298333333,0 
-168.1306901666667,-14.5470318333333,0 
-168.1306915000000,-14.5470213333333,0 
-168.1306868333333,-14.5470248333333,0 
-168.1306815000000,-14.5470176666667,0 
-168.1306863333333,-14.5470218333333,0 
-168.1306948333333,-14.5470305000000,0 
-168.1306850000000,-14.5470245000000,0 
-168.1307101666667,-14.5470330000000,0 
-168.1306878333333,-14.5470176666667,0 
-168.1307175000000,-14.5469968333333,0 
-168.1307030000000,-14.5469870000000,0 
-168.1307228333333,-14.5469691666667,0 
-168.1307265000000,-14.5469723333333,0 
-168.1307181666667,-14.5469616666667,0 
-168.1307335000000,-14.5469726666667,0 
-168.1307168333333,-14.5469611666667,0 
-168.1307413333333,-14.5469611666667,0 
-168.1307235000000,-14.5469623333333,0 
-168.1307330000000,-14.5469618333333,0 
-168.1307313333333,-14.5469586666667,0 
-168.1307335000000,-14.5469426666667,0 
-168.1307535000000,-14.5469481666667,0 
-168.1307371666667,-14.5469450000000,0 
-168.1307605000000,-14.5469513333333,0 
-168.1307498333333,-14.5469505000000,0 
-168.1307720000000,-14.5469488333333,0 
-168.1307678333333,-14.5469633333333,0 
-168.1307733333333,-14.5469636666667,0 
-168.1307773333333,-14.5469658333333,0 
-168.1307711666667,-14.5469618333333,0 
-168.1307833333333,-14.5469565000000,0 
-168.1307651666667,-14.5469536666667,0 
-168.1307950000000,-14.5469566666667,0 
-168.1307845000000,-14.5469496666667,0 
-168.1307840000000,-14.5469430000000,0 
-168.1307806666667,-14.5469385000000,0 
-168.1307815000000,-14.5469396666667,0 
-168.1307773333333,-14.5469433333333,0 
-168.1307880000000,-14.5469395000000,0 
-168.1307755000000,-14.5469438333333,0 
-168.1307873333333,-14.5469433333333,0 
-168.1307801666667,-14.5469420000000,0 
-168.1307901666667,-14.5469438333333,0 
-168.1307833333333,-14.5469438333333,0 
-168.1307838333333,-14.5469443333333,0 
-168.1307881666667,-14.5469570000000,0 
-168.1307801666667,-14.5469463333333,0 
-168.1307811666667,-14.5469521666667,0 
-168.1307868333333,-14.5469536666667,0 
-168.1307876666667,-14.5469320000000,0 
-168.1307996666667,-14.5469500000000,0 
-168.1308043333333,-14.5469438333333,0 
-168.1308106666667,-14.5469418333333,0 
-168.1308078333333,-14.5469400000000,0 
-168.1308280000000,-14.5469396666667,0 
-168.1308188333333,-14.5469211666667,0 
-168.1308068333333,-14.5469176666667,0 
-168.1308216666667,-14.5469051666667,0 
-168.1308180000000,-14.5469178333333,0 
-168.1308360000000,-14.5469283333333,0 
-168.1308438333333,-14.5469460000000,0 
-168.1308346666667,-14.5469610000000,0 
-168.1308375000000,-14.5469525000000,0 
-168.1308541666667,-14.5469673333333,0 
-168.1308475000000,-14.5469620000000,0 
-168.1308486666667,-14.5469621666667,0 
-168.1308693333333,-14.5469640000000,0 
-168.1308681666667,-14.5469611666667,0 
-168.1308718333333,-14.5469676666667,0 
-168.1308853333333,-14.5469648333333,0 
-168.1308766666667,-14.5469483333333,0 
-168.1308813333333,-14.5469453333333,0 
-168.1308871666667,-14.5469401666667,0 
-168.1308906666667,-14.5469378333333,0 
-168.1308935000000,-14.5469313333333,0 
-168.1308910000000,-14.5469273333333,0 
-168.1308880000000,-14.5469213333333,0 
-168.1308973333333,-14.5469233333333,0 
-168.1308960000000,-14.5469186666667,0 
-168.1308965000000,-14.5469071666667,0 
-168.1309135000000,-14.5469228333333,0 
-168.1309081666667,-14.5469233333333,0 
-168.1309131666667,-14.5469221666667,0 
-168.1309271666667,-14.5469451666667,0 
-168.1309291666667,-14.5469535000000,0 
-168.1309368333333,-14.5469521666667,0 
-168.1309255000000,-14.5469508333333,0 
-168.1309378333333,-14.5469260000000,0 
-168.1309173333333,-14.5469185000000,0 
-168.1309375000000,-14.5469176666667,0 
-168.1309255000000,-14.5469313333333,0 
-168.1309448333333,-14.5469388333333,0 
-168.1309386666667,-14.5469576666667,0 
-168.1309430000000,-14.5469603333333,0 
-168.1309498333333,-14.5469688333333,0 
-168.1309365000000,-14.5469735000000,0 
-168.1309476666667,-14.5469681666667,0 
-168.1309435000000,-14.5469746666667,0 
-168.1309481666667,-14.5469840000000,0 
-168.1309321666667,-14.5469820000000,0 
-168.1309383333333,-14.5469838333333,0 
-168.1309400000000,-14.5469791666667,0 
-168.1309335000000,-14.5469960000000,0 
-168.1309340000000,-14.5469890000000,0 
-168.1309353333333,-14.5469938333333,0 
-168.1309323333333,-14.5469931666667,0 
-168.1309443333333,-14.5469926666667,0 
-168.1309335000000,-14.5469891666667,0 
-168.1309506666667,-14.5469863333333,0 
-168.1309530000000,-14.5469801666667,0 
-168.1309571666667,-14.5469811666667,0 
-168.1309731666667,-14.5469926666667,0 
-168.1309861666667,-14.5469935000000,0 
-168.1309910000000,-14.5470018333333,0 
-168.1309846666667,-14.5469920000000,0 
-168.1310076666667,-14.5469831666667,0 
-168.1309996666667,-14.5469870000000,0 
-168.1310063333333,-14.5469736666667,0 
-168.1309966666667,-14.5469808333333,0 
-168.1309985000000,-14.5469888333333,0 
-168.1310015000000,-14.5469938333333,0 
-168.1309988333333,-14.5469991666667,0 
-168.1310025000000,-14.5470015000000,0 
-168.1310000000000,-14.5469913333333,0 
-168.1309950000000,-14.5469938333333,0 
-168.1310003333333,-14.5469950000000,0 
-168.1309945000000,-14.5469950000000,0 
-168.1310036666667,-14.5470005000000,0 
-168.1310018333333,-14.5470028333333,0 
-168.1310003333333,-14.5469941666667,0 
-168.1310008333333,-14.5469985000000,0 
-168.1309948333333,-14.5469945000000,0 
-168.1309970000000,-14.5469965000000,0 
-168.1309831666667,-14.5470003333333,0 
-168.1309770000000,-14.5470156666667,0 
-168.1309511666667,-14.5470011666667,0 
-168.1309413333333,-14.5470070000000,0 
-168.1309260000000,-14.5470070000000,0 
-168.1309366666667,-14.5469916666667,0 
-168.1309280000000,-14.5469970000000,0 
-168.1309270000000,-14.5469940000000,0 
-168.1309258333333,-14.5469916666667,0 
-168.1309185000000,-14.5470018333333,0 
-168.1309273333333,-14.5469971666667,0 
-168.1309408333333,-14.5470110000000,0 
-168.1309196666667,-14.5470056666667,0 
-168.1309308333333,-14.5469970000000,0 
-168.1309298333333,-14.5470026666667,0 
-168.1309406666667,-14.5470098333333,0 
-168.1309376666667,-14.5470043333333,0 
-168.1309461666667,-14.5469991666667,0 
-168.1309370000000,-14.5470016666667,0 
-168.1309446666667,-14.5470071666667,0 
-168.1309356666667,-14.5470101666667,0 
-168.1309423333333,-14.5470081666667,0 
-168.1309391666667,-14.5470100000000,0 
-168.1309500000000,-14.5470128333333,0 
-168.1309470000000,-14.5470155000000,0 
-168.1309360000000,-14.5470180000000,0 
-168.1309471666667,-14.5470155000000,0 
-168.1309451666667,-14.5470083333333,0 
-168.1309491666667,-14.5470120000000,0 
-168.1309416666667,-14.5470083333333,0 
-168.1309538333333,-14.5470105000000,0 
-168.1309425000000,-14.5469993333333,0 
-168.1309603333333,-14.5470150000000,0 
-168.1309601666667,-14.5470156666667,0 
-168.1309456666667,-14.5470111666667,0 
-168.1309571666667,-14.5470081666667,0 
-168.1309545000000,-14.5470233333333,0 
-168.1309610000000,-14.5470170000000,0 
-168.1309435000000,-14.5469950000000,0 
-168.1309638333333,-14.5470155000000,0 
-168.1309481666667,-14.5470096666667,0 
-168.1309726666667,-14.5470143333333,0 
-168.1309745000000,-14.5470040000000,0 
-168.1310096666667,-14.5470028333333,0 
-168.1310430000000,-14.5469870000000,0 
-168.1310610000000,-14.5469756666667,0 
-168.1310608333333,-14.5469788333333,0 
-168.1310783333333,-14.5469798333333,0 
-168.1310706666667,-14.5469891666667,0 
-168.1310805000000,-14.5469796666667,0 
-168.1310953333333,-14.5469890000000,0 
-168.1310920000000,-14.5469878333333,0 
-168.1311118333333,-14.5469865000000,0 
-168.1311228333333,-14.5469891666667,0 
-168.1311256666667,-14.5469845000000,0 
-168.1311295000000,-14.5469903333333,0 
-168.1311335000000,-14.5469743333333,0 
-168.1311388333333,-14.5469748333333,0 
-168.1311380000000,-14.5469755000000,0 
-168.1311565000000,-14.5469748333333,0 
-168.1311455000000,-14.5469661666667,0 
-168.1311678333333,-14.5469588333333,0 
-168.1311611666667,-14.5469531666667,0 
-168.1311718333333,-14.5469513333333,0 
-168.1311600000000,-14.5469466666667,0 
-168.1311715000000,-14.5469481666667,0 
-168.1311623333333,-14.5469538333333,0 
-168.1311655000000,-14.5469513333333,0 
-168.1311576666667,-14.5469565000000,0 
-168.1311678333333,-14.5469610000000,0 
-168.1311590000000,-14.5469590000000,0 
-168.1311621666667,-14.5469633333333,0 
-168.1311561666667,-14.5469626666667,0 
-168.1311575000000,-14.5469488333333,0 
-168.1311595000000,-14.5469560000000,0 
-168.1311570000000,-14.5469550000000,0 
-168.1311620000000,-14.5469598333333,0 
-168.1311591666667,-14.5469610000000,0 
-168.1311743333333,-14.5469640000000,0 
-168.1311641666667,-14.5469670000000,0 
-168.1311705000000,-14.5469656666667,0 
-168.1311650000000,-14.5469741666667,0 
-168.1311680000000,-14.5469590000000,0 
-168.1311733333333,-14.5469718333333,0 
-168.1311658333333,-14.5469656666667,0 
-168.1311698333333,-14.5469670000000,0 
-168.1311703333333,-14.5469705000000,0 
-168.1311723333333,-14.5469618333333,0 
-168.1311706666667,-14.5469586666667,0 
-168.1311733333333,-14.5469560000000,0 
-168.1311740000000,-14.5469533333333,0 
-168.1311680000000,-14.5469638333333,0 
-168.1311636666667,-14.5469628333333,0 
-168.1311630000000,-14.5469573333333,0 
-168.1311663333333,-14.5469601666667,0 
-168.1311775000000,-14.5469530000000,0 
-168.1311845000000,-14.5469561666667,0 
-168.1311901666667,-14.5469461666667,0 
-168.1311870000000,-14.5469553333333,0 
-168.1312053333333,-14.5469548333333,0 
-168.1311990000000,-14.5469528333333,0 
-168.1311838333333,-14.5469446666667,0 
-168.1312026666667,-14.5469501666667,0 
-168.1311940000000,-14.5469463333333,0 
-168.1311900000000,-14.5469493333333,0 
-168.1311915000000,-14.5469453333333,0 
-168.1311926666667,-14.5469446666667,0 
-168.1311821666667,-14.5469433333333,0 
-168.1311948333333,-14.5469436666667,0 
-168.1312041666667,-14.5469613333333,0 
-168.1311758333333,-14.5469720000000,0 
-168.1311795000000,-14.5469826666667,0 
-168.1311528333333,-14.5469873333333,0 
-168.1311710000000,-14.5469691666667,0 
-168.1311660000000,-14.5469733333333,0 
-168.1311695000000,-14.5469706666667,0 
-168.1311670000000,-14.5469735000000,0 
-168.1311521666667,-14.5469831666667,0 
-168.1311623333333,-14.5469670000000,0 
-168.1311711666667,-14.5469818333333,0 
-168.1311580000000,-14.5469696666667,0 
-168.1311771666667,-14.5469775000000,0 
-168.1311568333333,-14.5469686666667,0 
-168.1311660000000,-14.5469745000000,0 
-168.1311680000000,-14.5469798333333,0 
-168.1311623333333,-14.5469670000000,0 
-168.1311526666667,-14.5469730000000,0 
-168.1311636666667,-14.5469745000000,0 
-168.1311791666667,-14.5469768333333,0 
-168.1311670000000,-14.5469745000000,0 
-168.1311765000000,-14.5469805000000,0 
-168.1311623333333,-14.5469748333333,0 
-168.1311700000000,-14.5469793333333,0 
-168.1311796666667,-14.5469790000000,0 
-168.1311676666667,-14.5469803333333,0 
-168.1311766666667,-14.5469868333333,0 
-168.1311636666667,-14.5469830000000,0 
-168.1311700000000,-14.5469838333333,0 
-168.1311641666667,-14.5469816666667,0 
-168.1311640000000,-14.5469915000000,0 
-168.1311796666667,-14.5469815000000,0 
-168.1311608333333,-14.5469808333333,0 
-168.1311771666667,-14.5469831666667,0 
-168.1311756666667,-14.5469910000000,0 
-168.1311761666667,-14.5469761666667,0 
-168.1311908333333,-14.5469866666667,0 
-168.1311803333333,-14.5469851666667,0 
-168.1311775000000,-14.5469811666667,0 
-168.1311760000000,-14.5469825000000,0 
-168.1311838333333,-14.5469888333333,0 
-168.1311803333333,-14.5469801666667,0 
-168.1311841666667,-14.5469865000000,0 
-168.1311750000000,-14.5469853333333,0 
-168.1311791666667,-14.5469883333333,0 
-168.1311705000000,-14.5469903333333,0 
-168.1311666666667,-14.5469823333333,0 
-168.1311611666667,-14.5469815000000,0 
-168.1311550000000,-14.5469805000000,0 
-168.1311580000000,-14.5469851666667,0 
-168.1311525000000,-14.5469945000000,0 
-168.1311581666667,-14.5469833333333,0 
-168.1311480000000,-14.5469811666667,0 
-168.1311505000000,-14.5469820000000,0 
-168.1311388333333,-14.5469811666667,0 
-168.1311458333333,-14.5469835000000,0 
-168.1311445000000,-14.5469900000000,0 
-168.1311535000000,-14.5469885000000,0 
-168.1311355000000,-14.5469785000000,0 
-168.1311528333333,-14.5469903333333,0 
-168.1311411666667,-14.5469800000000,0 
-168.1311561666667,-14.5469840000000,0 
-168.1311433333333,-14.5469780000000,0 
-168.1311416666667,-14.5469775000000,0 
-168.1311411666667,-14.5469795000000,0 
-168.1311501666667,-14.5469853333333,0 
-168.1311418333333,-14.5469708333333,0 
-168.1311453333333,-14.5469715000000,0 
-168.1311438333333,-14.5469790000000,0 
-168.1311546666667,-14.5469796666667,0 
-168.1311370000000,-14.5469753333333,0 
-168.1311541666667,-14.5469795000000,0 
-168.1311386666667,-14.5469833333333,0 
-168.1311423333333,-14.5469848333333,0 
-168.1311676666667,-14.5469813333333,0 
-168.1311390000000,-14.5469848333333,0 
-168.1311523333333,-14.5469876666667,0 
-168.1311245000000,-14.5469855000000,0 
-168.1311653333333,-14.5469856666667,0 
-168.1311471666667,-14.5469745000000,0 
-168.1311898333333,-14.5469665000000,0 
-168.1311863333333,-14.5469643333333,0 
-168.1311880000000,-14.5469475000000,0 
-168.1312093333333,-14.5469470000000,0 
-168.1312096666667,-14.5469393333333,0 
-168.1312373333333,-14.5469306666667,0 
-168.1312261666667,-14.5469375000000,0 
-168.1312375000000,-14.5469313333333,0 
-168.1312540000000,-14.5469265000000,0 
-168.1312415000000,-14.5469326666667,0 
-168.1312550000000,-14.5469265000000,0 
-168.1312523333333,-14.5469350000000,0 
-168.1312551666667,-14.5469278333333,0 
-168.1312651666667,-14.5469386666667,0 
-168.1312491666667,-14.5469375000000,0 
-168.1312598333333,-14.5469348333333,0 
-168.1312511666667,-14.5469381666667,0 
-168.1312566666667,-14.5469333333333,0 
-168.1312505000000,-14.5469348333333,0 
-168.1312626666667,-14.5469411666667,0 
-168.1312540000000,-14.5469356666667,0 
-168.1312570000000,-14.5469393333333,0 
-168.1312580000000,-14.5469426666667,0 
-168.1312591666667,-14.5469353333333,0 
-168.1312540000000,-14.5469350000000,0 
-168.1312650000000,-14.5469395000000,0 
-168.1312608333333,-14.5469353333333,0 
-168.1312683333333,-14.5469305000000,0 
-168.1312540000000,-14.5469225000000,0 
-168.1312728333333,-14.5469258333333,0 
-168.1312723333333,-14.5469326666667,0 
-168.1312716666667,-14.5469196666667,0 
-168.1312770000000,-14.5469156666667,0 
-168.1312725000000,-14.5469258333333,0 
-168.1312831666667,-14.5469248333333,0 
-168.1312680000000,-14.5469338333333,0 
-168.1312805000000,-14.5469396666667,0 
-168.1312448333333,-14.5469425000000,0 
-168.1312685000000,-14.5469485000000,0 
-168.1312510000000,-14.5469563333333,0 
-168.1312573333333,-14.5469451666667,0 
-168.1312621666667,-14.5469493333333,0 
-168.1312650000000,-14.5469556666667,0 
-168.1312671666667,-14.5469636666667,0 
-168.1312603333333,-14.5469595000000,0 
-168.1312645000000,-14.5469620000000,0 
-168.1312505000000,-14.5469631666667,0 
-168.1312573333333,-14.5469535000000,0 
-168.1312665000000,-14.5469715000000,0 
-168.1312573333333,-14.5469581666667,0 
-168.1312706666667,-14.5469698333333,0 
-168.1312658333333,-14.5469615000000,0 
-168.1312621666667,-14.5469678333333,0 
-168.1312718333333,-14.5469533333333,0 
-168.1312661666667,-14.5469616666667,0 
-168.1312538333333,-14.5469498333333,0 
-168.1312663333333,-14.5469573333333,0 
-168.1312636666667,-14.5469551666667,0 
-168.1312611666667,-14.5469571666667,0 
-168.1312765000000,-14.5469616666667,0 
-168.1312640000000,-14.5469636666667,0 
-168.1312856666667,-14.5469640000000,0 
-168.1312603333333,-14.5469566666667,0 
-168.1312576666667,-14.5469580000000,0 
-168.1312793333333,-14.5469618333333,0 
-168.1312646666667,-14.5469558333333,0 
-168.1312671666667,-14.5469565000000,0 
-168.1312718333333,-14.5469621666667,0 
-168.1312718333333,-14.5469621666667,0 
-168.1312610000000,-14.5469561666667,0 
-168.1312793333333,-14.5469703333333,0 
-168.1312775000000,-14.5469661666667,0 
-168.1312816666667,-14.5469691666667,0 
-168.1312641666667,-14.5469545000000,0 
-168.1312711666667,-14.5469668333333,0 
-168.1312751666667,-14.5469720000000,0 
-168.1312780000000,-14.5469600000000,0 
-168.1312626666667,-14.5469568333333,0 
-168.1312688333333,-14.5469605000000,0 
-168.1312655000000,-14.5469563333333,0 
-168.1312678333333,-14.5469673333333,0 
-168.1312833333333,-14.5469606666667,0 
-168.1312671666667,-14.5469600000000,0 
-168.1312636666667,-14.5469585000000,0 
-168.1312633333333,-14.5469561666667,0 
-168.1312796666667,-14.5469665000000,0 
-168.1312598333333,-14.5469551666667,0 
-168.1312603333333,-14.5469586666667,0 
-168.1312593333333,-14.5469556666667,0 
-168.1312798333333,-14.5469663333333,0 
-168.1312660000000,-14.5469571666667,0 
-168.1312596666667,-14.5469580000000,0 
-168.1312695000000,-14.5469573333333,0 
-168.1312893333333,-14.5469705000000,0 
-168.1312570000000,-14.5469476666667,0 
-168.1312951666667,-14.5469631666667,0 
-168.1312600000000,-14.5469540000000,0 
-168.1312668333333,-14.5469555000000,0 
-168.1312745000000,-14.5469661666667,0 
-168.1312655000000,-14.5469705000000,0 
-168.1312710000000,-14.5469601666667,0 
-168.1312600000000,-14.5469518333333,0 
-168.1312765000000,-14.5469708333333,0 
-168.1312700000000,-14.5469581666667,0 
-168.1312788333333,-14.5469700000000,0 
-168.1312685000000,-14.5469653333333,0 
-168.1312808333333,-14.5469651666667,0 
-168.1312616666667,-14.5469621666667,0 
-168.1312651666667,-14.5469580000000,0 
-168.1312773333333,-14.5469728333333,0 
-168.1312596666667,-14.5469523333333,0 
-168.1312718333333,-14.5469626666667,0 
-168.1312590000000,-14.5469663333333,0 
-168.1312905000000,-14.5469651666667,0 
-168.1312583333333,-14.5469661666667,0 
-168.1312730000000,-14.5469565000000,0 
-168.1312680000000,-14.5469738333333,0 
-168.1312600000000,-14.5469501666667,0 
-168.1312660000000,-14.5469713333333,0 
-168.1312601666667,-14.5469510000000,0 
-168.1312791666667,-14.5469615000000,0 
-168.1312591666667,-14.5469595000000,0 
-168.1312845000000,-14.5469580000000,0 
-168.1312638333333,-14.5469666666667,0 
-168.1312603333333,-14.5469568333333,0 
-168.1312773333333,-14.5469648333333,0 
-168.1312575000000,-14.5469620000000,0 
-168.1312643333333,-14.5469558333333,0 
-168.1312648333333,-14.5469548333333,0 
-168.1312726666667,-14.5469616666667,0 
-168.1312765000000,-14.5469643333333,0 
-168.1312866666667,-14.5469633333333,0 
-168.1312691666667,-14.5469606666667,0 
-168.1312976666667,-14.5469446666667,0 
-168.1313155000000,-14.5469328333333,0 
-168.1313336666667,-14.5469110000000,0 
-168.1313345000000,-14.5469000000000,0 
-168.1313405000000,-14.5469003333333,0 
-168.1313498333333,-14.5469091666667,0 
-168.1313483333333,-14.5469076666667,0 
-168.1313663333333,-14.5469163333333,0 
-168.1313613333333,-14.5469036666667,0 
-168.1313901666667,-14.5469110000000,0 
-168.1313878333333,-14.5468986666667,0 
-168.1314205000000,-14.5469000000000,0 
-168.1314148333333,-14.5468933333333,0 
-168.1314378333333,-14.5468850000000,0 
-168.1314360000000,-14.5468878333333,0 
-168.1314385000000,-14.5468728333333,0 
-168.1314553333333,-14.5468758333333,0 
-168.1314495000000,-14.5468765000000,0 
-168.1314668333333,-14.5468750000000,0 
-168.1314585000000,-14.5468748333333,0 
-168.1314733333333,-14.5468821666667,0 
-168.1314685000000,-14.5468843333333,0 
-168.1314755000000,-14.5468731666667,0 
-168.1314671666667,-14.5468666666667,0 
-168.1314655000000,-14.5468681666667,0 
-168.1314690000000,-14.5468625000000,0 
-168.1314693333333,-14.5468673333333,0 
-168.1314716666667,-14.5468621666667,0 
-168.1314720000000,-14.5468590000000,0 
-168.1314841666667,-14.5468606666667,0 
-168.1314788333333,-14.5468651666667,0 
-168.1314788333333,-14.5468660000000,0 
-168.1314808333333,-14.5468660000000,0 
-168.1314796666667,-14.5468593333333,0 
-168.1314795000000,-14.5468561666667,0 
-168.1314826666667,-14.5468523333333,0 
-168.1314726666667,-14.5468563333333,0 
-168.1314881666667,-14.5468540000000,0 
-168.1314865000000,-14.5468623333333,0 
-168.1314836666667,-14.5468540000000,0 
-168.1314923333333,-14.5468603333333,0 
-168.1314870000000,-14.5468631666667,0 
-168.1314880000000,-14.5468576666667,0 
-168.1314923333333,-14.5468598333333,0 
-168.1314933333333,-14.5468591666667,0 
-168.1314948333333,-14.5468643333333,0 
-168.1314998333333,-14.5468691666667,0 
-168.1314895000000,-14.5468655000000,0 
-168.1315006666667,-14.5468711666667,0 
-168.1315008333333,-14.5468706666667,0 
-168.1315046666667,-14.5468593333333,0 
-168.1314995000000,-14.5468561666667,0 
-168.1315023333333,-14.5468596666667,0 
-168.1314980000000,-14.5468661666667,0 
-168.1315123333333,-14.5468625000000,0 
-168.1315066666667,-14.5468593333333,0 
-168.1315280000000,-14.5468648333333,0 
-168.1315230000000,-14.5468490000000,0 
-168.1315243333333,-14.5468626666667,0 
-168.1315173333333,-14.5468413333333,0 
-168.1315400000000,-14.5468400000000,0 
-168.1315243333333,-14.5468271666667,0 
-168.1315315000000,-14.5468348333333,0 
-168.1315701666667,-14.5468438333333,0 
-168.1315598333333,-14.5468511666667,0 
-168.1315676666667,-14.5468393333333,0 
-168.1315710000000,-14.5468323333333,0 
-168.1315708333333,-14.5468368333333,0 
-168.1315845000000,-14.5468381666667,0 
-168.1315900000000,-14.5468350000000,0 
-168.1315905000000,-14.5468526666667,0 
-168.1315900000000,-14.5468606666667,0 
-168.1315888333333,-14.5468488333333,0 
-168.1315861666667,-14.5468576666667,0 
-168.1315945000000,-14.5468635000000,0 
-168.1315975000000,-14.5468760000000,0 
-168.1315910000000,-14.5468633333333,0 
-168.1316135000000,-14.5468570000000,0 
-168.1316120000000,-14.5468416666667,0 
-168.1316178333333,-14.5468301666667,0 
-168.1316253333333,-14.5468293333333,0 
-168.1316150000000,-14.5468118333333,0 
-168.1316338333333,-14.5468210000000,0 
-168.1316145000000,-14.5468080000000,0 
-168.1316335000000,-14.5468090000000,0 
-168.1316170000000,-14.5468016666667,0 
-168.1316301666667,-14.5468046666667,0 
-168.1316238333333,-14.5468193333333,0 
-168.1316271666667,-14.5468306666667,0 
-168.1316198333333,-14.5468343333333,0 
-168.1316306666667,-14.5468370000000,0 
-168.1316341666667,-14.5468185000000,0 
-168.1316465000000,-14.5468148333333,0 
-168.1316395000000,-14.5468255000000,0 
-168.1316446666667,-14.5468428333333,0 
-168.1316406666667,-14.5468493333333,0 
-168.1316398333333,-14.5468631666667,0 
-168.1316531666667,-14.5468665000000,0 
-168.1316485000000,-14.5468751666667,0 
-168.1316631666667,-14.5468850000000,0 
-168.1316690000000,-14.5468891666667,0 
-168.1316625000000,-14.5468893333333,0 
-168.1316751666667,-14.5469125000000,0 
-168.1316596666667,-14.5469255000000,0 
-168.1316516666667,-14.5469373333333,0 
-168.1316613333333,-14.5469486666667,0 
-168.1316436666667,-14.5469583333333,0 
-168.1316536666667,-14.5469685000000,0 
-168.1316696666667,-14.5469880000000,0 
-168.1316795000000,-14.5470046666667,0 
-168.1316790000000,-14.5470076666667,0 
-168.1316793333333,-14.5470233333333,0 
-168.1316920000000,-14.5470263333333,0 
-168.1316863333333,-14.5470343333333,0 
-168.1317038333333,-14.5470491666667,0 
-168.1316796666667,-14.5470558333333,0 
-168.1316911666667,-14.5470630000000,0 
-168.1317096666667,-14.5470645000000,0 
-168.1317013333333,-14.5470653333333,0 
-168.1317115000000,-14.5470643333333,0 
-168.1317278333333,-14.5470736666667,0 
-168.1317221666667,-14.5470808333333,0 
-168.1317313333333,-14.5470820000000,0 
-168.1317330000000,-14.5470856666667,0 
-168.1317328333333,-14.5470901666667,0 
-168.1317401666667,-14.5470930000000,0 
-168.1317266666667,-14.5470943333333,0 
-168.1317366666667,-14.5470973333333,0 
-168.1317326666667,-14.5470951666667,0 
-168.1317443333333,-14.5471061666667,0 
-168.1317315000000,-14.5470861666667,0 
-168.1317428333333,-14.5470970000000,0 
-168.1317285000000,-14.5470980000000,0 
-168.1317316666667,-14.5470936666667,0 
-168.1317396666667,-14.5470986666667,0 
-168.1317315000000,-14.5470926666667,0 
-168.1317445000000,-14.5470951666667,0 
-168.1317323333333,-14.5470996666667,0 
-168.1317313333333,-14.5470963333333,0 
-168.1317491666667,-14.5471061666667,0 
-168.1317501666667,-14.5470988333333,0 
-168.1317376666667,-14.5471033333333,0 
-168.1317391666667,-14.5471005000000,0 
-168.1317281666667,-14.5470910000000,0 
-168.1317541666667,-14.5471010000000,0 
-168.1317366666667,-14.5471000000000,0 
-168.1317518333333,-14.5470978333333,0 
-168.1317326666667,-14.5471015000000,0 
-168.1317320000000,-14.5471033333333,0 
-168.1317583333333,-14.5471021666667,0 
-168.1317406666667,-14.5470993333333,0 
-168.1317488333333,-14.5471068333333,0 
-168.1317591666667,-14.5471075000000,0 
-168.1317326666667,-14.5471036666667,0 
-168.1317236666667,-14.5470980000000,0 
-168.1317560000000,-14.5471083333333,0 
-168.1317340000000,-14.5471061666667,0 
-168.1317356666667,-14.5471143333333,0 
-168.1317428333333,-14.5471151666667,0 
-168.1317386666667,-14.5471038333333,0 
-168.1317381666667,-14.5471118333333,0 
-168.1317541666667,-14.5471036666667,0 
-168.1317616666667,-14.5471125000000,0 
-168.1317633333333,-14.5471090000000,0 
-168.1317876666667,-14.5471151666667,0 
-168.1317933333333,-14.5471105000000,0 
-168.1318186666667,-14.5471115000000,0 
-168.1318161666667,-14.5471106666667,0 
-168.1318308333333,-14.5471158333333,0 
-168.1318360000000,-14.5471188333333,0 
-168.1318413333333,-14.5471123333333,0 
-168.1318521666667,-14.5471163333333,0 
-168.1318608333333,-14.5471120000000,0 
-168.1318753333333,-14.5471148333333,0 
-168.1318790000000,-14.5471091666667,0 
-168.1318943333333,-14.5470985000000,0 
-168.1318995000000,-14.5471136666667,0 
-168.1318833333333,-14.5470995000000,0 
-168.1319135000000,-14.5471098333333,0 
-168.1318940000000,-14.5471091666667,0 
-168.1319068333333,-14.5471108333333,0 
-168.1318911666667,-14.5471216666667,0 
-168.1318888333333,-14.5471226666667,0 
-168.1318901666667,-14.5471261666667,0 
-168.1318730000000,-14.5471411666667,0 
-168.1318851666667,-14.5471521666667,0 
-168.1318665000000,-14.5471550000000,0 
-168.1318906666667,-14.5471716666667,0 
-168.1318786666667,-14.5471758333333,0 
-168.1318883333333,-14.5471863333333,0 
-168.1318806666667,-14.5471855000000,0 
-168.1318881666667,-14.5472015000000,0 
-168.1318761666667,-14.5471943333333,0 
-168.1318921666667,-14.5472163333333,0 
-168.1318693333333,-14.5472090000000,0 
-168.1318830000000,-14.5472315000000,0 
-168.1318690000000,-14.5472243333333,0 
-168.1318728333333,-14.5472336666667,0 
-168.1318550000000,-14.5472288333333,0 
-168.1318658333333,-14.5472433333333,0 
-168.1318476666667,-14.5472506666667,0 
-168.1318523333333,-14.5472623333333,0 
-168.1318426666667,-14.5472763333333,0 
-168.1318498333333,-14.5472663333333,0 
-168.1318720000000,-14.5472550000000,0 
-168.1318850000000,-14.5472556666667,0 
-168.1318883333333,-14.5472391666667,0 
-168.1319091666667,-14.5472395000000,0 
-168.1319005000000,-14.5472210000000,0 
-168.1319110000000,-14.5472258333333,0 
-168.1319158333333,-14.5472175000000,0 
-168.1319168333333,-14.5472133333333,0 
-168.1319263333333,-14.5472203333333,0 
-168.1319260000000,-14.5472153333333,0 
-168.1319298333333,-14.5472135000000,0 
-168.1319353333333,-14.5472180000000,0 
-168.1319426666667,-14.5472228333333,0 
-168.1319293333333,-14.5472176666667,0 
-168.1319381666667,-14.5472228333333,0 
-168.1319335000000,-14.5472130000000,0 
-168.1319463333333,-14.5472141666667,0 
-168.1319371666667,-14.5472150000000,0 
-168.1319315000000,-14.5472080000000,0 
-168.1319508333333,-14.5472206666667,0 
-168.1319271666667,-14.5472051666667,0 
-168.1319535000000,-14.5472223333333,0 
-168.1319391666667,-14.5472143333333,0 
-168.1319521666667,-14.5472086666667,0 
-168.1319348333333,-14.5472050000000,0 
-168.1319403333333,-14.5472106666667,0 
-168.1319451666667,-14.5472150000000,0 
-168.1319326666667,-14.5472083333333,0 
-168.1319541666667,-14.5472170000000,0 
-168.1319450000000,-14.5472256666667,0 
-168.1319325000000,-14.5472246666667,0 
-168.1319531666667,-14.5472313333333,0 
-168.1319365000000,-14.5472311666667,0 
-168.1319410000000,-14.5472316666667,0 
-168.1319320000000,-14.5472306666667,0 
-168.1319368333333,-14.5472251666667,0 
-168.1319390000000,-14.5472331666667,0 
-168.1319358333333,-14.5472251666667,0 
-168.1319410000000,-14.5472323333333,0 
-168.1319456666667,-14.5472278333333,0 
-168.1319398333333,-14.5472338333333,0 
-168.1319325000000,-14.5472253333333,0 
-168.1319596666667,-14.5472336666667,0 
-168.1319333333333,-14.5472298333333,0 
-168.1319391666667,-14.5472398333333,0 
-168.1319311666667,-14.5472465000000,0 
-168.1319508333333,-14.5472571666667,0 
-168.1319523333333,-14.5472615000000,0 
-168.1319486666667,-14.5472685000000,0 
-168.1319585000000,-14.5472823333333,0 
-168.1319561666667,-14.5472835000000,0 
-168.1319723333333,-14.5472903333333,0 
-168.1319790000000,-14.5473170000000,0 
-168.1319223333333,-14.5473183333333,0 
-168.1319303333333,-14.5473231666667,0 
-168.1319505000000,-14.5473336666667,0 
-168.1319385000000,-14.5473260000000,0 
-168.1319445000000,-14.5473316666667,0 
-168.1319493333333,-14.5473331666667,0 
-168.1319361666667,-14.5473398333333,0 
-168.1319363333333,-14.5473298333333,0 
-168.1319593333333,-14.5473471666667,0 
-168.1319465000000,-14.5473383333333,0 
-168.1319678333333,-14.5473418333333,0 
-168.1319551666667,-14.5473371666667,0 
-168.1319685000000,-14.5473418333333,0 
-168.1319691666667,-14.5473428333333,0 
-168.1319718333333,-14.5473391666667,0 
-168.1319663333333,-14.5473481666667,0 
-168.1319831666667,-14.5473560000000,0 
-168.1319991666667,-14.5473590000000,0 
-168.1319996666667,-14.5473626666667,0 
-168.1320105000000,-14.5473678333333,0 
-168.1319896666667,-14.5473865000000,0 
-168.1319501666667,-14.5473783333333,0 
-168.1319768333333,-14.5473870000000,0 
-168.1319775000000,-14.5473891666667,0 
-168.1319606666667,-14.5473891666667,0 
-168.1319523333333,-14.5473798333333,0 
-168.1319810000000,-14.5473873333333,0 
-168.1319660000000,-14.5473825000000,0 
-168.1319640000000,-14.5473863333333,0 
-168.1319883333333,-14.5473926666667,0 
-168.1319823333333,-14.5473886666667,0 
-168.1319760000000,-14.5473826666667,0 
-168.1319976666667,-14.5473878333333,0 
-168.1320088333333,-14.5473993333333,0 
-168.1319876666667,-14.5473985000000,0 
-168.1320110000000,-14.5473968333333,0 
-168.1319915000000,-14.5473958333333,0 
-168.1320023333333,-14.5473953333333,0 
-168.1320096666667,-14.5473948333333,0 
-168.1320168333333,-14.5474030000000,0 
-168.1320326666667,-14.5474053333333,0 
-168.1320388333333,-14.5474118333333,0 
-168.1320511666667,-14.5474186666667,0 
-168.1320421666667,-14.5474183333333,0 
-168.1320618333333,-14.5474313333333,0 
-168.1320900000000,-14.5474378333333,0 
-168.1320935000000,-14.5474378333333,0 
-168.1321195000000,-14.5474493333333,0 
-168.1321186666667,-14.5474576666667,0 
-168.1321390000000,-14.5474655000000,0 
-168.1321505000000,-14.5474756666667,0 
-168.1321511666667,-14.5474748333333,0 
-168.1321646666667,-14.5474956666667,0 
-168.1321428333333,-14.5475000000000,0 
-168.1321713333333,-14.5475175000000,0 
-168.1321558333333,-14.5475155000000,0 
-168.1321758333333,-14.5475275000000,0 
-168.1321786666667,-14.5475316666667,0 
-168.1321795000000,-14.5475331666667,0 
-168.1321863333333,-14.5475338333333,0 
-168.1321830000000,-14.5475328333333,0 
-168.1321868333333,-14.5475348333333,0 
-168.1321876666667,-14.5475355000000,0 
-168.1321773333333,-14.5475365000000,0 
-168.1321823333333,-14.5475405000000,0 
-168.1321668333333,-14.5475411666667,0 
-168.1321681666667,-14.5475463333333,0 
-168.1321680000000,-14.5475475000000,0 
-168.1321810000000,-14.5475363333333,0 
-168.1321560000000,-14.5475335000000,0 
-168.1321748333333,-14.5475353333333,0 
-168.1321580000000,-14.5475345000000,0 
-168.1321603333333,-14.5475355000000,0 
-168.1321621666667,-14.5475305000000,0 
-168.1321623333333,-14.5475318333333,0 
-168.1321666666667,-14.5475353333333,0 
-168.1321596666667,-14.5475320000000,0 
-168.1321665000000,-14.5475408333333,0 
-168.1321551666667,-14.5475351666667,0 
-168.1321656666667,-14.5475448333333,0 
-168.1321558333333,-14.5475326666667,0 
-168.1321720000000,-14.5475406666667,0 
-168.1321668333333,-14.5475425000000,0 
-168.1321846666667,-14.5475438333333,0 
-168.1321758333333,-14.5475358333333,0 
-168.1321923333333,-14.5475353333333,0 
-168.1321886666667,-14.5475335000000,0 
-168.1322091666667,-14.5475228333333,0 
-168.1322040000000,-14.5475331666667,0 
-168.1322205000000,-14.5475236666667,0 
-168.1322215000000,-14.5475286666667,0 
-168.1322188333333,-14.5475301666667,0 
-168.1322181666667,-14.5475346666667,0 
-168.1322281666667,-14.5475298333333,0 
-168.1322106666667,-14.5475366666667,0 
-168.1322238333333,-14.5475281666667,0 
-168.1322448333333,-14.5475253333333,0 
-168.1322378333333,-14.5475185000000,0 
-168.1322320000000,-14.5475210000000,0 
-168.1322385000000,-14.5475150000000,0 
-168.1322265000000,-14.5475233333333,0 
-168.1322370000000,-14.5475240000000,0 
-168.1322243333333,-14.5475230000000,0 
-168.1322428333333,-14.5475266666667,0 
-168.1322293333333,-14.5475256666667,0 
-168.1322330000000,-14.5475271666667,0 
-168.1322408333333,-14.5475308333333,0 
-168.1322361666667,-14.5475280000000,0 
-168.1322315000000,-14.5475283333333,0 
-168.1322443333333,-14.5475333333333,0 
-168.1322251666667,-14.5475353333333,0 
-168.1322360000000,-14.5475346666667,0 
-168.1322281666667,-14.5475446666667,0 
-168.1322281666667,-14.5475355000000,0 
-168.1322440000000,-14.5475331666667,0 
-168.1322331666667,-14.5475418333333,0 
-168.1322353333333,-14.5475375000000,0 
-168.1322383333333,-14.5475386666667,0 
-168.1322360000000,-14.5475346666667,0 
-168.1322501666667,-14.5475371666667,0 
-168.1322335000000,-14.5475395000000,0 
-168.1322428333333,-14.5475335000000,0 
-168.1322365000000,-14.5475380000000,0 
-168.1322325000000,-14.5475306666667,0 
-168.1322478333333,-14.5475326666667,0 
-168.1322393333333,-14.5475293333333,0 
-168.1322450000000,-14.5475278333333,0 
-168.1322331666667,-14.5475298333333,0 
-168.1322465000000,-14.5475320000000,0 
-168.1322370000000,-14.5475376666667,0 
-168.1322363333333,-14.5475351666667,0 
-168.1322435000000,-14.5475395000000,0 
-168.1322356666667,-14.5475321666667,0 
-168.1322538333333,-14.5475393333333,0 
-168.1322405000000,-14.5475326666667,0 
-168.1322316666667,-14.5475393333333,0 
-168.1322395000000,-14.5475363333333,0 
-168.1322251666667,-14.5475320000000,0 
-168.1322423333333,-14.5475336666667,0 
-168.1322370000000,-14.5475385000000,0 
-168.1322341666667,-14.5475336666667,0 
-168.1322411666667,-14.5475351666667,0 
-168.1322330000000,-14.5475426666667,0 
-168.1322350000000,-14.5475360000000,0 
-168.1322335000000,-14.5475373333333,0 
-168.1322270000000,-14.5475380000000,0 
-168.1322450000000,-14.5475370000000,0 
-168.1322318333333,-14.5475461666667,0 
-168.1322326666667,-14.5475488333333,0 
-168.1322278333333,-14.5475401666667,0 
-168.1322318333333,-14.5475516666667,0 
-168.1322296666667,-14.5475413333333,0 
-168.1322285000000,-14.5475465000000,0 
-168.1322255000000,-14.5475381666667,0 
-168.1322348333333,-14.5475373333333,0 
-168.1322188333333,-14.5475335000000,0 
-168.1322350000000,-14.5475348333333,0 
-168.1322285000000,-14.5475365000000,0 
-168.1322306666667,-14.5475305000000,0 
-168.1322341666667,-14.5475333333333,0 
-168.1322390000000,-14.5475361666667,0 
-168.1322328333333,-14.5475313333333,0 
-168.1322393333333,-14.5475326666667,0 
-168.1322290000000,-14.5475380000000,0 
-168.1322425000000,-14.5475356666667,0 
-168.1322310000000,-14.5475326666667,0 
-168.1322365000000,-14.5475403333333,0 
-168.1322210000000,-14.5475351666667,0 
-168.1322483333333,-14.5475375000000,0 
-168.1322198333333,-14.5475386666667,0 
-168.1322345000000,-14.5475348333333,0 
-168.1322300000000,-14.5475398333333,0 
-168.1322320000000,-14.5475376666667,0 
-168.1322343333333,-14.5475353333333,0 
-168.1322338333333,-14.5475411666667,0 
-168.1322280000000,-14.5475333333333,0 
-168.1322398333333,-14.5475411666667,0 
-168.1322396666667,-14.5475373333333,0 
-168.1322365000000,-14.5475378333333,0 
-168.1322371666667,-14.5475430000000,0 
-168.1322300000000,-14.5475381666667,0 
-168.1322413333333,-14.5475348333333,0 
-168.1322356666667,-14.5475406666667,0 
-168.1322418333333,-14.5475430000000,0 
-168.1322358333333,-14.5475406666667,0 
-168.1322425000000,-14.5475325000000,0 
-168.1322408333333,-14.5475383333333,0 
-168.1322350000000,-14.5475306666667,0 
-168.1322500000000,-14.5475280000000,0 
-168.1322380000000,-14.5475203333333,0 
-168.1322515000000,-14.5475145000000,0 
-168.1322400000000,-14.5475150000000,0 
-168.1322508333333,-14.5475076666667,0 
-168.1322476666667,-14.5475058333333,0 
-168.1322560000000,-14.5475043333333,0 
-168.1322426666667,-14.5474963333333,0 
-168.1322550000000,-14.5474936666667,0 
-168.1322391666667,-14.5474876666667,0 
-168.1322495000000,-14.5474890000000,0 
-168.1322415000000,-14.5474896666667,0 
-168.1322488333333,-14.5474858333333,0 
-168.1322448333333,-14.5474805000000,0 
-168.1322428333333,-14.5474768333333,0 
-168.1322483333333,-14.5474741666667,0 
-168.1322388333333,-14.5474693333333,0 
-168.1322405000000,-14.5474723333333,0 
-168.1322448333333,-14.5474640000000,0 
-168.1322333333333,-14.5474603333333,0 
-168.1322391666667,-14.5474596666667,0 
-168.1322286666667,-14.5474585000000,0 
-168.1322356666667,-14.5474541666667,0 
-168.1322180000000,-14.5474433333333,0 
-168.1322281666667,-14.5474476666667,0 
-168.1322196666667,-14.5474345000000,0 
-168.1322200000000,-14.5474456666667,0 
-168.1322031666667,-14.5474630000000,0 
-168.1322135000000,-14.5474808333333,0 
-168.1322053333333,-14.5474851666667,0 
-168.1322208333333,-14.5474996666667,0 
-168.1322196666667,-14.5475221666667,0 
-168.1322238333333,-14.5475330000000,0 
-168.1322035000000,-14.5475483333333,0 
-168.1322115000000,-14.5475573333333,0 
-168.1321761666667,-14.5475738333333,0 
-168.1321918333333,-14.5475716666667,0 
-168.1321730000000,-14.5475851666667,0 
-168.1321845000000,-14.5475916666667,0 
-168.1321925000000,-14.5476145000000,0 
-168.1321816666667,-14.5476030000000,0 
-168.1321965000000,-14.5476005000000,0 
-168.1321826666667,-14.5476013333333,0 
-168.1321825000000,-14.5475910000000,0 
-168.1321878333333,-14.5475930000000,0 
-168.1321880000000,-14.5475935000000,0 
-168.1321906666667,-14.5475918333333,0 
-168.1321990000000,-14.5475960000000,0 
-168.1321943333333,-14.5475968333333,0 
-168.1322035000000,-14.5475998333333,0 
-168.1322026666667,-14.5475958333333,0 
-168.1322126666667,-14.5475983333333,0 
-168.1322111666667,-14.5475961666667,0 
-168.1322085000000,-14.5475915000000,0 
-168.1322191666667,-14.5475865000000,0 
-168.1322126666667,-14.5475740000000,0 
-168.1322160000000,-14.5475670000000,0 
-168.1322108333333,-14.5475681666667,0 
-168.1322136666667,-14.5475686666667,0 
-168.1322193333333,-14.5475786666667,0 
-168.1322193333333,-14.5475775000000,0 
-168.1322273333333,-14.5475691666667,0 
-168.1322415000000,-14.5475598333333,0 
-168.1322433333333,-14.5475515000000,0 
-168.1322510000000,-14.5475473333333,0 
-168.1322545000000,-14.5475340000000,0 
-168.1322611666667,-14.5475220000000,0 
-168.1322648333333,-14.5475213333333,0 
-168.1322778333333,-14.5475183333333,0 
-168.1322766666667,-14.5475075000000,0 
-168.1322943333333,-14.5475080000000,0 
-168.1322736666667,-14.5474908333333,0 
-168.1322873333333,-14.5474935000000,0 
-168.1322813333333,-14.5474785000000,0 
-168.1322848333333,-14.5474785000000,0 
-168.1322903333333,-14.5474915000000,0 
-168.1322808333333,-14.5474768333333,0 
-168.1322878333333,-14.5474620000000,0 
-168.1322740000000,-14.5474521666667,0 
-168.1322930000000,-14.5474370000000,0 
-168.1322891666667,-14.5474186666667,0 
-168.1322928333333,-14.5474093333333,0 
-168.1323043333333,-14.5473838333333,0 
-168.1322878333333,-14.5473746666667,0 
-168.1323006666667,-14.5473651666667,0 
-168.1322995000000,-14.5473553333333,0 
-168.1322888333333,-14.5473315000000,0 
-168.1323008333333,-14.5473348333333,0 
-168.1323048333333,-14.5473645000000,0 
-168.1323003333333,-14.5473686666667,0 
-168.1323041666667,-14.5473683333333,0 
-168.1323121666667,-14.5473713333333,0 
-168.1323150000000,-14.5473631666667,0 
-168.1323385000000,-14.5473665000000,0 
-168.1323341666667,-14.5473711666667,0 
-168.1323478333333,-14.5473733333333,0 
-168.1323460000000,-14.5473796666667,0 
-168.1323220000000,-14.5473935000000,0 
-168.1323241666667,-14.5474156666667,0 
-168.1323023333333,-14.5474246666667,0 
-168.1323098333333,-14.5474345000000,0 
-168.1323001666667,-14.5474380000000,0 
-168.1323055000000,-14.5474400000000,0 
-168.1323150000000,-14.5474508333333,0 
-168.1323038333333,-14.5474546666667,0 
-168.1322955000000,-14.5474645000000,0 
-168.1322846666667,-14.5474670000000,0 
-168.1322740000000,-14.5474731666667,0 
-168.1322668333333,-14.5474860000000,0 
-168.1322633333333,-14.5474883333333,0 
-168.1322620000000,-14.5474943333333,0 
-168.1322555000000,-14.5474975000000,0 
-168.1322493333333,-14.5475078333333,0 
-168.1322551666667,-14.5475110000000,0 
-168.1322566666667,-14.5475098333333,0 
-168.1322610000000,-14.5475045000000,0 
-168.1322658333333,-14.5475081666667,0 
-168.1322698333333,-14.5475063333333,0 
-168.1322698333333,-14.5475050000000,0 
-168.1322616666667,-14.5475150000000,0 
-168.1322718333333,-14.5475035000000,0 
-168.1322691666667,-14.5474911666667,0 
-168.1322525000000,-14.5475216666667,0 
-168.1322430000000,-14.5475340000000,0 
-168.1322580000000,-14.5475213333333,0 
-168.1322468333333,-14.5475178333333,0 
-168.1322703333333,-14.5475268333333,0 
-168.1322568333333,-14.5475275000000,0 
-168.1322701666667,-14.5475256666667,0 
-168.1322643333333,-14.5475308333333,0 
-168.1322720000000,-14.5475330000000,0 
-168.1322705000000,-14.5475253333333,0 
-168.1322640000000,-14.5475288333333,0 
-168.1322570000000,-14.5475270000000,0 
-168.1322586666667,-14.5475291666667,0 
-168.1322618333333,-14.5475301666667,0 
-168.1322650000000,-14.5475280000000,0 
-168.1322511666667,-14.5475323333333,0 
-168.1322588333333,-14.5475288333333,0 
-168.1322491666667,-14.5475326666667,0 
-168.1322398333333,-14.5475348333333,0 
-168.1322496666667,-14.5475363333333,0 
-168.1322423333333,-14.5475308333333,0 
-168.1322688333333,-14.5475291666667,0 
-168.1322383333333,-14.5475320000000,0 
-168.1322595000000,-14.5475305000000,0 
-168.1322463333333,-14.5475368333333,0 
-168.1322501666667,-14.5475296666667,0 
-168.1322470000000,-14.5475308333333,0 
-168.1322703333333,-14.5475210000000,0 
-168.1322593333333,-14.5475075000000,0 
-168.1322776666667,-14.5475056666667,0 
-168.1322675000000,-14.5474963333333,0 
-168.1322736666667,-14.5475115000000,0 
-168.1322633333333,-14.5475100000000,0 
-168.1322731666667,-14.5475033333333,0 
-168.1322666666667,-14.5475045000000,0 
-168.1322758333333,-14.5475011666667,0 
-168.1322730000000,-14.5475036666667,0 
-168.1322716666667,-14.5475043333333,0 
-168.1322713333333,-14.5474993333333,0 
-168.1322748333333,-14.5475013333333,0 
-168.1322730000000,-14.5474995000000,0 
-168.1322770000000,-14.5474978333333,0 
-168.1322793333333,-14.5475076666667,0 
-168.1322763333333,-14.5474981666667,0 
-168.1322798333333,-14.5474973333333,0 
-168.1322738333333,-14.5474996666667,0 
-168.1322705000000,-14.5474968333333,0 
-168.1322833333333,-14.5475053333333,0 
-168.1322680000000,-14.5474875000000,0 
-168.1322846666667,-14.5474936666667,0 
-168.1322671666667,-14.5475005000000,0 
-168.1322820000000,-14.5474933333333,0 
-168.1322656666667,-14.5474971666667,0 
-168.1322706666667,-14.5474943333333,0 
-168.1322838333333,-14.5474915000000,0 
-168.1322696666667,-14.5474961666667,0 
-168.1322753333333,-14.5474943333333,0 
-168.1322751666667,-14.5475005000000,0 
-168.1322731666667,-14.5474908333333,0 
-168.1322756666667,-14.5475055000000,0 
-168.1322781666667,-14.5475031666667,0 
-168.1322791666667,-14.5474935000000,0 
-168.1322796666667,-14.5474910000000,0 
-168.1322793333333,-14.5474926666667,0 
-168.1322768333333,-14.5474915000000,0 
-168.1322778333333,-14.5474893333333,0 
-168.1322711666667,-14.5474928333333,0 
-168.1322836666667,-14.5474926666667,0 
-168.1322621666667,-14.5475043333333,0 
-168.1322745000000,-14.5475135000000,0 
-168.1322651666667,-14.5475261666667,0 
-168.1322540000000,-14.5475275000000,0 
-168.1322495000000,-14.5475418333333,0 
-168.1322396666667,-14.5475523333333,0 
-168.1322171666667,-14.5475528333333,0 
-168.1322418333333,-14.5475561666667,0 
-168.1322308333333,-14.5475596666667,0 
-168.1322656666667,-14.5475601666667,0 
-168.1322618333333,-14.5475588333333,0 
-168.1322666666667,-14.5475708333333,0 
-168.1322446666667,-14.5475628333333,0 
-168.1322571666667,-14.5475698333333,0 
-168.1322448333333,-14.5475610000000,0 
-168.1322460000000,-14.5475615000000,0 
-168.1322570000000,-14.5475705000000,0 
-168.1322391666667,-14.5475591666667,0 
-168.1322631666667,-14.5475598333333,0 
-168.1322493333333,-14.5475575000000,0 
-168.1322465000000,-14.5475628333333,0 
-168.1322301666667,-14.5475670000000,0 
-168.1322380000000,-14.5475648333333,0 
-168.1322333333333,-14.5475713333333,0 
-168.1322513333333,-14.5475658333333,0 
-168.1322758333333,-14.5475615000000,0 
-168.1322885000000,-14.5475646666667,0 
-168.1322988333333,-14.5475495000000,0 
-168.1323135000000,-14.5475555000000,0 
-168.1323076666667,-14.5475336666667,0 
-168.1323248333333,-14.5475383333333,0 
-168.1323205000000,-14.5475365000000,0 
-168.1323275000000,-14.5475378333333,0 
-168.1323361666667,-14.5475353333333,0 
-168.1323260000000,-14.5475306666667,0 
-168.1323451666667,-14.5475281666667,0 
-168.1323271666667,-14.5475320000000,0 
-168.1323321666667,-14.5475281666667,0 
-168.1323321666667,-14.5475248333333,0 
-168.1323438333333,-14.5475286666667,0 
-168.1323308333333,-14.5475273333333,0 
-168.1323406666667,-14.5475318333333,0 
-168.1323283333333,-14.5475336666667,0 
-168.1323425000000,-14.5475310000000,0 
-168.1323365000000,-14.5475366666667,0 
-168.1323441666667,-14.5475388333333,0 
-168.1323376666667,-14.5475406666667,0 
-168.1323400000000,-14.5475321666667,0 
-168.1323490000000,-14.5475280000000,0 
-168.1323398333333,-14.5475288333333,0 
-168.1323373333333,-14.5475321666667,0 
-168.1323326666667,-14.5475260000000,0 
-168.1323386666667,-14.5475333333333,0 
-168.1323400000000,-14.5475325000000,0 
-168.1323336666667,-14.5475320000000,0 
-168.1323421666667,-14.5475413333333,0 
-168.1323276666667,-14.5475588333333,0 
-168.1322923333333,-14.5475728333333,0 
-168.1323075000000,-14.5475761666667,0 
-168.1323000000000,-14.5475848333333,0 
-168.1323278333333,-14.5475863333333,0 
-168.1323306666667,-14.5475791666667,0 
-168.1323548333333,-14.5475811666667,0 
-168.1323691666667,-14.5475855000000,0 
-168.1323718333333,-14.5475658333333,0 
-168.1323895000000,-14.5475623333333,0 
-168.1324051666667,-14.5475605000000,0 
-168.1324051666667,-14.5475575000000,0 
-168.1323970000000,-14.5475765000000,0 
-168.1324010000000,-14.5475968333333,0 
-168.1323725000000,-14.5475846666667,0 
-168.1323771666667,-14.5475981666667,0 
-168.1323898333333,-14.5476171666667,0 
-168.1323676666667,-14.5476093333333,0 
-168.1323810000000,-14.5476316666667,0 
-168.1323756666667,-14.5476275000000,0 
-168.1323920000000,-14.5476411666667,0 
-168.1323883333333,-14.5476555000000,0 
-168.1323818333333,-14.5476565000000,0 
-168.1323871666667,-14.5476693333333,0 
-168.1324063333333,-14.5476646666667,0 
-168.1324280000000,-14.5476546666667,0 
-168.1324515000000,-14.5476443333333,0 
-168.1324555000000,-14.5476345000000,0 
-168.1324583333333,-14.5476216666667,0 
-168.1324746666667,-14.5476248333333,0 
-168.1324698333333,-14.5476161666667,0 
-168.1324801666667,-14.5476075000000,0 
-168.1324895000000,-14.5476038333333,0 
-168.1324926666667,-14.5476043333333,0 
-168.1325013333333,-14.5476110000000,0 
-168.1324943333333,-14.5476180000000,0 
-168.1324903333333,-14.5476278333333,0 
-168.1324590000000,-14.5476368333333,0 
-168.1324631666667,-14.5476333333333,0 
-168.1324591666667,-14.5476291666667,0 
-168.1324535000000,-14.5476321666667,0 
-168.1324510000000,-14.5476308333333,0 
-168.1324493333333,-14.5476361666667,0 
-168.1324436666667,-14.5476326666667,0 
-168.1324476666667,-14.5476403333333,0 
-168.1324405000000,-14.5476398333333,0 
-168.1324621666667,-14.5476541666667,0 
-168.1324485000000,-14.5476566666667,0 
-168.1324716666667,-14.5476618333333,0 
-168.1324696666667,-14.5476705000000,0 
-168.1324678333333,-14.5476630000000,0 
-168.1324753333333,-14.5476736666667,0 
-168.1324548333333,-14.5476708333333,0 
-168.1324666666667,-14.5476700000000,0 
-168.1324630000000,-14.5476703333333,0 
-168.1324596666667,-14.5476713333333,0 
-168.1324708333333,-14.5476731666667,0 
-168.1324673333333,-14.5476738333333,0 
-168.1324650000000,-14.5476683333333,0 
-168.1324701666667,-14.5476746666667,0 
-168.1324636666667,-14.5476708333333,0 
-168.1324721666667,-14.5476750000000,0 
-168.1324675000000,-14.5476710000000,0 
-168.1324626666667,-14.5476665000000,0 
-168.1324793333333,-14.5476708333333,0 
-168.1324586666667,-14.5476755000000,0 
-168.1324751666667,-14.5476773333333,0 
-168.1324578333333,-14.5476735000000,0 
-168.1324706666667,-14.5476793333333,0 
-168.1324646666667,-14.5476708333333,0 
-168.1324753333333,-14.5476736666667,0 
-168.1324691666667,-14.5476763333333,0 
-168.1324645000000,-14.5476668333333,0 
-168.1324703333333,-14.5476745000000,0 
-168.1324591666667,-14.5476768333333,0 
-168.1324691666667,-14.5476720000000,0 
-168.1324638333333,-14.5476671666667,0 
-168.1324693333333,-14.5476708333333,0 
-168.1324690000000,-14.5476751666667,0 
-168.1324633333333,-14.5476785000000,0 
-168.1324736666667,-14.5476708333333,0 
-168.1324606666667,-14.5476743333333,0 
-168.1324736666667,-14.5476726666667,0 
-168.1324668333333,-14.5476770000000,0 
-168.1324648333333,-14.5476703333333,0 
-168.1324695000000,-14.5476776666667,0 
-168.1324621666667,-14.5476711666667,0 
-168.1324645000000,-14.5476693333333,0 
-168.1324671666667,-14.5476800000000,0 
-168.1324568333333,-14.5476666666667,0 
-168.1324631666667,-14.5476798333333,0 
-168.1324508333333,-14.5476718333333,0 
-168.1324555000000,-14.5476790000000,0 
-168.1324638333333,-14.5476795000000,0 
-168.1324538333333,-14.5476791666667,0 
-168.1324608333333,-14.5476865000000,0 
-168.1324425000000,-14.5476923333333,0 
-168.1324575000000,-14.5476993333333,0 
-168.1324618333333,-14.5476885000000,0 
-168.1325021666667,-14.5476730000000,0 
-168.1324933333333,-14.5476693333333,0 
-168.1324663333333,-14.5476781666667,0 
-168.1324561666667,-14.5476770000000,0 
-168.1324381666667,-14.5476725000000,0 
-168.1324271666667,-14.5476643333333,0 
-168.1324255000000,-14.5476671666667,0 
-168.1324208333333,-14.5476731666667,0 
-168.1324338333333,-14.5476708333333,0 
-168.1324211666667,-14.5476703333333,0 
-168.1324188333333,-14.5476675000000,0 
-168.1324138333333,-14.5476608333333,0 
-168.1324185000000,-14.5476575000000,0 
-168.1324160000000,-14.5476605000000,0 
-168.1324175000000,-14.5476630000000,0 
-168.1324215000000,-14.5476488333333,0 
-168.1324123333333,-14.5476535000000,0 
-168.1324123333333,-14.5476551666667,0 
-168.1324220000000,-14.5476638333333,0 
-168.1324486666667,-14.5476755000000,0 
-168.1324471666667,-14.5476728333333,0 
-168.1324665000000,-14.5476908333333,0 
-168.1324591666667,-14.5476940000000,0 
-168.1324691666667,-14.5476903333333,0 
-168.1324801666667,-14.5476981666667,0 
-168.1324673333333,-14.5476963333333,0 
-168.1324876666667,-14.5476888333333,0 
-168.1324890000000,-14.5476875000000,0 
-168.1324943333333,-14.5476738333333,0 
-168.1325120000000,-14.5476796666667,0 
-168.1325076666667,-14.5476655000000,0 
-168.1325228333333,-14.5476610000000,0 
-168.1325215000000,-14.5476478333333,0 
-168.1325273333333,-14.5476546666667,0 
-168.1325230000000,-14.5476466666667,0 
-168.1325345000000,-14.5476633333333,0 
-168.1325251666667,-14.5476580000000,0 
-168.1325195000000,-14.5476720000000,0 
-168.1325108333333,-14.5476758333333,0 
-168.1325216666667,-14.5476823333333,0 
-168.1325230000000,-14.5476835000000,0 
-168.1325196666667,-14.5476863333333,0 
-168.1325241666667,-14.5476950000000,0 
-168.1325175000000,-14.5476988333333,0 
-168.1325271666667,-14.5477031666667,0 
-168.1325135000000,-14.5476996666667,0 
-168.1325248333333,-14.5477093333333,0 
-168.1325158333333,-14.5477108333333,0 
-168.1325258333333,-14.5477075000000,0 
-168.1325298333333,-14.5477075000000,0 
-168.1325281666667,-14.5477126666667,0 
-168.1325136666667,-14.5477066666667,0 
-168.1325273333333,-14.5477135000000,0 
-168.1325173333333,-14.5477133333333,0 
-168.1325193333333,-14.5477106666667,0 
-168.1325305000000,-14.5477130000000,0 
-168.1325158333333,-14.5477088333333,0 
-168.1325323333333,-14.5477168333333,0 
-168.1325148333333,-14.5477095000000,0 
-168.1325290000000,-14.5477175000000,0 
-168.1325183333333,-14.5477095000000,0 
-168.1325211666667,-14.5477136666667,0 
-168.1325241666667,-14.5477118333333,0 
-168.1325183333333,-14.5477086666667,0 
-168.1325280000000,-14.5477153333333,0 
-168.1325208333333,-14.5477071666667,0 
-168.1325290000000,-14.5477131666667,0 
-168.1325188333333,-14.5477035000000,0 
-168.1325265000000,-14.5477111666667,0 
-168.1325260000000,-14.5477091666667,0 
-168.1325211666667,-14.5477120000000,0 
-168.1325198333333,-14.5477131666667,0 
-168.1325235000000,-14.5477151666667,0 
-168.1325273333333,-14.5477158333333,0 
-168.1325223333333,-14.5477141666667,0 
-168.1325260000000,-14.5477110000000,0 
-168.1325265000000,-14.5477111666667,0 
-168.1325128333333,-14.5477175000000,0 
-168.1325233333333,-14.5477138333333,0 
-168.1325186666667,-14.5477073333333,0 
-168.1325283333333,-14.5477166666667,0 
-168.1325245000000,-14.5477148333333,0 
-168.1325178333333,-14.5477081666667,0 
-168.1325321666667,-14.5477251666667,0 
-168.1325146666667,-14.5477170000000,0 
-168.1325220000000,-14.5477168333333,0 
-168.1325311666667,-14.5477175000000,0 
-168.1325183333333,-14.5477156666667,0 
-168.1325220000000,-14.5477165000000,0 
-168.1325188333333,-14.5477048333333,0 
-168.1325336666667,-14.5477143333333,0 
-168.1325141666667,-14.5477065000000,0 
-168.1325300000000,-14.5477151666667,0 
-168.1325225000000,-14.5477143333333,0 
-168.1325100000000,-14.5477146666667,0 
-168.1325306666667,-14.5477153333333,0 
-168.1325148333333,-14.5477071666667,0 
-168.1325211666667,-14.5477136666667,0 
-168.1325233333333,-14.5477145000000,0 
-168.1325191666667,-14.5477111666667,0 
-168.1325208333333,-14.5477161666667,0 
-168.1325155000000,-14.5477086666667,0 
-168.1325245000000,-14.5477190000000,0 
-168.1325173333333,-14.5477126666667,0 
-168.1325188333333,-14.5477115000000,0 
-168.1325128333333,-14.5477081666667,0 
-168.1325176666667,-14.5477128333333,0 
-168.1325125000000,-14.5477105000000,0 
-168.1325203333333,-14.5477116666667,0 
-168.1325145000000,-14.5477181666667,0 
-168.1325088333333,-14.5476986666667,0 
-168.1325280000000,-14.5477140000000,0 
-168.1325126666667,-14.5477026666667,0 
-168.1325245000000,-14.5477121666667,0 
-168.1325185000000,-14.5477126666667,0 
-168.1325143333333,-14.5477111666667,0 
-168.1325190000000,-14.5477096666667,0 
-168.1325233333333,-14.5477040000000,0 
-168.1325228333333,-14.5477105000000,0 
-168.1325120000000,-14.5477108333333,0 
-168.1325278333333,-14.5477126666667,0 
-168.1325171666667,-14.5477038333333,0 
-168.1325286666667,-14.5477100000000,0 
-168.1325178333333,-14.5477048333333,0 
-168.1325286666667,-14.5477080000000,0 
-168.1325170000000,-14.5477080000000,0 
-168.1325246666667,-14.5477060000000,0 
-168.1325155000000,-14.5477063333333,0 
-168.1325220000000,-14.5477068333333,0 
-168.1325216666667,-14.5477086666667,0 
-168.1325231666667,-14.5477073333333,0 
-168.1325200000000,-14.5477078333333,0 
-168.1325253333333,-14.5477101666667,0 
-168.1325178333333,-14.5477033333333,0 
-168.1325310000000,-14.5477121666667,0 
-168.1325080000000,-14.5477091666667,0 
-168.1325265000000,-14.5477161666667,0 
-168.1325180000000,-14.5477181666667,0 
-168.1325160000000,-14.5477065000000,0 
-168.1325283333333,-14.5477141666667,0 
-168.1325198333333,-14.5477078333333,0 
-168.1325288333333,-14.5477118333333,0 
-168.1325070000000,-14.5477086666667,0 
-168.1325271666667,-14.5477170000000,0 
-168.1325080000000,-14.5477025000000,0 
-168.1325288333333,-14.5477126666667,0 
-168.1325038333333,-14.5477046666667,0 
-168.1325268333333,-14.5477125000000,0 
-168.1325058333333,-14.5477075000000,0 
-168.1325305000000,-14.5477063333333,0 
-168.1325181666667,-14.5477093333333,0 
-168.1325226666667,-14.5477061666667,0 
-168.1325231666667,-14.5477090000000,0 
-168.1325118333333,-14.5477116666667,0 
-168.1325226666667,-14.5477050000000,0 
-168.1325223333333,-14.5477086666667,0 
-168.1325068333333,-14.5477030000000,0 
-168.1325261666667,-14.5477040000000,0 
-168.1325153333333,-14.5477061666667,0 
-168.1325200000000,-14.5477053333333,0 
-168.1325243333333,-14.5477021666667,0 
-168.1325213333333,-14.5477090000000,0 
-168.1325185000000,-14.5477045000000,0 
-168.1325271666667,-14.5477145000000,0 
-168.1325225000000,-14.5477013333333,0 
-168.1325236666667,-14.5477053333333,0 
-168.1325205000000,-14.5477093333333,0 
-168.1325156666667,-14.5477071666667,0 
-168.1325248333333,-14.5477070000000,0 
-168.1325133333333,-14.5477096666667,0 
-168.1325181666667,-14.5477070000000,0 
-168.1325201666667,-14.5477045000000,0 
-168.1325218333333,-14.5477055000000,0 
-168.1325123333333,-14.5477078333333,0 
-168.1325213333333,-14.5477056666667,0 
-168.1325188333333,-14.5477131666667,0 
-168.1325141666667,-14.5477075000000,0 
-168.1325176666667,-14.5477066666667,0 
-168.1325200000000,-14.5477008333333,0 
-168.1325291666667,-14.5477101666667,0 
-168.1325193333333,-14.5477066666667,0 
-168.1325216666667,-14.5477015000000,0 
-168.1325166666667,-14.5477035000000,0 
-168.1325243333333,-14.5477008333333,0 
-168.1325216666667,-14.5477041666667,0 
-168.1325228333333,-14.5477101666667,0 
-168.1325130000000,-14.5477048333333,0 
-168.1325226666667,-14.5477086666667,0 
-168.1325238333333,-14.5477140000000,0 
-168.1325145000000,-14.5477038333333,0 
-168.1325246666667,-14.5477083333333,0 
-168.1325100000000,-14.5477075000000,0 
-168.1325213333333,-14.5477070000000,0 
-168.1325200000000,-14.5477106666667,0 
-168.1325075000000,-14.5477066666667,0 
-168.1325238333333,-14.5477116666667,0 
-168.1325130000000,-14.5477026666667,0 
-168.1325175000000,-14.5477051666667,0 
-168.1325160000000,-14.5477113333333,0 
-168.1325105000000,-14.5477105000000,0 
-168.1325190000000,-14.5477075000000,0 
-168.1325131666667,-14.5477075000000,0 
-168.1325168333333,-14.5477050000000,0 
-168.1325218333333,-14.5477081666667,0 
-168.1325186666667,-14.5477065000000,0 
-168.1325223333333,-14.5477095000000,0 
-168.1325180000000,-14.5477041666667,0 
-168.1325235000000,-14.5477090000000,0 
-168.1325183333333,-14.5477055000000,0 
-168.1325218333333,-14.5477100000000,0 
-168.1325156666667,-14.5477083333333,0 
-168.1325155000000,-14.5477051666667,0 
-168.1325216666667,-14.5477133333333,0 
-168.1325221666667,-14.5477065000000,0 
-168.1325146666667,-14.5477066666667,0 
-168.1325208333333,-14.5477091666667,0 
-168.1325221666667,-14.5477046666667,0 
-168.1325221666667,-14.5477071666667,0 
-168.1325148333333,-14.5477141666667,0 
-168.1325125000000,-14.5477045000000,0 
-168.1325250000000,-14.5477130000000,0 
-168.1325073333333,-14.5477106666667,0 
-168.1325223333333,-14.5477068333333,0 
-168.1325216666667,-14.5477093333333,0 
-168.1325145000000,-14.5477073333333,0 
-168.1325243333333,-14.5477035000000,0 
-168.1325233333333,-14.5477098333333,0 
-168.1325138333333,-14.5476961666667,0 
-168.1325320000000,-14.5477226666667,0 
-168.1324980000000,-14.5477053333333,0 
-168.1325023333333,-14.5477240000000,0 
-168.1324781666667,-14.5477233333333,0 
-168.1324586666667,-14.5477246666667,0 
-168.1324535000000,-14.5477331666667,0 
-168.1324466666667,-14.5477243333333,0 
-168.1324513333333,-14.5477366666667,0 
-168.1324530000000,-14.5477360000000,0 
-168.1324496666667,-14.5477386666667,0 
-168.1324445000000,-14.5477405000000,0 
-168.1324330000000,-14.5477463333333,0 
-168.1324261666667,-14.5477545000000,0 
-168.1324123333333,-14.5477603333333,0 
-168.1324005000000,-14.5477566666667,0 
-168.1324016666667,-14.5477731666667,0 
-168.1323833333333,-14.5477741666667,0 
-168.1323898333333,-14.5477836666667,0 
-168.1323825000000,-14.5477800000000,0 
-168.1323826666667,-14.5477893333333,0 
-168.1323775000000,-14.5477950000000,0 
-168.1323766666667,-14.5478036666667,0 
-168.1323793333333,-14.5478006666667,0 
-168.1324000000000,-14.5478043333333,0 
-168.1323900000000,-14.5478055000000,0 
-168.1323841666667,-14.5478050000000,0 
-168.1323811666667,-14.5478093333333,0 
-168.1323863333333,-14.5478135000000,0 
-168.1323870000000,-14.5478221666667,0 
-168.1323975000000,-14.5478208333333,0 
-168.1324136666667,-14.5478136666667,0 
-168.1324340000000,-14.5477996666667,0 
-168.1324450000000,-14.5478060000000,0 
-168.1324546666667,-14.5477948333333,0 
-168.1324671666667,-14.5477921666667,0 
-168.1324701666667,-14.5478000000000,0 
-168.1324855000000,-14.5477978333333,0 
-168.1324800000000,-14.5477871666667,0 
-168.1324880000000,-14.5478096666667,0 
-168.1324905000000,-14.5477928333333,0 
-168.1325025000000,-14.5478098333333,0 
-168.1324993333333,-14.5478246666667,0 
-168.1324911666667,-14.5478191666667,0 
-168.1324965000000,-14.5478391666667,0 
-168.1324836666667,-14.5478250000000,0 
-168.1325011666667,-14.5478406666667,0 
-168.1325165000000,-14.5478076666667,0 
-168.1325220000000,-14.5478271666667,0 
-168.1325013333333,-14.5478346666667,0 
-168.1324968333333,-14.5478360000000,0 
-168.1324913333333,-14.5478390000000,0 
-168.1324851666667,-14.5478448333333,0 
-168.1324890000000,-14.5478450000000,0 
-168.1324875000000,-14.5478568333333,0 
-168.1324803333333,-14.5478445000000,0 
-168.1324925000000,-14.5478475000000,0 
-168.1324820000000,-14.5478443333333,0 
-168.1324766666667,-14.5478465000000,0 
-168.1324691666667,-14.5478576666667,0 
-168.1324570000000,-14.5478578333333,0 
-168.1324541666667,-14.5478625000000,0 
-168.1324368333333,-14.5478618333333,0 
-168.1324328333333,-14.5478646666667,0 
-168.1324258333333,-14.5478550000000,0 
-168.1324273333333,-14.5478635000000,0 
-168.1324346666667,-14.5478573333333,0 
-168.1324340000000,-14.5478630000000,0 
-168.1324318333333,-14.5478628333333,0 
-168.1324371666667,-14.5478643333333,0 
-168.1324466666667,-14.5478480000000,0 
-168.1324515000000,-14.5478436666667,0 
-168.1324570000000,-14.5478313333333,0 
-168.1324636666667,-14.5478320000000,0 
-168.1324663333333,-14.5478351666667,0 
-168.1324750000000,-14.5478351666667,0 
-168.1324818333333,-14.5478230000000,0 
-168.1324841666667,-14.5478358333333,0 
-168.1324843333333,-14.5478435000000,0 
-168.1324795000000,-14.5478381666667,0 
-168.1324825000000,-14.5478430000000,0 
-168.1324706666667,-14.5478453333333,0 
-168.1324810000000,-14.5478461666667,0 
-168.1324705000000,-14.5478433333333,0 
-168.1324798333333,-14.5478526666667,0 
-168.1324765000000,-14.5478368333333,0 
-168.1324841666667,-14.5478491666667,0 
-168.1324776666667,-14.5478381666667,0 
-168.1324858333333,-14.5478413333333,0 
-168.1324855000000,-14.5478411666667,0 
-168.1324813333333,-14.5478401666667,0 
-168.1324843333333,-14.5478485000000,0 
-168.1324825000000,-14.5478348333333,0 
-168.1324938333333,-14.5478413333333,0 
-168.1324818333333,-14.5478386666667,0 
-168.1324840000000,-14.5478446666667,0 
-168.1324831666667,-14.5478418333333,0 
-168.1324865000000,-14.5478421666667,0 
-168.1324833333333,-14.5478460000000,0 
-168.1324825000000,-14.5478363333333,0 
-168.1324965000000,-14.5478440000000,0 
-168.1324858333333,-14.5478420000000,0 
-168.1324851666667,-14.5478421666667,0 
-168.1324891666667,-14.5478423333333,0 
-168.1324821666667,-14.5478463333333,0 
-168.1324863333333,-14.5478423333333,0 
-168.1324838333333,-14.5478475000000,0 
-168.1324851666667,-14.5478440000000,0 
-168.1324883333333,-14.5478465000000,0 
-168.1324908333333,-14.5478503333333,0 
-168.1324808333333,-14.5478411666667,0 
-168.1324878333333,-14.5478528333333,0 
-168.1324778333333,-14.5478483333333,0 
-168.1324943333333,-14.5478575000000,0 
-168.1324793333333,-14.5478595000000,0 
-168.1324828333333,-14.5478678333333,0 
-168.1324925000000,-14.5478736666667,0 
-168.1324918333333,-14.5478765000000,0 
-168.1324966666667,-14.5478853333333,0 
-168.1325075000000,-14.5478896666667,0 
-168.1325070000000,-14.5478876666667,0 
-168.1325178333333,-14.5478976666667,0 
-168.1325158333333,-14.5478900000000,0 
-168.1325188333333,-14.5479043333333,0 
-168.1325150000000,-14.5479080000000,0 
-168.1325185000000,-14.5479073333333,0 
-168.1325266666667,-14.5479171666667,0 
-168.1325330000000,-14.5479133333333,0 
-168.1325413333333,-14.5479123333333,0 
-168.1325486666667,-14.5479166666667,0 
-168.1325478333333,-14.5479193333333,0 
-168.1325516666667,-14.5479151666667,0 
-168.1325471666667,-14.5479141666667,0 
-168.1325418333333,-14.5479085000000,0 
-168.1325503333333,-14.5479123333333,0 
-168.1325550000000,-14.5479155000000,0 
-168.1325538333333,-14.5479143333333,0 
-168.1325558333333,-14.5479235000000,0 
-168.1325570000000,-14.5479225000000,0 
-168.1325621666667,-14.5479646666667,0 
-168.1325361666667,-14.5479815000000,0 
-168.1325315000000,-14.5480043333333,0 
-168.1325215000000,-14.5480015000000,0 
-168.1325235000000,-14.5480016666667,0 
-168.1325163333333,-14.5480091666667,0 
-168.1325121666667,-14.5480061666667,0 
-168.1325113333333,-14.5480008333333,0 
-168.1325148333333,-14.5480045000000,0 
-168.1324981666667,-14.5479963333333,0 
-168.1324945000000,-14.5479893333333,0 
-168.1324838333333,-14.5479813333333,0 
-168.1324771666667,-14.5479768333333,0 
-168.1324755000000,-14.5479728333333,0 
-168.1324720000000,-14.5479680000000,0 
-168.1324708333333,-14.5479596666667,0 
-168.1324646666667,-14.5479505000000,0 
-168.1324651666667,-14.5479425000000,0 
-168.1324456666667,-14.5479333333333,0 
-168.1324435000000,-14.5479225000000,0 
-168.1324353333333,-14.5479075000000,0 
-168.1324226666667,-14.5479025000000,0 
-168.1324283333333,-14.5479006666667,0 
-168.1324193333333,-14.5478981666667,0 
-168.1324280000000,-14.5479021666667,0 
-168.1324186666667,-14.5478885000000,0 
-168.1324285000000,-14.5478888333333,0 
-168.1324285000000,-14.5478968333333,0 
-168.1324428333333,-14.5479008333333,0 
-168.1324286666667,-14.5479026666667,0 
-168.1324455000000,-14.5479098333333,0 
-168.1324403333333,-14.5479126666667,0 
-168.1324595000000,-14.5479275000000,0 
-168.1324666666667,-14.5479410000000,0 
-168.1324783333333,-14.5479480000000,0 
-168.1324908333333,-14.5479601666667,0 
-168.1325003333333,-14.5479691666667,0 
-168.1325105000000,-14.5479801666667,0 
-168.1325160000000,-14.5479850000000,0 
-168.1325295000000,-14.5479953333333,0 
-168.1325375000000,-14.5480081666667,0 
-168.1325418333333,-14.5480095000000,0 
-168.1325583333333,-14.5480236666667,0 
-168.1325673333333,-14.5480263333333,0 
-168.1325790000000,-14.5480328333333,0 
-168.1325896666667,-14.5480493333333,0 
-168.1326000000000,-14.5480478333333,0 
-168.1326095000000,-14.5480663333333,0 
-168.1326196666667,-14.5480685000000,0 
-168.1326350000000,-14.5480788333333,0 
-168.1326366666667,-14.5480828333333,0 
-168.1326516666667,-14.5480838333333,0 
-168.1326563333333,-14.5480880000000,0 
-168.1326598333333,-14.5480816666667,0 
-168.1326765000000,-14.5480935000000,0 
-168.1326768333333,-14.5480913333333,0 
-168.1326911666667,-14.5480975000000,0 
-168.1326980000000,-14.5480968333333,0 
-168.1327075000000,-14.5480900000000,0 
-168.1327198333333,-14.5480871666667,0 
-168.1327066666667,-14.5480750000000,0 
-168.1327181666667,-14.5480738333333,0 
-168.1327006666667,-14.5480590000000,0 
-168.1327118333333,-14.5480618333333,0 
-168.1327041666667,-14.5480510000000,0 
-168.1327121666667,-14.5480440000000,0 
-168.1327026666667,-14.5480391666667,0 
-168.1326970000000,-14.5480321666667,0 
-168.1326940000000,-14.5480225000000,0 
-168.1326983333333,-14.5480195000000,0 
-168.1326881666667,-14.5480130000000,0 
-168.1326976666667,-14.5480036666667,0 
-168.1326891666667,-14.5480023333333,0 
-168.1326968333333,-14.5479990000000,0 
-168.1326918333333,-14.5479906666667,0 
-168.1326928333333,-14.5479828333333,0 
-168.1326941666667,-14.5479770000000,0 
-168.1326960000000,-14.5479660000000,0 
-168.1326893333333,-14.5479653333333,0 
-168.1326886666667,-14.5479570000000,0 
-168.1326858333333,-14.5479551666667,0 
-168.1326831666667,-14.5479488333333,0 
-168.1326815000000,-14.5479431666667,0 
-168.1326743333333,-14.5479296666667,0 
-168.1326790000000,-14.5479195000000,0 
-168.1326663333333,-14.5479010000000,0 
-168.1326775000000,-14.5478961666667,0 
-168.1326640000000,-14.5478766666667,0 
-168.1326673333333,-14.5478651666667,0 
-168.1326553333333,-14.5478573333333,0 
-168.1326570000000,-14.5478375000000,0 
-168.1326541666667,-14.5478283333333,0 
-168.1326505000000,-14.5478051666667,0 
-168.1326516666667,-14.5477950000000,0 
-168.1326485000000,-14.5477863333333,0 
-168.1326483333333,-14.5477608333333,0 
-168.1326491666667,-14.5477611666667,0 
-168.1326416666667,-14.5477408333333,0 
-168.1326423333333,-14.5477316666667,0 
-168.1326330000000,-14.5477188333333,0 
-168.1326313333333,-14.5477013333333,0 
-168.1326288333333,-14.5476950000000,0 
-168.1326255000000,-14.5476736666667,0 
-168.1326223333333,-14.5476625000000,0 
-168.1326143333333,-14.5476408333333,0 
-168.1326155000000,-14.5476321666667,0 
-168.1326066666667,-14.5476145000000,0 
-168.1326028333333,-14.5475991666667,0 
-168.1325935000000,-14.5475858333333,0 
-168.1325851666667,-14.5475753333333,0 
-168.1325750000000,-14.5475626666667,0 
-168.1325671666667,-14.5475578333333,0 
-168.1325546666667,-14.5475450000000,0 
-168.1325463333333,-14.5475328333333,0 
-168.1325380000000,-14.5475258333333,0 
-168.1325263333333,-14.5475135000000,0 
-168.1325141666667,-14.5475076666667,0 
-168.1325030000000,-14.5475001666667,0 
-168.1324945000000,-14.5474946666667,0 
-168.1324835000000,-14.5474923333333,0 
-168.1324725000000,-14.5474886666667,0 
-168.1324640000000,-14.5474873333333,0 
-168.1324613333333,-14.5474863333333,0 
-168.1324506666667,-14.5474851666667,0 
-168.1324451666667,-14.5474838333333,0 
-168.1324501666667,-14.5474780000000,0 
-168.1324561666667,-14.5474820000000,0 
-168.1324565000000,-14.5474833333333,0 
-168.1324583333333,-14.5474828333333,0 
-168.1324578333333,-14.5474830000000,0 
-168.1324495000000,-14.5474833333333,0 
-168.1324523333333,-14.5474876666667,0 
-168.1324470000000,-14.5474863333333,0 
-168.1324513333333,-14.5474930000000,0 
-168.1324478333333,-14.5474938333333,0 
-168.1324531666667,-14.5474956666667,0 
-168.1324538333333,-14.5475026666667,0 
-168.1324526666667,-14.5475011666667,0 
-168.1324525000000,-14.5475091666667,0 
-168.1324506666667,-14.5475141666667,0 
-168.1324510000000,-14.5475210000000,0 
-168.1324508333333,-14.5475283333333,0 
-168.1324565000000,-14.5475356666667,0 
-168.1324548333333,-14.5475421666667,0 
-168.1324553333333,-14.5475491666667,0 
-168.1324608333333,-14.5475515000000,0 
-168.1324611666667,-14.5475553333333,0 
-168.1324663333333,-14.5475593333333,0 
-168.1324730000000,-14.5475613333333,0 
-168.1324761666667,-14.5475645000000,0 
-168.1324836666667,-14.5475728333333,0 
-168.1324938333333,-14.5475788333333,0 
-168.1324998333333,-14.5475845000000,0 
-168.1325070000000,-14.5475928333333,0 
-168.1325123333333,-14.5475926666667,0 
-168.1325175000000,-14.5475966666667,0 
-168.1325185000000,-14.5475970000000,0 
-168.1325336666667,-14.5476043333333,0 
-168.1325335000000,-14.5476075000000,0 
-168.1325370000000,-14.5476071666667,0 
-168.1325398333333,-14.5476093333333,0 
-168.1325483333333,-14.5476103333333,0 
-168.1325516666667,-14.5476123333333,0 
-168.1325536666667,-14.5476121666667,0 
-168.1325578333333,-14.5476186666667,0 
-168.1325650000000,-14.5476263333333,0 
-168.1325676666667,-14.5476231666667,0 
-168.1325700000000,-14.5476321666667,0 
-168.1325721666667,-14.5476338333333,0 
-168.1325685000000,-14.5476396666667,0 
-168.1325600000000,-14.5476351666667,0 
-168.1325588333333,-14.5476436666667,0 
-168.1325575000000,-14.5476545000000,0 
-168.1325563333333,-14.5476608333333,0 
-168.1325578333333,-14.5476763333333,0 
-168.1325496666667,-14.5476876666667,0 
-168.1325540000000,-14.5477038333333,0 
-168.1325508333333,-14.5477176666667,0 
-168.1325481666667,-14.5477343333333,0 
-168.1325441666667,-14.5477575000000,0 
-168.1325415000000,-14.5477731666667,0 
-168.1325345000000,-14.5477845000000,0 
-168.1325305000000,-14.5478155000000,0 
-168.1325278333333,-14.5478260000000,0 
-168.1325311666667,-14.5478526666667,0 
-168.1325238333333,-14.5478738333333,0 
-168.1325095000000,-14.5478915000000,0 
-168.1325041666667,-14.5479165000000,0 
-168.1324980000000,-14.5479381666667,0 
-168.1324893333333,-14.5479665000000,0 
-168.1324801666667,-14.5479858333333,0 
-168.1324715000000,-14.5480080000000,0 
-168.1324578333333,-14.5480316666667,0 
-168.1324521666667,-14.5480581666667,0 
-168.1324458333333,-14.5480808333333,0 
-168.1324308333333,-14.5480985000000,0 
-168.1324273333333,-14.5481231666667,0 
-168.1324175000000,-14.5481385000000,0 
-168.1324221666667,-14.5481651666667,0 
-168.1324075000000,-14.5481881666667,0 
-168.1323853333333,-14.5482321666667,0 
-168.1323720000000,-14.5482576666667,0 
-168.1323598333333,-14.5482708333333,0 
-168.1323373333333,-14.5482915000000,0 
-168.1323196666667,-14.5483133333333,0 
-168.1322938333333,-14.5483206666667,0 
-168.1322805000000,-14.5483301666667,0 
-168.1322640000000,-14.5483390000000,0 
-168.1322426666667,-14.5483428333333,0 
-168.1322270000000,-14.5483581666667,0 
-168.1322103333333,-14.5483535000000,0 
-168.1321943333333,-14.5483650000000,0 
-168.1321866666667,-14.5483716666667,0 
-168.1321775000000,-14.5483776666667,0 
-168.1321675000000,-14.5483740000000,0 
-168.1321546666667,-14.5483768333333,0 
-168.1321470000000,-14.5483805000000,0 
-168.1321335000000,-14.5483693333333,0 
-168.1321336666667,-14.5483698333333,0 
-168.1321215000000,-14.5483648333333,0 
-168.1321150000000,-14.5483665000000,0 
-168.1321080000000,-14.5483658333333,0 
-168.1321033333333,-14.5483633333333,0 
-168.1320981666667,-14.5483643333333,0 
-168.1320945000000,-14.5483526666667,0 
-168.1320903333333,-14.5483521666667,0 
-168.1320866666667,-14.5483498333333,0 
-168.1320813333333,-14.5483435000000,0 
-168.1320815000000,-14.5483473333333,0 
-168.1320781666667,-14.5483423333333,0 
-168.1320758333333,-14.5483405000000,0 
-168.1320773333333,-14.5483345000000,0 
-168.1320738333333,-14.5483355000000,0 
-168.1320755000000,-14.5483228333333,0 
-168.1320693333333,-14.5483245000000,0 
-168.1320696666667,-14.5483148333333,0 
-168.1320783333333,-14.5483221666667,0 
-168.1320716666667,-14.5483181666667,0 
-168.1320756666667,-14.5483080000000,0 
-168.1320830000000,-14.5483088333333,0 
-168.1320743333333,-14.5483083333333,0 
-168.1320808333333,-14.5483086666667,0 
-168.1320745000000,-14.5482920000000,0 
-168.1320710000000,-14.5482963333333,0 
-168.1320685000000,-14.5482908333333,0 
-168.1320733333333,-14.5483033333333,0 
-168.1320740000000,-14.5482833333333,0 
-168.1320730000000,-14.5482946666667,0 
-168.1320740000000,-14.5482840000000,0 
-168.1320706666667,-14.5482958333333,0 
-168.1320750000000,-14.5482968333333,0 
-168.1320685000000,-14.5482961666667,0 
-168.1320796666667,-14.5482911666667,0 
-168.1320720000000,-14.5483030000000,0 
-168.1320788333333,-14.5482835000000,0 
-168.1320723333333,-14.5483040000000,0 
-168.1320801666667,-14.5482741666667,0 
-168.1320753333333,-14.5482915000000,0 
-168.1320938333333,-14.5482838333333,0 
-168.1320938333333,-14.5482768333333,0 
-168.1321046666667,-14.5482715000000,0 
</coordinates></LineString></Placemark></Document></kml>
