<kml><Document><Placemark>
<name>Testing</name>
<LineString><tessellate>1</tessellate>
<coordinates>
-169.5007543333333,-14.2955498333333,0 
-169.5007565000000,-14.2955501666667,0 
-169.5007461666667,-14.2955396666667,0 
-169.5007313333333,-14.2955443333333,0 
-169.5007205000000,-14.2955471666667,0 
-169.5006975000000,-14.2955421666667,0 
-169.5006928333333,-14.2955423333333,0 
-169.5006811666667,-14.2955361666667,0 
-169.5006651666667,-14.2955376666667,0 
-169.5006651666667,-14.2955186666667,0 
-169.5006496666667,-14.2955293333333,0 
-169.5006321666667,-14.2955305000000,0 
-169.5006291666667,-14.2955246666667,0 
-169.5006125000000,-14.2955115000000,0 
-169.5006081666667,-14.2955020000000,0 
-169.5005930000000,-14.2955110000000,0 
-169.5005811666667,-14.2955036666667,0 
-169.5005800000000,-14.2955018333333,0 
-169.5005771666667,-14.2955023333333,0 
-169.5005703333333,-14.2954990000000,0 
-169.5005600000000,-14.2954923333333,0 
-169.5005501666667,-14.2954865000000,0 
-169.5005495000000,-14.2954858333333,0 
-169.5005440000000,-14.2954800000000,0 
-169.5005288333333,-14.2954780000000,0 
-169.5005251666667,-14.2954778333333,0 
-169.5005185000000,-14.2954710000000,0 
-169.5005001666667,-14.2954695000000,0 
-169.5004958333333,-14.2954665000000,0 
-169.5004785000000,-14.2954645000000,0 
-169.5004718333333,-14.2954538333333,0 
-169.5004600000000,-14.2954490000000,0 
-169.5004550000000,-14.2954398333333,0 
-169.5004423333333,-14.2954420000000,0 
-169.5004421666667,-14.2954323333333,0 
-169.5004245000000,-14.2954293333333,0 
-169.5004180000000,-14.2954213333333,0 
-169.5004101666667,-14.2954090000000,0 
-169.5004025000000,-14.2954036666667,0 
-169.5004063333333,-14.2954073333333,0 
-169.5003925000000,-14.2954088333333,0 
-169.5003928333333,-14.2954025000000,0 
-169.5003831666667,-14.2953996666667,0 
-169.5003818333333,-14.2953963333333,0 
-169.5003790000000,-14.2953846666667,0 
-169.5003833333333,-14.2953916666667,0 
-169.5003781666667,-14.2953938333333,0 
-169.5003721666667,-14.2953956666667,0 
-169.5003756666667,-14.2953988333333,0 
-169.5003658333333,-14.2953955000000,0 
-169.5003676666667,-14.2953873333333,0 
-169.5003701666667,-14.2953875000000,0 
-169.5003623333333,-14.2953818333333,0 
-169.5003675000000,-14.2953805000000,0 
-169.5003648333333,-14.2953703333333,0 
-169.5003630000000,-14.2953665000000,0 
-169.5003635000000,-14.2953640000000,0 
-169.5003583333333,-14.2953616666667,0 
-169.5003486666667,-14.2953595000000,0 
-169.5003603333333,-14.2953528333333,0 
-169.5003556666667,-14.2953546666667,0 
-169.5003500000000,-14.2953446666667,0 
-169.5003613333333,-14.2953471666667,0 
-169.5003585000000,-14.2953333333333,0 
-169.5003678333333,-14.2953211666667,0 
-169.5003665000000,-14.2953185000000,0 
-169.5003793333333,-14.2953108333333,0 
-169.5003750000000,-14.2953073333333,0 
-169.5003755000000,-14.2952963333333,0 
-169.5003803333333,-14.2952953333333,0 
-169.5003743333333,-14.2952896666667,0 
-169.5003831666667,-14.2952868333333,0 
-169.5003821666667,-14.2952815000000,0 
-169.5003858333333,-14.2952776666667,0 
-169.5003866666667,-14.2952728333333,0 
-169.5003911666667,-14.2952621666667,0 
-169.5003938333333,-14.2952558333333,0 
-169.5003848333333,-14.2952488333333,0 
-169.5003886666667,-14.2952406666667,0 
-169.5003870000000,-14.2952361666667,0 
-169.5003818333333,-14.2952325000000,0 
-169.5003798333333,-14.2952218333333,0 
-169.5003796666667,-14.2952266666667,0 
-169.5003735000000,-14.2952216666667,0 
-169.5003835000000,-14.2952123333333,0 
-169.5003688333333,-14.2952166666667,0 
-169.5003746666667,-14.2952090000000,0 
-169.5003738333333,-14.2951946666667,0 
-169.5003751666667,-14.2951875000000,0 
-169.5003616666667,-14.2951880000000,0 
-169.5003691666667,-14.2951810000000,0 
-169.5003560000000,-14.2951790000000,0 
-169.5003498333333,-14.2951788333333,0 
-169.5003425000000,-14.2951743333333,0 
-169.5003395000000,-14.2951738333333,0 
-169.5003360000000,-14.2951740000000,0 
-169.5003285000000,-14.2951648333333,0 
-169.5003275000000,-14.2951630000000,0 
-169.5003185000000,-14.2951561666667,0 
-169.5003195000000,-14.2951580000000,0 
-169.5003146666667,-14.2951496666667,0 
-169.5003111666667,-14.2951555000000,0 
-169.5002995000000,-14.2951510000000,0 
-169.5003018333333,-14.2951488333333,0 
-169.5002893333333,-14.2951503333333,0 
-169.5002883333333,-14.2951610000000,0 
-169.5002770000000,-14.2951581666667,0 
-169.5002740000000,-14.2951626666667,0 
-169.5002681666667,-14.2951635000000,0 
-169.5002633333333,-14.2951640000000,0 
-169.5002556666667,-14.2951608333333,0 
-169.5002558333333,-14.2951608333333,0 
-169.5002471666667,-14.2951620000000,0 
-169.5002470000000,-14.2951598333333,0 
-169.5002396666667,-14.2951586666667,0 
-169.5002400000000,-14.2951561666667,0 
-169.5002395000000,-14.2951600000000,0 
-169.5002285000000,-14.2951571666667,0 
-169.5002251666667,-14.2951505000000,0 
-169.5002211666667,-14.2951603333333,0 
-169.5002170000000,-14.2951595000000,0 
-169.5002103333333,-14.2951498333333,0 
-169.5002011666667,-14.2951486666667,0 
-169.5001975000000,-14.2951483333333,0 
-169.5001875000000,-14.2951390000000,0 
-169.5001930000000,-14.2951386666667,0 
-169.5001868333333,-14.2951325000000,0 
-169.5001766666667,-14.2951270000000,0 
-169.5001725000000,-14.2951195000000,0 
-169.5001668333333,-14.2951115000000,0 
-169.5001620000000,-14.2951030000000,0 
-169.5001548333333,-14.2950991666667,0 
-169.5001438333333,-14.2950995000000,0 
-169.5001411666667,-14.2950993333333,0 
-169.5001335000000,-14.2950996666667,0 
-169.5001280000000,-14.2950985000000,0 
-169.5001183333333,-14.2950971666667,0 
-169.5001105000000,-14.2950910000000,0 
-169.5001091666667,-14.2950851666667,0 
-169.5000920000000,-14.2950811666667,0 
-169.5000973333333,-14.2950783333333,0 
-169.5000783333333,-14.2950746666667,0 
-169.5000776666667,-14.2950691666667,0 
-169.5000611666667,-14.2950718333333,0 
-169.5000663333333,-14.2950673333333,0 
-169.5000448333333,-14.2950711666667,0 
-169.5000428333333,-14.2950701666667,0 
-169.5000381666667,-14.2950683333333,0 
-169.5000211666667,-14.2950751666667,0 
-169.5000131666667,-14.2950743333333,0 
-169.5000175000000,-14.2950773333333,0 
-169.5000051666667,-14.2950778333333,0 
-169.4999906666667,-14.2950758333333,0 
-169.4999896666667,-14.2950731666667,0 
-169.4999735000000,-14.2950760000000,0 
-169.4999770000000,-14.2950731666667,0 
-169.4999608333333,-14.2950730000000,0 
-169.4999710000000,-14.2950751666667,0 
-169.4999510000000,-14.2950755000000,0 
-169.4999573333333,-14.2950753333333,0 
-169.4999375000000,-14.2950760000000,0 
-169.4999363333333,-14.2950720000000,0 
-169.4999343333333,-14.2950763333333,0 
-169.4999223333333,-14.2950761666667,0 
-169.4999175000000,-14.2950745000000,0 
-169.4999185000000,-14.2950771666667,0 
-169.4998940000000,-14.2950700000000,0 
-169.4999061666667,-14.2950668333333,0 
-169.4998866666667,-14.2950583333333,0 
-169.4998920000000,-14.2950551666667,0 
-169.4998811666667,-14.2950453333333,0 
-169.4998775000000,-14.2950356666667,0 
-169.4998853333333,-14.2950515000000,0 
-169.4998623333333,-14.2950591666667,0 
-169.4998810000000,-14.2950561666667,0 
-169.4998826666667,-14.2950673333333,0 
-169.4998706666667,-14.2950698333333,0 
-169.4998788333333,-14.2950731666667,0 
-169.4998685000000,-14.2950790000000,0 
-169.4998703333333,-14.2950863333333,0 
-169.4998505000000,-14.2950930000000,0 
-169.4998666666667,-14.2950993333333,0 
-169.4998605000000,-14.2951028333333,0 
-169.4998401666667,-14.2951068333333,0 
-169.4998598333333,-14.2951145000000,0 
-169.4998511666667,-14.2951155000000,0 
-169.4998511666667,-14.2951146666667,0 
-169.4998460000000,-14.2951281666667,0 
-169.4998513333333,-14.2951370000000,0 
-169.4998575000000,-14.2951560000000,0 
-169.4998536666667,-14.2951601666667,0 
-169.4998556666667,-14.2951761666667,0 
-169.4998508333333,-14.2951900000000,0 
-169.4998540000000,-14.2952080000000,0 
-169.4998483333333,-14.2952191666667,0 
-169.4998553333333,-14.2952276666667,0 
-169.4998466666667,-14.2952346666667,0 
-169.4998450000000,-14.2952455000000,0 
-169.4998548333333,-14.2952471666667,0 
-169.4998508333333,-14.2952623333333,0 
-169.4998341666667,-14.2952576666667,0 
-169.4998413333333,-14.2952691666667,0 
-169.4998348333333,-14.2952770000000,0 
-169.4998213333333,-14.2952823333333,0 
-169.4998283333333,-14.2952846666667,0 
-169.4998195000000,-14.2952961666667,0 
-169.4998196666667,-14.2952961666667,0 
-169.4998105000000,-14.2953008333333,0 
-169.4998035000000,-14.2953105000000,0 
-169.4997960000000,-14.2953066666667,0 
-169.4997941666667,-14.2953158333333,0 
-169.4997871666667,-14.2953160000000,0 
-169.4997780000000,-14.2953138333333,0 
-169.4997806666667,-14.2953230000000,0 
-169.4997666666667,-14.2953311666667,0 
-169.4997586666667,-14.2953270000000,0 
-169.4997573333333,-14.2953256666667,0 
-169.4997538333333,-14.2953308333333,0 
-169.4997376666667,-14.2953311666667,0 
-169.4997411666667,-14.2953331666667,0 
-169.4997271666667,-14.2953403333333,0 
-169.4997218333333,-14.2953390000000,0 
-169.4997155000000,-14.2953396666667,0 
-169.4997146666667,-14.2953391666667,0 
-169.4997058333333,-14.2953465000000,0 
-169.4996940000000,-14.2953473333333,0 
-169.4996960000000,-14.2953505000000,0 
-169.4996866666667,-14.2953506666667,0 
-169.4996775000000,-14.2953421666667,0 
-169.4996781666667,-14.2953468333333,0 
-169.4996690000000,-14.2953470000000,0 
-169.4996626666667,-14.2953496666667,0 
-169.4996526666667,-14.2953563333333,0 
-169.4996476666667,-14.2953543333333,0 
-169.4996550000000,-14.2953491666667,0 
-169.4996453333333,-14.2953521666667,0 
-169.4996311666667,-14.2953570000000,0 
-169.4996291666667,-14.2953600000000,0 
-169.4996136666667,-14.2953615000000,0 
-169.4996103333333,-14.2953608333333,0 
-169.4996083333333,-14.2953575000000,0 
-169.4995943333333,-14.2953591666667,0 
-169.4995966666667,-14.2953606666667,0 
-169.4995856666667,-14.2953661666667,0 
-169.4995770000000,-14.2953650000000,0 
-169.4995740000000,-14.2953621666667,0 
-169.4995680000000,-14.2953551666667,0 
-169.4995556666667,-14.2953608333333,0 
-169.4995515000000,-14.2953645000000,0 
-169.4995395000000,-14.2953586666667,0 
-169.4995306666667,-14.2953575000000,0 
-169.4995350000000,-14.2953601666667,0 
-169.4995146666667,-14.2953610000000,0 
-169.4995206666667,-14.2953623333333,0 
-169.4995141666667,-14.2953580000000,0 
-169.4995080000000,-14.2953648333333,0 
-169.4994963333333,-14.2953681666667,0 
-169.4994965000000,-14.2953645000000,0 
-169.4994915000000,-14.2953683333333,0 
-169.4994690000000,-14.2953690000000,0 
-169.4994745000000,-14.2953616666667,0 
-169.4994696666667,-14.2953711666667,0 
-169.4994506666667,-14.2953648333333,0 
-169.4994551666667,-14.2953650000000,0 
-169.4994461666667,-14.2953606666667,0 
-169.4994441666667,-14.2953576666667,0 
-169.4994325000000,-14.2953575000000,0 
-169.4994295000000,-14.2953523333333,0 
-169.4994288333333,-14.2953523333333,0 
-169.4994141666667,-14.2953538333333,0 
-169.4994075000000,-14.2953525000000,0 
-169.4994033333333,-14.2953518333333,0 
-169.4994085000000,-14.2953485000000,0 
-169.4993963333333,-14.2953545000000,0 
-169.4993905000000,-14.2953498333333,0 
-169.4993868333333,-14.2953506666667,0 
-169.4993758333333,-14.2953480000000,0 
-169.4993755000000,-14.2953546666667,0 
-169.4993535000000,-14.2953513333333,0 
-169.4993593333333,-14.2953461666667,0 
-169.4993578333333,-14.2953486666667,0 
-169.4993390000000,-14.2953453333333,0 
-169.4993395000000,-14.2953461666667,0 
-169.4993323333333,-14.2953413333333,0 
-169.4993316666667,-14.2953448333333,0 
-169.4993158333333,-14.2953521666667,0 
-169.4993081666667,-14.2953431666667,0 
-169.4993153333333,-14.2953431666667,0 
-169.4992963333333,-14.2953496666667,0 
-169.4992873333333,-14.2953383333333,0 
-169.4992946666667,-14.2953503333333,0 
-169.4992710000000,-14.2953470000000,0 
-169.4992720000000,-14.2953413333333,0 
-169.4992696666667,-14.2953391666667,0 
-169.4992591666667,-14.2953426666667,0 
-169.4992483333333,-14.2953436666667,0 
-169.4992448333333,-14.2953456666667,0 
-169.4992361666667,-14.2953440000000,0 
-169.4992291666667,-14.2953441666667,0 
-169.4992226666667,-14.2953456666667,0 
-169.4992188333333,-14.2953471666667,0 
-169.4992065000000,-14.2953401666667,0 
-169.4992016666667,-14.2953411666667,0 
-169.4991908333333,-14.2953366666667,0 
-169.4991988333333,-14.2953336666667,0 
-169.4991850000000,-14.2953371666667,0 
-169.4991731666667,-14.2953350000000,0 
-169.4991688333333,-14.2953305000000,0 
-169.4991668333333,-14.2953293333333,0 
-169.4991560000000,-14.2953260000000,0 
-169.4991593333333,-14.2953295000000,0 
-169.4991476666667,-14.2953300000000,0 
-169.4991400000000,-14.2953271666667,0 
-169.4991365000000,-14.2953308333333,0 
-169.4991331666667,-14.2953263333333,0 
-169.4991315000000,-14.2953246666667,0 
-169.4991226666667,-14.2953265000000,0 
-169.4991148333333,-14.2953243333333,0 
-169.4991160000000,-14.2953261666667,0 
-169.4991131666667,-14.2953223333333,0 
-169.4991103333333,-14.2953230000000,0 
-169.4991115000000,-14.2953296666667,0 
-169.4991071666667,-14.2953353333333,0 
-169.4991031666667,-14.2953201666667,0 
-169.4991006666667,-14.2953221666667,0 
-169.4990958333333,-14.2953348333333,0 
-169.4990938333333,-14.2953303333333,0 
-169.4990920000000,-14.2953315000000,0 
-169.4990883333333,-14.2953415000000,0 
-169.4990810000000,-14.2953343333333,0 
-169.4990780000000,-14.2953423333333,0 
-169.4990788333333,-14.2953358333333,0 
-169.4990775000000,-14.2953411666667,0 
-169.4990800000000,-14.2953411666667,0 
-169.4990705000000,-14.2953411666667,0 
-169.4990718333333,-14.2953463333333,0 
-169.4990746666667,-14.2953403333333,0 
-169.4990725000000,-14.2953356666667,0 
-169.4990675000000,-14.2953430000000,0 
-169.4990656666667,-14.2953458333333,0 
-169.4990723333333,-14.2953490000000,0 
-169.4990693333333,-14.2953366666667,0 
-169.4990680000000,-14.2953508333333,0 
-169.4990681666667,-14.2953380000000,0 
-169.4990718333333,-14.2953381666667,0 
-169.4990723333333,-14.2953431666667,0 
-169.4990631666667,-14.2953338333333,0 
-169.4990640000000,-14.2953461666667,0 
-169.4990705000000,-14.2953430000000,0 
-169.4990655000000,-14.2953351666667,0 
-169.4990678333333,-14.2953383333333,0 
-169.4990678333333,-14.2953426666667,0 
-169.4990680000000,-14.2953325000000,0 
-169.4990728333333,-14.2953413333333,0 
-169.4990571666667,-14.2953445000000,0 
-169.4990673333333,-14.2953316666667,0 
-169.4990661666667,-14.2953368333333,0 
-169.4990591666667,-14.2953300000000,0 
-169.4990646666667,-14.2953315000000,0 
-169.4990641666667,-14.2953336666667,0 
-169.4990563333333,-14.2953368333333,0 
-169.4990631666667,-14.2953305000000,0 
-169.4990545000000,-14.2953356666667,0 
-169.4990620000000,-14.2953351666667,0 
-169.4990501666667,-14.2953425000000,0 
-169.4990576666667,-14.2953390000000,0 
-169.4990643333333,-14.2953423333333,0 
-169.4990573333333,-14.2953461666667,0 
-169.4990480000000,-14.2953433333333,0 
-169.4990600000000,-14.2953566666667,0 
-169.4990431666667,-14.2953528333333,0 
-169.4990545000000,-14.2953508333333,0 
-169.4990581666667,-14.2953485000000,0 
-169.4990473333333,-14.2953488333333,0 
-169.4990596666667,-14.2953461666667,0 
-169.4990486666667,-14.2953443333333,0 
-169.4990486666667,-14.2953500000000,0 
-169.4990520000000,-14.2953480000000,0 
-169.4990566666667,-14.2953541666667,0 
-169.4990518333333,-14.2953570000000,0 
-169.4990471666667,-14.2953491666667,0 
-169.4990568333333,-14.2953563333333,0 
-169.4990475000000,-14.2953663333333,0 
-169.4990441666667,-14.2953540000000,0 
-169.4990528333333,-14.2953586666667,0 
-169.4990418333333,-14.2953625000000,0 
-169.4990511666667,-14.2953610000000,0 
-169.4990525000000,-14.2953628333333,0 
-169.4990456666667,-14.2953610000000,0 
-169.4990525000000,-14.2953616666667,0 
-169.4990441666667,-14.2953645000000,0 
-169.4990415000000,-14.2953613333333,0 
-169.4990526666667,-14.2953583333333,0 
-169.4990405000000,-14.2953713333333,0 
-169.4990381666667,-14.2953680000000,0 
-169.4990435000000,-14.2953648333333,0 
-169.4990406666667,-14.2953603333333,0 
-169.4990396666667,-14.2953555000000,0 
-169.4990426666667,-14.2953548333333,0 
-169.4990403333333,-14.2953610000000,0 
-169.4990338333333,-14.2953536666667,0 
-169.4990306666667,-14.2953615000000,0 
-169.4990363333333,-14.2953596666667,0 
-169.4990351666667,-14.2953615000000,0 
-169.4990430000000,-14.2953553333333,0 
-169.4990421666667,-14.2953643333333,0 
-169.4990441666667,-14.2953606666667,0 
-169.4990458333333,-14.2953660000000,0 
-169.4990443333333,-14.2953770000000,0 
-169.4990480000000,-14.2953648333333,0 
-169.4990466666667,-14.2953748333333,0 
-169.4990435000000,-14.2953740000000,0 
-169.4990453333333,-14.2953760000000,0 
-169.4990446666667,-14.2953795000000,0 
-169.4990446666667,-14.2953813333333,0 
-169.4990486666667,-14.2953798333333,0 
-169.4990536666667,-14.2953775000000,0 
-169.4990523333333,-14.2953795000000,0 
-169.4990625000000,-14.2953740000000,0 
-169.4990651666667,-14.2953841666667,0 
-169.4990628333333,-14.2953836666667,0 
-169.4990603333333,-14.2953935000000,0 
-169.4990645000000,-14.2953883333333,0 
-169.4990643333333,-14.2953915000000,0 
-169.4990728333333,-14.2953921666667,0 
-169.4990668333333,-14.2953931666667,0 
-169.4990786666667,-14.2953861666667,0 
-169.4990675000000,-14.2953898333333,0 
-169.4990763333333,-14.2953996666667,0 
-169.4990835000000,-14.2953873333333,0 
-169.4990851666667,-14.2953771666667,0 
-169.4990811666667,-14.2953815000000,0 
-169.4990850000000,-14.2953890000000,0 
-169.4990861666667,-14.2953800000000,0 
-169.4990851666667,-14.2953853333333,0 
-169.4990828333333,-14.2953678333333,0 
-169.4990900000000,-14.2953716666667,0 
-169.4990896666667,-14.2953663333333,0 
-169.4990895000000,-14.2953653333333,0 
-169.4990855000000,-14.2953598333333,0 
-169.4990875000000,-14.2953485000000,0 
-169.4990821666667,-14.2953456666667,0 
-169.4990831666667,-14.2953456666667,0 
-169.4990855000000,-14.2953466666667,0 
-169.4990756666667,-14.2953355000000,0 
-169.4990758333333,-14.2953276666667,0 
-169.4990738333333,-14.2953271666667,0 
-169.4990618333333,-14.2953225000000,0 
-169.4990646666667,-14.2953125000000,0 
-169.4990643333333,-14.2953121666667,0 
-169.4990420000000,-14.2952961666667,0 
-169.4990491666667,-14.2952891666667,0 
-169.4990416666667,-14.2952826666667,0 
-169.4990313333333,-14.2952831666667,0 
-169.4990330000000,-14.2952841666667,0 
-169.4990196666667,-14.2952761666667,0 
-169.4990121666667,-14.2952648333333,0 
-169.4990031666667,-14.2952465000000,0 
-169.4989895000000,-14.2952430000000,0 
-169.4989835000000,-14.2952296666667,0 
-169.4989710000000,-14.2952173333333,0 
-169.4989628333333,-14.2952030000000,0 
-169.4989496666667,-14.2951921666667,0 
-169.4989420000000,-14.2951758333333,0 
-169.4989350000000,-14.2951601666667,0 
-169.4989150000000,-14.2951505000000,0 
-169.4989140000000,-14.2951383333333,0 
-169.4988965000000,-14.2951206666667,0 
-169.4988880000000,-14.2951081666667,0 
-169.4988821666667,-14.2951036666667,0 
-169.4988756666667,-14.2950926666667,0 
-169.4988575000000,-14.2950730000000,0 
-169.4988406666667,-14.2950675000000,0 
-169.4988440000000,-14.2950638333333,0 
-169.4988423333333,-14.2950375000000,0 
-169.4988671666667,-14.2950086666667,0 
-169.4988680000000,-14.2949796666667,0 
-169.4988443333333,-14.2949456666667,0 
-169.4988160000000,-14.2949273333333,0 
-169.4988230000000,-14.2949245000000,0 
-169.4988091666667,-14.2949173333333,0 
-169.4988458333333,-14.2949163333333,0 
-169.4988405000000,-14.2949031666667,0 
-169.4988381666667,-14.2948900000000,0 
-169.4988558333333,-14.2948860000000,0 
-169.4988605000000,-14.2948840000000,0 
-169.4988611666667,-14.2948870000000,0 
-169.4988831666667,-14.2948756666667,0 
-169.4988818333333,-14.2948663333333,0 
-169.4989020000000,-14.2948728333333,0 
-169.4988895000000,-14.2948611666667,0 
-169.4988953333333,-14.2948558333333,0 
-169.4988918333333,-14.2948483333333,0 
-169.4988753333333,-14.2948518333333,0 
-169.4988446666667,-14.2948580000000,0 
-169.4988153333333,-14.2948661666667,0 
-169.4987971666667,-14.2948550000000,0 
-169.4987963333333,-14.2948483333333,0 
-169.4987871666667,-14.2948186666667,0 
-169.4987658333333,-14.2948010000000,0 
-169.4987528333333,-14.2947926666667,0 
-169.4987516666667,-14.2947735000000,0 
-169.4987478333333,-14.2947845000000,0 
-169.4987365000000,-14.2947660000000,0 
-169.4987428333333,-14.2947690000000,0 
-169.4987508333333,-14.2947771666667,0 
-169.4987543333333,-14.2947691666667,0 
-169.4987498333333,-14.2947563333333,0 
-169.4987771666667,-14.2947775000000,0 
-169.4987630000000,-14.2947700000000,0 
-169.4987590000000,-14.2947725000000,0 
-169.4987730000000,-14.2947651666667,0 
-169.4987721666667,-14.2947665000000,0 
-169.4987653333333,-14.2947631666667,0 
-169.4987556666667,-14.2947523333333,0 
-169.4987721666667,-14.2947705000000,0 
-169.4987575000000,-14.2947618333333,0 
-169.4987680000000,-14.2947648333333,0 
-169.4987543333333,-14.2947508333333,0 
-169.4987485000000,-14.2947621666667,0 
-169.4987428333333,-14.2947520000000,0 
-169.4987595000000,-14.2947620000000,0 
-169.4987571666667,-14.2947671666667,0 
-169.4987586666667,-14.2947773333333,0 
-169.4987578333333,-14.2947795000000,0 
-169.4987501666667,-14.2947745000000,0 
-169.4987466666667,-14.2947738333333,0 
-169.4987523333333,-14.2947771666667,0 
-169.4987346666667,-14.2947683333333,0 
-169.4987330000000,-14.2947593333333,0 
-169.4987388333333,-14.2947715000000,0 
-169.4987376666667,-14.2947753333333,0 
-169.4987460000000,-14.2947600000000,0 
-169.4987185000000,-14.2947546666667,0 
-169.4987491666667,-14.2947463333333,0 
-169.4987333333333,-14.2947558333333,0 
-169.4987335000000,-14.2947566666667,0 
-169.4987356666667,-14.2947593333333,0 
-169.4987395000000,-14.2947561666667,0 
-169.4987311666667,-14.2947570000000,0 
-169.4987178333333,-14.2947556666667,0 
-169.4987331666667,-14.2947620000000,0 
-169.4987246666667,-14.2947578333333,0 
-169.4987105000000,-14.2947588333333,0 
-169.4987225000000,-14.2947595000000,0 
-169.4987201666667,-14.2947651666667,0 
-169.4987205000000,-14.2947578333333,0 
-169.4987395000000,-14.2947713333333,0 
-169.4987241666667,-14.2947645000000,0 
-169.4987348333333,-14.2947728333333,0 
-169.4987378333333,-14.2947796666667,0 
-169.4987378333333,-14.2947831666667,0 
-169.4987426666667,-14.2947701666667,0 
-169.4987401666667,-14.2947736666667,0 
-169.4987308333333,-14.2947708333333,0 
-169.4987438333333,-14.2947793333333,0 
-169.4987276666667,-14.2947771666667,0 
-169.4987450000000,-14.2947785000000,0 
-169.4987275000000,-14.2947643333333,0 
-169.4987208333333,-14.2947606666667,0 
-169.4987170000000,-14.2947681666667,0 
-169.4987433333333,-14.2947725000000,0 
-169.4987261666667,-14.2947651666667,0 
-169.4987290000000,-14.2947680000000,0 
-169.4987160000000,-14.2947623333333,0 
-169.4987323333333,-14.2947660000000,0 
-169.4987203333333,-14.2947641666667,0 
-169.4987413333333,-14.2947691666667,0 
-169.4987318333333,-14.2947630000000,0 
-169.4987445000000,-14.2947698333333,0 
-169.4987215000000,-14.2947545000000,0 
-169.4987391666667,-14.2947661666667,0 
-169.4987318333333,-14.2947690000000,0 
-169.4987451666667,-14.2947623333333,0 
-169.4987285000000,-14.2947603333333,0 
-169.4987438333333,-14.2947658333333,0 
-169.4987428333333,-14.2947625000000,0 
-169.4987545000000,-14.2947603333333,0 
-169.4987390000000,-14.2947643333333,0 
-169.4987483333333,-14.2947671666667,0 
-169.4987443333333,-14.2947611666667,0 
-169.4987406666667,-14.2947626666667,0 
-169.4987323333333,-14.2947581666667,0 
-169.4987536666667,-14.2947603333333,0 
-169.4987278333333,-14.2947548333333,0 
-169.4987560000000,-14.2947675000000,0 
-169.4987501666667,-14.2947561666667,0 
-169.4987263333333,-14.2947626666667,0 
-169.4987503333333,-14.2947618333333,0 
-169.4987395000000,-14.2947580000000,0 
-169.4987313333333,-14.2947483333333,0 
-169.4987471666667,-14.2947645000000,0 
-169.4987471666667,-14.2947620000000,0 
-169.4987451666667,-14.2947583333333,0 
-169.4987266666667,-14.2947563333333,0 
-169.4987530000000,-14.2947610000000,0 
-169.4987363333333,-14.2947605000000,0 
-169.4987455000000,-14.2947675000000,0 
-169.4987381666667,-14.2947516666667,0 
-169.4987435000000,-14.2947610000000,0 
-169.4987501666667,-14.2947678333333,0 
-169.4987398333333,-14.2947676666667,0 
-169.4987541666667,-14.2947606666667,0 
-169.4987476666667,-14.2947646666667,0 
-169.4987286666667,-14.2947475000000,0 
-169.4987321666667,-14.2947526666667,0 
-169.4987443333333,-14.2947713333333,0 
-169.4987263333333,-14.2947546666667,0 
-169.4987370000000,-14.2947556666667,0 
-169.4987485000000,-14.2947591666667,0 
-169.4987330000000,-14.2947596666667,0 
-169.4987663333333,-14.2947628333333,0 
-169.4987281666667,-14.2947566666667,0 
-169.4987328333333,-14.2947538333333,0 
-169.4987335000000,-14.2947566666667,0 
-169.4987165000000,-14.2947516666667,0 
-169.4987376666667,-14.2947610000000,0 
-169.4987361666667,-14.2947568333333,0 
-169.4987111666667,-14.2947638333333,0 
-169.4987361666667,-14.2947665000000,0 
-169.4987268333333,-14.2947705000000,0 
-169.4987171666667,-14.2947605000000,0 
-169.4987311666667,-14.2947583333333,0 
-169.4987166666667,-14.2947546666667,0 
-169.4987281666667,-14.2947726666667,0 
-169.4987388333333,-14.2947678333333,0 
-169.4987385000000,-14.2947608333333,0 
-169.4987403333333,-14.2947685000000,0 
-169.4987225000000,-14.2947725000000,0 
-169.4987343333333,-14.2947693333333,0 
-169.4987241666667,-14.2947620000000,0 
-169.4987335000000,-14.2947701666667,0 
-169.4987255000000,-14.2947655000000,0 
-169.4987441666667,-14.2947745000000,0 
-169.4987305000000,-14.2947703333333,0 
-169.4987263333333,-14.2947616666667,0 
-169.4987235000000,-14.2947643333333,0 
-169.4987180000000,-14.2947628333333,0 
-169.4987350000000,-14.2947715000000,0 
-169.4987546666667,-14.2947783333333,0 
-169.4987153333333,-14.2947630000000,0 
-169.4987376666667,-14.2947661666667,0 
-169.4987298333333,-14.2947711666667,0 
-169.4987346666667,-14.2947663333333,0 
-169.4987386666667,-14.2947728333333,0 
-169.4987385000000,-14.2947735000000,0 
-169.4987196666667,-14.2947628333333,0 
-169.4987301666667,-14.2947631666667,0 
-169.4987290000000,-14.2947635000000,0 
-169.4987255000000,-14.2947598333333,0 
-169.4987276666667,-14.2947643333333,0 
-169.4987175000000,-14.2947558333333,0 
-169.4987245000000,-14.2947500000000,0 
-169.4987191666667,-14.2947551666667,0 
-169.4987236666667,-14.2947635000000,0 
-169.4987328333333,-14.2947633333333,0 
-169.4987298333333,-14.2947585000000,0 
-169.4987390000000,-14.2947680000000,0 
-169.4987173333333,-14.2947560000000,0 
-169.4987348333333,-14.2947681666667,0 
-169.4987471666667,-14.2947571666667,0 
-169.4987368333333,-14.2947630000000,0 
-169.4987158333333,-14.2947631666667,0 
-169.4987630000000,-14.2947601666667,0 
-169.4987066666667,-14.2947620000000,0 
-169.4987243333333,-14.2947488333333,0 
-169.4987130000000,-14.2947528333333,0 
-169.4987186666667,-14.2947748333333,0 
-169.4987303333333,-14.2947560000000,0 
-169.4987326666667,-14.2947618333333,0 
-169.4987223333333,-14.2947668333333,0 
-169.4987493333333,-14.2947610000000,0 
-169.4987165000000,-14.2947626666667,0 
-169.4987545000000,-14.2947553333333,0 
-169.4987625000000,-14.2947465000000,0 
-169.4987293333333,-14.2947508333333,0 
-169.4987648333333,-14.2947531666667,0 
-169.4987253333333,-14.2947470000000,0 
-169.4987493333333,-14.2947638333333,0 
-169.4987296666667,-14.2947505000000,0 
-169.4987225000000,-14.2947465000000,0 
-169.4987291666667,-14.2947521666667,0 
-169.4987316666667,-14.2947575000000,0 
-169.4987198333333,-14.2947458333333,0 
-169.4987325000000,-14.2947566666667,0 
-169.4987230000000,-14.2947516666667,0 
-169.4987246666667,-14.2947495000000,0 
-169.4987413333333,-14.2947693333333,0 
-169.4987253333333,-14.2947675000000,0 
-169.4987341666667,-14.2947631666667,0 
-169.4987261666667,-14.2947568333333,0 
-169.4987326666667,-14.2947611666667,0 
-169.4987430000000,-14.2947673333333,0 
-169.4987326666667,-14.2947578333333,0 
-169.4987291666667,-14.2947580000000,0 
-169.4987180000000,-14.2947473333333,0 
-169.4987283333333,-14.2947640000000,0 
-169.4987250000000,-14.2947593333333,0 
-169.4987263333333,-14.2947595000000,0 
-169.4987370000000,-14.2947596666667,0 
-169.4987275000000,-14.2947583333333,0 
-169.4987321666667,-14.2947576666667,0 
-169.4987358333333,-14.2947595000000,0 
-169.4987425000000,-14.2947650000000,0 
-169.4987210000000,-14.2947588333333,0 
-169.4987325000000,-14.2947631666667,0 
-169.4987316666667,-14.2947613333333,0 
-169.4987306666667,-14.2947526666667,0 
-169.4987166666667,-14.2947521666667,0 
-169.4987241666667,-14.2947456666667,0 
-169.4987333333333,-14.2947548333333,0 
-169.4987395000000,-14.2947601666667,0 
-169.4987293333333,-14.2947570000000,0 
-169.4987425000000,-14.2947498333333,0 
-169.4987486666667,-14.2947525000000,0 
-169.4987246666667,-14.2947468333333,0 
-169.4987220000000,-14.2947351666667,0 
-169.4987206666667,-14.2947495000000,0 
-169.4987115000000,-14.2947521666667,0 
-169.4987436666667,-14.2947503333333,0 
-169.4987390000000,-14.2947386666667,0 
-169.4987308333333,-14.2947391666667,0 
-169.4987486666667,-14.2947318333333,0 
-169.4987420000000,-14.2947276666667,0 
-169.4987533333333,-14.2947246666667,0 
-169.4987593333333,-14.2947355000000,0 
-169.4987928333333,-14.2947300000000,0 
-169.4987870000000,-14.2947260000000,0 
-169.4987881666667,-14.2947178333333,0 
-169.4987965000000,-14.2947248333333,0 
-169.4987990000000,-14.2947135000000,0 
-169.4988150000000,-14.2947261666667,0 
-169.4987985000000,-14.2947048333333,0 
-169.4988206666667,-14.2947175000000,0 
-169.4987943333333,-14.2947146666667,0 
-169.4988060000000,-14.2947016666667,0 
-169.4987950000000,-14.2947063333333,0 
-169.4987968333333,-14.2946950000000,0 
-169.4987925000000,-14.2947061666667,0 
-169.4987933333333,-14.2947175000000,0 
-169.4987888333333,-14.2947025000000,0 
-169.4988078333333,-14.2947103333333,0 
-169.4987875000000,-14.2946996666667,0 
-169.4988010000000,-14.2946990000000,0 
-169.4988085000000,-14.2947108333333,0 
-169.4988101666667,-14.2947101666667,0 
-169.4988096666667,-14.2947070000000,0 
-169.4988245000000,-14.2947161666667,0 
-169.4988135000000,-14.2947066666667,0 
-169.4988125000000,-14.2947141666667,0 
-169.4988123333333,-14.2947100000000,0 
-169.4988251666667,-14.2947116666667,0 
-169.4988160000000,-14.2947113333333,0 
-169.4987980000000,-14.2947025000000,0 
-169.4988161666667,-14.2947101666667,0 
-169.4988193333333,-14.2947130000000,0 
-169.4988208333333,-14.2947076666667,0 
-169.4988306666667,-14.2947111666667,0 
-169.4987991666667,-14.2947030000000,0 
-169.4987965000000,-14.2947026666667,0 
-169.4988260000000,-14.2947081666667,0 
-169.4988135000000,-14.2947056666667,0 
-169.4988286666667,-14.2947036666667,0 
-169.4988256666667,-14.2947100000000,0 
-169.4988051666667,-14.2947013333333,0 
-169.4988093333333,-14.2947011666667,0 
-169.4988193333333,-14.2947076666667,0 
-169.4988345000000,-14.2947105000000,0 
-169.4988251666667,-14.2947128333333,0 
-169.4988126666667,-14.2947068333333,0 
-169.4988125000000,-14.2947068333333,0 
-169.4988225000000,-14.2947148333333,0 
-169.4988230000000,-14.2947080000000,0 
-169.4988343333333,-14.2947115000000,0 
-169.4988165000000,-14.2947025000000,0 
-169.4988045000000,-14.2946986666667,0 
-169.4988178333333,-14.2946993333333,0 
-169.4988263333333,-14.2947026666667,0 
-169.4988055000000,-14.2946906666667,0 
-169.4988386666667,-14.2946913333333,0 
-169.4988166666667,-14.2946923333333,0 
-169.4988076666667,-14.2946878333333,0 
-169.4988266666667,-14.2946926666667,0 
-169.4988258333333,-14.2946938333333,0 
-169.4988311666667,-14.2946968333333,0 
-169.4988201666667,-14.2946970000000,0 
-169.4988181666667,-14.2946981666667,0 
-169.4988248333333,-14.2946945000000,0 
-169.4988268333333,-14.2946898333333,0 
-169.4988233333333,-14.2946763333333,0 
-169.4988396666667,-14.2946743333333,0 
-169.4988631666667,-14.2946680000000,0 
-169.4988553333333,-14.2946733333333,0 
-169.4988505000000,-14.2946545000000,0 
-169.4988778333333,-14.2946553333333,0 
-169.4988933333333,-14.2946511666667,0 
-169.4988833333333,-14.2946526666667,0 
-169.4989245000000,-14.2946550000000,0 
-169.4989010000000,-14.2946490000000,0 
-169.4989405000000,-14.2946558333333,0 
-169.4989365000000,-14.2946505000000,0 
-169.4989336666667,-14.2946345000000,0 
-169.4989248333333,-14.2946375000000,0 
-169.4989206666667,-14.2946266666667,0 
-169.4989196666667,-14.2946316666667,0 
-169.4989163333333,-14.2946255000000,0 
-169.4989063333333,-14.2946243333333,0 
-169.4989255000000,-14.2946225000000,0 
-169.4989315000000,-14.2946256666667,0 
-169.4989136666667,-14.2946275000000,0 
-169.4989091666667,-14.2946148333333,0 
-169.4989203333333,-14.2946306666667,0 
-169.4989148333333,-14.2946266666667,0 
-169.4989140000000,-14.2946230000000,0 
-169.4989041666667,-14.2946153333333,0 
-169.4989013333333,-14.2946173333333,0 
-169.4989116666667,-14.2946243333333,0 
-169.4989348333333,-14.2946263333333,0 
-169.4989333333333,-14.2946350000000,0 
-169.4989188333333,-14.2946298333333,0 
-169.4989230000000,-14.2946298333333,0 
-169.4989246666667,-14.2946238333333,0 
-169.4988958333333,-14.2946205000000,0 
-169.4989071666667,-14.2946155000000,0 
-169.4989393333333,-14.2946225000000,0 
-169.4989166666667,-14.2946225000000,0 
-169.4989378333333,-14.2946238333333,0 
-169.4989275000000,-14.2946306666667,0 
-169.4989245000000,-14.2946293333333,0 
-169.4989273333333,-14.2946170000000,0 
-169.4989100000000,-14.2946155000000,0 
-169.4989156666667,-14.2946250000000,0 
-169.4989223333333,-14.2946205000000,0 
-169.4989145000000,-14.2946205000000,0 
-169.4989210000000,-14.2946223333333,0 
-169.4989111666667,-14.2946166666667,0 
-169.4989286666667,-14.2946093333333,0 
-169.4989225000000,-14.2946265000000,0 
-169.4989331666667,-14.2946258333333,0 
-169.4989340000000,-14.2946298333333,0 
-169.4989038333333,-14.2946213333333,0 
-169.4989200000000,-14.2946171666667,0 
-169.4989108333333,-14.2946246666667,0 
-169.4989211666667,-14.2946253333333,0 
-169.4989080000000,-14.2946216666667,0 
-169.4989280000000,-14.2946338333333,0 
-169.4989038333333,-14.2946260000000,0 
-169.4989080000000,-14.2946238333333,0 
-169.4989330000000,-14.2946308333333,0 
-169.4989083333333,-14.2946251666667,0 
-169.4989113333333,-14.2946230000000,0 
-169.4989116666667,-14.2946238333333,0 
-169.4989125000000,-14.2946140000000,0 
-169.4989271666667,-14.2946291666667,0 
-169.4989121666667,-14.2946278333333,0 
-169.4989206666667,-14.2946250000000,0 
-169.4989138333333,-14.2946300000000,0 
-169.4989088333333,-14.2946181666667,0 
-169.4989106666667,-14.2946178333333,0 
-169.4989063333333,-14.2946188333333,0 
-169.4989076666667,-14.2946228333333,0 
-169.4989273333333,-14.2946355000000,0 
-169.4989263333333,-14.2946341666667,0 
-169.4989096666667,-14.2946226666667,0 
-169.4989408333333,-14.2946366666667,0 
-169.4989073333333,-14.2946255000000,0 
-169.4989366666667,-14.2946241666667,0 
-169.4989308333333,-14.2946318333333,0 
-169.4989263333333,-14.2946353333333,0 
-169.4989310000000,-14.2946216666667,0 
-169.4989273333333,-14.2946293333333,0 
-169.4989081666667,-14.2946223333333,0 
-169.4989055000000,-14.2946246666667,0 
-169.4989196666667,-14.2946258333333,0 
-169.4989206666667,-14.2946230000000,0 
-169.4989198333333,-14.2946313333333,0 
-169.4989201666667,-14.2946231666667,0 
-169.4989250000000,-14.2946313333333,0 
-169.4989296666667,-14.2946335000000,0 
-169.4989201666667,-14.2946280000000,0 
-169.4989176666667,-14.2946250000000,0 
-169.4989070000000,-14.2946270000000,0 
-169.4989146666667,-14.2946236666667,0 
-169.4989148333333,-14.2946216666667,0 
-169.4988925000000,-14.2946310000000,0 
-169.4989090000000,-14.2946128333333,0 
-169.4989111666667,-14.2946233333333,0 
-169.4989125000000,-14.2946248333333,0 
-169.4989235000000,-14.2946296666667,0 
-169.4989218333333,-14.2946210000000,0 
-169.4989031666667,-14.2946243333333,0 
-169.4989251666667,-14.2946285000000,0 
-169.4989286666667,-14.2946311666667,0 
-169.4989015000000,-14.2946178333333,0 
-169.4989210000000,-14.2946220000000,0 
-169.4988951666667,-14.2946241666667,0 
-169.4989195000000,-14.2946251666667,0 
-169.4989036666667,-14.2946256666667,0 
-169.4989081666667,-14.2946300000000,0 
-169.4989043333333,-14.2946270000000,0 
-169.4989055000000,-14.2946290000000,0 
-169.4989156666667,-14.2946326666667,0 
-169.4989215000000,-14.2946278333333,0 
-169.4989128333333,-14.2946245000000,0 
-169.4989151666667,-14.2946248333333,0 
-169.4989005000000,-14.2946201666667,0 
-169.4989338333333,-14.2946290000000,0 
-169.4989235000000,-14.2946205000000,0 
-169.4989041666667,-14.2946183333333,0 
-169.4989065000000,-14.2946173333333,0 
-169.4989093333333,-14.2946230000000,0 
-169.4989251666667,-14.2946371666667,0 
-169.4989251666667,-14.2946385000000,0 
-169.4989151666667,-14.2946340000000,0 
-169.4988986666667,-14.2946356666667,0 
-169.4989088333333,-14.2946340000000,0 
-169.4989311666667,-14.2946441666667,0 
-169.4988906666667,-14.2946378333333,0 
-169.4989193333333,-14.2946406666667,0 
-169.4989323333333,-14.2946411666667,0 
-169.4989050000000,-14.2946460000000,0 
-169.4989035000000,-14.2946366666667,0 
-169.4988928333333,-14.2946355000000,0 
-169.4989123333333,-14.2946508333333,0 
-169.4989033333333,-14.2946453333333,0 
-169.4989225000000,-14.2946583333333,0 
-169.4989110000000,-14.2946571666667,0 
-169.4988961666667,-14.2946490000000,0 
-169.4989261666667,-14.2946450000000,0 
-169.4988850000000,-14.2946546666667,0 
-169.4989091666667,-14.2946493333333,0 
-169.4988873333333,-14.2946440000000,0 
-169.4989251666667,-14.2946545000000,0 
-169.4988838333333,-14.2946330000000,0 
-169.4989223333333,-14.2946393333333,0 
-169.4988943333333,-14.2946351666667,0 
-169.4989068333333,-14.2946456666667,0 
-169.4988861666667,-14.2946383333333,0 
-169.4989011666667,-14.2946420000000,0 
-169.4989108333333,-14.2946330000000,0 
-169.4988775000000,-14.2946223333333,0 
-169.4989115000000,-14.2946306666667,0 
-169.4988838333333,-14.2946271666667,0 
-169.4988925000000,-14.2946305000000,0 
-169.4988763333333,-14.2946185000000,0 
-169.4989096666667,-14.2946258333333,0 
-169.4988596666667,-14.2946118333333,0 
-169.4988908333333,-14.2946238333333,0 
-169.4988881666667,-14.2946293333333,0 
-169.4988696666667,-14.2946236666667,0 
-169.4988695000000,-14.2946251666667,0 
-169.4988708333333,-14.2946230000000,0 
-169.4988781666667,-14.2946286666667,0 
-169.4988535000000,-14.2946173333333,0 
-169.4988805000000,-14.2946271666667,0 
-169.4988756666667,-14.2946268333333,0 
-169.4988591666667,-14.2946206666667,0 
-169.4988775000000,-14.2946298333333,0 
-169.4988468333333,-14.2946433333333,0 
-169.4988583333333,-14.2946233333333,0 
-169.4988620000000,-14.2946311666667,0 
-169.4988790000000,-14.2946335000000,0 
-169.4988770000000,-14.2946285000000,0 
-169.4988578333333,-14.2946270000000,0 
-169.4988695000000,-14.2946333333333,0 
-169.4988560000000,-14.2946141666667,0 
-169.4988626666667,-14.2946238333333,0 
-169.4988760000000,-14.2946331666667,0 
-169.4988891666667,-14.2946273333333,0 
-169.4988660000000,-14.2946213333333,0 
-169.4988791666667,-14.2946235000000,0 
-169.4988870000000,-14.2946273333333,0 
-169.4988686666667,-14.2946201666667,0 
-169.4988645000000,-14.2946160000000,0 
-169.4988635000000,-14.2946165000000,0 
-169.4988723333333,-14.2946203333333,0 
-169.4988745000000,-14.2946250000000,0 
-169.4989015000000,-14.2946308333333,0 
-169.4988921666667,-14.2946251666667,0 
-169.4988923333333,-14.2946286666667,0 
-169.4988835000000,-14.2946265000000,0 
-169.4988875000000,-14.2946235000000,0 
-169.4988721666667,-14.2946170000000,0 
-169.4988735000000,-14.2946180000000,0 
-169.4988745000000,-14.2946195000000,0 
-169.4988830000000,-14.2946146666667,0 
-169.4988961666667,-14.2946213333333,0 
-169.4988823333333,-14.2946185000000,0 
-169.4988865000000,-14.2946128333333,0 
-169.4988851666667,-14.2946153333333,0 
-169.4988801666667,-14.2946170000000,0 
-169.4988898333333,-14.2946201666667,0 
-169.4989050000000,-14.2946250000000,0 
-169.4988875000000,-14.2946193333333,0 
-169.4988875000000,-14.2946196666667,0 
-169.4988678333333,-14.2946128333333,0 
-169.4989001666667,-14.2946211666667,0 
-169.4988955000000,-14.2946248333333,0 
-169.4988606666667,-14.2946105000000,0 
-169.4988916666667,-14.2946190000000,0 
-169.4988685000000,-14.2946103333333,0 
-169.4988870000000,-14.2946166666667,0 
-169.4988751666667,-14.2946120000000,0 
-169.4988838333333,-14.2946110000000,0 
-169.4988896666667,-14.2946181666667,0 
-169.4988863333333,-14.2946140000000,0 
-169.4988808333333,-14.2946106666667,0 
-169.4988763333333,-14.2946138333333,0 
-169.4988833333333,-14.2946166666667,0 
-169.4988888333333,-14.2946136666667,0 
-169.4988673333333,-14.2946138333333,0 
-169.4988785000000,-14.2946293333333,0 
-169.4988743333333,-14.2946100000000,0 
-169.4988761666667,-14.2946165000000,0 
-169.4988658333333,-14.2946153333333,0 
-169.4988588333333,-14.2946075000000,0 
-169.4988711666667,-14.2946181666667,0 
-169.4988588333333,-14.2946121666667,0 
-169.4988710000000,-14.2946110000000,0 
-169.4988671666667,-14.2946106666667,0 
-169.4988770000000,-14.2946195000000,0 
-169.4988645000000,-14.2946108333333,0 
-169.4988723333333,-14.2946121666667,0 
-169.4988768333333,-14.2946158333333,0 
-169.4988720000000,-14.2946218333333,0 
-169.4988840000000,-14.2946165000000,0 
-169.4988923333333,-14.2946191666667,0 
-169.4989051666667,-14.2946295000000,0 
-169.4988958333333,-14.2946216666667,0 
-169.4989153333333,-14.2946210000000,0 
-169.4989098333333,-14.2946206666667,0 
-169.4988823333333,-14.2946255000000,0 
-169.4989136666667,-14.2946301666667,0 
-169.4988990000000,-14.2946273333333,0 
-169.4989098333333,-14.2946366666667,0 
-169.4989036666667,-14.2946275000000,0 
-169.4989106666667,-14.2946285000000,0 
-169.4989230000000,-14.2946343333333,0 
-169.4988956666667,-14.2946390000000,0 
-169.4989353333333,-14.2946336666667,0 
-169.4989113333333,-14.2946323333333,0 
-169.4989183333333,-14.2946346666667,0 
-169.4989230000000,-14.2946378333333,0 
-169.4989186666667,-14.2946380000000,0 
-169.4989191666667,-14.2946545000000,0 
-169.4989028333333,-14.2946335000000,0 
-169.4989296666667,-14.2946483333333,0 
-169.4989376666667,-14.2946501666667,0 
-169.4989205000000,-14.2946293333333,0 
-169.4989368333333,-14.2946443333333,0 
-169.4988951666667,-14.2946356666667,0 
-169.4989345000000,-14.2946390000000,0 
-169.4989075000000,-14.2946380000000,0 
-169.4989245000000,-14.2946383333333,0 
-169.4989456666667,-14.2946453333333,0 
-169.4989213333333,-14.2946300000000,0 
-169.4989588333333,-14.2946396666667,0 
-169.4989373333333,-14.2946273333333,0 
-169.4989386666667,-14.2946218333333,0 
-169.4989705000000,-14.2946311666667,0 
-169.4989541666667,-14.2946293333333,0 
-169.4989366666667,-14.2946221666667,0 
-169.4989690000000,-14.2946311666667,0 
-169.4989465000000,-14.2946258333333,0 
-169.4989490000000,-14.2946256666667,0 
-169.4989781666667,-14.2946221666667,0 
-169.4989778333333,-14.2946355000000,0 
-169.4989751666667,-14.2946363333333,0 
-169.4989501666667,-14.2946151666667,0 
-169.4989361666667,-14.2946088333333,0 
-169.4989023333333,-14.2945985000000,0 
-169.4988866666667,-14.2945920000000,0 
-169.4988985000000,-14.2945955000000,0 
-169.4989173333333,-14.2945891666667,0 
-169.4989168333333,-14.2945968333333,0 
-169.4989208333333,-14.2945953333333,0 
-169.4989185000000,-14.2945880000000,0 
-169.4988976666667,-14.2945835000000,0 
-169.4989193333333,-14.2945888333333,0 
-169.4989210000000,-14.2945868333333,0 
-169.4989085000000,-14.2945905000000,0 
-169.4989098333333,-14.2945886666667,0 
-169.4989196666667,-14.2945936666667,0 
-169.4988983333333,-14.2945858333333,0 
-169.4989206666667,-14.2945866666667,0 
-169.4989258333333,-14.2945903333333,0 
-169.4989215000000,-14.2945900000000,0 
-169.4989205000000,-14.2945895000000,0 
-169.4989088333333,-14.2945880000000,0 
-169.4989225000000,-14.2945910000000,0 
-169.4989148333333,-14.2945885000000,0 
-169.4989111666667,-14.2945831666667,0 
-169.4989043333333,-14.2945853333333,0 
-169.4989026666667,-14.2945811666667,0 
-169.4989175000000,-14.2945805000000,0 
-169.4989278333333,-14.2945873333333,0 
-169.4989355000000,-14.2945965000000,0 
-169.4989106666667,-14.2945838333333,0 
-169.4989181666667,-14.2945858333333,0 
-169.4989260000000,-14.2945845000000,0 
-169.4989296666667,-14.2945916666667,0 
-169.4989250000000,-14.2945855000000,0 
-169.4989120000000,-14.2945888333333,0 
-169.4989058333333,-14.2945771666667,0 
-169.4989301666667,-14.2945830000000,0 
-169.4989096666667,-14.2945825000000,0 
-169.4989258333333,-14.2945913333333,0 
-169.4989290000000,-14.2945861666667,0 
-169.4989138333333,-14.2945926666667,0 
-169.4989155000000,-14.2945888333333,0 
-169.4989210000000,-14.2945900000000,0 
-169.4989283333333,-14.2945893333333,0 
-169.4989385000000,-14.2945943333333,0 
-169.4989675000000,-14.2946068333333,0 
-169.4989711666667,-14.2946015000000,0 
-169.4989461666667,-14.2945911666667,0 
-169.4989778333333,-14.2945921666667,0 
-169.4989623333333,-14.2945950000000,0 
-169.4989463333333,-14.2945760000000,0 
-169.4989868333333,-14.2945818333333,0 
-169.4989981666667,-14.2945826666667,0 
-169.4989641666667,-14.2945701666667,0 
-169.4989885000000,-14.2945660000000,0 
-169.4989833333333,-14.2945626666667,0 
-169.4989761666667,-14.2945610000000,0 
-169.4989665000000,-14.2945505000000,0 
-169.4989806666667,-14.2945543333333,0 
-169.4989656666667,-14.2945551666667,0 
-169.4989480000000,-14.2945430000000,0 
-169.4989555000000,-14.2945446666667,0 
-169.4989665000000,-14.2945520000000,0 
-169.4989360000000,-14.2945418333333,0 
-169.4989506666667,-14.2945500000000,0 
-169.4989358333333,-14.2945363333333,0 
-169.4989591666667,-14.2945483333333,0 
-169.4989658333333,-14.2945475000000,0 
-169.4989696666667,-14.2945443333333,0 
-169.4989706666667,-14.2945486666667,0 
-169.4989480000000,-14.2945400000000,0 
-169.4989556666667,-14.2945396666667,0 
-169.4989546666667,-14.2945448333333,0 
-169.4989606666667,-14.2945461666667,0 
-169.4989538333333,-14.2945471666667,0 
-169.4989565000000,-14.2945456666667,0 
-169.4989656666667,-14.2945520000000,0 
-169.4989635000000,-14.2945466666667,0 
-169.4989735000000,-14.2945455000000,0 
-169.4990123333333,-14.2945538333333,0 
-169.4990266666667,-14.2945653333333,0 
-169.4990580000000,-14.2945680000000,0 
-169.4990703333333,-14.2945618333333,0 
-169.4990728333333,-14.2945570000000,0 
-169.4991016666667,-14.2945651666667,0 
-169.4990820000000,-14.2945576666667,0 
-169.4991006666667,-14.2945735000000,0 
-169.4991018333333,-14.2945598333333,0 
-169.4990951666667,-14.2945375000000,0 
-169.4991128333333,-14.2945406666667,0 
-169.4990863333333,-14.2945213333333,0 
-169.4991020000000,-14.2945140000000,0 
-169.4990960000000,-14.2945183333333,0 
-169.4990830000000,-14.2945156666667,0 
-169.4990860000000,-14.2945170000000,0 
-169.4990810000000,-14.2945090000000,0 
-169.4990796666667,-14.2945101666667,0 
-169.4990770000000,-14.2945125000000,0 
-169.4990748333333,-14.2945168333333,0 
-169.4990665000000,-14.2944998333333,0 
-169.4990645000000,-14.2945110000000,0 
-169.4990776666667,-14.2945138333333,0 
-169.4990838333333,-14.2945008333333,0 
-169.4990765000000,-14.2945045000000,0 
-169.4990855000000,-14.2945023333333,0 
-169.4990911666667,-14.2944996666667,0 
-169.4990853333333,-14.2944923333333,0 
-169.4991010000000,-14.2945040000000,0 
-169.4990888333333,-14.2944973333333,0 
-169.4991010000000,-14.2944973333333,0 
-169.4990868333333,-14.2944916666667,0 
-169.4991031666667,-14.2945050000000,0 
-169.4990938333333,-14.2944946666667,0 
-169.4990856666667,-14.2944873333333,0 
-169.4991020000000,-14.2945210000000,0 
-169.4990876666667,-14.2945016666667,0 
-169.4990790000000,-14.2944976666667,0 
-169.4990853333333,-14.2944881666667,0 
-169.4990726666667,-14.2945045000000,0 
-169.4990658333333,-14.2944926666667,0 
-169.4990835000000,-14.2945040000000,0 
-169.4991036666667,-14.2944996666667,0 
-169.4990768333333,-14.2944915000000,0 
-169.4991008333333,-14.2945015000000,0 
-169.4990755000000,-14.2945028333333,0 
-169.4990701666667,-14.2944900000000,0 
-169.4990981666667,-14.2945043333333,0 
-169.4990841666667,-14.2944940000000,0 
-169.4990916666667,-14.2945006666667,0 
-169.4990883333333,-14.2945006666667,0 
-169.4990753333333,-14.2944926666667,0 
-169.4990935000000,-14.2945023333333,0 
-169.4990991666667,-14.2945015000000,0 
-169.4990828333333,-14.2944920000000,0 
-169.4990850000000,-14.2944976666667,0 
-169.4990766666667,-14.2944900000000,0 
-169.4990811666667,-14.2944921666667,0 
-169.4990916666667,-14.2944968333333,0 
-169.4990888333333,-14.2944966666667,0 
-169.4990770000000,-14.2944915000000,0 
-169.4991016666667,-14.2945008333333,0 
-169.4990850000000,-14.2944955000000,0 
-169.4990810000000,-14.2944938333333,0 
-169.4990855000000,-14.2944965000000,0 
-169.4990955000000,-14.2945056666667,0 
-169.4990986666667,-14.2944895000000,0 
-169.4991001666667,-14.2944910000000,0 
-169.4991168333333,-14.2945013333333,0 
-169.4990995000000,-14.2944928333333,0 
-169.4990816666667,-14.2944873333333,0 
-169.4991041666667,-14.2944745000000,0 
-169.4990948333333,-14.2944796666667,0 
-169.4991056666667,-14.2944818333333,0 
-169.4991231666667,-14.2944836666667,0 
-169.4991138333333,-14.2944856666667,0 
-169.4991103333333,-14.2944838333333,0 
-169.4991135000000,-14.2944823333333,0 
-169.4991025000000,-14.2944813333333,0 
-169.4991080000000,-14.2944835000000,0 
-169.4991126666667,-14.2944838333333,0 
-169.4990891666667,-14.2944823333333,0 
-169.4990826666667,-14.2944771666667,0 
-169.4990963333333,-14.2944820000000,0 
-169.4990975000000,-14.2944770000000,0 
-169.4991026666667,-14.2944823333333,0 
-169.4990816666667,-14.2944786666667,0 
-169.4990926666667,-14.2944688333333,0 
-169.4990996666667,-14.2944861666667,0 
-169.4990708333333,-14.2944716666667,0 
-169.4990878333333,-14.2944768333333,0 
-169.4990876666667,-14.2944715000000,0 
-169.4990990000000,-14.2944748333333,0 
-169.4991031666667,-14.2944728333333,0 
-169.4990998333333,-14.2944783333333,0 
-169.4990878333333,-14.2944756666667,0 
-169.4990890000000,-14.2944766666667,0 
-169.4991020000000,-14.2944698333333,0 
-169.4990993333333,-14.2944781666667,0 
-169.4991093333333,-14.2944846666667,0 
-169.4990858333333,-14.2944790000000,0 
-169.4990825000000,-14.2944788333333,0 
-169.4991011666667,-14.2944791666667,0 
-169.4990885000000,-14.2944823333333,0 
-169.4990786666667,-14.2944748333333,0 
-169.4991093333333,-14.2944803333333,0 
-169.4991100000000,-14.2944851666667,0 
-169.4990990000000,-14.2944708333333,0 
-169.4991048333333,-14.2944851666667,0 
-169.4990966666667,-14.2944730000000,0 
-169.4990918333333,-14.2944728333333,0 
-169.4990540000000,-14.2944640000000,0 
-169.4990485000000,-14.2944661666667,0 
-169.4990501666667,-14.2944618333333,0 
-169.4990488333333,-14.2944631666667,0 
-169.4990203333333,-14.2944483333333,0 
-169.4990526666667,-14.2944570000000,0 
-169.4990618333333,-14.2944525000000,0 
-169.4990463333333,-14.2944515000000,0 
-169.4990516666667,-14.2944585000000,0 
-169.4990573333333,-14.2944503333333,0 
-169.4990550000000,-14.2944510000000,0 
-169.4990638333333,-14.2944595000000,0 
-169.4990378333333,-14.2944498333333,0 
-169.4990581666667,-14.2944485000000,0 
-169.4990543333333,-14.2944516666667,0 
-169.4990540000000,-14.2944431666667,0 
-169.4990461666667,-14.2944455000000,0 
-169.4990693333333,-14.2944505000000,0 
-169.4990561666667,-14.2944483333333,0 
-169.4990391666667,-14.2944465000000,0 
-169.4990500000000,-14.2944508333333,0 
-169.4990550000000,-14.2944471666667,0 
-169.4990601666667,-14.2944510000000,0 
-169.4990390000000,-14.2944503333333,0 
-169.4990701666667,-14.2944556666667,0 
-169.4990466666667,-14.2944526666667,0 
-169.4990650000000,-14.2944575000000,0 
-169.4990616666667,-14.2944535000000,0 
-169.4990481666667,-14.2944501666667,0 
-169.4990483333333,-14.2944528333333,0 
-169.4990381666667,-14.2944450000000,0 
-169.4990653333333,-14.2944586666667,0 
-169.4990486666667,-14.2944496666667,0 
-169.4990473333333,-14.2944493333333,0 
-169.4990743333333,-14.2944578333333,0 
-169.4990641666667,-14.2944566666667,0 
-169.4990493333333,-14.2944491666667,0 
-169.4990630000000,-14.2944595000000,0 
-169.4990578333333,-14.2944458333333,0 
-169.4991055000000,-14.2944543333333,0 
-169.4991236666667,-14.2944666666667,0 
-169.4991025000000,-14.2944563333333,0 
-169.4991305000000,-14.2944771666667,0 
-169.4991286666667,-14.2944586666667,0 
-169.4991410000000,-14.2944540000000,0 
-169.4991433333333,-14.2944490000000,0 
-169.4991416666667,-14.2944421666667,0 
-169.4991425000000,-14.2944436666667,0 
-169.4991166666667,-14.2944395000000,0 
-169.4990988333333,-14.2944368333333,0 
-169.4990835000000,-14.2944380000000,0 
-169.4990936666667,-14.2944511666667,0 
-169.4990868333333,-14.2944405000000,0 
-169.4991190000000,-14.2944403333333,0 
-169.4991208333333,-14.2944453333333,0 
-169.4991333333333,-14.2944423333333,0 
-169.4991688333333,-14.2944430000000,0 
-169.4991533333333,-14.2944223333333,0 
-169.4992031666667,-14.2944291666667,0 
-169.4991903333333,-14.2944255000000,0 
-169.4991940000000,-14.2944185000000,0 
-169.4992013333333,-14.2944161666667,0 
-169.4991915000000,-14.2943863333333,0 
-169.4991993333333,-14.2943898333333,0 
-169.4992031666667,-14.2943828333333,0 
-169.4992325000000,-14.2943718333333,0 
-169.4992268333333,-14.2943653333333,0 
-169.4992451666667,-14.2943670000000,0 
-169.4992665000000,-14.2943923333333,0 
-169.4992725000000,-14.2944110000000,0 
-169.4992555000000,-14.2944020000000,0 
-169.4992755000000,-14.2944175000000,0 
-169.4992685000000,-14.2944116666667,0 
-169.4992741666667,-14.2943973333333,0 
-169.4992855000000,-14.2944016666667,0 
-169.4992720000000,-14.2944013333333,0 
-169.4992823333333,-14.2943958333333,0 
-169.4992793333333,-14.2943875000000,0 
-169.4992763333333,-14.2943855000000,0 
-169.4992690000000,-14.2943753333333,0 
-169.4992733333333,-14.2943758333333,0 
-169.4992748333333,-14.2943820000000,0 
-169.4992885000000,-14.2943748333333,0 
-169.4992800000000,-14.2943821666667,0 
-169.4992748333333,-14.2943745000000,0 
-169.4992905000000,-14.2943888333333,0 
-169.4992955000000,-14.2943861666667,0 
-169.4992665000000,-14.2943751666667,0 
-169.4992823333333,-14.2943815000000,0 
-169.4992558333333,-14.2943751666667,0 
-169.4992705000000,-14.2943816666667,0 
-169.4992893333333,-14.2943868333333,0 
-169.4992686666667,-14.2943698333333,0 
-169.4992831666667,-14.2943880000000,0 
-169.4992846666667,-14.2943786666667,0 
-169.4992821666667,-14.2943896666667,0 
-169.4992798333333,-14.2943778333333,0 
-169.4992763333333,-14.2943798333333,0 
-169.4992851666667,-14.2943835000000,0 
-169.4992835000000,-14.2943846666667,0 
-169.4992913333333,-14.2943888333333,0 
-169.4992915000000,-14.2943928333333,0 
-169.4992878333333,-14.2943871666667,0 
-169.4992640000000,-14.2943798333333,0 
-169.4992965000000,-14.2943945000000,0 
-169.4992916666667,-14.2943956666667,0 
-169.4992735000000,-14.2943915000000,0 
-169.4992806666667,-14.2943885000000,0 
-169.4993031666667,-14.2943923333333,0 
-169.4992926666667,-14.2943908333333,0 
-169.4992895000000,-14.2943895000000,0 
-169.4992646666667,-14.2943843333333,0 
-169.4993056666667,-14.2944023333333,0 
-169.4992711666667,-14.2943870000000,0 
-169.4992891666667,-14.2943985000000,0 
-169.4992931666667,-14.2943921666667,0 
-169.4993000000000,-14.2943906666667,0 
-169.4992803333333,-14.2943903333333,0 
-169.4992725000000,-14.2943905000000,0 
-169.4992955000000,-14.2944015000000,0 
-169.4992940000000,-14.2943855000000,0 
-169.4992848333333,-14.2943935000000,0 
-169.4992773333333,-14.2943875000000,0 
-169.4993005000000,-14.2943986666667,0 
-169.4992836666667,-14.2943831666667,0 
-169.4992978333333,-14.2944030000000,0 
-169.4992915000000,-14.2943880000000,0 
-169.4992930000000,-14.2943968333333,0 
-169.4993025000000,-14.2943976666667,0 
-169.4992773333333,-14.2943865000000,0 
-169.4992906666667,-14.2943836666667,0 
-169.4992551666667,-14.2943790000000,0 
-169.4992588333333,-14.2943828333333,0 
-169.4992735000000,-14.2943765000000,0 
-169.4992693333333,-14.2943816666667,0 
-169.4992406666667,-14.2943790000000,0 
-169.4992310000000,-14.2943850000000,0 
-169.4992208333333,-14.2943903333333,0 
-169.4992371666667,-14.2943985000000,0 
-169.4992420000000,-14.2943946666667,0 
-169.4992610000000,-14.2944036666667,0 
-169.4992483333333,-14.2943950000000,0 
-169.4992515000000,-14.2943933333333,0 
-169.4992591666667,-14.2943830000000,0 
-169.4993046666667,-14.2943900000000,0 
-169.4993075000000,-14.2943900000000,0 
-169.4992976666667,-14.2943798333333,0 
-169.4993058333333,-14.2943781666667,0 
-169.4993248333333,-14.2943700000000,0 
-169.4993575000000,-14.2943830000000,0 
-169.4993770000000,-14.2943903333333,0 
-169.4993788333333,-14.2943778333333,0 
-169.4993893333333,-14.2943785000000,0 
-169.4994001666667,-14.2943755000000,0 
-169.4993975000000,-14.2943641666667,0 
-169.4993875000000,-14.2943573333333,0 
-169.4994078333333,-14.2943548333333,0 
-169.4993936666667,-14.2943413333333,0 
-169.4993956666667,-14.2943493333333,0 
-169.4993920000000,-14.2943496666667,0 
-169.4994018333333,-14.2943628333333,0 
-169.4993970000000,-14.2943443333333,0 
-169.4993990000000,-14.2943461666667,0 
-169.4994078333333,-14.2943496666667,0 
-169.4993898333333,-14.2943400000000,0 
-169.4994035000000,-14.2943580000000,0 
-169.4993775000000,-14.2943460000000,0 
-169.4993946666667,-14.2943566666667,0 
-169.4994023333333,-14.2943521666667,0 
-169.4993998333333,-14.2943560000000,0 
-169.4994125000000,-14.2943526666667,0 
-169.4993908333333,-14.2943610000000,0 
-169.4994060000000,-14.2943620000000,0 
-169.4993996666667,-14.2943513333333,0 
-169.4993975000000,-14.2943600000000,0 
-169.4993890000000,-14.2943631666667,0 
-169.4993870000000,-14.2943498333333,0 
-169.4993955000000,-14.2943653333333,0 
-169.4994070000000,-14.2943600000000,0 
-169.4993906666667,-14.2943576666667,0 
-169.4994170000000,-14.2943681666667,0 
-169.4994128333333,-14.2943771666667,0 
-169.4994225000000,-14.2943800000000,0 
-169.4994278333333,-14.2943828333333,0 
-169.4994333333333,-14.2943745000000,0 
-169.4994338333333,-14.2943518333333,0 
-169.4994103333333,-14.2943191666667,0 
-169.4994123333333,-14.2943110000000,0 
-169.4994158333333,-14.2943055000000,0 
-169.4994083333333,-14.2942905000000,0 
-169.4994171666667,-14.2942941666667,0 
-169.4994260000000,-14.2942875000000,0 
-169.4994503333333,-14.2942935000000,0 
-169.4994585000000,-14.2942828333333,0 
-169.4994476666667,-14.2942985000000,0 
-169.4994688333333,-14.2943105000000,0 
-169.4994586666667,-14.2943038333333,0 
-169.4994625000000,-14.2943056666667,0 
-169.4994695000000,-14.2942941666667,0 
-169.4994631666667,-14.2943045000000,0 
-169.4994725000000,-14.2942935000000,0 
-169.4994865000000,-14.2942996666667,0 
-169.4994703333333,-14.2942888333333,0 
-169.4994878333333,-14.2942891666667,0 
-169.4994723333333,-14.2942896666667,0 
-169.4994758333333,-14.2942830000000,0 
-169.4994883333333,-14.2942790000000,0 
-169.4994868333333,-14.2942645000000,0 
-169.4994626666667,-14.2942763333333,0 
-169.4994650000000,-14.2942663333333,0 
-169.4994461666667,-14.2942540000000,0 
-169.4994531666667,-14.2942508333333,0 
-169.4994518333333,-14.2942345000000,0 
-169.4994658333333,-14.2942256666667,0 
-169.4994548333333,-14.2942256666667,0 
-169.4994460000000,-14.2942071666667,0 
-169.4994630000000,-14.2942105000000,0 
-169.4994448333333,-14.2942043333333,0 
-169.4994660000000,-14.2942083333333,0 
-169.4994570000000,-14.2942108333333,0 
-169.4994483333333,-14.2941951666667,0 
-169.4994526666667,-14.2942003333333,0 
-169.4994543333333,-14.2941945000000,0 
-169.4994613333333,-14.2942053333333,0 
-169.4994603333333,-14.2941960000000,0 
-169.4994420000000,-14.2941896666667,0 
-169.4994735000000,-14.2941940000000,0 
-169.4994431666667,-14.2941923333333,0 
-169.4994608333333,-14.2942026666667,0 
-169.4994396666667,-14.2941913333333,0 
-169.4994525000000,-14.2941923333333,0 
-169.4994710000000,-14.2941991666667,0 
-169.4994540000000,-14.2941941666667,0 
-169.4994696666667,-14.2942095000000,0 
-169.4994666666667,-14.2941826666667,0 
-169.4994461666667,-14.2941983333333,0 
-169.4994511666667,-14.2941935000000,0 
-169.4994641666667,-14.2941958333333,0 
-169.4994638333333,-14.2942006666667,0 
-169.4994563333333,-14.2941888333333,0 
-169.4994665000000,-14.2941940000000,0 
-169.4994458333333,-14.2941931666667,0 
-169.4994526666667,-14.2941903333333,0 
-169.4994531666667,-14.2941975000000,0 
-169.4994685000000,-14.2942010000000,0 
-169.4994616666667,-14.2942021666667,0 
-169.4994588333333,-14.2941970000000,0 
-169.4994771666667,-14.2942025000000,0 
-169.4994736666667,-14.2942136666667,0 
-169.4994775000000,-14.2942131666667,0 
-169.4994713333333,-14.2942250000000,0 
-169.4994890000000,-14.2942253333333,0 
-169.4994781666667,-14.2942203333333,0 
-169.4994861666667,-14.2942263333333,0 
-169.4994711666667,-14.2942130000000,0 
-169.4994885000000,-14.2942163333333,0 
-169.4994715000000,-14.2942081666667,0 
-169.4994835000000,-14.2942170000000,0 
-169.4994853333333,-14.2942145000000,0 
-169.4994943333333,-14.2942071666667,0 
-169.4994756666667,-14.2942031666667,0 
-169.4994848333333,-14.2942183333333,0 
-169.4994746666667,-14.2942098333333,0 
-169.4994788333333,-14.2942140000000,0 
-169.4994811666667,-14.2942071666667,0 
-169.4994831666667,-14.2942025000000,0 
-169.4994798333333,-14.2942073333333,0 
-169.4994815000000,-14.2941933333333,0 
-169.4994825000000,-14.2941913333333,0 
-169.4994748333333,-14.2941853333333,0 
-169.4994655000000,-14.2941661666667,0 
-169.4994686666667,-14.2941768333333,0 
-169.4994571666667,-14.2941391666667,0 
-169.4994635000000,-14.2941415000000,0 
-169.4994503333333,-14.2941301666667,0 
-169.4994428333333,-14.2941368333333,0 
-169.4994201666667,-14.2941230000000,0 
-169.4994558333333,-14.2941230000000,0 
-169.4994230000000,-14.2941176666667,0 
-169.4994373333333,-14.2941255000000,0 
-169.4994243333333,-14.2941323333333,0 
-169.4994331666667,-14.2941273333333,0 
-169.4994406666667,-14.2941215000000,0 
-169.4994341666667,-14.2941241666667,0 
-169.4994451666667,-14.2941356666667,0 
-169.4994365000000,-14.2941391666667,0 
-169.4994306666667,-14.2941328333333,0 
-169.4994386666667,-14.2941313333333,0 
-169.4994405000000,-14.2941403333333,0 
-169.4994418333333,-14.2941235000000,0 
-169.4994401666667,-14.2941381666667,0 
-169.4994413333333,-14.2941385000000,0 
-169.4994265000000,-14.2941286666667,0 
-169.4994190000000,-14.2941290000000,0 
-169.4994366666667,-14.2941255000000,0 
-169.4994463333333,-14.2941411666667,0 
-169.4994280000000,-14.2941235000000,0 
-169.4994488333333,-14.2941320000000,0 
-169.4994336666667,-14.2941290000000,0 
-169.4994413333333,-14.2941303333333,0 
-169.4994420000000,-14.2941346666667,0 
-169.4994241666667,-14.2941158333333,0 
-169.4994316666667,-14.2941293333333,0 
-169.4994350000000,-14.2941285000000,0 
-169.4994240000000,-14.2941270000000,0 
-169.4994263333333,-14.2941310000000,0 
-169.4994351666667,-14.2941228333333,0 
-169.4994273333333,-14.2941251666667,0 
-169.4994310000000,-14.2941388333333,0 
-169.4994405000000,-14.2941261666667,0 
-169.4994461666667,-14.2941443333333,0 
-169.4994320000000,-14.2941268333333,0 
-169.4994440000000,-14.2941270000000,0 
-169.4994450000000,-14.2941298333333,0 
-169.4994401666667,-14.2941335000000,0 
-169.4994526666667,-14.2941285000000,0 
-169.4994411666667,-14.2941270000000,0 
-169.4994381666667,-14.2941223333333,0 
-169.4994413333333,-14.2941163333333,0 
-169.4994280000000,-14.2941210000000,0 
-169.4994090000000,-14.2941178333333,0 
-169.4994013333333,-14.2941038333333,0 
-169.4994206666667,-14.2941020000000,0 
-169.4994191666667,-14.2941120000000,0 
-169.4994350000000,-14.2941015000000,0 
-169.4994401666667,-14.2941040000000,0 
-169.4994453333333,-14.2941051666667,0 
-169.4994583333333,-14.2941033333333,0 
-169.4994733333333,-14.2941266666667,0 
-169.4994690000000,-14.2941143333333,0 
-169.4994683333333,-14.2941118333333,0 
-169.4994885000000,-14.2941185000000,0 
-169.4994701666667,-14.2940995000000,0 
-169.4994623333333,-14.2940840000000,0 
-169.4994628333333,-14.2940840000000,0 
-169.4994543333333,-14.2940720000000,0 
-169.4994540000000,-14.2940836666667,0 
-169.4994621666667,-14.2940855000000,0 
-169.4994651666667,-14.2940756666667,0 
-169.4994785000000,-14.2940963333333,0 
-169.4994760000000,-14.2940905000000,0 
-169.4994491666667,-14.2940721666667,0 
-169.4994658333333,-14.2940771666667,0 
-169.4994778333333,-14.2940783333333,0 
-169.4994606666667,-14.2940856666667,0 
-169.4994685000000,-14.2940688333333,0 
-169.4994661666667,-14.2940768333333,0 
-169.4994928333333,-14.2940915000000,0 
-169.4994743333333,-14.2940791666667,0 
-169.4994901666667,-14.2940946666667,0 
-169.4995005000000,-14.2940925000000,0 
-169.4994806666667,-14.2940803333333,0 
-169.4994736666667,-14.2940786666667,0 
-169.4994633333333,-14.2940750000000,0 
-169.4994833333333,-14.2940925000000,0 
-169.4994953333333,-14.2940783333333,0 
-169.4994763333333,-14.2940815000000,0 
-169.4994765000000,-14.2940708333333,0 
-169.4994916666667,-14.2940873333333,0 
-169.4994740000000,-14.2940815000000,0 
-169.4994998333333,-14.2940826666667,0 
-169.4994888333333,-14.2940846666667,0 
-169.4994901666667,-14.2940850000000,0 
-169.4994790000000,-14.2940861666667,0 
-169.4994916666667,-14.2940853333333,0 
-169.4994961666667,-14.2940795000000,0 
-169.4994871666667,-14.2940888333333,0 
-169.4994981666667,-14.2940920000000,0 
-169.4995170000000,-14.2940893333333,0 
-169.4994973333333,-14.2940881666667,0 
-169.4995338333333,-14.2940996666667,0 
-169.4995126666667,-14.2940943333333,0 
-169.4995398333333,-14.2940938333333,0 
-169.4995393333333,-14.2940966666667,0 
-169.4995565000000,-14.2940901666667,0 
-169.4995521666667,-14.2940795000000,0 
-169.4995235000000,-14.2940618333333,0 
-169.4995605000000,-14.2940628333333,0 
-169.4995480000000,-14.2940551666667,0 
-169.4995518333333,-14.2940576666667,0 
-169.4995526666667,-14.2940480000000,0 
-169.4995795000000,-14.2940453333333,0 
-169.4995801666667,-14.2940368333333,0 
-169.4995643333333,-14.2940388333333,0 
-169.4995720000000,-14.2940348333333,0 
-169.4995843333333,-14.2940335000000,0 
-169.4995840000000,-14.2940210000000,0 
-169.4995738333333,-14.2940136666667,0 
-169.4995771666667,-14.2940156666667,0 
-169.4995458333333,-14.2939920000000,0 
-169.4995398333333,-14.2939956666667,0 
-169.4995606666667,-14.2939955000000,0 
-169.4995800000000,-14.2939901666667,0 
-169.4996050000000,-14.2940088333333,0 
-169.4996148333333,-14.2940248333333,0 
-169.4996295000000,-14.2940363333333,0 
-169.4996353333333,-14.2940481666667,0 
-169.4996475000000,-14.2940405000000,0 
-169.4996556666667,-14.2940593333333,0 
-169.4996533333333,-14.2940438333333,0 
-169.4996746666667,-14.2940580000000,0 
-169.4996796666667,-14.2940608333333,0 
-169.4996748333333,-14.2940606666667,0 
-169.4997038333333,-14.2940656666667,0 
-169.4996988333333,-14.2940351666667,0 
-169.4997053333333,-14.2940201666667,0 
-169.4996888333333,-14.2940085000000,0 
-169.4997038333333,-14.2939875000000,0 
-169.4996830000000,-14.2939815000000,0 
-169.4996833333333,-14.2939695000000,0 
-169.4996893333333,-14.2939650000000,0 
-169.4996988333333,-14.2939693333333,0 
-169.4996930000000,-14.2939636666667,0 
-169.4997196666667,-14.2939715000000,0 
-169.4996996666667,-14.2939711666667,0 
-169.4997070000000,-14.2939626666667,0 
-169.4996990000000,-14.2939600000000,0 
-169.4996990000000,-14.2939561666667,0 
-169.4997005000000,-14.2939615000000,0 
-169.4996860000000,-14.2939441666667,0 
-169.4996941666667,-14.2939453333333,0 
-169.4996898333333,-14.2939566666667,0 
-169.4996891666667,-14.2939355000000,0 
-169.4996778333333,-14.2939373333333,0 
-169.4996801666667,-14.2939420000000,0 
-169.4996763333333,-14.2939401666667,0 
-169.4996715000000,-14.2939436666667,0 
-169.4996456666667,-14.2939136666667,0 
-169.4996535000000,-14.2939398333333,0 
-169.4996210000000,-14.2939093333333,0 
-169.4996428333333,-14.2939275000000,0 
-169.4996496666667,-14.2939435000000,0 
-169.4996156666667,-14.2939355000000,0 
-169.4996278333333,-14.2939606666667,0 
-169.4996278333333,-14.2939471666667,0 
-169.4996271666667,-14.2939481666667,0 
-169.4996483333333,-14.2939591666667,0 
-169.4996721666667,-14.2939591666667,0 
-169.4996750000000,-14.2939620000000,0 
-169.4996836666667,-14.2939665000000,0 
-169.4996756666667,-14.2939640000000,0 
-169.4997000000000,-14.2939885000000,0 
-169.4997050000000,-14.2940031666667,0 
-169.4997085000000,-14.2940090000000,0 
-169.4997098333333,-14.2940006666667,0 
-169.4997331666667,-14.2940148333333,0 
-169.4997318333333,-14.2940175000000,0 
-169.4997213333333,-14.2939981666667,0 
-169.4997158333333,-14.2939978333333,0 
-169.4997058333333,-14.2939818333333,0 
-169.4997045000000,-14.2939745000000,0 
-169.4996955000000,-14.2939676666667,0 
-169.4996933333333,-14.2939626666667,0 
-169.4997068333333,-14.2939575000000,0 
-169.4996703333333,-14.2939520000000,0 
-169.4996955000000,-14.2939595000000,0 
-169.4996820000000,-14.2939528333333,0 
-169.4996963333333,-14.2939626666667,0 
-169.4996835000000,-14.2939590000000,0 
-169.4996873333333,-14.2939580000000,0 
-169.4996953333333,-14.2939681666667,0 
-169.4996923333333,-14.2939526666667,0 
-169.4996973333333,-14.2939595000000,0 
-169.4996966666667,-14.2939570000000,0 
-169.4996903333333,-14.2939570000000,0 
-169.4997073333333,-14.2939658333333,0 
-169.4996905000000,-14.2939635000000,0 
-169.4996878333333,-14.2939493333333,0 
-169.4996928333333,-14.2939561666667,0 
-169.4997151666667,-14.2939595000000,0 
-169.4997185000000,-14.2939640000000,0 
-169.4997131666667,-14.2939758333333,0 
-169.4997273333333,-14.2939555000000,0 
-169.4997070000000,-14.2939638333333,0 
-169.4996936666667,-14.2939703333333,0 
-169.4996990000000,-14.2939460000000,0 
-169.4997160000000,-14.2939641666667,0 
-169.4996998333333,-14.2939570000000,0 
-169.4997080000000,-14.2939620000000,0 
-169.4997008333333,-14.2939641666667,0 
-169.4996931666667,-14.2939565000000,0 
-169.4996985000000,-14.2939580000000,0 
-169.4997055000000,-14.2939568333333,0 
-169.4997075000000,-14.2939608333333,0 
-169.4997028333333,-14.2939735000000,0 
-169.4997063333333,-14.2939605000000,0 
-169.4997108333333,-14.2939686666667,0 
-169.4997375000000,-14.2939826666667,0 
-169.4997455000000,-14.2939631666667,0 
-169.4997615000000,-14.2939678333333,0 
-169.4997511666667,-14.2939716666667,0 
-169.4997578333333,-14.2939718333333,0 
-169.4997693333333,-14.2939610000000,0 
-169.4997541666667,-14.2939538333333,0 
-169.4997670000000,-14.2939558333333,0 
-169.4997680000000,-14.2939543333333,0 
-169.4997665000000,-14.2939488333333,0 
-169.4997656666667,-14.2939490000000,0 
-169.4997598333333,-14.2939383333333,0 
-169.4997831666667,-14.2939311666667,0 
-169.4997926666667,-14.2939393333333,0 
-169.4997725000000,-14.2939143333333,0 
-169.4997765000000,-14.2939120000000,0 
-169.4997913333333,-14.2939290000000,0 
-169.4997723333333,-14.2939090000000,0 
-169.4997640000000,-14.2939148333333,0 
-169.4997650000000,-14.2939081666667,0 
-169.4997725000000,-14.2939093333333,0 
-169.4997865000000,-14.2939200000000,0 
-169.4997863333333,-14.2939153333333,0 
-169.4997848333333,-14.2939113333333,0 
-169.4997943333333,-14.2939030000000,0 
-169.4997973333333,-14.2938845000000,0 
-169.4997836666667,-14.2938713333333,0 
-169.4997770000000,-14.2938616666667,0 
-169.4997735000000,-14.2938381666667,0 
-169.4997833333333,-14.2938483333333,0 
-169.4997711666667,-14.2938386666667,0 
-169.4997801666667,-14.2938425000000,0 
-169.4997720000000,-14.2938335000000,0 
-169.4997385000000,-14.2938318333333,0 
-169.4997465000000,-14.2938360000000,0 
-169.4997288333333,-14.2938368333333,0 
-169.4997268333333,-14.2938295000000,0 
-169.4997378333333,-14.2938345000000,0 
-169.4997270000000,-14.2938378333333,0 
-169.4997226666667,-14.2938366666667,0 
-169.4997313333333,-14.2938290000000,0 
-169.4997278333333,-14.2938320000000,0 
-169.4997226666667,-14.2938395000000,0 
-169.4997385000000,-14.2938361666667,0 
-169.4997325000000,-14.2938323333333,0 
-169.4997348333333,-14.2938340000000,0 
-169.4997290000000,-14.2938341666667,0 
-169.4997263333333,-14.2938391666667,0 
-169.4997255000000,-14.2938300000000,0 
-169.4997195000000,-14.2938316666667,0 
-169.4997283333333,-14.2938221666667,0 
-169.4997361666667,-14.2938411666667,0 
-169.4997406666667,-14.2938366666667,0 
-169.4997163333333,-14.2938270000000,0 
-169.4997316666667,-14.2938320000000,0 
-169.4997148333333,-14.2938308333333,0 
-169.4997273333333,-14.2938260000000,0 
-169.4997193333333,-14.2938383333333,0 
-169.4997310000000,-14.2938353333333,0 
-169.4997495000000,-14.2938261666667,0 
-169.4997213333333,-14.2938281666667,0 
-169.4997235000000,-14.2938231666667,0 
-169.4997186666667,-14.2938325000000,0 
-169.4997330000000,-14.2938280000000,0 
-169.4997185000000,-14.2938343333333,0 
-169.4997371666667,-14.2938303333333,0 
-169.4997258333333,-14.2938248333333,0 
-169.4997515000000,-14.2938233333333,0 
-169.4997568333333,-14.2938221666667,0 
-169.4997498333333,-14.2938063333333,0 
-169.4997655000000,-14.2938031666667,0 
-169.4997473333333,-14.2938080000000,0 
-169.4997565000000,-14.2937930000000,0 
-169.4997521666667,-14.2937873333333,0 
-169.4997433333333,-14.2937951666667,0 
-169.4997420000000,-14.2937943333333,0 
-169.4997608333333,-14.2937855000000,0 
-169.4997315000000,-14.2937855000000,0 
-169.4997386666667,-14.2937855000000,0 
-169.4997413333333,-14.2937800000000,0 
-169.4997381666667,-14.2937830000000,0 
-169.4997471666667,-14.2937870000000,0 
-169.4997388333333,-14.2937816666667,0 
-169.4997675000000,-14.2938010000000,0 
-169.4997380000000,-14.2937771666667,0 
-169.4997498333333,-14.2937843333333,0 
-169.4997305000000,-14.2937835000000,0 
-169.4997363333333,-14.2937753333333,0 
-169.4997580000000,-14.2937896666667,0 
-169.4997508333333,-14.2937960000000,0 
-169.4997573333333,-14.2937835000000,0 
-169.4997416666667,-14.2937861666667,0 
-169.4997323333333,-14.2937861666667,0 
-169.4997441666667,-14.2937766666667,0 
-169.4997438333333,-14.2937910000000,0 
-169.4997408333333,-14.2937775000000,0 
-169.4997495000000,-14.2937860000000,0 
-169.4997305000000,-14.2937840000000,0 
-169.4997531666667,-14.2937791666667,0 
-169.4997535000000,-14.2937841666667,0 
-169.4997431666667,-14.2937821666667,0 
-169.4997445000000,-14.2937873333333,0 
-169.4997548333333,-14.2937900000000,0 
-169.4997565000000,-14.2937880000000,0 
-169.4997403333333,-14.2937776666667,0 
-169.4997485000000,-14.2937825000000,0 
-169.4997320000000,-14.2937821666667,0 
-169.4997566666667,-14.2937781666667,0 
-169.4997555000000,-14.2937891666667,0 
-169.4997518333333,-14.2937803333333,0 
-169.4997476666667,-14.2937876666667,0 
-169.4997466666667,-14.2937755000000,0 
-169.4997633333333,-14.2937890000000,0 
-169.4997380000000,-14.2937846666667,0 
-169.4997551666667,-14.2937911666667,0 
-169.4997656666667,-14.2937848333333,0 
-169.4997541666667,-14.2937873333333,0 
-169.4997613333333,-14.2937920000000,0 
-169.4997575000000,-14.2937793333333,0 
-169.4997771666667,-14.2937886666667,0 
-169.4997538333333,-14.2937805000000,0 
-169.4997520000000,-14.2937843333333,0 
-169.4997638333333,-14.2937735000000,0 
-169.4997555000000,-14.2937826666667,0 
-169.4997446666667,-14.2937758333333,0 
-169.4997705000000,-14.2937840000000,0 
-169.4997426666667,-14.2937766666667,0 
-169.4997335000000,-14.2937711666667,0 
-169.4997520000000,-14.2937746666667,0 
-169.4997436666667,-14.2937796666667,0 
-169.4997491666667,-14.2937931666667,0 
-169.4997310000000,-14.2937793333333,0 
-169.4997410000000,-14.2937811666667,0 
-169.4997305000000,-14.2937800000000,0 
-169.4997358333333,-14.2937713333333,0 
-169.4997315000000,-14.2937885000000,0 
-169.4997321666667,-14.2937810000000,0 
-169.4997473333333,-14.2937851666667,0 
-169.4997568333333,-14.2937808333333,0 
-169.4997338333333,-14.2937873333333,0 
-169.4997376666667,-14.2937796666667,0 
-169.4997400000000,-14.2937865000000,0 
-169.4997561666667,-14.2937881666667,0 
-169.4997338333333,-14.2937793333333,0 
-169.4997298333333,-14.2937831666667,0 
-169.4997395000000,-14.2937783333333,0 
-169.4997421666667,-14.2937836666667,0 
-169.4997465000000,-14.2937881666667,0 
-169.4997328333333,-14.2937838333333,0 
-169.4997381666667,-14.2937921666667,0 
-169.4997318333333,-14.2937798333333,0 
-169.4997380000000,-14.2937735000000,0 
-169.4997453333333,-14.2937833333333,0 
-169.4997438333333,-14.2937843333333,0 
-169.4997591666667,-14.2937776666667,0 
-169.4997638333333,-14.2937810000000,0 
-169.4997661666667,-14.2937700000000,0 
-169.4997696666667,-14.2937750000000,0 
-169.4997870000000,-14.2937873333333,0 
-169.4997723333333,-14.2937756666667,0 
-169.4997746666667,-14.2937783333333,0 
-169.4997758333333,-14.2937791666667,0 
-169.4997751666667,-14.2937850000000,0 
-169.4997743333333,-14.2937761666667,0 
-169.4997808333333,-14.2937923333333,0 
-169.4997970000000,-14.2937881666667,0 
-169.4997890000000,-14.2937865000000,0 
-169.4997931666667,-14.2937766666667,0 
-169.4997771666667,-14.2937756666667,0 
-169.4997810000000,-14.2937816666667,0 
-169.4997928333333,-14.2937811666667,0 
-169.4997798333333,-14.2937803333333,0 
-169.4997760000000,-14.2937746666667,0 
-169.4997851666667,-14.2937743333333,0 
-169.4997813333333,-14.2937760000000,0 
-169.4997783333333,-14.2937711666667,0 
-169.4997781666667,-14.2937721666667,0 
-169.4997858333333,-14.2937728333333,0 
-169.4997790000000,-14.2937628333333,0 
-169.4997641666667,-14.2937653333333,0 
-169.4997766666667,-14.2937696666667,0 
-169.4997871666667,-14.2937693333333,0 
-169.4997780000000,-14.2937771666667,0 
-169.4997800000000,-14.2937791666667,0 
-169.4997610000000,-14.2937713333333,0 
-169.4997705000000,-14.2937725000000,0 
-169.4997683333333,-14.2937801666667,0 
-169.4997561666667,-14.2937755000000,0 
-169.4997458333333,-14.2937751666667,0 
-169.4997373333333,-14.2937760000000,0 
-169.4997421666667,-14.2937705000000,0 
-169.4997413333333,-14.2937706666667,0 
-169.4997648333333,-14.2937738333333,0 
-169.4997498333333,-14.2937666666667,0 
-169.4997406666667,-14.2937666666667,0 
-169.4997433333333,-14.2937693333333,0 
-169.4997565000000,-14.2937740000000,0 
-169.4997635000000,-14.2937760000000,0 
-169.4997463333333,-14.2937608333333,0 
-169.4997568333333,-14.2937780000000,0 
-169.4997523333333,-14.2937705000000,0 
-169.4997370000000,-14.2937670000000,0 
-169.4997698333333,-14.2937753333333,0 
-169.4997456666667,-14.2937658333333,0 
-169.4997505000000,-14.2937765000000,0 
-169.4997553333333,-14.2937691666667,0 
-169.4997613333333,-14.2937900000000,0 
-169.4997455000000,-14.2937760000000,0 
-169.4997461666667,-14.2937840000000,0 
-169.4997526666667,-14.2937885000000,0 
-169.4997528333333,-14.2937828333333,0 
-169.4997588333333,-14.2938021666667,0 
-169.4997313333333,-14.2937876666667,0 
-169.4997371666667,-14.2937988333333,0 
-169.4997393333333,-14.2938015000000,0 
-169.4997568333333,-14.2937980000000,0 
-169.4997490000000,-14.2937993333333,0 
-169.4997608333333,-14.2937978333333,0 
-169.4997538333333,-14.2937970000000,0 
-169.4997625000000,-14.2937958333333,0 
-169.4997596666667,-14.2937950000000,0 
-169.4997745000000,-14.2937916666667,0 
-169.4997758333333,-14.2937886666667,0 
-169.4997791666667,-14.2937853333333,0 
-169.4998045000000,-14.2937971666667,0 
-169.4997891666667,-14.2937953333333,0 
-169.4997896666667,-14.2937990000000,0 
-169.4998000000000,-14.2938030000000,0 
-169.4997856666667,-14.2938018333333,0 
-169.4997950000000,-14.2937931666667,0 
-169.4997771666667,-14.2937875000000,0 
-169.4997738333333,-14.2937883333333,0 
-169.4997508333333,-14.2937931666667,0 
-169.4997505000000,-14.2937918333333,0 
-169.4997811666667,-14.2937901666667,0 
-169.4997676666667,-14.2937883333333,0 
-169.4997645000000,-14.2937946666667,0 
-169.4997573333333,-14.2937888333333,0 
-169.4997695000000,-14.2937785000000,0 
-169.4997668333333,-14.2937970000000,0 
-169.4997525000000,-14.2937846666667,0 
-169.4997543333333,-14.2937838333333,0 
-169.4997670000000,-14.2937823333333,0 
-169.4997518333333,-14.2937866666667,0 
-169.4997721666667,-14.2937926666667,0 
-169.4997661666667,-14.2937853333333,0 
-169.4997563333333,-14.2937856666667,0 
-169.4997685000000,-14.2938000000000,0 
-169.4997576666667,-14.2937880000000,0 
-169.4997623333333,-14.2937925000000,0 
-169.4997695000000,-14.2937810000000,0 
-169.4997713333333,-14.2937825000000,0 
-169.4997650000000,-14.2937793333333,0 
-169.4997706666667,-14.2937813333333,0 
-169.4997648333333,-14.2937721666667,0 
-169.4997806666667,-14.2937763333333,0 
-169.4997368333333,-14.2937770000000,0 
-169.4997573333333,-14.2937816666667,0 
-169.4997283333333,-14.2937751666667,0 
-169.4997091666667,-14.2937576666667,0 
-169.4997323333333,-14.2937775000000,0 
-169.4996973333333,-14.2937683333333,0 
-169.4997045000000,-14.2937700000000,0 
-169.4997120000000,-14.2937586666667,0 
-169.4997153333333,-14.2937716666667,0 
-169.4997351666667,-14.2937708333333,0 
-169.4997171666667,-14.2937663333333,0 
-169.4997125000000,-14.2937606666667,0 
-169.4997266666667,-14.2937693333333,0 
-169.4997270000000,-14.2937676666667,0 
-169.4997120000000,-14.2937623333333,0 
-169.4997166666667,-14.2937678333333,0 
-169.4996955000000,-14.2937583333333,0 
-169.4997338333333,-14.2937618333333,0 
-169.4997140000000,-14.2937636666667,0 
-169.4997046666667,-14.2937580000000,0 
-169.4997191666667,-14.2937673333333,0 
-169.4997178333333,-14.2937666666667,0 
-169.4997080000000,-14.2937625000000,0 
-169.4997323333333,-14.2937653333333,0 
-169.4997253333333,-14.2937663333333,0 
-169.4997288333333,-14.2937645000000,0 
-169.4997310000000,-14.2937593333333,0 
-169.4997083333333,-14.2937578333333,0 
-169.4997148333333,-14.2937653333333,0 
-169.4997256666667,-14.2937691666667,0 
-169.4997060000000,-14.2937631666667,0 
-169.4997226666667,-14.2937658333333,0 
-169.4997195000000,-14.2937650000000,0 
-169.4997198333333,-14.2937698333333,0 
-169.4997126666667,-14.2937686666667,0 
-169.4997386666667,-14.2937705000000,0 
-169.4997303333333,-14.2937586666667,0 
-169.4997218333333,-14.2937646666667,0 
-169.4997308333333,-14.2937586666667,0 
-169.4997530000000,-14.2937650000000,0 
-169.4997878333333,-14.2937626666667,0 
-169.4997685000000,-14.2937623333333,0 
-169.4997848333333,-14.2937535000000,0 
-169.4997993333333,-14.2937478333333,0 
-169.4997976666667,-14.2937410000000,0 
-169.4998221666667,-14.2937498333333,0 
-169.4997993333333,-14.2937400000000,0 
-169.4997868333333,-14.2937306666667,0 
-169.4998173333333,-14.2937370000000,0 
-169.4998120000000,-14.2937363333333,0 
-169.4998311666667,-14.2937425000000,0 
-169.4998270000000,-14.2937403333333,0 
-169.4998395000000,-14.2937486666667,0 
-169.4998078333333,-14.2937173333333,0 
-169.4998151666667,-14.2937341666667,0 
-169.4998133333333,-14.2937181666667,0 
-169.4998341666667,-14.2937228333333,0 
-169.4998108333333,-14.2937173333333,0 
-169.4998408333333,-14.2937198333333,0 
-169.4998383333333,-14.2937188333333,0 
-169.4998348333333,-14.2937145000000,0 
-169.4998481666667,-14.2937208333333,0 
-169.4998173333333,-14.2937130000000,0 
-169.4998133333333,-14.2937140000000,0 
-169.4998196666667,-14.2937138333333,0 
-169.4998268333333,-14.2937118333333,0 
-169.4998330000000,-14.2937198333333,0 
-169.4998413333333,-14.2937231666667,0 
-169.4998563333333,-14.2937285000000,0 
-169.4998348333333,-14.2937163333333,0 
-169.4998271666667,-14.2937121666667,0 
-169.4998456666667,-14.2937116666667,0 
-169.4998375000000,-14.2937136666667,0 
-169.4998560000000,-14.2937215000000,0 
-169.4998551666667,-14.2937173333333,0 
-169.4998726666667,-14.2937123333333,0 
-169.4998648333333,-14.2937080000000,0 
-169.4998796666667,-14.2937098333333,0 
-169.4998500000000,-14.2936973333333,0 
-169.4998656666667,-14.2936951666667,0 
-169.4998640000000,-14.2936945000000,0 
-169.4998663333333,-14.2936881666667,0 
-169.4998641666667,-14.2936920000000,0 
-169.4998718333333,-14.2936976666667,0 
-169.4998635000000,-14.2936941666667,0 
-169.4998566666667,-14.2936910000000,0 
-169.4998628333333,-14.2936950000000,0 
-169.4998528333333,-14.2936860000000,0 
-169.4998698333333,-14.2936965000000,0 
-169.4998556666667,-14.2936948333333,0 
-169.4998706666667,-14.2936885000000,0 
-169.4998811666667,-14.2937030000000,0 
-169.4998513333333,-14.2937016666667,0 
-169.4998616666667,-14.2936995000000,0 
-169.4998715000000,-14.2936995000000,0 
-169.4998651666667,-14.2937041666667,0 
-169.4998591666667,-14.2937015000000,0 
-169.4998878333333,-14.2937020000000,0 
-169.4998855000000,-14.2937028333333,0 
-169.4998560000000,-14.2936956666667,0 
-169.4998670000000,-14.2936901666667,0 
-169.4998438333333,-14.2936850000000,0 
-169.4998328333333,-14.2936710000000,0 
-169.4998188333333,-14.2936628333333,0 
-169.4998146666667,-14.2936575000000,0 
-169.4998235000000,-14.2936580000000,0 
-169.4997965000000,-14.2936640000000,0 
-169.4997860000000,-14.2936573333333,0 
-169.4997841666667,-14.2936660000000,0 
-169.4997923333333,-14.2936551666667,0 
-169.4997868333333,-14.2936495000000,0 
-169.4998003333333,-14.2936473333333,0 
-169.4998293333333,-14.2936546666667,0 
-169.4998275000000,-14.2936518333333,0 
-169.4998031666667,-14.2936418333333,0 
-169.4998270000000,-14.2936513333333,0 
-169.4998140000000,-14.2936513333333,0 
-169.4998068333333,-14.2936433333333,0 
-169.4997976666667,-14.2936425000000,0 
-169.4998130000000,-14.2936458333333,0 
-169.4998220000000,-14.2936503333333,0 
-169.4997936666667,-14.2936398333333,0 
-169.4998236666667,-14.2936456666667,0 
-169.4998280000000,-14.2936530000000,0 
-169.4998230000000,-14.2936495000000,0 
-169.4998060000000,-14.2936548333333,0 
-169.4997993333333,-14.2936415000000,0 
-169.4998048333333,-14.2936458333333,0 
-169.4998100000000,-14.2936428333333,0 
-169.4997945000000,-14.2936461666667,0 
-169.4998033333333,-14.2936425000000,0 
-169.4998151666667,-14.2936451666667,0 
-169.4998165000000,-14.2936521666667,0 
-169.4997823333333,-14.2936435000000,0 
-169.4997915000000,-14.2936443333333,0 
-169.4997995000000,-14.2936473333333,0 
-169.4997991666667,-14.2936460000000,0 
-169.4998011666667,-14.2936436666667,0 
-169.4997878333333,-14.2936398333333,0 
-169.4997951666667,-14.2936436666667,0 
-169.4998003333333,-14.2936535000000,0 
-169.4997933333333,-14.2936435000000,0 
-169.4997943333333,-14.2936451666667,0 
-169.4998025000000,-14.2936538333333,0 
-169.4997925000000,-14.2936508333333,0 
-169.4997851666667,-14.2936478333333,0 
-169.4998046666667,-14.2936575000000,0 
-169.4997998333333,-14.2936501666667,0 
-169.4997950000000,-14.2936498333333,0 
-169.4997868333333,-14.2936571666667,0 
-169.4997896666667,-14.2936463333333,0 
-169.4997885000000,-14.2936520000000,0 
-169.4997810000000,-14.2936485000000,0 
-169.4998021666667,-14.2936546666667,0 
-169.4997790000000,-14.2936461666667,0 
-169.4997933333333,-14.2936525000000,0 
-169.4997725000000,-14.2936438333333,0 
-169.4998031666667,-14.2936540000000,0 
-169.4997866666667,-14.2936436666667,0 
-169.4997823333333,-14.2936468333333,0 
-169.4998048333333,-14.2936505000000,0 
-169.4997863333333,-14.2936418333333,0 
-169.4997956666667,-14.2936520000000,0 
-169.4997621666667,-14.2936448333333,0 
-169.4997805000000,-14.2936510000000,0 
-169.4997931666667,-14.2936525000000,0 
-169.4997805000000,-14.2936461666667,0 
-169.4997851666667,-14.2936423333333,0 
-169.4997946666667,-14.2936473333333,0 
-169.4998043333333,-14.2936421666667,0 
-169.4997950000000,-14.2936438333333,0 
-169.4998191666667,-14.2936433333333,0 
-169.4997966666667,-14.2936411666667,0 
-169.4998140000000,-14.2936361666667,0 
-169.4997955000000,-14.2936235000000,0 
-169.4997923333333,-14.2936208333333,0 
-169.4997926666667,-14.2936186666667,0 
-169.4997793333333,-14.2936110000000,0 
-169.4998033333333,-14.2936210000000,0 
-169.4998046666667,-14.2936105000000,0 
-169.4997723333333,-14.2936076666667,0 
-169.4998036666667,-14.2936170000000,0 
-169.4997773333333,-14.2936091666667,0 
-169.4998040000000,-14.2936153333333,0 
-169.4998108333333,-14.2936150000000,0 
-169.4998028333333,-14.2936151666667,0 
-169.4998166666667,-14.2936210000000,0 
-169.4997975000000,-14.2936188333333,0 
-169.4997953333333,-14.2936191666667,0 
-169.4998215000000,-14.2936306666667,0 
-169.4998096666667,-14.2936311666667,0 
-169.4998138333333,-14.2936301666667,0 
-169.4997951666667,-14.2936236666667,0 
-169.4998250000000,-14.2936355000000,0 
-169.4997763333333,-14.2936185000000,0 
-169.4997988333333,-14.2936236666667,0 
-169.4997710000000,-14.2936166666667,0 
-169.4997696666667,-14.2936201666667,0 
-169.4997656666667,-14.2936195000000,0 
-169.4997836666667,-14.2936161666667,0 
-169.4997911666667,-14.2936156666667,0 
-169.4997860000000,-14.2936090000000,0 
-169.4997936666667,-14.2936018333333,0 
-169.4998210000000,-14.2936091666667,0 
-169.4998025000000,-14.2936088333333,0 
-169.4997938333333,-14.2936020000000,0 
-169.4998078333333,-14.2936063333333,0 
-169.4997965000000,-14.2936006666667,0 
-169.4998180000000,-14.2936046666667,0 
-169.4998076666667,-14.2936051666667,0 
-169.4998251666667,-14.2936096666667,0 
-169.4998253333333,-14.2936098333333,0 
-169.4998030000000,-14.2936003333333,0 
-169.4997890000000,-14.2935983333333,0 
-169.4997938333333,-14.2935983333333,0 
-169.4998088333333,-14.2936066666667,0 
-169.4998011666667,-14.2936046666667,0 
-169.4998310000000,-14.2936100000000,0 
-169.4998010000000,-14.2936033333333,0 
-169.4998091666667,-14.2936081666667,0 
-169.4997983333333,-14.2936033333333,0 
-169.4998290000000,-14.2936111666667,0 
-169.4998268333333,-14.2936118333333,0 
-169.4998218333333,-14.2936120000000,0 
-169.4998308333333,-14.2936120000000,0 
-169.4998035000000,-14.2936013333333,0 
-169.4998116666667,-14.2936071666667,0 
-169.4998260000000,-14.2936096666667,0 
-169.4998260000000,-14.2936115000000,0 
-169.4998361666667,-14.2936206666667,0 
-169.4998541666667,-14.2936248333333,0 
-169.4998380000000,-14.2936396666667,0 
-169.4998563333333,-14.2936461666667,0 
-169.4998596666667,-14.2936513333333,0 
-169.4998491666667,-14.2936403333333,0 
-169.4998516666667,-14.2936348333333,0 
-169.4998336666667,-14.2936285000000,0 
-169.4998391666667,-14.2936311666667,0 
-169.4998300000000,-14.2936225000000,0 
-169.4998436666667,-14.2936335000000,0 
-169.4998381666667,-14.2936306666667,0 
-169.4998346666667,-14.2936253333333,0 
-169.4998348333333,-14.2936250000000,0 
-169.4998281666667,-14.2936296666667,0 
-169.4998538333333,-14.2936285000000,0 
-169.4998363333333,-14.2936271666667,0 
-169.4998440000000,-14.2936206666667,0 
-169.4998323333333,-14.2936198333333,0 
-169.4998546666667,-14.2936253333333,0 
-169.4998256666667,-14.2936150000000,0 
-169.4998523333333,-14.2936245000000,0 
-169.4998303333333,-14.2936205000000,0 
-169.4998221666667,-14.2936121666667,0 
-169.4998301666667,-14.2936203333333,0 
-169.4998475000000,-14.2936231666667,0 
-169.4998326666667,-14.2936223333333,0 
-169.4998501666667,-14.2936258333333,0 
-169.4998448333333,-14.2936220000000,0 
-169.4998311666667,-14.2936216666667,0 
-169.4998515000000,-14.2936293333333,0 
-169.4998486666667,-14.2936293333333,0 
-169.4998218333333,-14.2936186666667,0 
-169.4998346666667,-14.2936153333333,0 
-169.4998171666667,-14.2936155000000,0 
-169.4998246666667,-14.2936108333333,0 
-169.4998448333333,-14.2936276666667,0 
-169.4998395000000,-14.2936226666667,0 
-169.4998511666667,-14.2936250000000,0 
-169.4998503333333,-14.2936271666667,0 
-169.4998281666667,-14.2936206666667,0 
-169.4998563333333,-14.2936280000000,0 
-169.4998471666667,-14.2936243333333,0 
-169.4998420000000,-14.2936263333333,0 
-169.4998206666667,-14.2936161666667,0 
-169.4998291666667,-14.2936233333333,0 
-169.4998301666667,-14.2936183333333,0 
-169.4998348333333,-14.2936220000000,0 
-169.4998223333333,-14.2936178333333,0 
-169.4998328333333,-14.2936201666667,0 
-169.4998390000000,-14.2936225000000,0 
-169.4998256666667,-14.2936156666667,0 
-169.4998456666667,-14.2936250000000,0 
-169.4998455000000,-14.2936231666667,0 
-169.4998220000000,-14.2936191666667,0 
-169.4998180000000,-14.2936165000000,0 
-169.4998155000000,-14.2936160000000,0 
-169.4998351666667,-14.2936188333333,0 
-169.4998220000000,-14.2936178333333,0 
-169.4998245000000,-14.2936186666667,0 
-169.4998351666667,-14.2936223333333,0 
-169.4998473333333,-14.2936256666667,0 
-169.4998338333333,-14.2936180000000,0 
-169.4998418333333,-14.2936243333333,0 
-169.4998438333333,-14.2936270000000,0 
-169.4998138333333,-14.2936140000000,0 
-169.4998398333333,-14.2936276666667,0 
-169.4998445000000,-14.2936286666667,0 
-169.4998216666667,-14.2936211666667,0 
-169.4998230000000,-14.2936225000000,0 
-169.4998195000000,-14.2936151666667,0 
-169.4998288333333,-14.2936226666667,0 
-169.4998305000000,-14.2936186666667,0 
-169.4998540000000,-14.2936286666667,0 
-169.4998445000000,-14.2936290000000,0 
-169.4998350000000,-14.2936215000000,0 
-169.4998435000000,-14.2936246666667,0 
-169.4998605000000,-14.2936311666667,0 
-169.4998225000000,-14.2936198333333,0 
-169.4998288333333,-14.2936166666667,0 
-169.4998336666667,-14.2936233333333,0 
-169.4998316666667,-14.2936218333333,0 
-169.4998400000000,-14.2936181666667,0 
-169.4998491666667,-14.2936281666667,0 
-169.4998385000000,-14.2936220000000,0 
-169.4998450000000,-14.2936296666667,0 
-169.4998368333333,-14.2936208333333,0 
-169.4998540000000,-14.2936353333333,0 
-169.4998570000000,-14.2936346666667,0 
-169.4998465000000,-14.2936226666667,0 
-169.4998428333333,-14.2936185000000,0 
-169.4998190000000,-14.2936190000000,0 
-169.4998280000000,-14.2936190000000,0 
-169.4998210000000,-14.2936173333333,0 
-169.4998220000000,-14.2936091666667,0 
-169.4998438333333,-14.2936201666667,0 
-169.4998180000000,-14.2936123333333,0 
-169.4998313333333,-14.2936131666667,0 
-169.4998300000000,-14.2936176666667,0 
-169.4998110000000,-14.2936045000000,0 
-169.4998390000000,-14.2936176666667,0 
-169.4998063333333,-14.2936051666667,0 
-169.4998443333333,-14.2936156666667,0 
-169.4998228333333,-14.2936128333333,0 
-169.4998086666667,-14.2936048333333,0 
-169.4998281666667,-14.2936155000000,0 
-169.4998305000000,-14.2936140000000,0 
-169.4998263333333,-14.2936131666667,0 
-169.4998216666667,-14.2936085000000,0 
-169.4998378333333,-14.2936181666667,0 
-169.4998175000000,-14.2936093333333,0 
-169.4998456666667,-14.2936153333333,0 
-169.4998466666667,-14.2936125000000,0 
-169.4998380000000,-14.2936128333333,0 
-169.4998245000000,-14.2936090000000,0 
-169.4998395000000,-14.2936141666667,0 
-169.4998380000000,-14.2936173333333,0 
-169.4998313333333,-14.2936116666667,0 
-169.4998403333333,-14.2936186666667,0 
-169.4998225000000,-14.2936105000000,0 
-169.4998350000000,-14.2936135000000,0 
-169.4998190000000,-14.2936068333333,0 
-169.4998268333333,-14.2936138333333,0 
-169.4998375000000,-14.2936151666667,0 
-169.4998291666667,-14.2936138333333,0 
-169.4997908333333,-14.2936006666667,0 
-169.4998133333333,-14.2936046666667,0 
-169.4998033333333,-14.2936066666667,0 
-169.4998090000000,-14.2936080000000,0 
-169.4998001666667,-14.2936045000000,0 
-169.4997568333333,-14.2935986666667,0 
-169.4997848333333,-14.2936023333333,0 
-169.4997770000000,-14.2935911666667,0 
-169.4997701666667,-14.2935853333333,0 
-169.4997821666667,-14.2935933333333,0 
-169.4997795000000,-14.2935890000000,0 
-169.4998048333333,-14.2935930000000,0 
-169.4997786666667,-14.2935858333333,0 
-169.4997958333333,-14.2935940000000,0 
-169.4997841666667,-14.2935935000000,0 
-169.4997945000000,-14.2935916666667,0 
-169.4997755000000,-14.2935883333333,0 
-169.4997878333333,-14.2935926666667,0 
-169.4997700000000,-14.2935830000000,0 
-169.4997943333333,-14.2935853333333,0 
-169.4997978333333,-14.2935895000000,0 
-169.4997853333333,-14.2935840000000,0 
-169.4997886666667,-14.2935845000000,0 
-169.4997948333333,-14.2935916666667,0 
-169.4997736666667,-14.2935863333333,0 
-169.4997926666667,-14.2935903333333,0 
-169.4998056666667,-14.2935966666667,0 
-169.4998038333333,-14.2935910000000,0 
-169.4998070000000,-14.2935940000000,0 
-169.4997830000000,-14.2935883333333,0 
-169.4998045000000,-14.2936036666667,0 
-169.4997985000000,-14.2936116666667,0 
-169.4998216666667,-14.2936131666667,0 
-169.4998185000000,-14.2936171666667,0 
-169.4998100000000,-14.2936171666667,0 
-169.4998156666667,-14.2936136666667,0 
-169.4998186666667,-14.2936255000000,0 
-169.4998058333333,-14.2936135000000,0 
-169.4998090000000,-14.2936131666667,0 
-169.4998038333333,-14.2936110000000,0 
-169.4998240000000,-14.2936175000000,0 
-169.4998100000000,-14.2936105000000,0 
-169.4998026666667,-14.2936165000000,0 
-169.4998098333333,-14.2936148333333,0 
-169.4998111666667,-14.2936135000000,0 
-169.4998168333333,-14.2936143333333,0 
-169.4998240000000,-14.2936178333333,0 
-169.4998103333333,-14.2936108333333,0 
-169.4998176666667,-14.2936180000000,0 
-169.4998103333333,-14.2936163333333,0 
-169.4998040000000,-14.2936110000000,0 
-169.4998236666667,-14.2936141666667,0 
-169.4998256666667,-14.2936173333333,0 
-169.4998185000000,-14.2936126666667,0 
-169.4998260000000,-14.2936220000000,0 
-169.4998285000000,-14.2936231666667,0 
-169.4998170000000,-14.2936113333333,0 
-169.4998070000000,-14.2936105000000,0 
-169.4998145000000,-14.2936131666667,0 
-169.4998258333333,-14.2936130000000,0 
-169.4998186666667,-14.2936005000000,0 
-169.4997993333333,-14.2935756666667,0 
-169.4997726666667,-14.2935735000000,0 
-169.4997721666667,-14.2935550000000,0 
-169.4997646666667,-14.2935476666667,0 
-169.4998073333333,-14.2935635000000,0 
-169.4998211666667,-14.2935635000000,0 
-169.4998276666667,-14.2935616666667,0 
-169.4998131666667,-14.2935548333333,0 
-169.4998325000000,-14.2935438333333,0 
-169.4998290000000,-14.2935376666667,0 
-169.4998266666667,-14.2935486666667,0 
-169.4998221666667,-14.2935351666667,0 
-169.4998260000000,-14.2935445000000,0 
-169.4998430000000,-14.2935291666667,0 
-169.4998210000000,-14.2935270000000,0 
-169.4998161666667,-14.2935256666667,0 
-169.4998030000000,-14.2935138333333,0 
-169.4997755000000,-14.2935206666667,0 
-169.4997595000000,-14.2935200000000,0 
-169.4997675000000,-14.2935208333333,0 
-169.4997710000000,-14.2935175000000,0 
-169.4997636666667,-14.2935156666667,0 
-169.4997726666667,-14.2935155000000,0 
-169.4997830000000,-14.2935125000000,0 
-169.4997706666667,-14.2935153333333,0 
-169.4997793333333,-14.2935140000000,0 
-169.4997673333333,-14.2935130000000,0 
-169.4997911666667,-14.2935278333333,0 
-169.4997698333333,-14.2935123333333,0 
-169.4997791666667,-14.2935216666667,0 
-169.4997845000000,-14.2935201666667,0 
-169.4997810000000,-14.2935138333333,0 
-169.4997835000000,-14.2935106666667,0 
-169.4997818333333,-14.2935261666667,0 
-169.4997776666667,-14.2935100000000,0 
-169.4997635000000,-14.2935173333333,0 
-169.4997790000000,-14.2935133333333,0 
-169.4997801666667,-14.2935225000000,0 
-169.4997653333333,-14.2935120000000,0 
-169.4997925000000,-14.2935225000000,0 
-169.4997828333333,-14.2935208333333,0 
-169.4997730000000,-14.2935126666667,0 
-169.4997920000000,-14.2935271666667,0 
-169.4997888333333,-14.2935238333333,0 
-169.4997948333333,-14.2935125000000,0 
-169.4997918333333,-14.2935280000000,0 
-169.4997875000000,-14.2935205000000,0 
-169.4997720000000,-14.2935181666667,0 
-169.4997818333333,-14.2935216666667,0 
-169.4997763333333,-14.2935140000000,0 
-169.4997861666667,-14.2935270000000,0 
-169.4997866666667,-14.2935148333333,0 
-169.4997915000000,-14.2935175000000,0 
-169.4997766666667,-14.2935273333333,0 
-169.4997915000000,-14.2935155000000,0 
-169.4997881666667,-14.2935238333333,0 
-169.4997738333333,-14.2935125000000,0 
-169.4997911666667,-14.2935183333333,0 
-169.4997836666667,-14.2935060000000,0 
-169.4997861666667,-14.2935186666667,0 
-169.4997900000000,-14.2935141666667,0 
-169.4997810000000,-14.2935216666667,0 
-169.4997910000000,-14.2935250000000,0 
-169.4997751666667,-14.2935125000000,0 
-169.4997918333333,-14.2935326666667,0 
-169.4997741666667,-14.2935206666667,0 
-169.4997935000000,-14.2935173333333,0 
-169.4997861666667,-14.2935146666667,0 
-169.4997880000000,-14.2935163333333,0 
-169.4997941666667,-14.2935103333333,0 
-169.4997761666667,-14.2935225000000,0 
-169.4997835000000,-14.2935136666667,0 
-169.4997821666667,-14.2935131666667,0 
-169.4997871666667,-14.2935116666667,0 
-169.4997671666667,-14.2935131666667,0 
-169.4997785000000,-14.2935191666667,0 
-169.4997781666667,-14.2935261666667,0 
-169.4997730000000,-14.2935163333333,0 
-169.4997866666667,-14.2935250000000,0 
-169.4997918333333,-14.2935116666667,0 
-169.4997866666667,-14.2935190000000,0 
-169.4997711666667,-14.2935233333333,0 
-169.4997703333333,-14.2935148333333,0 
-169.4997843333333,-14.2935283333333,0 
-169.4997918333333,-14.2935115000000,0 
-169.4997983333333,-14.2935111666667,0 
-169.4998105000000,-14.2935168333333,0 
-169.4997930000000,-14.2935161666667,0 
-169.4998125000000,-14.2935075000000,0 
-169.4998288333333,-14.2935098333333,0 
-169.4998245000000,-14.2935071666667,0 
-169.4998243333333,-14.2935121666667,0 
-169.4998296666667,-14.2935043333333,0 
-169.4998076666667,-14.2935006666667,0 
-169.4997755000000,-14.2935153333333,0 
-169.4997803333333,-14.2935253333333,0 
-169.4997930000000,-14.2935173333333,0 
-169.4997786666667,-14.2935103333333,0 
-169.4997743333333,-14.2935093333333,0 
-169.4997893333333,-14.2935113333333,0 
-169.4998173333333,-14.2935230000000,0 
-169.4998153333333,-14.2935068333333,0 
-169.4997908333333,-14.2935191666667,0 
-169.4997685000000,-14.2935085000000,0 
-169.4997796666667,-14.2935116666667,0 
-169.4997876666667,-14.2935151666667,0 
-169.4997876666667,-14.2935073333333,0 
-169.4998008333333,-14.2935051666667,0 
-169.4998008333333,-14.2935111666667,0 
-169.4997753333333,-14.2935123333333,0 
-169.4997908333333,-14.2935201666667,0 
-169.4998071666667,-14.2935078333333,0 
-169.4998103333333,-14.2935310000000,0 
-169.4998161666667,-14.2935135000000,0 
-169.4998241666667,-14.2935126666667,0 
-169.4998156666667,-14.2935085000000,0 
-169.4998123333333,-14.2935205000000,0 
-169.4998223333333,-14.2935255000000,0 
-169.4997908333333,-14.2935178333333,0 
-169.4998185000000,-14.2935430000000,0 
-169.4997953333333,-14.2935136666667,0 
-169.4997958333333,-14.2935195000000,0 
-169.4997893333333,-14.2935288333333,0 
-169.4997991666667,-14.2935155000000,0 
-169.4997840000000,-14.2935148333333,0 
-169.4997838333333,-14.2935180000000,0 
-169.4997913333333,-14.2935123333333,0 
-169.4998020000000,-14.2935213333333,0 
-169.4998061666667,-14.2934983333333,0 
-169.4998076666667,-14.2935135000000,0 
-169.4998121666667,-14.2935071666667,0 
-169.4997976666667,-14.2935126666667,0 
-169.4998048333333,-14.2935053333333,0 
-169.4997898333333,-14.2935003333333,0 
-169.4997915000000,-14.2935056666667,0 
-169.4997800000000,-14.2935030000000,0 
-169.4997865000000,-14.2935228333333,0 
-169.4997941666667,-14.2935036666667,0 
-169.4997760000000,-14.2935093333333,0 
-169.4997968333333,-14.2935061666667,0 
-169.4997811666667,-14.2935168333333,0 
-169.4997696666667,-14.2935058333333,0 
-169.4997810000000,-14.2935178333333,0 
-169.4997911666667,-14.2935080000000,0 
-169.4998101666667,-14.2935068333333,0 
-169.4997946666667,-14.2935065000000,0 
-169.4998206666667,-14.2935055000000,0 
-169.4998111666667,-14.2935120000000,0 
-169.4998070000000,-14.2935133333333,0 
-169.4998255000000,-14.2935085000000,0 
-169.4998195000000,-14.2935156666667,0 
-169.4998266666667,-14.2934941666667,0 
-169.4998343333333,-14.2935288333333,0 
-169.4998088333333,-14.2935038333333,0 
-169.4998241666667,-14.2935028333333,0 
-169.4998336666667,-14.2934870000000,0 
-169.4998080000000,-14.2934961666667,0 
-169.4998271666667,-14.2935006666667,0 
-169.4998411666667,-14.2934930000000,0 
-169.4998270000000,-14.2934755000000,0 
-169.4998346666667,-14.2935011666667,0 
-169.4998073333333,-14.2934850000000,0 
-169.4998271666667,-14.2934883333333,0 
-169.4998385000000,-14.2934896666667,0 
-169.4998226666667,-14.2934961666667,0 
-169.4998233333333,-14.2934933333333,0 
-169.4998228333333,-14.2934921666667,0 
-169.4998225000000,-14.2935003333333,0 
-169.4998311666667,-14.2935076666667,0 
-169.4998088333333,-14.2934923333333,0 
-169.4998316666667,-14.2934975000000,0 
-169.4998218333333,-14.2935081666667,0 
-169.4998335000000,-14.2935043333333,0 
-169.4998283333333,-14.2934883333333,0 
-169.4998358333333,-14.2934928333333,0 
-169.4998211666667,-14.2934951666667,0 
-169.4998363333333,-14.2934888333333,0 
-169.4998540000000,-14.2935021666667,0 
-169.4998331666667,-14.2934943333333,0 
-169.4997935000000,-14.2934846666667,0 
-169.4998056666667,-14.2934720000000,0 
-169.4997931666667,-14.2934625000000,0 
-169.4997910000000,-14.2934690000000,0 
-169.4997900000000,-14.2934558333333,0 
-169.4997940000000,-14.2934520000000,0 
-169.4997968333333,-14.2934543333333,0 
-169.4997673333333,-14.2934523333333,0 
-169.4997823333333,-14.2934603333333,0 
-169.4997755000000,-14.2934586666667,0 
-169.4997685000000,-14.2934533333333,0 
-169.4997790000000,-14.2934615000000,0 
-169.4997708333333,-14.2934548333333,0 
-169.4997681666667,-14.2934563333333,0 
-169.4997801666667,-14.2934575000000,0 
-169.4997728333333,-14.2934581666667,0 
-169.4997798333333,-14.2934576666667,0 
-169.4997696666667,-14.2934540000000,0 
-169.4997871666667,-14.2934651666667,0 
-169.4997653333333,-14.2934593333333,0 
-169.4997731666667,-14.2934540000000,0 
-169.4997795000000,-14.2934590000000,0 
-169.4997515000000,-14.2934528333333,0 
-169.4997825000000,-14.2934558333333,0 
-169.4997655000000,-14.2934636666667,0 
-169.4997711666667,-14.2934561666667,0 
-169.4997698333333,-14.2934471666667,0 
-169.4997655000000,-14.2934546666667,0 
-169.4997755000000,-14.2934556666667,0 
-169.4997606666667,-14.2934605000000,0 
-169.4997785000000,-14.2934591666667,0 
-169.4997946666667,-14.2934465000000,0 
-169.4997905000000,-14.2934593333333,0 
-169.4998025000000,-14.2934418333333,0 
-169.4998400000000,-14.2934426666667,0 
-169.4998403333333,-14.2934373333333,0 
-169.4998575000000,-14.2934298333333,0 
-169.4998598333333,-14.2934298333333,0 
-169.4998203333333,-14.2934223333333,0 
-169.4998426666667,-14.2934155000000,0 
-169.4998671666667,-14.2934195000000,0 
-169.4998566666667,-14.2934080000000,0 
-169.4998325000000,-14.2934013333333,0 
-169.4998373333333,-14.2933951666667,0 
-169.4998386666667,-14.2934003333333,0 
-169.4998436666667,-14.2933968333333,0 
-169.4998393333333,-14.2933883333333,0 
-169.4998583333333,-14.2934045000000,0 
-169.4998585000000,-14.2934031666667,0 
-169.4998616666667,-14.2934036666667,0 
-169.4998346666667,-14.2933986666667,0 
-169.4998255000000,-14.2933996666667,0 
-169.4998090000000,-14.2934041666667,0 
-169.4997918333333,-14.2934238333333,0 
-169.4997598333333,-14.2934845000000,0 
-169.4997405000000,-14.2934900000000,0 
-169.4997451666667,-14.2934600000000,0 
-169.4997670000000,-14.2934378333333,0 
-169.4997878333333,-14.2934323333333,0 
-169.4998465000000,-14.2934323333333,0 
-169.4998488333333,-14.2934371666667,0 
-169.4998590000000,-14.2934250000000,0 
-169.4998571666667,-14.2934205000000,0 
-169.4998393333333,-14.2933945000000,0 
-169.4998290000000,-14.2933978333333,0 
-169.4998308333333,-14.2933911666667,0 
-169.4998003333333,-14.2933885000000,0 
-169.4998110000000,-14.2933980000000,0 
-169.4998373333333,-14.2933950000000,0 
-169.4998130000000,-14.2933871666667,0 
-169.4998223333333,-14.2933896666667,0 
-169.4998290000000,-14.2933881666667,0 
-169.4998435000000,-14.2933931666667,0 
-169.4998416666667,-14.2933898333333,0 
-169.4998310000000,-14.2933890000000,0 
-169.4998315000000,-14.2933835000000,0 
-169.4998241666667,-14.2933868333333,0 
-169.4998251666667,-14.2933816666667,0 
-169.4998413333333,-14.2933850000000,0 
-169.4998286666667,-14.2933890000000,0 
-169.4998180000000,-14.2933846666667,0 
-169.4998353333333,-14.2933893333333,0 
-169.4998395000000,-14.2933891666667,0 
-169.4998401666667,-14.2933883333333,0 
-169.4998291666667,-14.2933870000000,0 
-169.4998363333333,-14.2933853333333,0 
-169.4998496666667,-14.2933966666667,0 
-169.4998351666667,-14.2933871666667,0 
-169.4998333333333,-14.2933808333333,0 
-169.4998370000000,-14.2933756666667,0 
-169.4998300000000,-14.2933741666667,0 
-169.4998471666667,-14.2933760000000,0 
-169.4998236666667,-14.2933560000000,0 
-169.4998390000000,-14.2933581666667,0 
-169.4998123333333,-14.2933418333333,0 
-169.4998270000000,-14.2933360000000,0 
-169.4998133333333,-14.2933308333333,0 
-169.4997965000000,-14.2933211666667,0 
-169.4998218333333,-14.2933241666667,0 
-169.4997963333333,-14.2933208333333,0 
-169.4998313333333,-14.2933266666667,0 
-169.4998293333333,-14.2933268333333,0 
-169.4998111666667,-14.2933243333333,0 
-169.4998081666667,-14.2933231666667,0 
-169.4998141666667,-14.2933246666667,0 
-169.4998120000000,-14.2933226666667,0 
-169.4998265000000,-14.2933296666667,0 
-169.4998215000000,-14.2933256666667,0 
-169.4998238333333,-14.2933205000000,0 
-169.4998273333333,-14.2933268333333,0 
-169.4998298333333,-14.2933278333333,0 
-169.4998260000000,-14.2933308333333,0 
-169.4998025000000,-14.2933206666667,0 
-169.4998108333333,-14.2933223333333,0 
-169.4998040000000,-14.2933230000000,0 
-169.4998235000000,-14.2933301666667,0 
-169.4998051666667,-14.2933348333333,0 
-169.4998121666667,-14.2933356666667,0 
-169.4997803333333,-14.2933255000000,0 
-169.4997671666667,-14.2933436666667,0 
-169.4997685000000,-14.2933518333333,0 
-169.4997510000000,-14.2933581666667,0 
-169.4997726666667,-14.2933750000000,0 
-169.4997481666667,-14.2933611666667,0 
-169.4997743333333,-14.2933775000000,0 
-169.4997728333333,-14.2933556666667,0 
-169.4997771666667,-14.2933326666667,0 
-169.4998178333333,-14.2933235000000,0 
-169.4998171666667,-14.2933241666667,0 
-169.4998180000000,-14.2933138333333,0 
-169.4998501666667,-14.2933225000000,0 
-169.4998855000000,-14.2933323333333,0 
-169.4998483333333,-14.2933200000000,0 
-169.4998626666667,-14.2933198333333,0 
-169.4998490000000,-14.2933090000000,0 
-169.4998793333333,-14.2933151666667,0 
-169.4998753333333,-14.2933070000000,0 
-169.4998623333333,-14.2932953333333,0 
-169.4998713333333,-14.2932926666667,0 
-169.4998606666667,-14.2932796666667,0 
-169.4998728333333,-14.2932783333333,0 
-169.4998883333333,-14.2932723333333,0 
-169.4998903333333,-14.2932828333333,0 
-169.4998633333333,-14.2932711666667,0 
-169.4998640000000,-14.2932680000000,0 
-169.4998828333333,-14.2932755000000,0 
-169.4998853333333,-14.2932721666667,0 
-169.4998776666667,-14.2932760000000,0 
-169.4998726666667,-14.2932768333333,0 
-169.4998616666667,-14.2932703333333,0 
-169.4998765000000,-14.2932776666667,0 
-169.4998675000000,-14.2932675000000,0 
-169.4998848333333,-14.2932750000000,0 
-169.4998873333333,-14.2932698333333,0 
-169.4998721666667,-14.2932718333333,0 
-169.4998818333333,-14.2932708333333,0 
-169.4998728333333,-14.2932733333333,0 
-169.4998775000000,-14.2932745000000,0 
-169.4998835000000,-14.2932735000000,0 
-169.4998976666667,-14.2932741666667,0 
-169.4998728333333,-14.2932771666667,0 
-169.4998896666667,-14.2932795000000,0 
-169.4998740000000,-14.2932750000000,0 
-169.4998916666667,-14.2932900000000,0 
-169.4998746666667,-14.2932858333333,0 
-169.4998790000000,-14.2932893333333,0 
-169.4998896666667,-14.2932893333333,0 
-169.4998910000000,-14.2932861666667,0 
-169.4998861666667,-14.2932871666667,0 
-169.4998990000000,-14.2932885000000,0 
-169.4999058333333,-14.2932838333333,0 
-169.4998810000000,-14.2932931666667,0 
-169.4998703333333,-14.2932891666667,0 
-169.4998641666667,-14.2932931666667,0 
-169.4998806666667,-14.2932915000000,0 
-169.4998553333333,-14.2932833333333,0 
-169.4998565000000,-14.2932803333333,0 
-169.4998738333333,-14.2932680000000,0 
-169.4998676666667,-14.2932701666667,0 
-169.4998755000000,-14.2932543333333,0 
-169.4998790000000,-14.2932638333333,0 
-169.4998743333333,-14.2932696666667,0 
-169.4998838333333,-14.2932640000000,0 
-169.4998648333333,-14.2932586666667,0 
-169.4998635000000,-14.2932611666667,0 
-169.4998658333333,-14.2932691666667,0 
-169.4998691666667,-14.2932615000000,0 
-169.4998696666667,-14.2932760000000,0 
-169.4998753333333,-14.2932595000000,0 
-169.4998590000000,-14.2932685000000,0 
-169.4998805000000,-14.2932545000000,0 
-169.4998788333333,-14.2932576666667,0 
-169.4998828333333,-14.2932646666667,0 
-169.4998661666667,-14.2932615000000,0 
-169.4998695000000,-14.2932601666667,0 
-169.4998825000000,-14.2932643333333,0 
-169.4998786666667,-14.2932616666667,0 
-169.4998638333333,-14.2932693333333,0 
-169.4998800000000,-14.2932536666667,0 
-169.4998601666667,-14.2932575000000,0 
-169.4998500000000,-14.2932531666667,0 
-169.4998500000000,-14.2932503333333,0 
-169.4998435000000,-14.2932413333333,0 
-169.4998628333333,-14.2932276666667,0 
-169.4998543333333,-14.2932440000000,0 
-169.4998401666667,-14.2932431666667,0 
-169.4998625000000,-14.2932365000000,0 
-169.4998600000000,-14.2932420000000,0 
-169.4998516666667,-14.2932360000000,0 
-169.4998498333333,-14.2932481666667,0 
-169.4998451666667,-14.2932445000000,0 
-169.4998428333333,-14.2932216666667,0 
-169.4998515000000,-14.2932541666667,0 
-169.4998266666667,-14.2932370000000,0 
-169.4998585000000,-14.2932370000000,0 
-169.4998401666667,-14.2932383333333,0 
-169.4998618333333,-14.2932488333333,0 
-169.4998465000000,-14.2932546666667,0 
-169.4998568333333,-14.2932560000000,0 
-169.4998681666667,-14.2932735000000,0 
-169.4998435000000,-14.2932578333333,0 
-169.4998620000000,-14.2932553333333,0 
-169.4998701666667,-14.2932590000000,0 
-169.4998658333333,-14.2932576666667,0 
-169.4998643333333,-14.2932481666667,0 
-169.4998708333333,-14.2932560000000,0 
-169.4998536666667,-14.2932536666667,0 
-169.4998403333333,-14.2932475000000,0 
-169.4998491666667,-14.2932598333333,0 
-169.4998460000000,-14.2932496666667,0 
-169.4998716666667,-14.2932478333333,0 
-169.4998541666667,-14.2932536666667,0 
-169.4998415000000,-14.2932461666667,0 
-169.4998636666667,-14.2932423333333,0 
-169.4998593333333,-14.2932491666667,0 
-169.4998650000000,-14.2932443333333,0 
-169.4998491666667,-14.2932511666667,0 
-169.4998731666667,-14.2932525000000,0 
-169.4998418333333,-14.2932455000000,0 
-169.4998441666667,-14.2932413333333,0 
-169.4998428333333,-14.2932300000000,0 
-169.4998473333333,-14.2932361666667,0 
-169.4998341666667,-14.2932325000000,0 
-169.4998493333333,-14.2932323333333,0 
-169.4998426666667,-14.2932338333333,0 
-169.4998530000000,-14.2932501666667,0 
-169.4998306666667,-14.2932333333333,0 
-169.4998438333333,-14.2932456666667,0 
-169.4998581666667,-14.2932436666667,0 
-169.4998400000000,-14.2932311666667,0 
-169.4998300000000,-14.2932273333333,0 
-169.4998523333333,-14.2932245000000,0 
-169.4998208333333,-14.2932151666667,0 
-169.4998093333333,-14.2932105000000,0 
-169.4998468333333,-14.2932100000000,0 
-169.4998575000000,-14.2932148333333,0 
-169.4998520000000,-14.2932336666667,0 
-169.4998768333333,-14.2932343333333,0 
-169.4998656666667,-14.2932356666667,0 
-169.4998686666667,-14.2932325000000,0 
-169.4998561666667,-14.2932153333333,0 
-169.4998870000000,-14.2932376666667,0 
-169.4998416666667,-14.2932235000000,0 
-169.4998610000000,-14.2932348333333,0 
-169.4998748333333,-14.2932325000000,0 
-169.4998518333333,-14.2932290000000,0 
-169.4998745000000,-14.2932303333333,0 
-169.4998558333333,-14.2932355000000,0 
-169.4998620000000,-14.2932338333333,0 
-169.4998561666667,-14.2932263333333,0 
-169.4998586666667,-14.2932420000000,0 
-169.4998345000000,-14.2932203333333,0 
-169.4998681666667,-14.2932230000000,0 
-169.4998616666667,-14.2932273333333,0 
-169.4998485000000,-14.2932130000000,0 
-169.4998471666667,-14.2932115000000,0 
-169.4998573333333,-14.2932260000000,0 
-169.4998545000000,-14.2932240000000,0 
-169.4998575000000,-14.2932255000000,0 
-169.4998680000000,-14.2932316666667,0 
-169.4998623333333,-14.2932246666667,0 
-169.4998516666667,-14.2932260000000,0 
-169.4998480000000,-14.2932271666667,0 
-169.4998591666667,-14.2932286666667,0 
-169.4998596666667,-14.2932276666667,0 
-169.4998661666667,-14.2932310000000,0 
-169.4998520000000,-14.2932233333333,0 
-169.4998608333333,-14.2932255000000,0 
-169.4998573333333,-14.2932230000000,0 
-169.4998553333333,-14.2932256666667,0 
-169.4998638333333,-14.2932268333333,0 
-169.4998641666667,-14.2932261666667,0 
-169.4998615000000,-14.2932270000000,0 
-169.4998626666667,-14.2932298333333,0 
-169.4998503333333,-14.2932321666667,0 
-169.4998391666667,-14.2932235000000,0 
-169.4998446666667,-14.2932276666667,0 
-169.4998666666667,-14.2932310000000,0 
-169.4998675000000,-14.2932296666667,0 
-169.4998561666667,-14.2932241666667,0 
-169.4998711666667,-14.2932281666667,0 
-169.4998595000000,-14.2932268333333,0 
-169.4998716666667,-14.2932278333333,0 
-169.4998708333333,-14.2932261666667,0 
-169.4998455000000,-14.2932210000000,0 
-169.4998726666667,-14.2932298333333,0 
-169.4998758333333,-14.2932313333333,0 
-169.4998456666667,-14.2932218333333,0 
-169.4998786666667,-14.2932275000000,0 
-169.4998575000000,-14.2932238333333,0 
-169.4998551666667,-14.2932223333333,0 
-169.4998676666667,-14.2932256666667,0 
-169.4998686666667,-14.2932195000000,0 
-169.4998713333333,-14.2932265000000,0 
-169.4998525000000,-14.2932226666667,0 
-169.4998643333333,-14.2932253333333,0 
-169.4998735000000,-14.2932290000000,0 
-169.4998723333333,-14.2932231666667,0 
-169.4998653333333,-14.2932248333333,0 
-169.4998600000000,-14.2932251666667,0 
-169.4998755000000,-14.2932265000000,0 
-169.4998741666667,-14.2932235000000,0 
-169.4998758333333,-14.2932248333333,0 
-169.4998641666667,-14.2932230000000,0 
-169.4998561666667,-14.2932266666667,0 
-169.4998570000000,-14.2932345000000,0 
-169.4998533333333,-14.2932356666667,0 
-169.4998551666667,-14.2932435000000,0 
-169.4998650000000,-14.2932493333333,0 
-169.4998711666667,-14.2932538333333,0 
-169.4998455000000,-14.2932496666667,0 
-169.4998600000000,-14.2932486666667,0 
-169.4998546666667,-14.2932460000000,0 
-169.4998610000000,-14.2932413333333,0 
-169.4998758333333,-14.2932406666667,0 
-169.4998555000000,-14.2932416666667,0 
-169.4998760000000,-14.2932401666667,0 
-169.4998800000000,-14.2932460000000,0 
-169.4998630000000,-14.2932366666667,0 
-169.4998748333333,-14.2932390000000,0 
-169.4998755000000,-14.2932316666667,0 
-169.4998888333333,-14.2932400000000,0 
-169.4998810000000,-14.2932360000000,0 
-169.4998635000000,-14.2932365000000,0 
-169.4998738333333,-14.2932351666667,0 
-169.4998658333333,-14.2932376666667,0 
-169.4998736666667,-14.2932458333333,0 
-169.4998825000000,-14.2932420000000,0 
-169.4998746666667,-14.2932381666667,0 
-169.4998576666667,-14.2932401666667,0 
-169.4998731666667,-14.2932380000000,0 
-169.4998581666667,-14.2932385000000,0 
-169.4998691666667,-14.2932421666667,0 
-169.4998838333333,-14.2932515000000,0 
-169.4998641666667,-14.2932480000000,0 
-169.4998735000000,-14.2932423333333,0 
-169.4998796666667,-14.2932513333333,0 
-169.4998600000000,-14.2932468333333,0 
-169.4998781666667,-14.2932498333333,0 
-169.4998688333333,-14.2932443333333,0 
-169.4998750000000,-14.2932470000000,0 
-169.4998661666667,-14.2932443333333,0 
-169.4998798333333,-14.2932501666667,0 
-169.4998661666667,-14.2932475000000,0 
-169.4998756666667,-14.2932431666667,0 
-169.4998651666667,-14.2932478333333,0 
-169.4998428333333,-14.2932236666667,0 
-169.4998421666667,-14.2932063333333,0 
-169.4998163333333,-14.2932085000000,0 
-169.4997975000000,-14.2931995000000,0 
-169.4997851666667,-14.2931918333333,0 
-169.4997406666667,-14.2931961666667,0 
-169.4997621666667,-14.2931923333333,0 
-169.4997330000000,-14.2932005000000,0 
-169.4997426666667,-14.2932021666667,0 
-169.4997281666667,-14.2931871666667,0 
-169.4997458333333,-14.2931905000000,0 
-169.4997231666667,-14.2931816666667,0 
-169.4997226666667,-14.2931775000000,0 
-169.4997121666667,-14.2931758333333,0 
-169.4996945000000,-14.2931618333333,0 
-169.4996846666667,-14.2931675000000,0 
-169.4996960000000,-14.2931578333333,0 
-169.4997055000000,-14.2931613333333,0 
-169.4997166666667,-14.2931475000000,0 
-169.4997336666667,-14.2931491666667,0 
-169.4997333333333,-14.2931451666667,0 
-169.4997083333333,-14.2931361666667,0 
-169.4996728333333,-14.2931323333333,0 
-169.4996783333333,-14.2931491666667,0 
-169.4996516666667,-14.2931575000000,0 
-169.4996555000000,-14.2931561666667,0 
-169.4996916666667,-14.2931608333333,0 
-169.4996736666667,-14.2931563333333,0 
-169.4996843333333,-14.2931615000000,0 
-169.4996820000000,-14.2931555000000,0 
-169.4996638333333,-14.2931501666667,0 
-169.4996735000000,-14.2931680000000,0 
-169.4996671666667,-14.2931596666667,0 
-169.4996633333333,-14.2931570000000,0 
-169.4996425000000,-14.2931713333333,0 
-169.4996551666667,-14.2931693333333,0 
-169.4996740000000,-14.2931526666667,0 
-169.4997203333333,-14.2931678333333,0 
-169.4997346666667,-14.2931740000000,0 
-169.4996941666667,-14.2931480000000,0 
-169.4997031666667,-14.2931558333333,0 
-169.4996413333333,-14.2931475000000,0 
-169.4996228333333,-14.2931641666667,0 
-169.4996106666667,-14.2931770000000,0 
-169.4996158333333,-14.2931975000000,0 
-169.4995805000000,-14.2931820000000,0 
-169.4996065000000,-14.2931581666667,0 
-169.4996286666667,-14.2931401666667,0 
-169.4996491666667,-14.2931326666667,0 
-169.4996616666667,-14.2931350000000,0 
-169.4996540000000,-14.2931283333333,0 
-169.4996590000000,-14.2931285000000,0 
-169.4996525000000,-14.2931261666667,0 
-169.4996265000000,-14.2931195000000,0 
-169.4996336666667,-14.2931178333333,0 
-169.4996290000000,-14.2931240000000,0 
-169.4996113333333,-14.2931275000000,0 
-169.4995788333333,-14.2931166666667,0 
-169.4996001666667,-14.2931290000000,0 
-169.4995801666667,-14.2931265000000,0 
-169.4996060000000,-14.2931313333333,0 
-169.4995911666667,-14.2931180000000,0 
-169.4995881666667,-14.2931158333333,0 
-169.4995653333333,-14.2931061666667,0 
-169.4995935000000,-14.2931116666667,0 
-169.4995668333333,-14.2931041666667,0 
-169.4995745000000,-14.2931106666667,0 
-169.4995941666667,-14.2931050000000,0 
-169.4996020000000,-14.2931081666667,0 
-169.4996008333333,-14.2931160000000,0 
-169.4995596666667,-14.2931301666667,0 
-169.4995700000000,-14.2931571666667,0 
-169.4995920000000,-14.2931705000000,0 
-169.4995875000000,-14.2931701666667,0 
-169.4995786666667,-14.2931656666667,0 
-169.4995841666667,-14.2931628333333,0 
-169.4995645000000,-14.2931628333333,0 
-169.4995883333333,-14.2931685000000,0 
-169.4995811666667,-14.2931655000000,0 
-169.4995941666667,-14.2931698333333,0 
-169.4995800000000,-14.2931631666667,0 
-169.4995855000000,-14.2931665000000,0 
-169.4995913333333,-14.2931713333333,0 
-169.4995873333333,-14.2931655000000,0 
-169.4995858333333,-14.2931606666667,0 
-169.4995878333333,-14.2931695000000,0 
-169.4995746666667,-14.2931713333333,0 
-169.4995656666667,-14.2931503333333,0 
-169.4995490000000,-14.2931496666667,0 
-169.4995400000000,-14.2931440000000,0 
-169.4995391666667,-14.2931356666667,0 
-169.4995386666667,-14.2931376666667,0 
-169.4995348333333,-14.2931425000000,0 
-169.4995426666667,-14.2931305000000,0 
-169.4995455000000,-14.2931468333333,0 
-169.4995598333333,-14.2931313333333,0 
-169.4995328333333,-14.2930875000000,0 
-169.4995595000000,-14.2930663333333,0 
-169.4995650000000,-14.2930531666667,0 
-169.4995711666667,-14.2930401666667,0 
-169.4995738333333,-14.2930566666667,0 
-169.4995648333333,-14.2930618333333,0 
-169.4995861666667,-14.2930968333333,0 
-169.4995583333333,-14.2930880000000,0 
-169.4995596666667,-14.2931270000000,0 
-169.4995495000000,-14.2931151666667,0 
-169.4995555000000,-14.2931253333333,0 
-169.4995466666667,-14.2931206666667,0 
-169.4995316666667,-14.2931130000000,0 
-169.4995598333333,-14.2931236666667,0 
-169.4995508333333,-14.2931091666667,0 
-169.4995396666667,-14.2931243333333,0 
-169.4995341666667,-14.2931215000000,0 
-169.4995415000000,-14.2931155000000,0 
-169.4995480000000,-14.2931196666667,0 
-169.4995331666667,-14.2931221666667,0 
-169.4995271666667,-14.2931185000000,0 
-169.4995403333333,-14.2931303333333,0 
-169.4995408333333,-14.2931110000000,0 
-169.4995373333333,-14.2931266666667,0 
-169.4995410000000,-14.2931151666667,0 
-169.4995406666667,-14.2931213333333,0 
-169.4995438333333,-14.2931285000000,0 
-169.4995343333333,-14.2931181666667,0 
-169.4995525000000,-14.2931225000000,0 
-169.4995406666667,-14.2931133333333,0 
-169.4995421666667,-14.2931178333333,0 
-169.4995528333333,-14.2931221666667,0 
-169.4995481666667,-14.2931245000000,0 
-169.4995511666667,-14.2931306666667,0 
-169.4995528333333,-14.2931238333333,0 
-169.4995465000000,-14.2931208333333,0 
-169.4995678333333,-14.2931258333333,0 
-169.4995606666667,-14.2931231666667,0 
-169.4995580000000,-14.2931250000000,0 
-169.4995621666667,-14.2931280000000,0 
-169.4995510000000,-14.2931015000000,0 
-169.4995436666667,-14.2930923333333,0 
-169.4995563333333,-14.2930898333333,0 
-169.4995543333333,-14.2930965000000,0 
-169.4995366666667,-14.2930861666667,0 
-169.4995348333333,-14.2930833333333,0 
-169.4995588333333,-14.2930816666667,0 
-169.4995481666667,-14.2930736666667,0 
-169.4995865000000,-14.2930763333333,0 
-169.4995826666667,-14.2930736666667,0 
-169.4995810000000,-14.2930866666667,0 
-169.4995616666667,-14.2930775000000,0 
-169.4995788333333,-14.2930858333333,0 
-169.4995503333333,-14.2930783333333,0 
-169.4995610000000,-14.2930793333333,0 
-169.4995635000000,-14.2930680000000,0 
-169.4995680000000,-14.2930616666667,0 
-169.4995790000000,-14.2930541666667,0 
-169.4995680000000,-14.2930496666667,0 
-169.4995783333333,-14.2930433333333,0 
-169.4995673333333,-14.2930380000000,0 
-169.4995671666667,-14.2930391666667,0 
-169.4995458333333,-14.2930360000000,0 
-169.4995371666667,-14.2930413333333,0 
-169.4995263333333,-14.2930270000000,0 
-169.4995630000000,-14.2930320000000,0 
-169.4995543333333,-14.2930275000000,0 
-169.4995568333333,-14.2930151666667,0 
-169.4995463333333,-14.2930146666667,0 
-169.4995313333333,-14.2930166666667,0 
-169.4995308333333,-14.2930208333333,0 
-169.4995163333333,-14.2930310000000,0 
-169.4995020000000,-14.2930316666667,0 
-169.4995043333333,-14.2930326666667,0 
-169.4995115000000,-14.2930365000000,0 
-169.4995016666667,-14.2930333333333,0 
-169.4994975000000,-14.2930323333333,0 
-169.4994953333333,-14.2930268333333,0 
-169.4994871666667,-14.2930146666667,0 
-169.4994878333333,-14.2930273333333,0 
-169.4994911666667,-14.2930110000000,0 
-169.4995151666667,-14.2930218333333,0 
-169.4995081666667,-14.2930248333333,0 
-169.4995103333333,-14.2930218333333,0 
-169.4995205000000,-14.2930265000000,0 
-169.4995206666667,-14.2930371666667,0 
-169.4995008333333,-14.2930206666667,0 
-169.4995041666667,-14.2930293333333,0 
-169.4995130000000,-14.2930275000000,0 
-169.4995176666667,-14.2930298333333,0 
-169.4995251666667,-14.2930355000000,0 
-169.4995170000000,-14.2930263333333,0 
-169.4995180000000,-14.2930288333333,0 
-169.4995340000000,-14.2930355000000,0 
-169.4995306666667,-14.2930301666667,0 
-169.4995221666667,-14.2930411666667,0 
-169.4995271666667,-14.2930450000000,0 
-169.4995146666667,-14.2930305000000,0 
-169.4995290000000,-14.2930416666667,0 
-169.4995243333333,-14.2930298333333,0 
-169.4995010000000,-14.2930140000000,0 
-169.4994806666667,-14.2930058333333,0 
-169.4994858333333,-14.2929943333333,0 
-169.4994700000000,-14.2929911666667,0 
-169.4994915000000,-14.2930095000000,0 
-169.4994760000000,-14.2930005000000,0 
-169.4994775000000,-14.2929970000000,0 
-169.4994946666667,-14.2930070000000,0 
-169.4995018333333,-14.2930090000000,0 
-169.4994891666667,-14.2930018333333,0 
-169.4994835000000,-14.2929988333333,0 
-169.4994835000000,-14.2929976666667,0 
-169.4995031666667,-14.2930111666667,0 
-169.4995085000000,-14.2930178333333,0 
-169.4995061666667,-14.2930296666667,0 
-169.4994986666667,-14.2930093333333,0 
-169.4995218333333,-14.2930270000000,0 
-169.4995168333333,-14.2930323333333,0 
-169.4995306666667,-14.2930333333333,0 
-169.4995250000000,-14.2930250000000,0 
-169.4995238333333,-14.2930173333333,0 
-169.4995436666667,-14.2930430000000,0 
-169.4995203333333,-14.2930126666667,0 
-169.4995280000000,-14.2930243333333,0 
-169.4995023333333,-14.2930391666667,0 
-169.4995030000000,-14.2930563333333,0 
-169.4995016666667,-14.2930466666667,0 
-169.4994933333333,-14.2930388333333,0 
-169.4995078333333,-14.2930526666667,0 
-169.4995001666667,-14.2930416666667,0 
-169.4995155000000,-14.2930580000000,0 
-169.4995140000000,-14.2930553333333,0 
-169.4995026666667,-14.2930631666667,0 
-169.4995231666667,-14.2930746666667,0 
-169.4995221666667,-14.2930743333333,0 
-169.4995166666667,-14.2930630000000,0 
-169.4995161666667,-14.2930573333333,0 
-169.4995160000000,-14.2930565000000,0 
-169.4995180000000,-14.2930471666667,0 
-169.4995341666667,-14.2930570000000,0 
-169.4995266666667,-14.2930450000000,0 
-169.4995296666667,-14.2930561666667,0 
-169.4995323333333,-14.2930510000000,0 
-169.4995366666667,-14.2930565000000,0 
-169.4995263333333,-14.2930560000000,0 
-169.4995085000000,-14.2930405000000,0 
-169.4995268333333,-14.2930413333333,0 
-169.4995340000000,-14.2930445000000,0 
-169.4995303333333,-14.2930435000000,0 
-169.4995350000000,-14.2930410000000,0 
-169.4995266666667,-14.2930400000000,0 
-169.4995223333333,-14.2930371666667,0 
-169.4995191666667,-14.2930311666667,0 
-169.4995198333333,-14.2930360000000,0 
-169.4995296666667,-14.2930398333333,0 
-169.4995181666667,-14.2930343333333,0 
-169.4995258333333,-14.2930395000000,0 
-169.4995163333333,-14.2930288333333,0 
-169.4995240000000,-14.2930383333333,0 
-169.4995203333333,-14.2930361666667,0 
-169.4995353333333,-14.2930376666667,0 
-169.4995346666667,-14.2930510000000,0 
-169.4995241666667,-14.2930341666667,0 
-169.4995386666667,-14.2930383333333,0 
-169.4995483333333,-14.2930466666667,0 
-169.4995453333333,-14.2930478333333,0 
-169.4995263333333,-14.2930366666667,0 
-169.4995320000000,-14.2930378333333,0 
-169.4995368333333,-14.2930478333333,0 
-169.4995410000000,-14.2930386666667,0 
-169.4995311666667,-14.2930436666667,0 
-169.4995345000000,-14.2930526666667,0 
-169.4995388333333,-14.2930550000000,0 
-169.4995111666667,-14.2930358333333,0 
-169.4995350000000,-14.2930521666667,0 
-169.4995346666667,-14.2930456666667,0 
-169.4995243333333,-14.2930433333333,0 
-169.4995441666667,-14.2930708333333,0 
-169.4995360000000,-14.2930913333333,0 
-169.4995458333333,-14.2930883333333,0 
-169.4995531666667,-14.2930916666667,0 
-169.4995680000000,-14.2931031666667,0 
-169.4995938333333,-14.2931188333333,0 
-169.4995856666667,-14.2931170000000,0 
-169.4996108333333,-14.2931431666667,0 
-169.4996061666667,-14.2931241666667,0 
-169.4996010000000,-14.2931001666667,0 
-169.4995596666667,-14.2930613333333,0 
-169.4995178333333,-14.2930460000000,0 
-169.4995030000000,-14.2930385000000,0 
-169.4994751666667,-14.2930316666667,0 
-169.4994691666667,-14.2930306666667,0 
-169.4994690000000,-14.2930101666667,0 
-169.4994610000000,-14.2930005000000,0 
-169.4994706666667,-14.2930000000000,0 
-169.4994575000000,-14.2929870000000,0 
-169.4994588333333,-14.2929823333333,0 
-169.4994645000000,-14.2929830000000,0 
-169.4994503333333,-14.2929868333333,0 
-169.4994793333333,-14.2930001666667,0 
-169.4994653333333,-14.2929881666667,0 
-169.4994725000000,-14.2929915000000,0 
-169.4994435000000,-14.2929773333333,0 
-169.4994683333333,-14.2929923333333,0 
-169.4994700000000,-14.2929836666667,0 
-169.4994685000000,-14.2929878333333,0 
-169.4994643333333,-14.2929841666667,0 
-169.4994730000000,-14.2929973333333,0 
-169.4994663333333,-14.2929788333333,0 
-169.4994731666667,-14.2929855000000,0 
-169.4994763333333,-14.2929856666667,0 
-169.4994890000000,-14.2929816666667,0 
-169.4994818333333,-14.2929798333333,0 
-169.4994715000000,-14.2929901666667,0 
-169.4994616666667,-14.2929701666667,0 
-169.4994540000000,-14.2929675000000,0 
-169.4994660000000,-14.2929843333333,0 
-169.4994506666667,-14.2929583333333,0 
-169.4994778333333,-14.2929683333333,0 
-169.4994650000000,-14.2929536666667,0 
-169.4994790000000,-14.2929613333333,0 
-169.4994818333333,-14.2929623333333,0 
-169.4994563333333,-14.2929481666667,0 
-169.4994863333333,-14.2929663333333,0 
-169.4994751666667,-14.2929646666667,0 
-169.4994758333333,-14.2929626666667,0 
-169.4994726666667,-14.2929615000000,0 
-169.4994576666667,-14.2929640000000,0 
-169.4994795000000,-14.2929683333333,0 
-169.4994811666667,-14.2929776666667,0 
-169.4994558333333,-14.2929571666667,0 
-169.4994813333333,-14.2929686666667,0 
-169.4994521666667,-14.2929500000000,0 
-169.4994788333333,-14.2929540000000,0 
-169.4994816666667,-14.2929491666667,0 
-169.4994583333333,-14.2929441666667,0 
-169.4994810000000,-14.2929596666667,0 
-169.4994640000000,-14.2929501666667,0 
-169.4994670000000,-14.2929618333333,0 
-169.4994416666667,-14.2929515000000,0 
-169.4994590000000,-14.2929583333333,0 
-169.4994675000000,-14.2929651666667,0 
-169.4994733333333,-14.2929561666667,0 
-169.4994638333333,-14.2929646666667,0 
-169.4994631666667,-14.2929583333333,0 
-169.4994695000000,-14.2929571666667,0 
-169.4994711666667,-14.2929535000000,0 
-169.4994820000000,-14.2929543333333,0 
-169.4994790000000,-14.2929556666667,0 
-169.4994803333333,-14.2929613333333,0 
-169.4994630000000,-14.2929498333333,0 
-169.4994660000000,-14.2929563333333,0 
-169.4994745000000,-14.2929550000000,0 
-169.4994691666667,-14.2929563333333,0 
-169.4994805000000,-14.2929523333333,0 
-169.4994736666667,-14.2929578333333,0 
-169.4994813333333,-14.2929573333333,0 
-169.4994463333333,-14.2929515000000,0 
-169.4994808333333,-14.2929593333333,0 
-169.4994651666667,-14.2929596666667,0 
-169.4994691666667,-14.2929523333333,0 
-169.4994618333333,-14.2929581666667,0 
-169.4994716666667,-14.2929658333333,0 
-169.4994496666667,-14.2929608333333,0 
-169.4994260000000,-14.2929680000000,0 
-169.4994308333333,-14.2929741666667,0 
-169.4994381666667,-14.2929763333333,0 
-169.4994343333333,-14.2929700000000,0 
-169.4994291666667,-14.2929688333333,0 
-169.4994300000000,-14.2929750000000,0 
-169.4994396666667,-14.2929676666667,0 
-169.4994321666667,-14.2929650000000,0 
-169.4994335000000,-14.2929730000000,0 
-169.4994341666667,-14.2929681666667,0 
-169.4994301666667,-14.2929761666667,0 
-169.4994228333333,-14.2929736666667,0 
-169.4994333333333,-14.2929806666667,0 
-169.4994215000000,-14.2929781666667,0 
-169.4994301666667,-14.2929720000000,0 
-169.4994358333333,-14.2929695000000,0 
-169.4994333333333,-14.2929591666667,0 
-169.4994388333333,-14.2929566666667,0 
-169.4994313333333,-14.2929563333333,0 
-169.4994413333333,-14.2929786666667,0 
-169.4994108333333,-14.2929773333333,0 
-169.4994288333333,-14.2929648333333,0 
-169.4994451666667,-14.2929691666667,0 
-169.4994315000000,-14.2929573333333,0 
-169.4994243333333,-14.2929651666667,0 
-169.4994236666667,-14.2929695000000,0 
-169.4994310000000,-14.2929780000000,0 
-169.4994155000000,-14.2929753333333,0 
-169.4994211666667,-14.2929615000000,0 
-169.4994550000000,-14.2929490000000,0 
-169.4994230000000,-14.2929463333333,0 
-169.4994266666667,-14.2929408333333,0 
-169.4994058333333,-14.2929416666667,0 
-169.4994018333333,-14.2929291666667,0 
-169.4993973333333,-14.2929171666667,0 
-169.4994190000000,-14.2929126666667,0 
-169.4994163333333,-14.2929038333333,0 
-169.4993960000000,-14.2929163333333,0 
-169.4994026666667,-14.2928880000000,0 
-169.4994075000000,-14.2928770000000,0 
-169.4994093333333,-14.2928790000000,0 
-169.4993951666667,-14.2928523333333,0 
-169.4994043333333,-14.2928528333333,0 
-169.4994028333333,-14.2928693333333,0 
-169.4994035000000,-14.2928521666667,0 
-169.4993963333333,-14.2928521666667,0 
-169.4994115000000,-14.2928440000000,0 
-169.4994196666667,-14.2928455000000,0 
-169.4994290000000,-14.2928411666667,0 
-169.4994171666667,-14.2928431666667,0 
-169.4994243333333,-14.2928445000000,0 
-169.4994053333333,-14.2928261666667,0 
-169.4993733333333,-14.2928273333333,0 
-169.4993876666667,-14.2928173333333,0 
-169.4993675000000,-14.2928080000000,0 
-169.4993670000000,-14.2928056666667,0 
-169.4993558333333,-14.2927996666667,0 
-169.4993505000000,-14.2927930000000,0 
-169.4993695000000,-14.2928051666667,0 
-169.4993413333333,-14.2928025000000,0 
-169.4993313333333,-14.2927861666667,0 
-169.4993203333333,-14.2927810000000,0 
-169.4993393333333,-14.2927893333333,0 
-169.4993258333333,-14.2927750000000,0 
-169.4993356666667,-14.2927863333333,0 
-169.4993323333333,-14.2927856666667,0 
-169.4993210000000,-14.2927700000000,0 
-169.4993378333333,-14.2927821666667,0 
-169.4993356666667,-14.2927760000000,0 
-169.4993123333333,-14.2927570000000,0 
-169.4993246666667,-14.2927665000000,0 
-169.4993368333333,-14.2927750000000,0 
-169.4993416666667,-14.2927753333333,0 
-169.4993436666667,-14.2927783333333,0 
-169.4993516666667,-14.2927835000000,0 
-169.4993513333333,-14.2927915000000,0 
-169.4993426666667,-14.2927803333333,0 
-169.4993300000000,-14.2927653333333,0 
-169.4993455000000,-14.2927836666667,0 
-169.4993220000000,-14.2927573333333,0 
-169.4993306666667,-14.2927580000000,0 
-169.4993343333333,-14.2927676666667,0 
-169.4993180000000,-14.2927448333333,0 
-169.4993303333333,-14.2927485000000,0 
-169.4993240000000,-14.2927460000000,0 
-169.4993533333333,-14.2927721666667,0 
-169.4993408333333,-14.2927511666667,0 
-169.4993413333333,-14.2927578333333,0 
-169.4993420000000,-14.2927550000000,0 
-169.4993345000000,-14.2927586666667,0 
-169.4993561666667,-14.2927546666667,0 
-169.4993598333333,-14.2927728333333,0 
-169.4993575000000,-14.2927698333333,0 
-169.4993410000000,-14.2927513333333,0 
-169.4993615000000,-14.2927720000000,0 
-169.4993488333333,-14.2927541666667,0 
-169.4993508333333,-14.2927500000000,0 
-169.4993565000000,-14.2927605000000,0 
-169.4993516666667,-14.2927556666667,0 
-169.4993608333333,-14.2927623333333,0 
-169.4993573333333,-14.2927721666667,0 
-169.4993591666667,-14.2927573333333,0 
-169.4993496666667,-14.2927526666667,0 
-169.4993591666667,-14.2927545000000,0 
-169.4993471666667,-14.2927536666667,0 
-169.4993583333333,-14.2927636666667,0 
-169.4993508333333,-14.2927566666667,0 
-169.4993575000000,-14.2927548333333,0 
-169.4993456666667,-14.2927521666667,0 
-169.4993468333333,-14.2927611666667,0 
-169.4993521666667,-14.2927586666667,0 
-169.4993373333333,-14.2927558333333,0 
-169.4993495000000,-14.2927588333333,0 
-169.4993505000000,-14.2927586666667,0 
-169.4993493333333,-14.2927641666667,0 
-169.4993403333333,-14.2927476666667,0 
-169.4993596666667,-14.2927588333333,0 
-169.4993511666667,-14.2927648333333,0 
-169.4993416666667,-14.2927555000000,0 
-169.4993581666667,-14.2927631666667,0 
-169.4993536666667,-14.2927671666667,0 
-169.4993445000000,-14.2927500000000,0 
-169.4993605000000,-14.2927536666667,0 
-169.4993456666667,-14.2927660000000,0 
-169.4993331666667,-14.2927490000000,0 
-169.4993435000000,-14.2927496666667,0 
-169.4993366666667,-14.2927518333333,0 
-169.4993363333333,-14.2927636666667,0 
-169.4993408333333,-14.2927548333333,0 
-169.4993196666667,-14.2927385000000,0 
-169.4993250000000,-14.2927455000000,0 
-169.4993355000000,-14.2927355000000,0 
-169.4993126666667,-14.2926938333333,0 
-169.4993253333333,-14.2926800000000,0 
-169.4993250000000,-14.2926725000000,0 
-169.4993175000000,-14.2926603333333,0 
-169.4993123333333,-14.2926463333333,0 
-169.4993236666667,-14.2926476666667,0 
-169.4993230000000,-14.2926476666667,0 
-169.4993176666667,-14.2926413333333,0 
-169.4993353333333,-14.2926456666667,0 
-169.4993176666667,-14.2926371666667,0 
-169.4993145000000,-14.2926271666667,0 
-169.4993178333333,-14.2926320000000,0 
-169.4993095000000,-14.2926166666667,0 
-169.4993150000000,-14.2926166666667,0 
-169.4993103333333,-14.2926146666667,0 
-169.4992911666667,-14.2926023333333,0 
-169.4992808333333,-14.2926126666667,0 
-169.4992768333333,-14.2926081666667,0 
-169.4992573333333,-14.2926040000000,0 
-169.4992695000000,-14.2926011666667,0 
-169.4992711666667,-14.2926090000000,0 
-169.4992728333333,-14.2926010000000,0 
-169.4992680000000,-14.2926030000000,0 
-169.4992671666667,-14.2926111666667,0 
-169.4992570000000,-14.2926005000000,0 
-169.4992620000000,-14.2926106666667,0 
-169.4992440000000,-14.2925941666667,0 
-169.4992573333333,-14.2926036666667,0 
-169.4992476666667,-14.2925845000000,0 
-169.4992635000000,-14.2926093333333,0 
-169.4992465000000,-14.2925948333333,0 
-169.4992531666667,-14.2925996666667,0 
-169.4992561666667,-14.2925926666667,0 
-169.4992515000000,-14.2925885000000,0 
-169.4992715000000,-14.2926048333333,0 
-169.4992708333333,-14.2925888333333,0 
-169.4992768333333,-14.2925850000000,0 
-169.4992746666667,-14.2925858333333,0 
-169.4992565000000,-14.2925768333333,0 
-169.4992680000000,-14.2925810000000,0 
-169.4992851666667,-14.2925818333333,0 
-169.4992771666667,-14.2925711666667,0 
-169.4993038333333,-14.2925740000000,0 
-169.4992961666667,-14.2925578333333,0 
-169.4993158333333,-14.2925658333333,0 
-169.4993316666667,-14.2925551666667,0 
-169.4993356666667,-14.2925485000000,0 
-169.4993306666667,-14.2925463333333,0 
-169.4993421666667,-14.2925428333333,0 
-169.4993405000000,-14.2925306666667,0 
-169.4993406666667,-14.2925300000000,0 
-169.4992975000000,-14.2925125000000,0 
-169.4993053333333,-14.2925071666667,0 
-169.4992750000000,-14.2925065000000,0 
-169.4992678333333,-14.2925058333333,0 
-169.4992793333333,-14.2925070000000,0 
-169.4992741666667,-14.2924965000000,0 
-169.4992973333333,-14.2924923333333,0 
-169.4992896666667,-14.2924818333333,0 
-169.4992656666667,-14.2924730000000,0 
-169.4992813333333,-14.2924820000000,0 
-169.4992735000000,-14.2924851666667,0 
-169.4992728333333,-14.2924930000000,0 
-169.4992738333333,-14.2924946666667,0 
-169.4992795000000,-14.2925080000000,0 
-169.4992791666667,-14.2925176666667,0 
-169.4992576666667,-14.2925213333333,0 
-169.4992518333333,-14.2925098333333,0 
-169.4992511666667,-14.2925181666667,0 
-169.4992371666667,-14.2925106666667,0 
-169.4992423333333,-14.2925215000000,0 
-169.4992305000000,-14.2925098333333,0 
-169.4992191666667,-14.2925175000000,0 
-169.4992096666667,-14.2925035000000,0 
-169.4992051666667,-14.2924961666667,0 
-169.4991970000000,-14.2924936666667,0 
-169.4992031666667,-14.2925080000000,0 
-169.4992055000000,-14.2925271666667,0 
-169.4992138333333,-14.2925035000000,0 
-169.4992203333333,-14.2925081666667,0 
-169.4992216666667,-14.2925005000000,0 
-169.4992186666667,-14.2925003333333,0 
-169.4992151666667,-14.2925088333333,0 
-169.4992416666667,-14.2925195000000,0 
-169.4992401666667,-14.2925116666667,0 
-169.4992566666667,-14.2925293333333,0 
-169.4992456666667,-14.2925085000000,0 
-169.4992380000000,-14.2925100000000,0 
-169.4992460000000,-14.2925141666667,0 
-169.4992383333333,-14.2925040000000,0 
-169.4992343333333,-14.2925046666667,0 
-169.4992331666667,-14.2925003333333,0 
-169.4992345000000,-14.2925033333333,0 
-169.4992371666667,-14.2925020000000,0 
-169.4992375000000,-14.2925060000000,0 
-169.4992398333333,-14.2925278333333,0 
-169.4992533333333,-14.2925291666667,0 
-169.4992551666667,-14.2925236666667,0 
-169.4992470000000,-14.2925123333333,0 
-169.4992518333333,-14.2925128333333,0 
-169.4992516666667,-14.2925093333333,0 
-169.4992573333333,-14.2925070000000,0 
-169.4992580000000,-14.2925003333333,0 
-169.4992606666667,-14.2924970000000,0 
-169.4992698333333,-14.2925030000000,0 
-169.4992563333333,-14.2924850000000,0 
-169.4992713333333,-14.2924826666667,0 
-169.4992753333333,-14.2924865000000,0 
-169.4992678333333,-14.2924940000000,0 
-169.4992745000000,-14.2924873333333,0 
-169.4992563333333,-14.2924763333333,0 
-169.4992676666667,-14.2924843333333,0 
-169.4992683333333,-14.2924820000000,0 
-169.4992665000000,-14.2924798333333,0 
-169.4992671666667,-14.2924826666667,0 
-169.4992808333333,-14.2924861666667,0 
-169.4992678333333,-14.2924816666667,0 
-169.4992741666667,-14.2924788333333,0 
-169.4992685000000,-14.2924865000000,0 
-169.4992766666667,-14.2924896666667,0 
-169.4992851666667,-14.2924895000000,0 
-169.4992673333333,-14.2924835000000,0 
-169.4992753333333,-14.2924910000000,0 
-169.4992631666667,-14.2924826666667,0 
-169.4992665000000,-14.2924866666667,0 
-169.4992696666667,-14.2924916666667,0 
-169.4992761666667,-14.2924873333333,0 
-169.4992693333333,-14.2924828333333,0 
-169.4992730000000,-14.2924970000000,0 
-169.4992823333333,-14.2924875000000,0 
-169.4992738333333,-14.2924928333333,0 
-169.4992733333333,-14.2924925000000,0 
-169.4992775000000,-14.2924876666667,0 
-169.4992718333333,-14.2924958333333,0 
-169.4992585000000,-14.2924871666667,0 
-169.4992791666667,-14.2924928333333,0 
-169.4992650000000,-14.2924900000000,0 
-169.4992778333333,-14.2924918333333,0 
-169.4992783333333,-14.2925006666667,0 
-169.4992770000000,-14.2925015000000,0 
-169.4992823333333,-14.2925043333333,0 
-169.4992786666667,-14.2925001666667,0 
-169.4992793333333,-14.2925025000000,0 
-169.4992766666667,-14.2924988333333,0 
-169.4992858333333,-14.2924995000000,0 
-169.4992776666667,-14.2925030000000,0 
-169.4992696666667,-14.2925111666667,0 
-169.4992830000000,-14.2924873333333,0 
-169.4992738333333,-14.2924716666667,0 
-169.4992780000000,-14.2924771666667,0 
-169.4992863333333,-14.2924586666667,0 
-169.4992736666667,-14.2924553333333,0 
-169.4992768333333,-14.2924316666667,0 
-169.4992715000000,-14.2924340000000,0 
-169.4992658333333,-14.2924035000000,0 
-169.4992346666667,-14.2923915000000,0 
-169.4992221666667,-14.2924001666667,0 
-169.4991915000000,-14.2923958333333,0 
-169.4991695000000,-14.2923830000000,0 
-169.4991738333333,-14.2924020000000,0 
-169.4991678333333,-14.2923810000000,0 
-169.4991896666667,-14.2923853333333,0 
-169.4991806666667,-14.2923861666667,0 
-169.4991821666667,-14.2923828333333,0 
-169.4991783333333,-14.2923793333333,0 
-169.4991823333333,-14.2923725000000,0 
-169.4991945000000,-14.2923808333333,0 
-169.4992073333333,-14.2923966666667,0 
-169.4992003333333,-14.2923866666667,0 
-169.4992055000000,-14.2923961666667,0 
-169.4992096666667,-14.2923885000000,0 
-169.4992056666667,-14.2923845000000,0 
-169.4992068333333,-14.2923940000000,0 
-169.4992061666667,-14.2924001666667,0 
-169.4992028333333,-14.2923893333333,0 
-169.4992106666667,-14.2924015000000,0 
-169.4992010000000,-14.2923986666667,0 
-169.4992080000000,-14.2923843333333,0 
-169.4992110000000,-14.2923996666667,0 
-169.4992021666667,-14.2923988333333,0 
-169.4991798333333,-14.2923765000000,0 
-169.4991660000000,-14.2923748333333,0 
-169.4991455000000,-14.2923706666667,0 
-169.4991571666667,-14.2923528333333,0 
-169.4991628333333,-14.2923558333333,0 
-169.4991660000000,-14.2923593333333,0 
-169.4991621666667,-14.2923373333333,0 
-169.4991715000000,-14.2923478333333,0 
-169.4991721666667,-14.2923361666667,0 
-169.4991771666667,-14.2923268333333,0 
-169.4991788333333,-14.2923311666667,0 
-169.4991861666667,-14.2923208333333,0 
-169.4991765000000,-14.2923270000000,0 
-169.4991696666667,-14.2923163333333,0 
-169.4991768333333,-14.2923095000000,0 
-169.4991748333333,-14.2923036666667,0 
-169.4991606666667,-14.2923063333333,0 
-169.4991478333333,-14.2922945000000,0 
-169.4991510000000,-14.2923056666667,0 
-169.4991471666667,-14.2922863333333,0 
-169.4991465000000,-14.2922925000000,0 
-169.4991493333333,-14.2922973333333,0 
-169.4991418333333,-14.2922966666667,0 
-169.4991501666667,-14.2922930000000,0 
-169.4991525000000,-14.2922925000000,0 
-169.4991478333333,-14.2923036666667,0 
-169.4991403333333,-14.2922935000000,0 
-169.4991453333333,-14.2922925000000,0 
-169.4991450000000,-14.2922963333333,0 
-169.4991446666667,-14.2923101666667,0 
-169.4991425000000,-14.2922898333333,0 
-169.4991515000000,-14.2923023333333,0 
-169.4991421666667,-14.2922905000000,0 
-169.4991416666667,-14.2922893333333,0 
-169.4991501666667,-14.2923040000000,0 
-169.4991425000000,-14.2922913333333,0 
-169.4991540000000,-14.2923035000000,0 
-169.4991401666667,-14.2922931666667,0 
-169.4991418333333,-14.2922963333333,0 
-169.4991473333333,-14.2922853333333,0 
-169.4991538333333,-14.2922863333333,0 
-169.4991750000000,-14.2922920000000,0 
-169.4991743333333,-14.2922906666667,0 
-169.4991801666667,-14.2922993333333,0 
-169.4991788333333,-14.2923111666667,0 
-169.4991776666667,-14.2922940000000,0 
-169.4991768333333,-14.2922958333333,0 
-169.4991668333333,-14.2922908333333,0 
-169.4991693333333,-14.2922875000000,0 
-169.4991711666667,-14.2922946666667,0 
-169.4991718333333,-14.2922900000000,0 
-169.4991656666667,-14.2922756666667,0 
-169.4991655000000,-14.2922870000000,0 
-169.4991795000000,-14.2922993333333,0 
-169.4991755000000,-14.2922838333333,0 
-169.4991580000000,-14.2922711666667,0 
-169.4991495000000,-14.2922658333333,0 
-169.4991653333333,-14.2922768333333,0 
-169.4991608333333,-14.2922436666667,0 
-169.4991786666667,-14.2922353333333,0 
-169.4991720000000,-14.2922070000000,0 
-169.4991718333333,-14.2921913333333,0 
-169.4991688333333,-14.2921658333333,0 
-169.4991715000000,-14.2921488333333,0 
-169.4991575000000,-14.2921278333333,0 
-169.4991670000000,-14.2921191666667,0 
-169.4991530000000,-14.2920913333333,0 
-169.4991300000000,-14.2920806666667,0 
-169.4991373333333,-14.2920670000000,0 
-169.4991308333333,-14.2920575000000,0 
-169.4991230000000,-14.2920456666667,0 
-169.4991185000000,-14.2920395000000,0 
-169.4991083333333,-14.2920276666667,0 
-169.4991075000000,-14.2920178333333,0 
-169.4991243333333,-14.2920093333333,0 
-169.4991396666667,-14.2920040000000,0 
-169.4991276666667,-14.2919921666667,0 
-169.4991440000000,-14.2920010000000,0 
-169.4991323333333,-14.2919951666667,0 
-169.4991411666667,-14.2919928333333,0 
-169.4991265000000,-14.2919878333333,0 
-169.4991496666667,-14.2920070000000,0 
-169.4991520000000,-14.2920083333333,0 
-169.4991545000000,-14.2920088333333,0 
-169.4991425000000,-14.2920020000000,0 
-169.4991318333333,-14.2919985000000,0 
-169.4991086666667,-14.2919828333333,0 
-169.4991203333333,-14.2919873333333,0 
-169.4991098333333,-14.2919828333333,0 
-169.4991021666667,-14.2919806666667,0 
-169.4991358333333,-14.2919965000000,0 
-169.4991270000000,-14.2919805000000,0 
-169.4991410000000,-14.2919850000000,0 
-169.4991181666667,-14.2919776666667,0 
-169.4991245000000,-14.2919830000000,0 
-169.4991386666667,-14.2919843333333,0 
-169.4991180000000,-14.2919786666667,0 
-169.4991205000000,-14.2919800000000,0 
-169.4991146666667,-14.2919753333333,0 
-169.4991281666667,-14.2919910000000,0 
-169.4991290000000,-14.2919905000000,0 
-169.4991145000000,-14.2919950000000,0 
-169.4990955000000,-14.2919865000000,0 
-169.4990980000000,-14.2919920000000,0 
-169.4991121666667,-14.2919796666667,0 
-169.4991223333333,-14.2919766666667,0 
-169.4991218333333,-14.2919765000000,0 
-169.4991238333333,-14.2919761666667,0 
-169.4991236666667,-14.2919776666667,0 
-169.4991356666667,-14.2919888333333,0 
-169.4991221666667,-14.2919876666667,0 
-169.4991311666667,-14.2919838333333,0 
-169.4991218333333,-14.2919823333333,0 
-169.4991378333333,-14.2919816666667,0 
-169.4991311666667,-14.2919825000000,0 
-169.4991141666667,-14.2919861666667,0 
-169.4991106666667,-14.2919826666667,0 
-169.4991051666667,-14.2919868333333,0 
-169.4991026666667,-14.2919978333333,0 
-169.4991130000000,-14.2920083333333,0 
-169.4991081666667,-14.2920033333333,0 
-169.4990910000000,-14.2920045000000,0 
-169.4990886666667,-14.2920001666667,0 
-169.4990940000000,-14.2919951666667,0 
-169.4990861666667,-14.2919998333333,0 
-169.4990923333333,-14.2919946666667,0 
-169.4990976666667,-14.2919965000000,0 
-169.4990898333333,-14.2919960000000,0 
-169.4990845000000,-14.2919930000000,0 
-169.4990755000000,-14.2919906666667,0 
-169.4990890000000,-14.2919943333333,0 
-169.4990871666667,-14.2919931666667,0 
-169.4990878333333,-14.2919975000000,0 
-169.4990758333333,-14.2919911666667,0 
-169.4990971666667,-14.2920006666667,0 
-169.4990946666667,-14.2920003333333,0 
-169.4990921666667,-14.2920026666667,0 
-169.4991003333333,-14.2919980000000,0 
-169.4990840000000,-14.2919945000000,0 
-169.4990726666667,-14.2919875000000,0 
-169.4991025000000,-14.2920001666667,0 
-169.4990946666667,-14.2919880000000,0 
-169.4991030000000,-14.2919991666667,0 
-169.4991050000000,-14.2919908333333,0 
-169.4991240000000,-14.2919913333333,0 
-169.4991145000000,-14.2919800000000,0 
-169.4991290000000,-14.2919790000000,0 
-169.4991161666667,-14.2919718333333,0 
-169.4991180000000,-14.2919656666667,0 
-169.4990898333333,-14.2919673333333,0 
-169.4990938333333,-14.2919640000000,0 
-169.4990963333333,-14.2919590000000,0 
-169.4991111666667,-14.2919573333333,0 
-169.4991383333333,-14.2919450000000,0 
-169.4991498333333,-14.2919401666667,0 
-169.4991691666667,-14.2919526666667,0 
-169.4991088333333,-14.2919686666667,0 
-169.4991188333333,-14.2919781666667,0 
-169.4990983333333,-14.2919641666667,0 
-169.4991010000000,-14.2919543333333,0 
-169.4991083333333,-14.2919498333333,0 
-169.4991078333333,-14.2919508333333,0 
-169.4991075000000,-14.2919461666667,0 
-169.4991236666667,-14.2919526666667,0 
-169.4991255000000,-14.2919523333333,0 
-169.4991126666667,-14.2919501666667,0 
-169.4991288333333,-14.2919570000000,0 
-169.4991031666667,-14.2919431666667,0 
-169.4991245000000,-14.2919548333333,0 
-169.4991115000000,-14.2919463333333,0 
-169.4991011666667,-14.2919446666667,0 
-169.4991295000000,-14.2919475000000,0 
-169.4991333333333,-14.2919513333333,0 
-169.4991271666667,-14.2919541666667,0 
-169.4991295000000,-14.2919536666667,0 
-169.4991390000000,-14.2919593333333,0 
-169.4991283333333,-14.2919463333333,0 
-169.4991266666667,-14.2919505000000,0 
-169.4991255000000,-14.2919500000000,0 
-169.4991318333333,-14.2919511666667,0 
-169.4991115000000,-14.2919573333333,0 
-169.4991118333333,-14.2919561666667,0 
-169.4991180000000,-14.2919706666667,0 
-169.4990841666667,-14.2919586666667,0 
-169.4991006666667,-14.2919613333333,0 
-169.4991045000000,-14.2919615000000,0 
-169.4990866666667,-14.2919646666667,0 
-169.4991056666667,-14.2919698333333,0 
-169.4991288333333,-14.2919650000000,0 
-169.4991340000000,-14.2919663333333,0 
-169.4991411666667,-14.2919596666667,0 
-169.4991113333333,-14.2919480000000,0 
-169.4991461666667,-14.2919560000000,0 
-169.4991183333333,-14.2919483333333,0 
-169.4991438333333,-14.2919575000000,0 
-169.4991318333333,-14.2919540000000,0 
-169.4991203333333,-14.2919455000000,0 
-169.4991378333333,-14.2919511666667,0 
-169.4991235000000,-14.2919385000000,0 
-169.4991283333333,-14.2919423333333,0 
-169.4991426666667,-14.2919496666667,0 
-169.4991266666667,-14.2919493333333,0 
-169.4991120000000,-14.2919465000000,0 
-169.4991118333333,-14.2919413333333,0 
-169.4991350000000,-14.2919563333333,0 
-169.4991106666667,-14.2919476666667,0 
-169.4991293333333,-14.2919530000000,0 
-169.4991171666667,-14.2919515000000,0 
-169.4991251666667,-14.2919451666667,0 
-169.4991128333333,-14.2919460000000,0 
-169.4991295000000,-14.2919466666667,0 
-169.4991228333333,-14.2919443333333,0 
-169.4991450000000,-14.2919505000000,0 
-169.4991458333333,-14.2919511666667,0 
-169.4991091666667,-14.2919376666667,0 
-169.4991161666667,-14.2919465000000,0 
-169.4991490000000,-14.2919525000000,0 
-169.4991240000000,-14.2919416666667,0 
-169.4991450000000,-14.2919525000000,0 
-169.4991341666667,-14.2919495000000,0 
-169.4991395000000,-14.2919481666667,0 
-169.4991150000000,-14.2919393333333,0 
-169.4991415000000,-14.2919421666667,0 
-169.4991233333333,-14.2919421666667,0 
-169.4991411666667,-14.2919518333333,0 
-169.4991530000000,-14.2919543333333,0 
-169.4991296666667,-14.2919471666667,0 
-169.4991308333333,-14.2919480000000,0 
-169.4991445000000,-14.2919491666667,0 
-169.4991276666667,-14.2919386666667,0 
-169.4991388333333,-14.2919433333333,0 
-169.4991168333333,-14.2919440000000,0 
-169.4991406666667,-14.2919558333333,0 
-169.4991470000000,-14.2919576666667,0 
-169.4991146666667,-14.2919441666667,0 
-169.4991370000000,-14.2919541666667,0 
-169.4991280000000,-14.2919481666667,0 
-169.4991281666667,-14.2919478333333,0 
-169.4991161666667,-14.2919435000000,0 
-169.4990981666667,-14.2919358333333,0 
-169.4991161666667,-14.2919331666667,0 
-169.4991165000000,-14.2919296666667,0 
-169.4990950000000,-14.2919221666667,0 
-169.4991066666667,-14.2919210000000,0 
-169.4991253333333,-14.2919071666667,0 
-169.4991398333333,-14.2919120000000,0 
-169.4991671666667,-14.2919013333333,0 
-169.4991765000000,-14.2919058333333,0 
-169.4991841666667,-14.2919020000000,0 
-169.4991731666667,-14.2918953333333,0 
-169.4991630000000,-14.2918876666667,0 
-169.4991851666667,-14.2919028333333,0 
-169.4991966666667,-14.2919050000000,0 
-169.4991875000000,-14.2919003333333,0 
-169.4991858333333,-14.2918961666667,0 
-169.4991655000000,-14.2919025000000,0 
-169.4991921666667,-14.2919098333333,0 
-169.4991963333333,-14.2919081666667,0 
-169.4991665000000,-14.2919058333333,0 
-169.4991846666667,-14.2919203333333,0 
-169.4991108333333,-14.2919063333333,0 
-169.4991188333333,-14.2919248333333,0 
-169.4990755000000,-14.2919263333333,0 
-169.4990743333333,-14.2919236666667,0 
-169.4990953333333,-14.2919373333333,0 
-169.4990843333333,-14.2919368333333,0 
-169.4990840000000,-14.2919370000000,0 
-169.4990995000000,-14.2919406666667,0 
-169.4990780000000,-14.2919228333333,0 
-169.4990898333333,-14.2919225000000,0 
-169.4990661666667,-14.2919186666667,0 
-169.4990625000000,-14.2919096666667,0 
-169.4990705000000,-14.2919201666667,0 
-169.4990861666667,-14.2919188333333,0 
-169.4990785000000,-14.2919143333333,0 
-169.4990930000000,-14.2919221666667,0 
-169.4990875000000,-14.2919210000000,0 
-169.4990650000000,-14.2919151666667,0 
-169.4990821666667,-14.2919250000000,0 
-169.4990616666667,-14.2919151666667,0 
-169.4990575000000,-14.2919113333333,0 
-169.4990913333333,-14.2919211666667,0 
-169.4990721666667,-14.2919153333333,0 
-169.4990896666667,-14.2919065000000,0 
-169.4990691666667,-14.2919215000000,0 
-169.4990526666667,-14.2919110000000,0 
-169.4990888333333,-14.2919170000000,0 
-169.4990716666667,-14.2919238333333,0 
-169.4990726666667,-14.2919146666667,0 
-169.4990598333333,-14.2919225000000,0 
-169.4990886666667,-14.2919146666667,0 
-169.4990566666667,-14.2919136666667,0 
-169.4990795000000,-14.2919200000000,0 
-169.4990815000000,-14.2919186666667,0 
-169.4990858333333,-14.2919196666667,0 
-169.4990693333333,-14.2919250000000,0 
-169.4990658333333,-14.2919141666667,0 
-169.4990876666667,-14.2919228333333,0 
-169.4990755000000,-14.2919233333333,0 
-169.4990685000000,-14.2919146666667,0 
-169.4990805000000,-14.2919126666667,0 
-169.4990723333333,-14.2919190000000,0 
-169.4990836666667,-14.2919120000000,0 
-169.4990750000000,-14.2919131666667,0 
-169.4990740000000,-14.2919158333333,0 
-169.4990741666667,-14.2919133333333,0 
-169.4990788333333,-14.2919133333333,0 
-169.4990756666667,-14.2919211666667,0 
-169.4990645000000,-14.2919050000000,0 
-169.4990835000000,-14.2919105000000,0 
-169.4990595000000,-14.2919155000000,0 
-169.4990538333333,-14.2919153333333,0 
-169.4990745000000,-14.2918993333333,0 
-169.4990581666667,-14.2919063333333,0 
-169.4990516666667,-14.2918925000000,0 
-169.4990500000000,-14.2918971666667,0 
-169.4990413333333,-14.2918891666667,0 
-169.4990695000000,-14.2918801666667,0 
-169.4990426666667,-14.2918666666667,0 
-169.4990655000000,-14.2918548333333,0 
-169.4990646666667,-14.2918585000000,0 
-169.4990581666667,-14.2918386666667,0 
-169.4990648333333,-14.2918465000000,0 
-169.4990413333333,-14.2918435000000,0 
-169.4990688333333,-14.2918250000000,0 
-169.4991053333333,-14.2918320000000,0 
-169.4990961666667,-14.2918256666667,0 
-169.4990998333333,-14.2918081666667,0 
-169.4990923333333,-14.2918123333333,0 
-169.4990721666667,-14.2918043333333,0 
-169.4990703333333,-14.2918065000000,0 
-169.4990896666667,-14.2917716666667,0 
-169.4991196666667,-14.2917598333333,0 
-169.4990991666667,-14.2917563333333,0 
-169.4991328333333,-14.2917528333333,0 
-169.4991280000000,-14.2917595000000,0 
-169.4991290000000,-14.2917626666667,0 
-169.4991308333333,-14.2917701666667,0 
-169.4991030000000,-14.2917951666667,0 
-169.4991156666667,-14.2917848333333,0 
-169.4990826666667,-14.2917775000000,0 
-169.4990630000000,-14.2917916666667,0 
-169.4990385000000,-14.2917686666667,0 
-169.4990343333333,-14.2917715000000,0 
-169.4990140000000,-14.2917635000000,0 
-169.4989876666667,-14.2917610000000,0 
-169.4989883333333,-14.2917456666667,0 
-169.4989928333333,-14.2917515000000,0 
-169.4989955000000,-14.2917326666667,0 
-169.4989690000000,-14.2917136666667,0 
-169.4989603333333,-14.2917076666667,0 
-169.4989686666667,-14.2917141666667,0 
-169.4989666666667,-14.2917076666667,0 
-169.4989726666667,-14.2917121666667,0 
-169.4989680000000,-14.2916995000000,0 
-169.4989718333333,-14.2916975000000,0 
-169.4989870000000,-14.2916940000000,0 
-169.4989716666667,-14.2916940000000,0 
-169.4989818333333,-14.2917000000000,0 
-169.4989523333333,-14.2916878333333,0 
-169.4989541666667,-14.2916886666667,0 
-169.4989338333333,-14.2916915000000,0 
-169.4989555000000,-14.2917130000000,0 
-169.4989241666667,-14.2917011666667,0 
-169.4989221666667,-14.2917026666667,0 
-169.4989055000000,-14.2916958333333,0 
-169.4989201666667,-14.2916946666667,0 
-169.4988991666667,-14.2916981666667,0 
-169.4988955000000,-14.2916958333333,0 
-169.4989033333333,-14.2917043333333,0 
-169.4989131666667,-14.2917098333333,0 
-169.4988770000000,-14.2917043333333,0 
-169.4989045000000,-14.2917078333333,0 
-169.4989028333333,-14.2917126666667,0 
-169.4989025000000,-14.2917110000000,0 
-169.4988803333333,-14.2917023333333,0 
-169.4988815000000,-14.2917055000000,0 
-169.4988768333333,-14.2917083333333,0 
-169.4988940000000,-14.2917111666667,0 
-169.4988796666667,-14.2917028333333,0 
-169.4988781666667,-14.2917155000000,0 
-169.4988775000000,-14.2917006666667,0 
-169.4988723333333,-14.2916991666667,0 
-169.4988696666667,-14.2917005000000,0 
-169.4989083333333,-14.2917135000000,0 
-169.4988730000000,-14.2917008333333,0 
-169.4988963333333,-14.2917108333333,0 
-169.4988913333333,-14.2917071666667,0 
-169.4988895000000,-14.2917090000000,0 
-169.4988886666667,-14.2917106666667,0 
-169.4988755000000,-14.2917018333333,0 
-169.4989033333333,-14.2917093333333,0 
-169.4988775000000,-14.2917001666667,0 
-169.4989060000000,-14.2917011666667,0 
-169.4988970000000,-14.2916988333333,0 
-169.4988883333333,-14.2916875000000,0 
-169.4988843333333,-14.2916773333333,0 
-169.4988875000000,-14.2916673333333,0 
-169.4989025000000,-14.2916746666667,0 
-169.4988931666667,-14.2916623333333,0 
-169.4989091666667,-14.2916688333333,0 
-169.4989165000000,-14.2916611666667,0 
-169.4989200000000,-14.2916693333333,0 
-169.4989180000000,-14.2916666666667,0 
-169.4989133333333,-14.2916630000000,0 
-169.4989058333333,-14.2916508333333,0 
-169.4989341666667,-14.2916590000000,0 
-169.4989095000000,-14.2916521666667,0 
-169.4989205000000,-14.2916576666667,0 
-169.4989115000000,-14.2916576666667,0 
-169.4988971666667,-14.2916500000000,0 
-169.4988845000000,-14.2916450000000,0 
-169.4989138333333,-14.2916493333333,0 
-169.4989056666667,-14.2916511666667,0 
-169.4988891666667,-14.2916391666667,0 
-169.4988765000000,-14.2916381666667,0 
-169.4989033333333,-14.2916193333333,0 
-169.4988875000000,-14.2916256666667,0 
-169.4988668333333,-14.2916246666667,0 
-169.4988721666667,-14.2916343333333,0 
-169.4988548333333,-14.2916225000000,0 
-169.4988655000000,-14.2916318333333,0 
-169.4988616666667,-14.2916233333333,0 
-169.4988290000000,-14.2916203333333,0 
-169.4988340000000,-14.2916118333333,0 
-169.4988508333333,-14.2916086666667,0 
-169.4988343333333,-14.2916101666667,0 
-169.4988315000000,-14.2916035000000,0 
-169.4988448333333,-14.2916066666667,0 
-169.4988558333333,-14.2915910000000,0 
-169.4988830000000,-14.2916051666667,0 
-169.4988851666667,-14.2916050000000,0 
-169.4988838333333,-14.2915898333333,0 
-169.4988503333333,-14.2915883333333,0 
-169.4988736666667,-14.2915935000000,0 
-169.4988476666667,-14.2915893333333,0 
-169.4988603333333,-14.2915903333333,0 
-169.4988790000000,-14.2915976666667,0 
-169.4988790000000,-14.2915901666667,0 
-169.4988848333333,-14.2915955000000,0 
-169.4988578333333,-14.2915910000000,0 
-169.4988618333333,-14.2915911666667,0 
-169.4988678333333,-14.2915918333333,0 
-169.4988818333333,-14.2915953333333,0 
-169.4988686666667,-14.2915915000000,0 
-169.4988688333333,-14.2915933333333,0 
-169.4988830000000,-14.2915958333333,0 
-169.4988665000000,-14.2915895000000,0 
-169.4988803333333,-14.2915933333333,0 
-169.4988591666667,-14.2915893333333,0 
-169.4988448333333,-14.2916041666667,0 
-169.4988165000000,-14.2915968333333,0 
-169.4988351666667,-14.2916106666667,0 
-169.4988153333333,-14.2916041666667,0 
-169.4988121666667,-14.2916060000000,0 
-169.4988133333333,-14.2916093333333,0 
-169.4988215000000,-14.2916068333333,0 
-169.4988105000000,-14.2916071666667,0 
-169.4988291666667,-14.2916086666667,0 
-169.4988295000000,-14.2916086666667,0 
-169.4988153333333,-14.2916038333333,0 
-169.4988040000000,-14.2916066666667,0 
-169.4988213333333,-14.2916088333333,0 
-169.4988233333333,-14.2916123333333,0 
-169.4988105000000,-14.2915951666667,0 
-169.4988215000000,-14.2916048333333,0 
-169.4988243333333,-14.2916165000000,0 
-169.4988106666667,-14.2916031666667,0 
-169.4988108333333,-14.2915926666667,0 
-169.4988176666667,-14.2915960000000,0 
-169.4988325000000,-14.2915851666667,0 
-169.4988106666667,-14.2915853333333,0 
-169.4988098333333,-14.2915815000000,0 
-169.4988111666667,-14.2915816666667,0 
-169.4988195000000,-14.2915755000000,0 
-169.4988063333333,-14.2915776666667,0 
-169.4988288333333,-14.2915768333333,0 
-169.4988041666667,-14.2915786666667,0 
-169.4988098333333,-14.2915810000000,0 
-169.4988186666667,-14.2915855000000,0 
-169.4988330000000,-14.2915858333333,0 
-169.4988090000000,-14.2915791666667,0 
-169.4988261666667,-14.2915805000000,0 
-169.4988265000000,-14.2915906666667,0 
-169.4988371666667,-14.2915878333333,0 
-169.4988088333333,-14.2915766666667,0 
-169.4988433333333,-14.2915891666667,0 
-169.4988250000000,-14.2915743333333,0 
-169.4988150000000,-14.2915755000000,0 
-169.4988343333333,-14.2915876666667,0 
-169.4988373333333,-14.2915776666667,0 
-169.4988450000000,-14.2915831666667,0 
-169.4988346666667,-14.2915835000000,0 
-169.4988216666667,-14.2915751666667,0 
-169.4988311666667,-14.2915833333333,0 
-169.4988358333333,-14.2915780000000,0 
-169.4988098333333,-14.2915713333333,0 
-169.4988415000000,-14.2915811666667,0 
-169.4988333333333,-14.2915863333333,0 
-169.4988328333333,-14.2915926666667,0 
-169.4988233333333,-14.2915790000000,0 
-169.4988261666667,-14.2915846666667,0 
-169.4988130000000,-14.2915855000000,0 
-169.4988155000000,-14.2915770000000,0 
-169.4988178333333,-14.2915858333333,0 
-169.4988238333333,-14.2915913333333,0 
-169.4988190000000,-14.2915825000000,0 
-169.4988271666667,-14.2915933333333,0 
-169.4988096666667,-14.2915821666667,0 
-169.4988261666667,-14.2915890000000,0 
-169.4988291666667,-14.2915906666667,0 
-169.4988211666667,-14.2915923333333,0 
-169.4988073333333,-14.2915861666667,0 
-169.4988060000000,-14.2915773333333,0 
-169.4988235000000,-14.2915850000000,0 
-169.4988005000000,-14.2915836666667,0 
-169.4988210000000,-14.2915871666667,0 
-169.4988251666667,-14.2915910000000,0 
-169.4988306666667,-14.2915853333333,0 
-169.4988221666667,-14.2915870000000,0 
-169.4988063333333,-14.2915821666667,0 
-169.4988040000000,-14.2915870000000,0 
-169.4988270000000,-14.2915885000000,0 
-169.4988020000000,-14.2915893333333,0 
-169.4988286666667,-14.2915871666667,0 
-169.4988341666667,-14.2915803333333,0 
-169.4988095000000,-14.2915750000000,0 
-169.4988403333333,-14.2915836666667,0 
-169.4988175000000,-14.2915803333333,0 
-169.4988268333333,-14.2915831666667,0 
-169.4988163333333,-14.2915876666667,0 
-169.4988208333333,-14.2915800000000,0 
-169.4988230000000,-14.2915746666667,0 
-169.4988088333333,-14.2915763333333,0 
-169.4988361666667,-14.2915780000000,0 
-169.4988025000000,-14.2915805000000,0 
-169.4988090000000,-14.2915725000000,0 
-169.4987881666667,-14.2915845000000,0 
-169.4987875000000,-14.2915890000000,0 
-169.4988151666667,-14.2915888333333,0 
-169.4987835000000,-14.2915861666667,0 
-169.4988066666667,-14.2916040000000,0 
-169.4987936666667,-14.2915871666667,0 
-169.4987993333333,-14.2916038333333,0 
-169.4987803333333,-14.2915936666667,0 
-169.4987870000000,-14.2915958333333,0 
-169.4987803333333,-14.2915965000000,0 
-169.4987990000000,-14.2916071666667,0 
-169.4987991666667,-14.2916028333333,0 
-169.4987778333333,-14.2915965000000,0 
-169.4987846666667,-14.2916010000000,0 
-169.4987901666667,-14.2916056666667,0 
-169.4987905000000,-14.2915983333333,0 
-169.4987845000000,-14.2915975000000,0 
-169.4987836666667,-14.2915976666667,0 
-169.4987891666667,-14.2915871666667,0 
-169.4987845000000,-14.2915966666667,0 
-169.4987791666667,-14.2915960000000,0 
-169.4987796666667,-14.2915885000000,0 
-169.4988001666667,-14.2915948333333,0 
-169.4987985000000,-14.2916031666667,0 
-169.4987780000000,-14.2915900000000,0 
-169.4988040000000,-14.2915941666667,0 
-169.4987803333333,-14.2915898333333,0 
-169.4987760000000,-14.2915928333333,0 
-169.4987885000000,-14.2915913333333,0 
-169.4987868333333,-14.2915915000000,0 
-169.4987906666667,-14.2915921666667,0 
-169.4987795000000,-14.2915923333333,0 
-169.4988000000000,-14.2915928333333,0 
-169.4987816666667,-14.2915905000000,0 
-169.4987945000000,-14.2915850000000,0 
-169.4987791666667,-14.2915885000000,0 
-169.4987806666667,-14.2915870000000,0 
-169.4987851666667,-14.2915883333333,0 
-169.4987793333333,-14.2915911666667,0 
-169.4987840000000,-14.2915898333333,0 
-169.4987811666667,-14.2915885000000,0 
-169.4987753333333,-14.2915923333333,0 
-169.4987770000000,-14.2915935000000,0 
-169.4987781666667,-14.2915926666667,0 
-169.4987823333333,-14.2915930000000,0 
-169.4987796666667,-14.2915921666667,0 
-169.4987718333333,-14.2915885000000,0 
-169.4987841666667,-14.2915925000000,0 
-169.4987758333333,-14.2915893333333,0 
-169.4987748333333,-14.2915930000000,0 
-169.4987750000000,-14.2915946666667,0 
-169.4987786666667,-14.2915926666667,0 
-169.4987651666667,-14.2915818333333,0 
-169.4987776666667,-14.2915886666667,0 
-169.4987750000000,-14.2915915000000,0 
-169.4987756666667,-14.2915928333333,0 
-169.4987770000000,-14.2915933333333,0 
-169.4987775000000,-14.2915871666667,0 
-169.4987731666667,-14.2915885000000,0 
-169.4987791666667,-14.2915926666667,0 
-169.4987860000000,-14.2915916666667,0 
-169.4987701666667,-14.2915911666667,0 
-169.4987791666667,-14.2915956666667,0 
-169.4987810000000,-14.2915820000000,0 
-169.4987798333333,-14.2915748333333,0 
-169.4987855000000,-14.2915663333333,0 
-169.4987948333333,-14.2915643333333,0 
-169.4988048333333,-14.2915485000000,0 
-169.4988201666667,-14.2915631666667,0 
-169.4988105000000,-14.2915480000000,0 
-169.4988245000000,-14.2915391666667,0 
-169.4988251666667,-14.2915473333333,0 
-169.4988273333333,-14.2915538333333,0 
-169.4988191666667,-14.2915505000000,0 
-169.4988208333333,-14.2915626666667,0 
-169.4988055000000,-14.2915515000000,0 
-169.4988106666667,-14.2915518333333,0 
-169.4988198333333,-14.2915596666667,0 
-169.4988385000000,-14.2915526666667,0 
-169.4988608333333,-14.2915565000000,0 
-169.4988766666667,-14.2915640000000,0 
-169.4988641666667,-14.2915675000000,0 
-169.4988635000000,-14.2915653333333,0 
-169.4988673333333,-14.2915653333333,0 
-169.4988585000000,-14.2915676666667,0 
-169.4988678333333,-14.2915606666667,0 
-169.4988623333333,-14.2915641666667,0 
-169.4988623333333,-14.2915603333333,0 
-169.4988710000000,-14.2915680000000,0 
-169.4988526666667,-14.2915573333333,0 
-169.4988673333333,-14.2915680000000,0 
-169.4988685000000,-14.2915703333333,0 
-169.4988556666667,-14.2915591666667,0 
-169.4988746666667,-14.2915848333333,0 
-169.4988711666667,-14.2915715000000,0 
-169.4988785000000,-14.2915700000000,0 
-169.4988708333333,-14.2915768333333,0 
-169.4988831666667,-14.2915778333333,0 
-169.4988781666667,-14.2915845000000,0 
-169.4988851666667,-14.2915800000000,0 
-169.4988750000000,-14.2915871666667,0 
-169.4988818333333,-14.2915793333333,0 
-169.4988768333333,-14.2915900000000,0 
-169.4988735000000,-14.2915808333333,0 
-169.4988810000000,-14.2915961666667,0 
-169.4988688333333,-14.2915925000000,0 
-169.4988751666667,-14.2915910000000,0 
-169.4988798333333,-14.2915876666667,0 
-169.4988763333333,-14.2915938333333,0 
-169.4988785000000,-14.2915921666667,0 
-169.4988856666667,-14.2915963333333,0 
-169.4988776666667,-14.2915901666667,0 
-169.4988783333333,-14.2915920000000,0 
-169.4988835000000,-14.2915878333333,0 
-169.4988771666667,-14.2915795000000,0 
-169.4988833333333,-14.2915810000000,0 
-169.4988768333333,-14.2915798333333,0 
-169.4988803333333,-14.2915865000000,0 
-169.4988880000000,-14.2915863333333,0 
-169.4988793333333,-14.2915863333333,0 
-169.4988726666667,-14.2915898333333,0 
-169.4988796666667,-14.2915931666667,0 
-169.4988756666667,-14.2915838333333,0 
-169.4988766666667,-14.2915833333333,0 
-169.4988750000000,-14.2915905000000,0 
-169.4988765000000,-14.2915821666667,0 
-169.4988798333333,-14.2915856666667,0 
-169.4988711666667,-14.2915826666667,0 
-169.4988806666667,-14.2915855000000,0 
-169.4988736666667,-14.2915868333333,0 
-169.4988793333333,-14.2915868333333,0 
-169.4988828333333,-14.2915881666667,0 
-169.4988736666667,-14.2915835000000,0 
-169.4988833333333,-14.2915828333333,0 
-169.4988745000000,-14.2915896666667,0 
-169.4988735000000,-14.2915915000000,0 
-169.4988790000000,-14.2915850000000,0 
-169.4988771666667,-14.2915833333333,0 
-169.4988888333333,-14.2915851666667,0 
-169.4988835000000,-14.2915863333333,0 
-169.4988751666667,-14.2915798333333,0 
-169.4988740000000,-14.2915865000000,0 
-169.4988883333333,-14.2915921666667,0 
-169.4988600000000,-14.2915851666667,0 
-169.4988890000000,-14.2915850000000,0 
-169.4988731666667,-14.2915898333333,0 
-169.4988761666667,-14.2915830000000,0 
-169.4988778333333,-14.2915898333333,0 
-169.4988870000000,-14.2915898333333,0 
-169.4988671666667,-14.2915855000000,0 
-169.4988788333333,-14.2915931666667,0 
-169.4988821666667,-14.2915835000000,0 
-169.4988803333333,-14.2915821666667,0 
-169.4988845000000,-14.2915878333333,0 
-169.4988778333333,-14.2915915000000,0 
-169.4988756666667,-14.2915885000000,0 
-169.4988875000000,-14.2915906666667,0 
-169.4988716666667,-14.2915886666667,0 
-169.4988741666667,-14.2915886666667,0 
-169.4988693333333,-14.2915850000000,0 
-169.4988831666667,-14.2915863333333,0 
-169.4988898333333,-14.2915916666667,0 
-169.4988738333333,-14.2915826666667,0 
-169.4988823333333,-14.2915923333333,0 
-169.4988773333333,-14.2915885000000,0 
-169.4988783333333,-14.2915860000000,0 
-169.4988811666667,-14.2915898333333,0 
-169.4988855000000,-14.2915816666667,0 
-169.4988866666667,-14.2915908333333,0 
-169.4988736666667,-14.2915816666667,0 
-169.4988861666667,-14.2915880000000,0 
-169.4988808333333,-14.2915856666667,0 
-169.4988890000000,-14.2915911666667,0 
-169.4988865000000,-14.2915931666667,0 
-169.4988741666667,-14.2915836666667,0 
-169.4988861666667,-14.2915880000000,0 
-169.4988843333333,-14.2915881666667,0 
-169.4988826666667,-14.2915975000000,0 
-169.4988738333333,-14.2915875000000,0 
-169.4988791666667,-14.2915936666667,0 
-169.4988933333333,-14.2915866666667,0 
-169.4988763333333,-14.2915858333333,0 
-169.4988783333333,-14.2915893333333,0 
-169.4988806666667,-14.2915863333333,0 
-169.4988845000000,-14.2915851666667,0 
-169.4988798333333,-14.2915893333333,0 
-169.4988791666667,-14.2915883333333,0 
-169.4988796666667,-14.2915903333333,0 
-169.4988788333333,-14.2915923333333,0 
-169.4988893333333,-14.2915925000000,0 
-169.4988748333333,-14.2915838333333,0 
-169.4988826666667,-14.2915876666667,0 
-169.4988798333333,-14.2915910000000,0 
-169.4988826666667,-14.2915900000000,0 
-169.4988773333333,-14.2915856666667,0 
-169.4988735000000,-14.2915970000000,0 
-169.4988930000000,-14.2915930000000,0 
-169.4988750000000,-14.2915851666667,0 
-169.4988813333333,-14.2915890000000,0 
-169.4988790000000,-14.2915918333333,0 
-169.4988821666667,-14.2915950000000,0 
-169.4988833333333,-14.2915903333333,0 
-169.4988776666667,-14.2915885000000,0 
-169.4988731666667,-14.2915908333333,0 
-169.4988868333333,-14.2915940000000,0 
-169.4988768333333,-14.2915851666667,0 
-169.4988883333333,-14.2915845000000,0 
-169.4988820000000,-14.2915898333333,0 
-169.4988788333333,-14.2915901666667,0 
-169.4988786666667,-14.2915871666667,0 
-169.4988861666667,-14.2915903333333,0 
-169.4988753333333,-14.2915903333333,0 
-169.4988815000000,-14.2915926666667,0 
-169.4988836666667,-14.2915921666667,0 
-169.4988851666667,-14.2915875000000,0 
-169.4988795000000,-14.2915843333333,0 
-169.4988905000000,-14.2915865000000,0 
-169.4988838333333,-14.2915901666667,0 
-169.4988831666667,-14.2915803333333,0 
-169.4988811666667,-14.2915900000000,0 
-169.4988738333333,-14.2915850000000,0 
-169.4988960000000,-14.2915931666667,0 
-169.4988801666667,-14.2915845000000,0 
-169.4988836666667,-14.2915866666667,0 
-169.4988743333333,-14.2915856666667,0 
-169.4988901666667,-14.2915930000000,0 
-169.4988798333333,-14.2915866666667,0 
-169.4988761666667,-14.2915875000000,0 
-169.4988843333333,-14.2915880000000,0 
-169.4988711666667,-14.2915891666667,0 
-169.4988765000000,-14.2915905000000,0 
-169.4988778333333,-14.2915851666667,0 
-169.4988791666667,-14.2915901666667,0 
-169.4988735000000,-14.2915856666667,0 
-169.4988816666667,-14.2915788333333,0 
-169.4988728333333,-14.2915900000000,0 
-169.4988785000000,-14.2915841666667,0 
-169.4988790000000,-14.2915888333333,0 
-169.4988788333333,-14.2915875000000,0 
-169.4988746666667,-14.2915858333333,0 
-169.4988716666667,-14.2915883333333,0 
-169.4988713333333,-14.2915905000000,0 
-169.4988741666667,-14.2915885000000,0 
-169.4988696666667,-14.2915881666667,0 
-169.4988848333333,-14.2915863333333,0 
-169.4988711666667,-14.2915881666667,0 
-169.4988823333333,-14.2915826666667,0 
-169.4988723333333,-14.2915875000000,0 
-169.4988705000000,-14.2915893333333,0 
-169.4988840000000,-14.2915875000000,0 
-169.4988783333333,-14.2915920000000,0 
-169.4988776666667,-14.2915865000000,0 
-169.4988788333333,-14.2915948333333,0 
-169.4988838333333,-14.2915930000000,0 
-169.4988800000000,-14.2915831666667,0 
-169.4988783333333,-14.2915893333333,0 
-169.4988821666667,-14.2915911666667,0 
-169.4988861666667,-14.2915860000000,0 
-169.4988810000000,-14.2915830000000,0 
-169.4988838333333,-14.2915890000000,0 
-169.4988733333333,-14.2915890000000,0 
-169.4988880000000,-14.2916013333333,0 
-169.4988856666667,-14.2915978333333,0 
-169.4988863333333,-14.2916026666667,0 
-169.4988885000000,-14.2916113333333,0 
-169.4988725000000,-14.2915903333333,0 
-169.4988623333333,-14.2915648333333,0 
-169.4988388333333,-14.2915645000000,0 
-169.4988293333333,-14.2915685000000,0 
-169.4988185000000,-14.2915648333333,0 
-169.4988205000000,-14.2915545000000,0 
-169.4988041666667,-14.2915778333333,0 
-169.4987970000000,-14.2915753333333,0 
-169.4988026666667,-14.2915675000000,0 
-169.4987990000000,-14.2915723333333,0 
-169.4987996666667,-14.2915653333333,0 
-169.4987943333333,-14.2915675000000,0 
-169.4988066666667,-14.2915683333333,0 
-169.4987956666667,-14.2915660000000,0 
-169.4987958333333,-14.2915681666667,0 
-169.4988011666667,-14.2915671666667,0 
-169.4987981666667,-14.2915633333333,0 
-169.4987941666667,-14.2915681666667,0 
-169.4988010000000,-14.2915693333333,0 
-169.4988001666667,-14.2915640000000,0 
-169.4987955000000,-14.2915646666667,0 
-169.4987988333333,-14.2915640000000,0 
-169.4987938333333,-14.2915713333333,0 
-169.4987991666667,-14.2915685000000,0 
-169.4987926666667,-14.2915646666667,0 
-169.4988063333333,-14.2915718333333,0 
-169.4987848333333,-14.2915675000000,0 
-169.4988045000000,-14.2915670000000,0 
-169.4987978333333,-14.2915750000000,0 
-169.4987955000000,-14.2915708333333,0 
-169.4987988333333,-14.2915725000000,0 
-169.4987980000000,-14.2915740000000,0 
-169.4988021666667,-14.2915665000000,0 
-169.4987990000000,-14.2915711666667,0 
-169.4987956666667,-14.2915730000000,0 
-169.4987956666667,-14.2915633333333,0 
-169.4987993333333,-14.2915593333333,0 
-169.4988035000000,-14.2915663333333,0 
-169.4987860000000,-14.2915658333333,0 
-169.4988036666667,-14.2915701666667,0 
-169.4987948333333,-14.2915726666667,0 
-169.4987948333333,-14.2915686666667,0 
-169.4987985000000,-14.2915628333333,0 
-169.4988088333333,-14.2915703333333,0 
-169.4987938333333,-14.2915586666667,0 
-169.4988146666667,-14.2915656666667,0 
-169.4988023333333,-14.2915621666667,0 
-169.4987958333333,-14.2915591666667,0 
-169.4988035000000,-14.2915601666667,0 
-169.4987965000000,-14.2915626666667,0 
-169.4988073333333,-14.2915640000000,0 
-169.4987986666667,-14.2915605000000,0 
-169.4987983333333,-14.2915641666667,0 
-169.4987981666667,-14.2915656666667,0 
-169.4987886666667,-14.2915593333333,0 
-169.4987970000000,-14.2915690000000,0 
-169.4987905000000,-14.2915796666667,0 
-169.4987973333333,-14.2915855000000,0 
-169.4987980000000,-14.2915955000000,0 
-169.4987923333333,-14.2915916666667,0 
-169.4987988333333,-14.2915945000000,0 
-169.4987950000000,-14.2915985000000,0 
-169.4987993333333,-14.2915905000000,0 
-169.4987943333333,-14.2916043333333,0 
-169.4987973333333,-14.2915945000000,0 
-169.4987928333333,-14.2915935000000,0 
-169.4987975000000,-14.2915903333333,0 
-169.4987851666667,-14.2915891666667,0 
-169.4987935000000,-14.2915833333333,0 
-169.4987923333333,-14.2915858333333,0 
-169.4987971666667,-14.2915828333333,0 
-169.4987945000000,-14.2915843333333,0 
-169.4987963333333,-14.2915838333333,0 
-169.4988106666667,-14.2915905000000,0 
-169.4987895000000,-14.2915961666667,0 
-169.4987800000000,-14.2916071666667,0 
-169.4987873333333,-14.2916103333333,0 
-169.4987888333333,-14.2916270000000,0 
-169.4987826666667,-14.2916186666667,0 
-169.4987831666667,-14.2916230000000,0 
-169.4987773333333,-14.2916146666667,0 
-169.4987890000000,-14.2916228333333,0 
-169.4987791666667,-14.2916261666667,0 
-169.4987873333333,-14.2916338333333,0 
-169.4987886666667,-14.2916355000000,0 
-169.4987868333333,-14.2916400000000,0 
-169.4987825000000,-14.2916291666667,0 
-169.4987855000000,-14.2916191666667,0 
-169.4987896666667,-14.2916195000000,0 
-169.4987780000000,-14.2916165000000,0 
-169.4987888333333,-14.2916130000000,0 
-169.4987900000000,-14.2916175000000,0 
-169.4987821666667,-14.2916153333333,0 
-169.4987865000000,-14.2916095000000,0 
-169.4987906666667,-14.2916100000000,0 
-169.4987871666667,-14.2916096666667,0 
-169.4987841666667,-14.2916056666667,0 
-169.4987868333333,-14.2916083333333,0 
-169.4987795000000,-14.2916066666667,0 
-169.4987870000000,-14.2916085000000,0 
-169.4987886666667,-14.2916065000000,0 
-169.4987775000000,-14.2916010000000,0 
-169.4987850000000,-14.2916013333333,0 
-169.4987745000000,-14.2915946666667,0 
-169.4987818333333,-14.2915978333333,0 
-169.4987753333333,-14.2915906666667,0 
-169.4987866666667,-14.2915900000000,0 
-169.4987795000000,-14.2915910000000,0 
-169.4987880000000,-14.2915825000000,0 
-169.4987790000000,-14.2915865000000,0 
-169.4987876666667,-14.2915858333333,0 
-169.4987796666667,-14.2915823333333,0 
-169.4987858333333,-14.2915853333333,0 
-169.4987798333333,-14.2915851666667,0 
-169.4987938333333,-14.2915903333333,0 
-169.4987795000000,-14.2915831666667,0 
-169.4987881666667,-14.2915916666667,0 
-169.4987770000000,-14.2915813333333,0 
-169.4987856666667,-14.2915843333333,0 
-169.4987886666667,-14.2915785000000,0 
-169.4987771666667,-14.2915791666667,0 
-169.4987926666667,-14.2915753333333,0 
-169.4987935000000,-14.2915766666667,0 
-169.4987900000000,-14.2915838333333,0 
-169.4987935000000,-14.2915835000000,0 
-169.4987900000000,-14.2915838333333,0 
-169.4987941666667,-14.2915848333333,0 
-169.4987958333333,-14.2915798333333,0 
-169.4987971666667,-14.2915796666667,0 
-169.4988046666667,-14.2915770000000,0 
-169.4988110000000,-14.2915811666667,0 
-169.4988051666667,-14.2915916666667,0 
-169.4988133333333,-14.2915895000000,0 
-169.4988110000000,-14.2915841666667,0 
-169.4988166666667,-14.2915881666667,0 
-169.4988180000000,-14.2916035000000,0 
-169.4988283333333,-14.2915896666667,0 
-169.4988290000000,-14.2915993333333,0 
-169.4988325000000,-14.2915875000000,0 
-169.4988286666667,-14.2915975000000,0 
-169.4988298333333,-14.2915900000000,0 
-169.4988303333333,-14.2915971666667,0 
-169.4988300000000,-14.2915936666667,0 
-169.4988381666667,-14.2916030000000,0 
-169.4988360000000,-14.2916008333333,0 
-169.4988366666667,-14.2915991666667,0 
-169.4988323333333,-14.2915981666667,0 
-169.4988321666667,-14.2916001666667,0 
-169.4988300000000,-14.2916101666667,0 
-169.4988413333333,-14.2916085000000,0 
-169.4988353333333,-14.2915998333333,0 
-169.4988270000000,-14.2916130000000,0 
-169.4988331666667,-14.2915988333333,0 
-169.4988315000000,-14.2916078333333,0 
-169.4988343333333,-14.2916045000000,0 
-169.4988283333333,-14.2916001666667,0 
-169.4988360000000,-14.2916270000000,0 
-169.4988275000000,-14.2916093333333,0 
-169.4988395000000,-14.2916285000000,0 
-169.4988271666667,-14.2916033333333,0 
-169.4988311666667,-14.2916203333333,0 
-169.4988356666667,-14.2916196666667,0 
-169.4988283333333,-14.2916221666667,0 
-169.4988273333333,-14.2916100000000,0 
-169.4988231666667,-14.2916220000000,0 
-169.4988160000000,-14.2916253333333,0 
-169.4988281666667,-14.2916040000000,0 
-169.4988223333333,-14.2916368333333,0 
-169.4988120000000,-14.2916171666667,0 
-169.4988236666667,-14.2916203333333,0 
-169.4988158333333,-14.2916215000000,0 
-169.4988241666667,-14.2916198333333,0 
-169.4988156666667,-14.2916225000000,0 
-169.4988035000000,-14.2916218333333,0 
-169.4988083333333,-14.2916310000000,0 
-169.4988143333333,-14.2916095000000,0 
-169.4987976666667,-14.2916363333333,0 
-169.4988138333333,-14.2916170000000,0 
-169.4988055000000,-14.2916133333333,0 
-169.4987983333333,-14.2916393333333,0 
-169.4988021666667,-14.2916188333333,0 
-169.4988133333333,-14.2916235000000,0 
-169.4987920000000,-14.2916431666667,0 
-169.4988028333333,-14.2916208333333,0 
-169.4987945000000,-14.2916266666667,0 
-169.4988013333333,-14.2916260000000,0 
-169.4987830000000,-14.2916415000000,0 
-169.4987998333333,-14.2916311666667,0 
-169.4987910000000,-14.2916270000000,0 
-169.4987821666667,-14.2916433333333,0 
-169.4987945000000,-14.2916238333333,0 
-169.4987951666667,-14.2916210000000,0 
-169.4987905000000,-14.2916216666667,0 
-169.4987901666667,-14.2916230000000,0 
-169.4987808333333,-14.2916305000000,0 
-169.4987781666667,-14.2916540000000,0 
-169.4987793333333,-14.2916510000000,0 
-169.4987775000000,-14.2916336666667,0 
-169.4987718333333,-14.2916493333333,0 
-169.4987893333333,-14.2916401666667,0 
-169.4987711666667,-14.2916308333333,0 
-169.4987843333333,-14.2916291666667,0 
-169.4987821666667,-14.2916420000000,0 
-169.4987651666667,-14.2916351666667,0 
-169.4987548333333,-14.2916383333333,0 
-169.4987546666667,-14.2916536666667,0 
-169.4987583333333,-14.2916630000000,0 
-169.4987606666667,-14.2916305000000,0 
-169.4987616666667,-14.2916446666667,0 
-169.4987470000000,-14.2916615000000,0 
-169.4987488333333,-14.2916671666667,0 
-169.4987531666667,-14.2916551666667,0 
-169.4987805000000,-14.2916545000000,0 
-169.4987690000000,-14.2916511666667,0 
-169.4987680000000,-14.2916745000000,0 
-169.4987776666667,-14.2916563333333,0 
-169.4987585000000,-14.2916848333333,0 
-169.4987551666667,-14.2916843333333,0 
-169.4987668333333,-14.2916486666667,0 
-169.4987528333333,-14.2916790000000,0 
-169.4987516666667,-14.2916763333333,0 
-169.4987396666667,-14.2916650000000,0 
-169.4987556666667,-14.2916570000000,0 
-169.4987553333333,-14.2916776666667,0 
-169.4987391666667,-14.2916693333333,0 
-169.4987320000000,-14.2916996666667,0 
-169.4987430000000,-14.2916860000000,0 
-169.4987311666667,-14.2916713333333,0 
-169.4987283333333,-14.2917140000000,0 
-169.4987090000000,-14.2917110000000,0 
-169.4987145000000,-14.2917095000000,0 
-169.4987068333333,-14.2916965000000,0 
-169.4987091666667,-14.2917225000000,0 
-169.4986956666667,-14.2917178333333,0 
-169.4986885000000,-14.2917288333333,0 
-169.4986916666667,-14.2917258333333,0 
-169.4986850000000,-14.2917286666667,0 
-169.4986786666667,-14.2917446666667,0 
-169.4986750000000,-14.2917358333333,0 
-169.4986905000000,-14.2917063333333,0 
-169.4986708333333,-14.2917430000000,0 
-169.4986751666667,-14.2917318333333,0 
-169.4986621666667,-14.2917363333333,0 
-169.4986836666667,-14.2917185000000,0 
-169.4986873333333,-14.2917196666667,0 
-169.4986798333333,-14.2917290000000,0 
-169.4987295000000,-14.2917180000000,0 
-169.4987523333333,-14.2917140000000,0 
-169.4987508333333,-14.2917181666667,0 
-169.4987788333333,-14.2917391666667,0 
-169.4987670000000,-14.2917145000000,0 
-169.4987766666667,-14.2917198333333,0 
-169.4987980000000,-14.2916988333333,0 
-169.4987841666667,-14.2917180000000,0 
-169.4987763333333,-14.2917091666667,0 
-169.4987933333333,-14.2917408333333,0 
-169.4987798333333,-14.2917306666667,0 
-169.4987825000000,-14.2917273333333,0 
-169.4987931666667,-14.2917266666667,0 
-169.4987898333333,-14.2917203333333,0 
-169.4987863333333,-14.2917308333333,0 
-169.4987768333333,-14.2917323333333,0 
-169.4987906666667,-14.2917513333333,0 
-169.4987921666667,-14.2917160000000,0 
-169.4987898333333,-14.2917390000000,0 
-169.4987788333333,-14.2917418333333,0 
-169.4987976666667,-14.2917363333333,0 
-169.4987856666667,-14.2917341666667,0 
-169.4987755000000,-14.2917430000000,0 
-169.4987925000000,-14.2917435000000,0 
-169.4987856666667,-14.2917478333333,0 
-169.4987781666667,-14.2917463333333,0 
-169.4987763333333,-14.2917430000000,0 
-169.4987973333333,-14.2917480000000,0 
-169.4987738333333,-14.2917513333333,0 
-169.4987790000000,-14.2917605000000,0 
-169.4987938333333,-14.2917570000000,0 
-169.4987680000000,-14.2917628333333,0 
-169.4987766666667,-14.2917708333333,0 
-169.4987911666667,-14.2917490000000,0 
-169.4987666666667,-14.2917785000000,0 
-169.4987716666667,-14.2917745000000,0 
-169.4987838333333,-14.2917838333333,0 
-169.4987775000000,-14.2917801666667,0 
-169.4987790000000,-14.2917955000000,0 
-169.4987816666667,-14.2917635000000,0 
-169.4987866666667,-14.2917840000000,0 
-169.4987748333333,-14.2917678333333,0 
-169.4987835000000,-14.2917741666667,0 
-169.4987801666667,-14.2917788333333,0 
-169.4987811666667,-14.2918020000000,0 
-169.4987680000000,-14.2917963333333,0 
-169.4987755000000,-14.2918101666667,0 
-169.4987920000000,-14.2917990000000,0 
-169.4987945000000,-14.2917941666667,0 
-169.4987935000000,-14.2917731666667,0 
-169.4987961666667,-14.2917748333333,0 
-169.4987921666667,-14.2917453333333,0 
-169.4987948333333,-14.2917710000000,0 
-169.4987983333333,-14.2917633333333,0 
-169.4987880000000,-14.2917618333333,0 
-169.4987915000000,-14.2917703333333,0 
-169.4987965000000,-14.2917553333333,0 
-169.4987946666667,-14.2917643333333,0 
-169.4987825000000,-14.2917791666667,0 
-169.4987915000000,-14.2917853333333,0 
-169.4988068333333,-14.2917641666667,0 
-169.4987938333333,-14.2917795000000,0 
-169.4987768333333,-14.2917656666667,0 
-169.4987655000000,-14.2917831666667,0 
-169.4987598333333,-14.2918103333333,0 
-169.4987585000000,-14.2918101666667,0 
-169.4987508333333,-14.2917930000000,0 
-169.4987405000000,-14.2918186666667,0 
-169.4987355000000,-14.2918103333333,0 
-169.4987298333333,-14.2918173333333,0 
-169.4987080000000,-14.2918253333333,0 
-169.4987113333333,-14.2918260000000,0 
-169.4987013333333,-14.2918081666667,0 
-169.4986923333333,-14.2918071666667,0 
-169.4986918333333,-14.2917941666667,0 
-169.4986738333333,-14.2918200000000,0 
-169.4986773333333,-14.2917860000000,0 
-169.4986740000000,-14.2917991666667,0 
-169.4986655000000,-14.2918246666667,0 
-169.4986688333333,-14.2917956666667,0 
-169.4986661666667,-14.2917891666667,0 
-169.4986590000000,-14.2918090000000,0 
-169.4986601666667,-14.2917973333333,0 
-169.4986583333333,-14.2918000000000,0 
-169.4986626666667,-14.2917936666667,0 
-169.4986566666667,-14.2917986666667,0 
-169.4986558333333,-14.2918196666667,0 
-169.4986528333333,-14.2918111666667,0 
-169.4986608333333,-14.2918131666667,0 
-169.4986500000000,-14.2918103333333,0 
-169.4986600000000,-14.2918120000000,0 
-169.4986625000000,-14.2918150000000,0 
-169.4986573333333,-14.2917911666667,0 
-169.4986528333333,-14.2918216666667,0 
-169.4986620000000,-14.2917986666667,0 
-169.4986596666667,-14.2918055000000,0 
-169.4986490000000,-14.2918260000000,0 
-169.4986600000000,-14.2918223333333,0 
-169.4986570000000,-14.2918203333333,0 
-169.4986580000000,-14.2918010000000,0 
-169.4986658333333,-14.2917933333333,0 
-169.4986606666667,-14.2918000000000,0 
-169.4986558333333,-14.2917881666667,0 
-169.4986660000000,-14.2918101666667,0 
-169.4986676666667,-14.2917930000000,0 
-169.4986778333333,-14.2918196666667,0 
-169.4986731666667,-14.2917976666667,0 
-169.4986681666667,-14.2918071666667,0 
-169.4986550000000,-14.2918145000000,0 
-169.4986690000000,-14.2918211666667,0 
-169.4986556666667,-14.2918228333333,0 
-169.4986496666667,-14.2918290000000,0 
-169.4986571666667,-14.2918288333333,0 
-169.4986523333333,-14.2918355000000,0 
-169.4986516666667,-14.2918210000000,0 
-169.4986555000000,-14.2918333333333,0 
-169.4986546666667,-14.2918113333333,0 
-169.4986588333333,-14.2918021666667,0 
-169.4986703333333,-14.2918076666667,0 
-169.4986730000000,-14.2918223333333,0 
-169.4986763333333,-14.2918380000000,0 
-169.4986826666667,-14.2918361666667,0 
-169.4986720000000,-14.2918143333333,0 
-169.4986618333333,-14.2918306666667,0 
-169.4986515000000,-14.2918208333333,0 
-169.4986490000000,-14.2918150000000,0 
-169.4986566666667,-14.2918068333333,0 
-169.4986448333333,-14.2918206666667,0 
-169.4986323333333,-14.2918300000000,0 
-169.4986471666667,-14.2918076666667,0 
-169.4986445000000,-14.2918083333333,0 
-169.4986391666667,-14.2918193333333,0 
-169.4986466666667,-14.2918098333333,0 
-169.4986453333333,-14.2918218333333,0 
-169.4986355000000,-14.2918090000000,0 
-169.4986443333333,-14.2918010000000,0 
-169.4986406666667,-14.2917905000000,0 
-169.4986361666667,-14.2918148333333,0 
-169.4986313333333,-14.2918201666667,0 
-169.4986431666667,-14.2918101666667,0 
-169.4986513333333,-14.2918090000000,0 
-169.4986508333333,-14.2918236666667,0 
-169.4986478333333,-14.2917975000000,0 
-169.4986415000000,-14.2918100000000,0 
-169.4986455000000,-14.2918073333333,0 
-169.4986500000000,-14.2918070000000,0 
-169.4986443333333,-14.2918155000000,0 
-169.4986568333333,-14.2918271666667,0 
-169.4986685000000,-14.2917968333333,0 
-169.4986705000000,-14.2918238333333,0 
-169.4986555000000,-14.2918083333333,0 
-169.4986478333333,-14.2917991666667,0 
-169.4986365000000,-14.2918110000000,0 
-169.4986363333333,-14.2918175000000,0 
-169.4986463333333,-14.2917991666667,0 
-169.4986545000000,-14.2918045000000,0 
-169.4986521666667,-14.2918060000000,0 
-169.4986511666667,-14.2917940000000,0 
-169.4986450000000,-14.2918030000000,0 
-169.4986420000000,-14.2918226666667,0 
-169.4986355000000,-14.2918168333333,0 
-169.4986405000000,-14.2918180000000,0 
-169.4986428333333,-14.2918126666667,0 
-169.4986491666667,-14.2918003333333,0 
-169.4986480000000,-14.2918108333333,0 
-169.4986423333333,-14.2918153333333,0 
-169.4986398333333,-14.2918130000000,0 
-169.4986448333333,-14.2918056666667,0 
-169.4986530000000,-14.2917965000000,0 
-169.4986511666667,-14.2917993333333,0 
-169.4986518333333,-14.2918050000000,0 
-169.4986516666667,-14.2917970000000,0 
-169.4986510000000,-14.2918041666667,0 
-169.4986490000000,-14.2918068333333,0 
-169.4986516666667,-14.2918021666667,0 
-169.4986535000000,-14.2918038333333,0 
-169.4986523333333,-14.2918091666667,0 
-169.4986503333333,-14.2918011666667,0 
-169.4986513333333,-14.2918066666667,0 
-169.4986570000000,-14.2918041666667,0 
-169.4986485000000,-14.2918076666667,0 
-169.4986545000000,-14.2918051666667,0 
-169.4986501666667,-14.2918078333333,0 
-169.4986506666667,-14.2918076666667,0 
-169.4986485000000,-14.2918035000000,0 
-169.4986483333333,-14.2918115000000,0 
-169.4986530000000,-14.2918108333333,0 
-169.4986473333333,-14.2918055000000,0 
-169.4986526666667,-14.2918100000000,0 
-169.4986621666667,-14.2918231666667,0 
-169.4986675000000,-14.2918251666667,0 
-169.4986615000000,-14.2918031666667,0 
-169.4986491666667,-14.2918230000000,0 
-169.4986111666667,-14.2918185000000,0 
-169.4986003333333,-14.2918625000000,0 
-169.4986001666667,-14.2918591666667,0 
-169.4986081666667,-14.2918313333333,0 
-169.4986283333333,-14.2918566666667,0 
-169.4986098333333,-14.2918633333333,0 
-169.4986093333333,-14.2918460000000,0 
-169.4986113333333,-14.2918436666667,0 
-169.4985986666667,-14.2918670000000,0 
-169.4985943333333,-14.2918666666667,0 
-169.4985938333333,-14.2918613333333,0 
-169.4986238333333,-14.2918831666667,0 
-169.4986315000000,-14.2918853333333,0 
-169.4986188333333,-14.2918480000000,0 
-169.4986241666667,-14.2918716666667,0 
-169.4986160000000,-14.2918645000000,0 
-169.4986030000000,-14.2918383333333,0 
-169.4986056666667,-14.2918595000000,0 
-169.4985846666667,-14.2918451666667,0 
-169.4985720000000,-14.2918500000000,0 
-169.4985720000000,-14.2918498333333,0 
-169.4985660000000,-14.2918543333333,0 
-169.4985678333333,-14.2918511666667,0 
-169.4985748333333,-14.2918693333333,0 
-169.4985893333333,-14.2918668333333,0 
-169.4985848333333,-14.2918670000000,0 
-169.4985735000000,-14.2918713333333,0 
-169.4985800000000,-14.2918653333333,0 
-169.4985806666667,-14.2918636666667,0 
-169.4985803333333,-14.2918850000000,0 
-169.4985866666667,-14.2918725000000,0 
-169.4985841666667,-14.2918688333333,0 
-169.4986051666667,-14.2918785000000,0 
-169.4985935000000,-14.2918561666667,0 
-169.4986011666667,-14.2918498333333,0 
-169.4986016666667,-14.2918620000000,0 
-169.4985998333333,-14.2918341666667,0 
-169.4986041666667,-14.2918368333333,0 
-169.4985963333333,-14.2918255000000,0 
-169.4985868333333,-14.2917978333333,0 
-169.4985970000000,-14.2918058333333,0 
-169.4985961666667,-14.2918035000000,0 
-169.4985905000000,-14.2917700000000,0 
-169.4986048333333,-14.2917908333333,0 
-169.4986011666667,-14.2917746666667,0 
-169.4985938333333,-14.2917720000000,0 
-169.4985905000000,-14.2917643333333,0 
-169.4986013333333,-14.2917578333333,0 
-169.4985988333333,-14.2917666666667,0 
-169.4985925000000,-14.2917503333333,0 
-169.4985925000000,-14.2917438333333,0 
-169.4985870000000,-14.2917420000000,0 
-169.4985766666667,-14.2917295000000,0 
-169.4985833333333,-14.2917355000000,0 
-169.4985820000000,-14.2917270000000,0 
-169.4985820000000,-14.2917205000000,0 
-169.4985870000000,-14.2917090000000,0 
-169.4985913333333,-14.2917195000000,0 
-169.4985783333333,-14.2917030000000,0 
-169.4985648333333,-14.2917065000000,0 
-169.4985711666667,-14.2917040000000,0 
-169.4985565000000,-14.2916925000000,0 
-169.4985596666667,-14.2916831666667,0 
-169.4985706666667,-14.2916850000000,0 
-169.4985603333333,-14.2916761666667,0 
-169.4985585000000,-14.2916616666667,0 
-169.4985615000000,-14.2916676666667,0 
-169.4985606666667,-14.2916731666667,0 
-169.4985643333333,-14.2916596666667,0 
-169.4985373333333,-14.2916395000000,0 
-169.4985421666667,-14.2916450000000,0 
-169.4985410000000,-14.2916340000000,0 
-169.4985310000000,-14.2916208333333,0 
-169.4985115000000,-14.2916128333333,0 
-169.4985068333333,-14.2916046666667,0 
-169.4984940000000,-14.2916041666667,0 
-169.4984813333333,-14.2915961666667,0 
-169.4984848333333,-14.2916006666667,0 
-169.4984801666667,-14.2915961666667,0 
-169.4984853333333,-14.2915970000000,0 
-169.4984895000000,-14.2916023333333,0 
-169.4984920000000,-14.2916018333333,0 
-169.4984773333333,-14.2915875000000,0 
-169.4984823333333,-14.2915973333333,0 
-169.4984725000000,-14.2915980000000,0 
-169.4984668333333,-14.2915868333333,0 
-169.4984700000000,-14.2915871666667,0 
-169.4984786666667,-14.2915898333333,0 
-169.4984736666667,-14.2915870000000,0 
-169.4984716666667,-14.2915971666667,0 
-169.4984646666667,-14.2915851666667,0 
-169.4984633333333,-14.2915911666667,0 
-169.4984618333333,-14.2915833333333,0 
-169.4984526666667,-14.2915768333333,0 
-169.4984720000000,-14.2915901666667,0 
-169.4984633333333,-14.2915818333333,0 
-169.4984696666667,-14.2915950000000,0 
-169.4984710000000,-14.2915895000000,0 
-169.4984671666667,-14.2915876666667,0 
-169.4984690000000,-14.2916061666667,0 
-169.4984678333333,-14.2915870000000,0 
-169.4984648333333,-14.2915805000000,0 
-169.4984743333333,-14.2915938333333,0 
-169.4984680000000,-14.2915973333333,0 
-169.4984625000000,-14.2915851666667,0 
-169.4984738333333,-14.2916058333333,0 
-169.4984633333333,-14.2915870000000,0 
-169.4984711666667,-14.2915953333333,0 
-169.4984640000000,-14.2915811666667,0 
-169.4984655000000,-14.2916000000000,0 
-169.4984615000000,-14.2915835000000,0 
-169.4984630000000,-14.2915868333333,0 
-169.4984643333333,-14.2915895000000,0 
-169.4984790000000,-14.2915838333333,0 
-169.4985070000000,-14.2915930000000,0 
-169.4985146666667,-14.2916088333333,0 
-169.4985126666667,-14.2916036666667,0 
-169.4984966666667,-14.2916003333333,0 
-169.4984961666667,-14.2915973333333,0 
-169.4984855000000,-14.2915966666667,0 
-169.4984941666667,-14.2916003333333,0 
-169.4984838333333,-14.2915983333333,0 
-169.4984880000000,-14.2916088333333,0 
-169.4984830000000,-14.2916018333333,0 
-169.4984753333333,-14.2915925000000,0 
-169.4984756666667,-14.2915920000000,0 
-169.4984913333333,-14.2916028333333,0 
-169.4985016666667,-14.2915983333333,0 
-169.4985043333333,-14.2915953333333,0 
-169.4985123333333,-14.2916015000000,0 
-169.4985141666667,-14.2916051666667,0 
-169.4984998333333,-14.2915980000000,0 
-169.4985028333333,-14.2915958333333,0 
-169.4985095000000,-14.2916013333333,0 
-169.4985011666667,-14.2915953333333,0 
-169.4984950000000,-14.2915940000000,0 
-169.4985050000000,-14.2916041666667,0 
-169.4985056666667,-14.2915968333333,0 
-169.4984958333333,-14.2915910000000,0 
-169.4984978333333,-14.2915965000000,0 
-169.4984965000000,-14.2915980000000,0 
-169.4984948333333,-14.2916021666667,0 
-169.4984811666667,-14.2915886666667,0 
-169.4985013333333,-14.2915946666667,0 
-169.4984990000000,-14.2916113333333,0 
-169.4984956666667,-14.2915933333333,0 
-169.4984995000000,-14.2916073333333,0 
-169.4984940000000,-14.2916115000000,0 
-169.4984851666667,-14.2916208333333,0 
-169.4984803333333,-14.2916113333333,0 
-169.4984883333333,-14.2915980000000,0 
-169.4984695000000,-14.2915945000000,0 
-169.4984780000000,-14.2916013333333,0 
-169.4984881666667,-14.2916048333333,0 
-169.4984695000000,-14.2915960000000,0 
-169.4984711666667,-14.2916071666667,0 
-169.4984735000000,-14.2916035000000,0 
-169.4984800000000,-14.2916113333333,0 
-169.4984791666667,-14.2916071666667,0 
-169.4984653333333,-14.2916010000000,0 
-169.4984770000000,-14.2916033333333,0 
-169.4984666666667,-14.2916055000000,0 
-169.4984708333333,-14.2915996666667,0 
-169.4984853333333,-14.2916085000000,0 
-169.4984741666667,-14.2916063333333,0 
-169.4984820000000,-14.2916071666667,0 
-169.4984780000000,-14.2916100000000,0 
-169.4984726666667,-14.2916048333333,0 
-169.4984765000000,-14.2916138333333,0 
-169.4984776666667,-14.2916061666667,0 
-169.4984678333333,-14.2915936666667,0 
-169.4984731666667,-14.2916088333333,0 
-169.4984845000000,-14.2916006666667,0 
-169.4984830000000,-14.2915988333333,0 
-169.4984875000000,-14.2916011666667,0 
-169.4984820000000,-14.2915990000000,0 
-169.4984873333333,-14.2915953333333,0 
-169.4984878333333,-14.2916045000000,0 
-169.4984963333333,-14.2916048333333,0 
-169.4984808333333,-14.2916021666667,0 
-169.4984873333333,-14.2916003333333,0 
-169.4984821666667,-14.2915871666667,0 
-169.4984833333333,-14.2916105000000,0 
-169.4984793333333,-14.2915890000000,0 
-169.4984921666667,-14.2915975000000,0 
-169.4984991666667,-14.2916026666667,0 
-169.4984888333333,-14.2915921666667,0 
-169.4985098333333,-14.2916161666667,0 
-169.4985093333333,-14.2916060000000,0 
-169.4985071666667,-14.2915998333333,0 
-169.4985105000000,-14.2916175000000,0 
-169.4985038333333,-14.2916068333333,0 
-169.4985061666667,-14.2916016666667,0 
-169.4985046666667,-14.2915951666667,0 
-169.4984998333333,-14.2916010000000,0 
-169.4985121666667,-14.2916161666667,0 
-169.4984923333333,-14.2915970000000,0 
-169.4985101666667,-14.2916065000000,0 
-169.4985056666667,-14.2916071666667,0 
-169.4984913333333,-14.2916028333333,0 
-169.4984880000000,-14.2916068333333,0 
-169.4984850000000,-14.2915960000000,0 
-169.4984900000000,-14.2916016666667,0 
-169.4984873333333,-14.2915976666667,0 
-169.4984970000000,-14.2916018333333,0 
-169.4984943333333,-14.2915990000000,0 
-169.4984853333333,-14.2916008333333,0 
-169.4984760000000,-14.2915855000000,0 
-169.4984863333333,-14.2915961666667,0 
-169.4984868333333,-14.2915920000000,0 
-169.4984818333333,-14.2915956666667,0 
-169.4984741666667,-14.2915870000000,0 
-169.4984750000000,-14.2916053333333,0 
-169.4984703333333,-14.2915853333333,0 
-169.4984845000000,-14.2915915000000,0 
-169.4984823333333,-14.2915951666667,0 
-169.4984758333333,-14.2915851666667,0 
-169.4984830000000,-14.2915963333333,0 
-169.4984835000000,-14.2915868333333,0 
-169.4984820000000,-14.2915936666667,0 
-169.4984923333333,-14.2915916666667,0 
-169.4984846666667,-14.2916010000000,0 
-169.4984843333333,-14.2915915000000,0 
-169.4984798333333,-14.2915805000000,0 
-169.4984866666667,-14.2915878333333,0 
-169.4984806666667,-14.2915868333333,0 
-169.4984936666667,-14.2916021666667,0 
-169.4984990000000,-14.2915961666667,0 
-169.4984840000000,-14.2916001666667,0 
-169.4984921666667,-14.2915911666667,0 
-169.4984935000000,-14.2915946666667,0 
-169.4984873333333,-14.2915980000000,0 
-169.4984861666667,-14.2915781666667,0 
-169.4984960000000,-14.2915990000000,0 
-169.4985000000000,-14.2916028333333,0 
-169.4984883333333,-14.2915850000000,0 
-169.4984925000000,-14.2915858333333,0 
-169.4984978333333,-14.2915966666667,0 
-169.4984828333333,-14.2915853333333,0 
-169.4984958333333,-14.2915811666667,0 
-169.4984955000000,-14.2915878333333,0 
-169.4984980000000,-14.2915981666667,0 
-169.4984978333333,-14.2915851666667,0 
-169.4984898333333,-14.2915921666667,0 
-169.4984901666667,-14.2915940000000,0 
-169.4984941666667,-14.2915925000000,0 
-169.4984903333333,-14.2915885000000,0 
-169.4984838333333,-14.2916065000000,0 
-169.4984973333333,-14.2916223333333,0 
-169.4984961666667,-14.2916351666667,0 
-169.4984978333333,-14.2916176666667,0 
-169.4984891666667,-14.2916355000000,0 
-169.4985008333333,-14.2916451666667,0 
-169.4984900000000,-14.2916276666667,0 
-169.4985058333333,-14.2916385000000,0 
-169.4985063333333,-14.2916341666667,0 
-169.4984970000000,-14.2916248333333,0 
-169.4985046666667,-14.2916323333333,0 
-169.4984900000000,-14.2916338333333,0 
-169.4984958333333,-14.2916275000000,0 
-169.4984876666667,-14.2916286666667,0 
-169.4984985000000,-14.2916328333333,0 
-169.4984853333333,-14.2916145000000,0 
-169.4984983333333,-14.2916300000000,0 
-169.4984973333333,-14.2916308333333,0 
-169.4984996666667,-14.2916205000000,0 
-169.4984880000000,-14.2916165000000,0 
-169.4984950000000,-14.2916271666667,0 
-169.4984870000000,-14.2916218333333,0 
-169.4984881666667,-14.2916191666667,0 
-169.4984878333333,-14.2916206666667,0 
-169.4984856666667,-14.2916245000000,0 
-169.4984856666667,-14.2916173333333,0 
-169.4984938333333,-14.2916288333333,0 
-169.4984953333333,-14.2916401666667,0 
-169.4984801666667,-14.2916278333333,0 
-169.4984906666667,-14.2916193333333,0 
-169.4984905000000,-14.2916365000000,0 
-169.4984928333333,-14.2916248333333,0 
-169.4984851666667,-14.2916180000000,0 
-169.4984890000000,-14.2916286666667,0 
-169.4984860000000,-14.2916305000000,0 
-169.4984883333333,-14.2916288333333,0 
-169.4984915000000,-14.2916260000000,0 
-169.4984980000000,-14.2916391666667,0 
-169.4984833333333,-14.2916273333333,0 
-169.4984751666667,-14.2916253333333,0 
-169.4984870000000,-14.2916225000000,0 
-169.4984838333333,-14.2916311666667,0 
-169.4984806666667,-14.2916256666667,0 
-169.4984901666667,-14.2916426666667,0 
-169.4984840000000,-14.2916376666667,0 
-169.4984776666667,-14.2916346666667,0 
-169.4984765000000,-14.2916438333333,0 
-169.4984806666667,-14.2916376666667,0 
-169.4984810000000,-14.2916578333333,0 
-169.4984698333333,-14.2916371666667,0 
-169.4984681666667,-14.2916478333333,0 
-169.4984756666667,-14.2916430000000,0 
-169.4984675000000,-14.2916466666667,0 
-169.4984555000000,-14.2916576666667,0 
-169.4984483333333,-14.2916563333333,0 
-169.4984545000000,-14.2916506666667,0 
-169.4984478333333,-14.2916486666667,0 
-169.4984580000000,-14.2916423333333,0 
-169.4984423333333,-14.2916458333333,0 
-169.4984476666667,-14.2916520000000,0 
-169.4984543333333,-14.2916585000000,0 
-169.4984578333333,-14.2916658333333,0 
-169.4984510000000,-14.2916658333333,0 
-169.4984515000000,-14.2916843333333,0 
-169.4984453333333,-14.2916808333333,0 
-169.4984551666667,-14.2916801666667,0 
-169.4984538333333,-14.2916793333333,0 
-169.4984703333333,-14.2916821666667,0 
-169.4984691666667,-14.2916798333333,0 
-169.4984755000000,-14.2916758333333,0 
-169.4984628333333,-14.2916621666667,0 
-169.4984781666667,-14.2916681666667,0 
-169.4984783333333,-14.2916611666667,0 
-169.4984825000000,-14.2916508333333,0 
-169.4984806666667,-14.2916421666667,0 
-169.4984770000000,-14.2916535000000,0 
-169.4984768333333,-14.2916570000000,0 
-169.4984900000000,-14.2916475000000,0 
-169.4984735000000,-14.2916436666667,0 
-169.4984810000000,-14.2916305000000,0 
-169.4984771666667,-14.2916303333333,0 
-169.4984631666667,-14.2916151666667,0 
-169.4984708333333,-14.2916055000000,0 
-169.4984686666667,-14.2916006666667,0 
-169.4984625000000,-14.2915955000000,0 
-169.4984696666667,-14.2916028333333,0 
-169.4984690000000,-14.2916045000000,0 
-169.4984643333333,-14.2916038333333,0 
-169.4984631666667,-14.2916060000000,0 
-169.4984623333333,-14.2915980000000,0 
-169.4984721666667,-14.2915971666667,0 
-169.4984525000000,-14.2915890000000,0 
-169.4984680000000,-14.2915851666667,0 
-169.4984781666667,-14.2915923333333,0 
-169.4984600000000,-14.2915996666667,0 
-169.4984556666667,-14.2915888333333,0 
-169.4984635000000,-14.2915880000000,0 
-169.4984661666667,-14.2915801666667,0 
-169.4984755000000,-14.2915760000000,0 
-169.4984631666667,-14.2915661666667,0 
-169.4984626666667,-14.2915673333333,0 
-169.4984728333333,-14.2915651666667,0 
-169.4984710000000,-14.2915566666667,0 
-169.4984621666667,-14.2915758333333,0 
-169.4984645000000,-14.2915656666667,0 
-169.4984596666667,-14.2915665000000,0 
-169.4984586666667,-14.2915620000000,0 
-169.4984443333333,-14.2915595000000,0 
-169.4984635000000,-14.2915745000000,0 
-169.4984606666667,-14.2915713333333,0 
-169.4984563333333,-14.2915820000000,0 
-169.4984613333333,-14.2915806666667,0 
-169.4984650000000,-14.2915731666667,0 
-169.4984506666667,-14.2915755000000,0 
-169.4984350000000,-14.2915636666667,0 
-169.4984533333333,-14.2915763333333,0 
-169.4984578333333,-14.2915816666667,0 
-169.4984523333333,-14.2915665000000,0 
-169.4984408333333,-14.2915586666667,0 
-169.4984470000000,-14.2915773333333,0 
-169.4984528333333,-14.2915903333333,0 
-169.4984588333333,-14.2915781666667,0 
-169.4984523333333,-14.2915725000000,0 
-169.4984488333333,-14.2915740000000,0 
-169.4984595000000,-14.2915850000000,0 
-169.4984496666667,-14.2915775000000,0 
-169.4984585000000,-14.2915770000000,0 
-169.4984551666667,-14.2915796666667,0 
-169.4984526666667,-14.2915818333333,0 
-169.4984448333333,-14.2915756666667,0 
-169.4984528333333,-14.2915781666667,0 
-169.4984481666667,-14.2915725000000,0 
-169.4984463333333,-14.2915663333333,0 
-169.4984585000000,-14.2915806666667,0 
-169.4984593333333,-14.2915953333333,0 
-169.4984480000000,-14.2915791666667,0 
-169.4984518333333,-14.2915736666667,0 
-169.4984610000000,-14.2915878333333,0 
-169.4984633333333,-14.2915748333333,0 
-169.4984636666667,-14.2915706666667,0 
-169.4984550000000,-14.2915765000000,0 
-169.4984456666667,-14.2915766666667,0 
-169.4984536666667,-14.2915740000000,0 
-169.4984623333333,-14.2915746666667,0 
-169.4984576666667,-14.2915820000000,0 
-169.4984556666667,-14.2915716666667,0 
-169.4984598333333,-14.2915731666667,0 
-169.4984593333333,-14.2915765000000,0 
-169.4984495000000,-14.2915710000000,0 
-169.4984608333333,-14.2915798333333,0 
-169.4984621666667,-14.2915866666667,0 
-169.4984618333333,-14.2915936666667,0 
-169.4984510000000,-14.2915713333333,0 
-169.4984613333333,-14.2915771666667,0 
-169.4984575000000,-14.2915945000000,0 
-169.4984548333333,-14.2915710000000,0 
-169.4984580000000,-14.2915763333333,0 
-169.4984523333333,-14.2915815000000,0 
-169.4984640000000,-14.2915868333333,0 
-169.4984546666667,-14.2915818333333,0 
-169.4984560000000,-14.2915741666667,0 
-169.4984593333333,-14.2915761666667,0 
-169.4984600000000,-14.2915958333333,0 
-169.4984420000000,-14.2915831666667,0 
-169.4984405000000,-14.2915765000000,0 
-169.4984216666667,-14.2915741666667,0 
-169.4984266666667,-14.2915798333333,0 
-169.4984250000000,-14.2915878333333,0 
-169.4984145000000,-14.2915658333333,0 
-169.4984248333333,-14.2915693333333,0 
-169.4984151666667,-14.2915685000000,0 
-169.4984118333333,-14.2915665000000,0 
-169.4984175000000,-14.2915690000000,0 
-169.4984083333333,-14.2915643333333,0 
-169.4984208333333,-14.2915511666667,0 
-169.4984045000000,-14.2915606666667,0 
-169.4984108333333,-14.2915613333333,0 
-169.4984106666667,-14.2915635000000,0 
-169.4984131666667,-14.2915606666667,0 
-169.4984283333333,-14.2915510000000,0 
-169.4984380000000,-14.2915713333333,0 
-169.4984245000000,-14.2915518333333,0 
-169.4984333333333,-14.2915615000000,0 
-169.4984210000000,-14.2915536666667,0 
-169.4984331666667,-14.2915561666667,0 
-169.4984368333333,-14.2915793333333,0 
-169.4984296666667,-14.2915515000000,0 
-169.4984353333333,-14.2915575000000,0 
-169.4984208333333,-14.2915575000000,0 
-169.4984236666667,-14.2915611666667,0 
-169.4984365000000,-14.2915670000000,0 
-169.4984261666667,-14.2915515000000,0 
-169.4984286666667,-14.2915591666667,0 
-169.4984206666667,-14.2915530000000,0 
-169.4984188333333,-14.2915560000000,0 
-169.4984346666667,-14.2915566666667,0 
-169.4984150000000,-14.2915591666667,0 
-169.4984223333333,-14.2915573333333,0 
-169.4984218333333,-14.2915630000000,0 
-169.4984126666667,-14.2915570000000,0 
-169.4984200000000,-14.2915670000000,0 
-169.4984281666667,-14.2915590000000,0 
-169.4984151666667,-14.2915538333333,0 
-169.4984270000000,-14.2915610000000,0 
-169.4984210000000,-14.2915701666667,0 
-169.4984235000000,-14.2915615000000,0 
-169.4984161666667,-14.2915491666667,0 
-169.4984281666667,-14.2915621666667,0 
-169.4984296666667,-14.2915601666667,0 
-169.4984205000000,-14.2915531666667,0 
-169.4984171666667,-14.2915536666667,0 
-169.4984153333333,-14.2915508333333,0 
-169.4984173333333,-14.2915583333333,0 
-169.4984198333333,-14.2915586666667,0 
-169.4984171666667,-14.2915453333333,0 
-169.4984128333333,-14.2915613333333,0 
-169.4984216666667,-14.2915531666667,0 
-169.4984165000000,-14.2915543333333,0 
-169.4984223333333,-14.2915568333333,0 
-169.4984211666667,-14.2915546666667,0 
-169.4984206666667,-14.2915543333333,0 
-169.4984240000000,-14.2915466666667,0 
-169.4984173333333,-14.2915550000000,0 
-169.4984295000000,-14.2915603333333,0 
-169.4984171666667,-14.2915581666667,0 
-169.4984230000000,-14.2915495000000,0 
-169.4984106666667,-14.2915508333333,0 
-169.4984305000000,-14.2915563333333,0 
-169.4984276666667,-14.2915605000000,0 
-169.4984173333333,-14.2915513333333,0 
-169.4984150000000,-14.2915518333333,0 
-169.4984338333333,-14.2915646666667,0 
-169.4984141666667,-14.2915530000000,0 
-169.4984093333333,-14.2915496666667,0 
-169.4984170000000,-14.2915566666667,0 
-169.4984256666667,-14.2915565000000,0 
-169.4984086666667,-14.2915496666667,0 
-169.4984176666667,-14.2915488333333,0 
-169.4984095000000,-14.2915588333333,0 
-169.4984200000000,-14.2915553333333,0 
-169.4984318333333,-14.2915763333333,0 
-169.4984126666667,-14.2915595000000,0 
-169.4984245000000,-14.2915581666667,0 
-169.4984255000000,-14.2915658333333,0 
-169.4984206666667,-14.2915586666667,0 
-169.4984135000000,-14.2915533333333,0 
-169.4984108333333,-14.2915546666667,0 
-169.4984235000000,-14.2915591666667,0 
-169.4984145000000,-14.2915531666667,0 
-169.4984110000000,-14.2915561666667,0 
-169.4984365000000,-14.2915671666667,0 
-169.4984240000000,-14.2915503333333,0 
-169.4984185000000,-14.2915463333333,0 
-169.4984301666667,-14.2915553333333,0 
-169.4984241666667,-14.2915426666667,0 
-169.4984096666667,-14.2915455000000,0 
-169.4983983333333,-14.2915333333333,0 
-169.4984005000000,-14.2915371666667,0 
-169.4984263333333,-14.2915418333333,0 
-169.4984236666667,-14.2915325000000,0 
-169.4984201666667,-14.2915211666667,0 
-169.4984385000000,-14.2915331666667,0 
-169.4984251666667,-14.2915213333333,0 
-169.4984241666667,-14.2914965000000,0 
-169.4984366666667,-14.2915285000000,0 
-169.4984146666667,-14.2915065000000,0 
-169.4984146666667,-14.2914988333333,0 
-169.4984378333333,-14.2915061666667,0 
-169.4984305000000,-14.2914950000000,0 
-169.4984290000000,-14.2915021666667,0 
-169.4984418333333,-14.2915000000000,0 
-169.4984400000000,-14.2915030000000,0 
-169.4984383333333,-14.2914845000000,0 
-169.4984355000000,-14.2914615000000,0 
-169.4984310000000,-14.2914708333333,0 
-169.4984343333333,-14.2914703333333,0 
-169.4984171666667,-14.2914621666667,0 
-169.4984231666667,-14.2914631666667,0 
-169.4984241666667,-14.2914273333333,0 
-169.4984255000000,-14.2914220000000,0 
-169.4984246666667,-14.2914195000000,0 
-169.4984221666667,-14.2914163333333,0 
-169.4984240000000,-14.2914228333333,0 
-169.4984130000000,-14.2914138333333,0 
-169.4984380000000,-14.2914161666667,0 
-169.4984291666667,-14.2914140000000,0 
-169.4984290000000,-14.2914105000000,0 
-169.4984218333333,-14.2914001666667,0 
-169.4984241666667,-14.2914111666667,0 
-169.4984170000000,-14.2913960000000,0 
-169.4984135000000,-14.2914153333333,0 
-169.4984041666667,-14.2913996666667,0 
-169.4984186666667,-14.2914030000000,0 
-169.4984208333333,-14.2914003333333,0 
-169.4984175000000,-14.2913966666667,0 
-169.4984131666667,-14.2914046666667,0 
-169.4984175000000,-14.2914031666667,0 
-169.4984193333333,-14.2914015000000,0 
-169.4984151666667,-14.2913951666667,0 
-169.4984106666667,-14.2913981666667,0 
-169.4984228333333,-14.2914023333333,0 
-169.4984131666667,-14.2913960000000,0 
-169.4984145000000,-14.2914026666667,0 
-169.4984121666667,-14.2914010000000,0 
-169.4984181666667,-14.2913998333333,0 
-169.4984171666667,-14.2913915000000,0 
-169.4984138333333,-14.2913966666667,0 
-169.4984025000000,-14.2914013333333,0 
-169.4984026666667,-14.2913898333333,0 
-169.4984085000000,-14.2913983333333,0 
-169.4984035000000,-14.2913851666667,0 
-169.4984095000000,-14.2913991666667,0 
-169.4984045000000,-14.2913858333333,0 
-169.4984140000000,-14.2914015000000,0 
-169.4984140000000,-14.2914038333333,0 
-169.4984103333333,-14.2913948333333,0 
-169.4984095000000,-14.2913925000000,0 
-169.4984150000000,-14.2914045000000,0 
-169.4984103333333,-14.2913963333333,0 
-169.4984116666667,-14.2914025000000,0 
-169.4984161666667,-14.2914091666667,0 
-169.4984068333333,-14.2913970000000,0 
-169.4984073333333,-14.2913980000000,0 
-169.4984085000000,-14.2914000000000,0 
-169.4984000000000,-14.2914041666667,0 
-169.4984128333333,-14.2914026666667,0 
-169.4984160000000,-14.2914006666667,0 
-169.4984031666667,-14.2913976666667,0 
-169.4984190000000,-14.2914013333333,0 
-169.4984113333333,-14.2913961666667,0 
-169.4983998333333,-14.2913960000000,0 
-169.4984078333333,-14.2914091666667,0 
-169.4983931666667,-14.2914036666667,0 
-169.4984050000000,-14.2913963333333,0 
-169.4984008333333,-14.2914038333333,0 
-169.4984133333333,-14.2914101666667,0 
-169.4983956666667,-14.2914003333333,0 
-169.4983965000000,-14.2914103333333,0 
-169.4984051666667,-14.2914023333333,0 
-169.4984026666667,-14.2914101666667,0 
-169.4984066666667,-14.2914061666667,0 
-169.4984115000000,-14.2914025000000,0 
-169.4983981666667,-14.2914025000000,0 
-169.4983976666667,-14.2914011666667,0 
-169.4983991666667,-14.2913913333333,0 
-169.4983988333333,-14.2913983333333,0 
-169.4984045000000,-14.2914041666667,0 
-169.4984073333333,-14.2913953333333,0 
-169.4984115000000,-14.2914028333333,0 
-169.4984150000000,-14.2913985000000,0 
-169.4984206666667,-14.2913960000000,0 
-169.4984160000000,-14.2913895000000,0 
-169.4984065000000,-14.2913975000000,0 
-169.4983973333333,-14.2913853333333,0 
-169.4984056666667,-14.2913906666667,0 
-169.4983990000000,-14.2913840000000,0 
-169.4984181666667,-14.2913800000000,0 
-169.4984331666667,-14.2913768333333,0 
-169.4984310000000,-14.2913715000000,0 
-169.4984530000000,-14.2913655000000,0 
-169.4984623333333,-14.2913656666667,0 
-169.4984558333333,-14.2913718333333,0 
-169.4984253333333,-14.2913388333333,0 
-169.4984473333333,-14.2913570000000,0 
-169.4984396666667,-14.2913485000000,0 
-169.4984393333333,-14.2913383333333,0 
-169.4984458333333,-14.2913383333333,0 
-169.4984371666667,-14.2913426666667,0 
-169.4984335000000,-14.2913440000000,0 
-169.4984408333333,-14.2913338333333,0 
-169.4984316666667,-14.2913353333333,0 
-169.4984338333333,-14.2913413333333,0 
-169.4984126666667,-14.2913303333333,0 
-169.4984278333333,-14.2913293333333,0 
-169.4984320000000,-14.2913313333333,0 
-169.4984170000000,-14.2913206666667,0 
-169.4984280000000,-14.2913305000000,0 
-169.4984183333333,-14.2913261666667,0 
-169.4984311666667,-14.2913236666667,0 
-169.4984410000000,-14.2913253333333,0 
-169.4984251666667,-14.2913245000000,0 
-169.4984218333333,-14.2913188333333,0 
-169.4984316666667,-14.2913185000000,0 
-169.4984288333333,-14.2913208333333,0 
-169.4984235000000,-14.2913155000000,0 
-169.4984183333333,-14.2913160000000,0 
-169.4984268333333,-14.2913221666667,0 
-169.4984250000000,-14.2913190000000,0 
-169.4984221666667,-14.2913115000000,0 
-169.4984251666667,-14.2913221666667,0 
-169.4984208333333,-14.2913180000000,0 
-169.4984253333333,-14.2913190000000,0 
-169.4984223333333,-14.2913153333333,0 
-169.4984010000000,-14.2913166666667,0 
-169.4984056666667,-14.2913300000000,0 
-169.4984036666667,-14.2913426666667,0 
-169.4984013333333,-14.2913421666667,0 
-169.4984161666667,-14.2913506666667,0 
-169.4984181666667,-14.2913533333333,0 
-169.4984050000000,-14.2913443333333,0 
-169.4984051666667,-14.2913453333333,0 
-169.4984335000000,-14.2913548333333,0 
-169.4984191666667,-14.2913350000000,0 
-169.4984438333333,-14.2913390000000,0 
-169.4984358333333,-14.2913431666667,0 
-169.4984238333333,-14.2913320000000,0 
-169.4984323333333,-14.2913298333333,0 
-169.4984415000000,-14.2913278333333,0 
-169.4984418333333,-14.2913388333333,0 
-169.4984426666667,-14.2913295000000,0 
-169.4984373333333,-14.2913373333333,0 
-169.4984108333333,-14.2913368333333,0 
-169.4984203333333,-14.2913265000000,0 
-169.4984183333333,-14.2913263333333,0 
-169.4984215000000,-14.2913318333333,0 
-169.4984130000000,-14.2913281666667,0 
-169.4984175000000,-14.2913210000000,0 
-169.4984250000000,-14.2913311666667,0 
-169.4984196666667,-14.2913298333333,0 
-169.4984045000000,-14.2913331666667,0 
-169.4984191666667,-14.2913226666667,0 
-169.4984091666667,-14.2913195000000,0 
-169.4984066666667,-14.2913253333333,0 
-169.4984223333333,-14.2913251666667,0 
-169.4984240000000,-14.2913265000000,0 
-169.4983985000000,-14.2913233333333,0 
-169.4984030000000,-14.2913358333333,0 
-169.4984016666667,-14.2913388333333,0 
-169.4983896666667,-14.2913328333333,0 
-169.4984086666667,-14.2913376666667,0 
-169.4984198333333,-14.2913391666667,0 
-169.4984066666667,-14.2913205000000,0 
-169.4984235000000,-14.2913316666667,0 
-169.4984478333333,-14.2913310000000,0 
-169.4984716666667,-14.2913425000000,0 
-169.4984835000000,-14.2913451666667,0 
-169.4984541666667,-14.2913331666667,0 
-169.4984333333333,-14.2913345000000,0 
-169.4984328333333,-14.2913465000000,0 
-169.4984201666667,-14.2913273333333,0 
-169.4984190000000,-14.2913341666667,0 
-169.4983991666667,-14.2913213333333,0 
-169.4984145000000,-14.2913223333333,0 
-169.4984076666667,-14.2913280000000,0 
-169.4983981666667,-14.2913141666667,0 
-169.4984135000000,-14.2913111666667,0 
-169.4984056666667,-14.2913161666667,0 
-169.4984035000000,-14.2913078333333,0 
-169.4984166666667,-14.2913105000000,0 
-169.4983986666667,-14.2913098333333,0 
-169.4984061666667,-14.2913091666667,0 
-169.4984190000000,-14.2913133333333,0 
-169.4984135000000,-14.2913183333333,0 
-169.4984176666667,-14.2913145000000,0 
-169.4984166666667,-14.2913136666667,0 
-169.4984141666667,-14.2913125000000,0 
-169.4984116666667,-14.2913096666667,0 
-169.4984141666667,-14.2913138333333,0 
-169.4984186666667,-14.2913191666667,0 
-169.4984073333333,-14.2913108333333,0 
-169.4984143333333,-14.2913215000000,0 
-169.4984201666667,-14.2913136666667,0 
-169.4984083333333,-14.2913106666667,0 
-169.4984186666667,-14.2913150000000,0 
-169.4984168333333,-14.2913155000000,0 
-169.4984221666667,-14.2913165000000,0 
-169.4984140000000,-14.2913155000000,0 
-169.4984155000000,-14.2913146666667,0 
-169.4984161666667,-14.2913145000000,0 
-169.4984113333333,-14.2913198333333,0 
-169.4984063333333,-14.2913043333333,0 
-169.4984055000000,-14.2913078333333,0 
-169.4984203333333,-14.2913156666667,0 
-169.4984220000000,-14.2913145000000,0 
-169.4984105000000,-14.2913058333333,0 
-169.4984200000000,-14.2913135000000,0 
-169.4984053333333,-14.2913080000000,0 
-169.4984161666667,-14.2912716666667,0 
-169.4984201666667,-14.2912703333333,0 
-169.4984158333333,-14.2912675000000,0 
-169.4984236666667,-14.2912666666667,0 
-169.4984068333333,-14.2912673333333,0 
-169.4984176666667,-14.2912700000000,0 
-169.4984016666667,-14.2912621666667,0 
-169.4984243333333,-14.2912820000000,0 
-169.4984023333333,-14.2912678333333,0 
-169.4984140000000,-14.2912753333333,0 
-169.4984058333333,-14.2912703333333,0 
-169.4984106666667,-14.2912710000000,0 
-169.4984158333333,-14.2912771666667,0 
-169.4984191666667,-14.2912711666667,0 
-169.4984251666667,-14.2912795000000,0 
-169.4984136666667,-14.2912776666667,0 
-169.4984115000000,-14.2912760000000,0 
-169.4984200000000,-14.2912860000000,0 
-169.4983928333333,-14.2912693333333,0 
-169.4984125000000,-14.2912771666667,0 
-169.4984120000000,-14.2912691666667,0 
-169.4984081666667,-14.2912673333333,0 
-169.4984068333333,-14.2912696666667,0 
-169.4983950000000,-14.2912691666667,0 
-169.4983893333333,-14.2912645000000,0 
-169.4984080000000,-14.2912640000000,0 
-169.4984043333333,-14.2912593333333,0 
-169.4984075000000,-14.2912633333333,0 
-169.4984135000000,-14.2912551666667,0 
-169.4984040000000,-14.2912501666667,0 
-169.4984061666667,-14.2912460000000,0 
-169.4983931666667,-14.2912358333333,0 
-169.4984000000000,-14.2912425000000,0 
-169.4984025000000,-14.2912405000000,0 
-169.4984201666667,-14.2912493333333,0 
-169.4984031666667,-14.2912421666667,0 
-169.4983978333333,-14.2912403333333,0 
-169.4984051666667,-14.2912413333333,0 
-169.4984091666667,-14.2912368333333,0 
-169.4984065000000,-14.2912405000000,0 
-169.4984188333333,-14.2912538333333,0 
-169.4984120000000,-14.2912445000000,0 
-169.4984051666667,-14.2912445000000,0 
-169.4984180000000,-14.2912500000000,0 
-169.4984098333333,-14.2912423333333,0 
-169.4984151666667,-14.2912481666667,0 
-169.4984055000000,-14.2912421666667,0 
-169.4984026666667,-14.2912410000000,0 
-169.4983983333333,-14.2912381666667,0 
-169.4984135000000,-14.2912398333333,0 
-169.4984098333333,-14.2912426666667,0 
-169.4984151666667,-14.2912531666667,0 
-169.4984111666667,-14.2912470000000,0 
-169.4984076666667,-14.2912426666667,0 
-169.4984185000000,-14.2912500000000,0 
-169.4984025000000,-14.2912476666667,0 
-169.4984135000000,-14.2912460000000,0 
-169.4984065000000,-14.2912441666667,0 
-169.4984110000000,-14.2912585000000,0 
-169.4984040000000,-14.2912435000000,0 
-169.4984091666667,-14.2912523333333,0 
-169.4984003333333,-14.2912408333333,0 
-169.4984100000000,-14.2912511666667,0 
-169.4984048333333,-14.2912443333333,0 
-169.4983895000000,-14.2912371666667,0 
-169.4984076666667,-14.2912445000000,0 
-169.4984085000000,-14.2912441666667,0 
-169.4983988333333,-14.2912401666667,0 
-169.4983950000000,-14.2912411666667,0 
-169.4983896666667,-14.2912383333333,0 
-169.4984108333333,-14.2912513333333,0 
-169.4984040000000,-14.2912386666667,0 
-169.4984055000000,-14.2912501666667,0 
-169.4983845000000,-14.2912435000000,0 
-169.4983941666667,-14.2912570000000,0 
-169.4983728333333,-14.2912463333333,0 
-169.4984015000000,-14.2912571666667,0 
-169.4983991666667,-14.2912563333333,0 
-169.4983948333333,-14.2912485000000,0 
-169.4983858333333,-14.2912406666667,0 
-169.4984020000000,-14.2912471666667,0 
-169.4983918333333,-14.2912505000000,0 
-169.4983811666667,-14.2912361666667,0 
-169.4983871666667,-14.2912303333333,0 
-169.4983823333333,-14.2912363333333,0 
-169.4983891666667,-14.2912391666667,0 
-169.4983920000000,-14.2912448333333,0 
-169.4983728333333,-14.2912338333333,0 
-169.4983938333333,-14.2912381666667,0 
-169.4983830000000,-14.2912390000000,0 
-169.4983965000000,-14.2912438333333,0 
-169.4984011666667,-14.2912468333333,0 
-169.4983793333333,-14.2912421666667,0 
-169.4983880000000,-14.2912435000000,0 
-169.4984026666667,-14.2912438333333,0 
-169.4983843333333,-14.2912513333333,0 
-169.4983711666667,-14.2912403333333,0 
-169.4983886666667,-14.2912460000000,0 
-169.4983961666667,-14.2912483333333,0 
-169.4983945000000,-14.2912478333333,0 
-169.4983723333333,-14.2912405000000,0 
-169.4983911666667,-14.2912426666667,0 
-169.4983721666667,-14.2912450000000,0 
-169.4983926666667,-14.2912408333333,0 
-169.4983723333333,-14.2912403333333,0 
-169.4983930000000,-14.2912481666667,0 
-169.4983890000000,-14.2912451666667,0 
-169.4983855000000,-14.2912435000000,0 
-169.4983853333333,-14.2912386666667,0 
-169.4983741666667,-14.2912426666667,0 
-169.4983831666667,-14.2912451666667,0 
-169.4983868333333,-14.2912446666667,0 
-169.4983835000000,-14.2912423333333,0 
-169.4983955000000,-14.2912420000000,0 
-169.4983836666667,-14.2912333333333,0 
-169.4983873333333,-14.2912418333333,0 
-169.4983801666667,-14.2912405000000,0 
-169.4983560000000,-14.2912275000000,0 
-169.4983711666667,-14.2912408333333,0 
-169.4983891666667,-14.2912345000000,0 
-169.4983890000000,-14.2912331666667,0 
-169.4983730000000,-14.2912320000000,0 
-169.4983548333333,-14.2912200000000,0 
-169.4983721666667,-14.2912221666667,0 
-169.4983751666667,-14.2912170000000,0 
-169.4983846666667,-14.2912178333333,0 
-169.4984005000000,-14.2912170000000,0 
-169.4983966666667,-14.2912121666667,0 
-169.4984041666667,-14.2912153333333,0 
-169.4983768333333,-14.2911990000000,0 
-169.4983996666667,-14.2912058333333,0 
-169.4984333333333,-14.2912150000000,0 
-169.4984138333333,-14.2912018333333,0 
-169.4984486666667,-14.2912171666667,0 
-169.4984353333333,-14.2912170000000,0 
-169.4984196666667,-14.2912208333333,0 
-169.4984285000000,-14.2912188333333,0 
-169.4984423333333,-14.2912235000000,0 
-169.4984168333333,-14.2912075000000,0 
-169.4984101666667,-14.2912071666667,0 
-169.4984170000000,-14.2912040000000,0 
-169.4984315000000,-14.2911993333333,0 
-169.4984260000000,-14.2911981666667,0 
-169.4984195000000,-14.2911965000000,0 
-169.4984393333333,-14.2911991666667,0 
-169.4984430000000,-14.2912008333333,0 
-169.4984220000000,-14.2911973333333,0 
-169.4984195000000,-14.2911955000000,0 
-169.4984348333333,-14.2911963333333,0 
-169.4984096666667,-14.2911921666667,0 
-169.4984401666667,-14.2911990000000,0 
-169.4984261666667,-14.2911898333333,0 
-169.4984240000000,-14.2911951666667,0 
-169.4984096666667,-14.2911875000000,0 
-169.4984141666667,-14.2911898333333,0 
-169.4984336666667,-14.2911963333333,0 
-169.4984225000000,-14.2911935000000,0 
-169.4984295000000,-14.2911958333333,0 
-169.4984208333333,-14.2911970000000,0 
-169.4984198333333,-14.2912130000000,0 
-169.4984188333333,-14.2912251666667,0 
-169.4984166666667,-14.2912263333333,0 
-169.4984040000000,-14.2912300000000,0 
-169.4983960000000,-14.2912276666667,0 
-169.4984208333333,-14.2912326666667,0 
-169.4984096666667,-14.2912250000000,0 
-169.4984295000000,-14.2912351666667,0 
-169.4984155000000,-14.2912291666667,0 
-169.4984031666667,-14.2912215000000,0 
-169.4984278333333,-14.2912278333333,0 
-169.4984083333333,-14.2912238333333,0 
-169.4984191666667,-14.2912226666667,0 
-169.4984341666667,-14.2912290000000,0 
-169.4984251666667,-14.2912276666667,0 
-169.4984360000000,-14.2912276666667,0 
-169.4984336666667,-14.2912286666667,0 
-169.4984150000000,-14.2912278333333,0 
-169.4984011666667,-14.2912266666667,0 
-169.4984045000000,-14.2912300000000,0 
-169.4984071666667,-14.2912326666667,0 
-169.4983811666667,-14.2912181666667,0 
-169.4983760000000,-14.2912163333333,0 
-169.4983986666667,-14.2912185000000,0 
-169.4983735000000,-14.2912131666667,0 
-169.4984025000000,-14.2912191666667,0 
-169.4983828333333,-14.2912071666667,0 
-169.4983991666667,-14.2912065000000,0 
-169.4983780000000,-14.2912053333333,0 
-169.4983790000000,-14.2912020000000,0 
-169.4983798333333,-14.2911986666667,0 
-169.4983873333333,-14.2912025000000,0 
-169.4983963333333,-14.2911995000000,0 
-169.4983815000000,-14.2911933333333,0 
-169.4983861666667,-14.2911961666667,0 
-169.4983898333333,-14.2911950000000,0 
-169.4983973333333,-14.2911988333333,0 
-169.4983571666667,-14.2911920000000,0 
-169.4983628333333,-14.2911961666667,0 
-169.4983533333333,-14.2911885000000,0 
-169.4983618333333,-14.2911915000000,0 
-169.4983740000000,-14.2911965000000,0 
-169.4983636666667,-14.2911908333333,0 
-169.4983728333333,-14.2911946666667,0 
-169.4983556666667,-14.2911910000000,0 
-169.4983561666667,-14.2911893333333,0 
-169.4983538333333,-14.2911891666667,0 
-169.4983643333333,-14.2911765000000,0 
-169.4983458333333,-14.2911481666667,0 
-169.4983788333333,-14.2911610000000,0 
-169.4983688333333,-14.2911610000000,0 
-169.4983625000000,-14.2911561666667,0 
-169.4983706666667,-14.2911608333333,0 
-169.4983695000000,-14.2911598333333,0 
-169.4983520000000,-14.2911543333333,0 
-169.4983600000000,-14.2911573333333,0 
-169.4983876666667,-14.2911656666667,0 
-169.4983768333333,-14.2911631666667,0 
-169.4983873333333,-14.2911645000000,0 
-169.4983763333333,-14.2911660000000,0 
-169.4983833333333,-14.2911660000000,0 
-169.4983581666667,-14.2911573333333,0 
-169.4983806666667,-14.2911623333333,0 
-169.4983856666667,-14.2911681666667,0 
-169.4983751666667,-14.2911750000000,0 
-169.4983731666667,-14.2911758333333,0 
-169.4983855000000,-14.2911746666667,0 
-169.4983558333333,-14.2911661666667,0 
-169.4983761666667,-14.2911648333333,0 
-169.4983898333333,-14.2911611666667,0 
-169.4983685000000,-14.2911531666667,0 
-169.4983571666667,-14.2911408333333,0 
-169.4983646666667,-14.2911415000000,0 
-169.4983510000000,-14.2911370000000,0 
-169.4983500000000,-14.2911371666667,0 
-169.4983665000000,-14.2911405000000,0 
-169.4983530000000,-14.2911263333333,0 
-169.4983528333333,-14.2911220000000,0 
-169.4983641666667,-14.2911341666667,0 
-169.4983671666667,-14.2911305000000,0 
-169.4983458333333,-14.2911195000000,0 
-169.4983611666667,-14.2911248333333,0 
-169.4983548333333,-14.2911288333333,0 
-169.4983571666667,-14.2911135000000,0 
-169.4983636666667,-14.2911098333333,0 
-169.4983700000000,-14.2911136666667,0 
-169.4983635000000,-14.2911103333333,0 
-169.4983666666667,-14.2911036666667,0 
-169.4983553333333,-14.2910981666667,0 
-169.4983726666667,-14.2911015000000,0 
-169.4983523333333,-14.2910941666667,0 
-169.4983653333333,-14.2910985000000,0 
-169.4983681666667,-14.2911030000000,0 
-169.4983663333333,-14.2911043333333,0 
-169.4983521666667,-14.2910931666667,0 
-169.4983685000000,-14.2911048333333,0 
-169.4983650000000,-14.2911008333333,0 
-169.4983623333333,-14.2911001666667,0 
-169.4983535000000,-14.2910983333333,0 
-169.4983593333333,-14.2910923333333,0 
-169.4983486666667,-14.2910923333333,0 
-169.4983545000000,-14.2910983333333,0 
-169.4983636666667,-14.2911031666667,0 
-169.4983760000000,-14.2911016666667,0 
-169.4983510000000,-14.2910963333333,0 
-169.4983733333333,-14.2911026666667,0 
-169.4983766666667,-14.2911000000000,0 
-169.4983745000000,-14.2911081666667,0 
-169.4983591666667,-14.2911033333333,0 
-169.4983520000000,-14.2910978333333,0 
-169.4983510000000,-14.2910926666667,0 
-169.4983638333333,-14.2910983333333,0 
-169.4983708333333,-14.2910923333333,0 
-169.4983555000000,-14.2910751666667,0 
-169.4983766666667,-14.2910860000000,0 
-169.4983476666667,-14.2910801666667,0 
-169.4983413333333,-14.2910651666667,0 
-169.4983630000000,-14.2910770000000,0 
-169.4983573333333,-14.2910676666667,0 
-169.4983725000000,-14.2910706666667,0 
-169.4983730000000,-14.2910678333333,0 
-169.4983390000000,-14.2910548333333,0 
-169.4983680000000,-14.2910623333333,0 
-169.4983605000000,-14.2910635000000,0 
-169.4983375000000,-14.2910556666667,0 
-169.4983533333333,-14.2910585000000,0 
-169.4983403333333,-14.2910578333333,0 
-169.4983538333333,-14.2910520000000,0 
-169.4983395000000,-14.2910600000000,0 
-169.4983361666667,-14.2910553333333,0 
-169.4983436666667,-14.2910590000000,0 
-169.4983606666667,-14.2910618333333,0 
-169.4983601666667,-14.2910578333333,0 
-169.4983698333333,-14.2910616666667,0 
-169.4983641666667,-14.2910571666667,0 
-169.4983355000000,-14.2910508333333,0 
-169.4983511666667,-14.2910545000000,0 
-169.4983616666667,-14.2910570000000,0 
-169.4983533333333,-14.2910600000000,0 
-169.4983348333333,-14.2910538333333,0 
-169.4983465000000,-14.2910570000000,0 
-169.4983643333333,-14.2910611666667,0 
-169.4983461666667,-14.2910526666667,0 
-169.4983630000000,-14.2910516666667,0 
-169.4983525000000,-14.2910595000000,0 
-169.4983411666667,-14.2910563333333,0 
-169.4983386666667,-14.2910530000000,0 
-169.4983455000000,-14.2910543333333,0 
-169.4983340000000,-14.2910536666667,0 
-169.4983471666667,-14.2910488333333,0 
-169.4983535000000,-14.2910471666667,0 
-169.4983420000000,-14.2910560000000,0 
-169.4983566666667,-14.2910525000000,0 
-169.4983591666667,-14.2910461666667,0 
-169.4983408333333,-14.2910570000000,0 
-169.4983531666667,-14.2910506666667,0 
-169.4983633333333,-14.2910476666667,0 
-169.4983731666667,-14.2910628333333,0 
-169.4983328333333,-14.2910613333333,0 
-169.4983473333333,-14.2910608333333,0 
-169.4983495000000,-14.2910656666667,0 
-169.4983295000000,-14.2910666666667,0 
-169.4983315000000,-14.2910576666667,0 
-169.4983421666667,-14.2910733333333,0 
-169.4983451666667,-14.2910508333333,0 
-169.4983630000000,-14.2910400000000,0 
-169.4983410000000,-14.2910531666667,0 
-169.4983328333333,-14.2910501666667,0 
-169.4983480000000,-14.2910331666667,0 
-169.4983563333333,-14.2910413333333,0 
-169.4983455000000,-14.2910331666667,0 
-169.4983545000000,-14.2910355000000,0 
-169.4983461666667,-14.2910361666667,0 
-169.4983645000000,-14.2910331666667,0 
-169.4983563333333,-14.2910513333333,0 
-169.4983736666667,-14.2910458333333,0 
-169.4983700000000,-14.2910525000000,0 
-169.4983903333333,-14.2910683333333,0 
-169.4983801666667,-14.2910625000000,0 
-169.4983790000000,-14.2910760000000,0 
-169.4983768333333,-14.2910705000000,0 
-169.4983838333333,-14.2910495000000,0 
-169.4983881666667,-14.2910608333333,0 
-169.4983755000000,-14.2910570000000,0 
-169.4983741666667,-14.2910628333333,0 
-169.4983658333333,-14.2910585000000,0 
-169.4983705000000,-14.2910578333333,0 
-169.4983715000000,-14.2910553333333,0 
-169.4983758333333,-14.2910550000000,0 
-169.4983700000000,-14.2910478333333,0 
-169.4983743333333,-14.2910521666667,0 
-169.4983470000000,-14.2910650000000,0 
-169.4983766666667,-14.2910443333333,0 
-169.4983735000000,-14.2910505000000,0 
-169.4983601666667,-14.2910710000000,0 
-169.4983730000000,-14.2910536666667,0 
-169.4983753333333,-14.2910593333333,0 
-169.4983606666667,-14.2910663333333,0 
-169.4983661666667,-14.2910678333333,0 
-169.4983681666667,-14.2910586666667,0 
-169.4983643333333,-14.2910656666667,0 
-169.4983716666667,-14.2910496666667,0 
-169.4983386666667,-14.2910575000000,0 
-169.4983366666667,-14.2910561666667,0 
-169.4983485000000,-14.2910586666667,0 
-169.4983461666667,-14.2910813333333,0 
-169.4983386666667,-14.2910668333333,0 
-169.4983256666667,-14.2910638333333,0 
-169.4983396666667,-14.2910680000000,0 
-169.4983256666667,-14.2910608333333,0 
-169.4983398333333,-14.2910568333333,0 
-169.4983301666667,-14.2910650000000,0 
-169.4983426666667,-14.2910555000000,0 
-169.4983308333333,-14.2910626666667,0 
-169.4983405000000,-14.2910621666667,0 
-169.4983230000000,-14.2910661666667,0 
-169.4983240000000,-14.2910611666667,0 
-169.4983298333333,-14.2910610000000,0 
-169.4983271666667,-14.2910598333333,0 
-169.4983321666667,-14.2910635000000,0 
-169.4983278333333,-14.2910606666667,0 
-169.4983331666667,-14.2910696666667,0 
-169.4983251666667,-14.2910663333333,0 
-169.4983376666667,-14.2910671666667,0 
-169.4983225000000,-14.2910700000000,0 
-169.4983281666667,-14.2910616666667,0 
-169.4983186666667,-14.2910636666667,0 
-169.4983393333333,-14.2910630000000,0 
-169.4983313333333,-14.2910588333333,0 
-169.4983370000000,-14.2910575000000,0 
-169.4983330000000,-14.2910658333333,0 
-169.4983268333333,-14.2910565000000,0 
-169.4983410000000,-14.2910531666667,0 
-169.4983351666667,-14.2910581666667,0 
-169.4983426666667,-14.2910441666667,0 
-169.4983441666667,-14.2910438333333,0 
-169.4983321666667,-14.2910585000000,0 
-169.4983395000000,-14.2910503333333,0 
-169.4983316666667,-14.2910535000000,0 
-169.4983440000000,-14.2910361666667,0 
-169.4983410000000,-14.2910616666667,0 
-169.4983286666667,-14.2910480000000,0 
-169.4983385000000,-14.2910583333333,0 
-169.4983435000000,-14.2910488333333,0 
-169.4983503333333,-14.2910476666667,0 
-169.4983346666667,-14.2910488333333,0 
-169.4983470000000,-14.2910451666667,0 
-169.4983536666667,-14.2910486666667,0 
-169.4983373333333,-14.2910508333333,0 
-169.4983415000000,-14.2910481666667,0 
-169.4983438333333,-14.2910486666667,0 
-169.4983443333333,-14.2910511666667,0 
-169.4983508333333,-14.2910471666667,0 
-169.4983495000000,-14.2910535000000,0 
-169.4983328333333,-14.2910366666667,0 
-169.4983416666667,-14.2910305000000,0 
-169.4983438333333,-14.2910416666667,0 
-169.4983360000000,-14.2910501666667,0 
-169.4983441666667,-14.2910415000000,0 
-169.4983563333333,-14.2910390000000,0 
-169.4983595000000,-14.2910440000000,0 
-169.4983305000000,-14.2910420000000,0 
-169.4983455000000,-14.2910503333333,0 
-169.4983271666667,-14.2910473333333,0 
-169.4983313333333,-14.2910350000000,0 
-169.4983368333333,-14.2910303333333,0 
-169.4983341666667,-14.2910331666667,0 
-169.4983420000000,-14.2910331666667,0 
-169.4983376666667,-14.2910336666667,0 
-169.4983410000000,-14.2910306666667,0 
-169.4983386666667,-14.2910401666667,0 
-169.4983310000000,-14.2910351666667,0 
-169.4983295000000,-14.2910315000000,0 
-169.4983291666667,-14.2910376666667,0 
-169.4983320000000,-14.2910441666667,0 
-169.4983363333333,-14.2910298333333,0 
-169.4983355000000,-14.2910325000000,0 
-169.4983323333333,-14.2910356666667,0 
-169.4983311666667,-14.2910290000000,0 
-169.4983228333333,-14.2910335000000,0 
-169.4983308333333,-14.2910433333333,0 
-169.4983261666667,-14.2910408333333,0 
-169.4983270000000,-14.2910528333333,0 
-169.4983196666667,-14.2910650000000,0 
-169.4983198333333,-14.2910670000000,0 
-169.4983171666667,-14.2910573333333,0 
-169.4983216666667,-14.2910501666667,0 
-169.4983260000000,-14.2910490000000,0 
-169.4983368333333,-14.2910406666667,0 
-169.4983233333333,-14.2910576666667,0 
-169.4983176666667,-14.2910491666667,0 
-169.4983243333333,-14.2910463333333,0 
-169.4983268333333,-14.2910436666667,0 
-169.4983283333333,-14.2910395000000,0 
-169.4983431666667,-14.2910478333333,0 
-169.4983255000000,-14.2910441666667,0 
-169.4983240000000,-14.2910493333333,0 
-169.4983281666667,-14.2910595000000,0 
-169.4983195000000,-14.2910508333333,0 
-169.4983250000000,-14.2910481666667,0 
-169.4983185000000,-14.2910361666667,0 
-169.4983415000000,-14.2910268333333,0 
-169.4983553333333,-14.2910200000000,0 
-169.4983780000000,-14.2910210000000,0 
-169.4983976666667,-14.2910226666667,0 
-169.4983976666667,-14.2910313333333,0 
-169.4984078333333,-14.2910351666667,0 
-169.4984056666667,-14.2910388333333,0 
-169.4984011666667,-14.2910331666667,0 
-169.4983783333333,-14.2910143333333,0 
-169.4983461666667,-14.2910315000000,0 
-169.4983360000000,-14.2910291666667,0 
-169.4983450000000,-14.2910345000000,0 
-169.4983400000000,-14.2910341666667,0 
-169.4983400000000,-14.2910415000000,0 
-169.4983198333333,-14.2910458333333,0 
-169.4983276666667,-14.2910413333333,0 
-169.4983315000000,-14.2910388333333,0 
-169.4983166666667,-14.2910415000000,0 
-169.4983271666667,-14.2910468333333,0 
-169.4983225000000,-14.2910393333333,0 
-169.4983156666667,-14.2910480000000,0 
-169.4983215000000,-14.2910468333333,0 
-169.4983175000000,-14.2910445000000,0 
-169.4983126666667,-14.2910495000000,0 
-169.4983150000000,-14.2910481666667,0 
-169.4983190000000,-14.2910473333333,0 
-169.4983236666667,-14.2910373333333,0 
-169.4983355000000,-14.2910453333333,0 
-169.4983165000000,-14.2910503333333,0 
-169.4983153333333,-14.2910491666667,0 
-169.4983325000000,-14.2910453333333,0 
-169.4983203333333,-14.2910456666667,0 
-169.4983295000000,-14.2910390000000,0 
-169.4983211666667,-14.2910435000000,0 
-169.4983305000000,-14.2910356666667,0 
-169.4983311666667,-14.2910381666667,0 
-169.4983138333333,-14.2910428333333,0 
-169.4983246666667,-14.2910416666667,0 
-169.4983208333333,-14.2910458333333,0 
-169.4983320000000,-14.2910426666667,0 
-169.4983421666667,-14.2910403333333,0 
-169.4983196666667,-14.2910428333333,0 
-169.4983321666667,-14.2910351666667,0 
-169.4983413333333,-14.2910430000000,0 
-169.4983261666667,-14.2910400000000,0 
-169.4983193333333,-14.2910411666667,0 
-169.4983448333333,-14.2910455000000,0 
-169.4983135000000,-14.2910331666667,0 
-169.4983415000000,-14.2910380000000,0 
-169.4983285000000,-14.2910533333333,0 
-169.4983256666667,-14.2910468333333,0 
-169.4983326666667,-14.2910295000000,0 
-169.4983366666667,-14.2910293333333,0 
-169.4983378333333,-14.2910490000000,0 
-169.4983266666667,-14.2910306666667,0 
-169.4983275000000,-14.2910351666667,0 
-169.4983315000000,-14.2910298333333,0 
-169.4983221666667,-14.2910401666667,0 
-169.4983248333333,-14.2910335000000,0 
-169.4983446666667,-14.2910403333333,0 
-169.4983223333333,-14.2910400000000,0 
-169.4983355000000,-14.2910373333333,0 
-169.4983340000000,-14.2910396666667,0 
-169.4983376666667,-14.2910256666667,0 
-169.4983268333333,-14.2910411666667,0 
-169.4983288333333,-14.2910436666667,0 
-169.4983226666667,-14.2910366666667,0 
-169.4983236666667,-14.2910490000000,0 
-169.4983325000000,-14.2910313333333,0 
-169.4983336666667,-14.2910320000000,0 
-169.4983306666667,-14.2910328333333,0 
-169.4983363333333,-14.2910266666667,0 
-169.4983368333333,-14.2910396666667,0 
-169.4983421666667,-14.2910261666667,0 
-169.4983430000000,-14.2910260000000,0 
-169.4983478333333,-14.2910381666667,0 
-169.4983318333333,-14.2910355000000,0 
-169.4983296666667,-14.2910356666667,0 
-169.4983471666667,-14.2910335000000,0 
-169.4983416666667,-14.2910325000000,0 
-169.4983430000000,-14.2910370000000,0 
-169.4983260000000,-14.2910416666667,0 
-169.4983140000000,-14.2910368333333,0 
-169.4983316666667,-14.2910386666667,0 
-169.4983246666667,-14.2910356666667,0 
-169.4983243333333,-14.2910321666667,0 
-169.4983488333333,-14.2910261666667,0 
-169.4983351666667,-14.2910325000000,0 
-169.4983266666667,-14.2910340000000,0 
-169.4983338333333,-14.2910286666667,0 
-169.4983265000000,-14.2910406666667,0 
-169.4983455000000,-14.2910295000000,0 
-169.4983391666667,-14.2910333333333,0 
-169.4983353333333,-14.2910221666667,0 
-169.4983460000000,-14.2910270000000,0 
-169.4983240000000,-14.2910303333333,0 
-169.4983506666667,-14.2910360000000,0 
-169.4983366666667,-14.2910245000000,0 
-169.4983328333333,-14.2910268333333,0 
-169.4983491666667,-14.2910303333333,0 
-169.4983346666667,-14.2910293333333,0 
-169.4983391666667,-14.2910295000000,0 
-169.4983288333333,-14.2910321666667,0 
-169.4983406666667,-14.2910276666667,0 
-169.4983281666667,-14.2910295000000,0 
-169.4983493333333,-14.2910268333333,0 
-169.4983330000000,-14.2910388333333,0 
-169.4983296666667,-14.2910313333333,0 
-169.4983368333333,-14.2910335000000,0 
-169.4983441666667,-14.2910286666667,0 
-169.4983410000000,-14.2910221666667,0 
-169.4983276666667,-14.2910273333333,0 
-169.4983381666667,-14.2910320000000,0 
-169.4983525000000,-14.2910251666667,0 
-169.4983348333333,-14.2910260000000,0 
-169.4983378333333,-14.2910338333333,0 
-169.4983355000000,-14.2910303333333,0 
-169.4983263333333,-14.2910293333333,0 
-169.4983405000000,-14.2910258333333,0 
-169.4983583333333,-14.2910313333333,0 
-169.4983456666667,-14.2910180000000,0 
-169.4983448333333,-14.2910236666667,0 
-169.4983295000000,-14.2910310000000,0 
-169.4983318333333,-14.2910276666667,0 
-169.4983405000000,-14.2910243333333,0 
-169.4983451666667,-14.2910171666667,0 
-169.4983306666667,-14.2910318333333,0 
-169.4983386666667,-14.2910315000000,0 
-169.4983381666667,-14.2910165000000,0 
-169.4983480000000,-14.2910316666667,0 
-169.4983458333333,-14.2910175000000,0 
-169.4983351666667,-14.2910258333333,0 
-169.4983273333333,-14.2910315000000,0 
-169.4983276666667,-14.2910288333333,0 
-169.4983313333333,-14.2910313333333,0 
-169.4983328333333,-14.2910278333333,0 
-169.4983310000000,-14.2910285000000,0 
-169.4983293333333,-14.2910286666667,0 
-169.4983498333333,-14.2910121666667,0 
-169.4983245000000,-14.2910218333333,0 
-169.4983316666667,-14.2910231666667,0 
-169.4983495000000,-14.2910156666667,0 
-169.4983241666667,-14.2910285000000,0 
-169.4983270000000,-14.2910226666667,0 
-169.4983271666667,-14.2910336666667,0 
-169.4983323333333,-14.2910308333333,0 
-169.4983363333333,-14.2910303333333,0 
-169.4983471666667,-14.2910333333333,0 
-169.4983230000000,-14.2910523333333,0 
-169.4983183333333,-14.2910643333333,0 
-169.4983215000000,-14.2910633333333,0 
-169.4983206666667,-14.2910658333333,0 
-169.4983140000000,-14.2910668333333,0 
-169.4983155000000,-14.2910641666667,0 
-169.4983286666667,-14.2910626666667,0 
-169.4983220000000,-14.2910688333333,0 
-169.4983333333333,-14.2910666666667,0 
-169.4983226666667,-14.2910528333333,0 
-169.4983196666667,-14.2910595000000,0 
-169.4983258333333,-14.2910561666667,0 
-169.4983295000000,-14.2910511666667,0 
-169.4983206666667,-14.2910528333333,0 
-169.4983278333333,-14.2910523333333,0 
-169.4983275000000,-14.2910548333333,0 
-169.4983290000000,-14.2910546666667,0 
-169.4983146666667,-14.2910556666667,0 
-169.4983143333333,-14.2910583333333,0 
-169.4983268333333,-14.2910543333333,0 
-169.4983208333333,-14.2910575000000,0 
-169.4983150000000,-14.2910540000000,0 
-169.4983201666667,-14.2910520000000,0 
-169.4983178333333,-14.2910540000000,0 
-169.4983231666667,-14.2910521666667,0 
-169.4983160000000,-14.2910538333333,0 
-169.4983323333333,-14.2910581666667,0 
-169.4983266666667,-14.2910510000000,0 
-169.4983191666667,-14.2910533333333,0 
-169.4983320000000,-14.2910563333333,0 
-169.4983138333333,-14.2910520000000,0 
-169.4983285000000,-14.2910575000000,0 
-169.4983123333333,-14.2910548333333,0 
-169.4983180000000,-14.2910561666667,0 
-169.4983278333333,-14.2910513333333,0 
-169.4983276666667,-14.2910548333333,0 
-169.4983106666667,-14.2910463333333,0 
-169.4983286666667,-14.2910508333333,0 
-169.4983235000000,-14.2910518333333,0 
-169.4983095000000,-14.2910598333333,0 
-169.4983190000000,-14.2910548333333,0 
-169.4983185000000,-14.2910571666667,0 
-169.4983238333333,-14.2910595000000,0 
-169.4983200000000,-14.2910530000000,0 
-169.4983193333333,-14.2910618333333,0 
-169.4983141666667,-14.2910540000000,0 
-169.4983215000000,-14.2910593333333,0 
-169.4983170000000,-14.2910561666667,0 
-169.4983071666667,-14.2910576666667,0 
-169.4983176666667,-14.2910535000000,0 
-169.4983280000000,-14.2910603333333,0 
-169.4983131666667,-14.2910555000000,0 
-169.4983186666667,-14.2910486666667,0 
-169.4983113333333,-14.2910575000000,0 
-169.4983136666667,-14.2910573333333,0 
-169.4983255000000,-14.2910546666667,0 
-169.4983306666667,-14.2910551666667,0 
-169.4983116666667,-14.2910548333333,0 
-169.4983210000000,-14.2910641666667,0 
-169.4983163333333,-14.2910560000000,0 
-169.4983126666667,-14.2910566666667,0 
-169.4983310000000,-14.2910661666667,0 
-169.4983248333333,-14.2910531666667,0 
-169.4983190000000,-14.2910565000000,0 
-169.4983306666667,-14.2910665000000,0 
-169.4983238333333,-14.2910608333333,0 
-169.4983135000000,-14.2910636666667,0 
-169.4983261666667,-14.2910676666667,0 
-169.4983135000000,-14.2910605000000,0 
-169.4983191666667,-14.2910558333333,0 
-169.4983301666667,-14.2910670000000,0 
-169.4983095000000,-14.2910538333333,0 
-169.4983185000000,-14.2910655000000,0 
-169.4983143333333,-14.2910605000000,0 
-169.4983246666667,-14.2910628333333,0 
-169.4983176666667,-14.2910661666667,0 
-169.4983228333333,-14.2910600000000,0 
-169.4983136666667,-14.2910650000000,0 
-169.4983190000000,-14.2910575000000,0 
-169.4983245000000,-14.2910610000000,0 
-169.4983241666667,-14.2910676666667,0 
-169.4983185000000,-14.2910613333333,0 
-169.4983200000000,-14.2910636666667,0 
-169.4983158333333,-14.2910636666667,0 
-169.4983156666667,-14.2910625000000,0 
-169.4983175000000,-14.2910598333333,0 
-169.4983295000000,-14.2910673333333,0 
-169.4983315000000,-14.2910550000000,0 
-169.4983120000000,-14.2910615000000,0 
-169.4983335000000,-14.2910675000000,0 
-169.4983176666667,-14.2910610000000,0 
-169.4983240000000,-14.2910593333333,0 
-169.4983305000000,-14.2910636666667,0 
-169.4983165000000,-14.2910588333333,0 
-169.4983158333333,-14.2910668333333,0 
-169.4983243333333,-14.2910588333333,0 
-169.4983140000000,-14.2910713333333,0 
-169.4983135000000,-14.2910631666667,0 
-169.4983195000000,-14.2910668333333,0 
-169.4983281666667,-14.2910641666667,0 
-169.4983105000000,-14.2910665000000,0 
-169.4983256666667,-14.2910690000000,0 
-169.4983296666667,-14.2910590000000,0 
-169.4983106666667,-14.2910665000000,0 
-169.4983203333333,-14.2910673333333,0 
-169.4983230000000,-14.2910568333333,0 
-169.4983196666667,-14.2910720000000,0 
-169.4983178333333,-14.2910628333333,0 
-169.4983233333333,-14.2910630000000,0 
-169.4983223333333,-14.2910583333333,0 
-169.4983233333333,-14.2910648333333,0 
-169.4983298333333,-14.2910631666667,0 
-169.4983280000000,-14.2910650000000,0 
-169.4983263333333,-14.2910625000000,0 
-169.4983078333333,-14.2910598333333,0 
-169.4983180000000,-14.2910650000000,0 
-169.4983181666667,-14.2910618333333,0 
-169.4983341666667,-14.2910686666667,0 
-169.4983213333333,-14.2910615000000,0 
-169.4983296666667,-14.2910581666667,0 
-169.4983253333333,-14.2910628333333,0 
-169.4983211666667,-14.2910610000000,0 
-169.4983151666667,-14.2910533333333,0 
-169.4983371666667,-14.2910471666667,0 
-169.4983193333333,-14.2910408333333,0 
-169.4983406666667,-14.2910391666667,0 
-169.4983365000000,-14.2910410000000,0 
-169.4983546666667,-14.2910395000000,0 
-169.4983241666667,-14.2910530000000,0 
-169.4983471666667,-14.2910463333333,0 
-169.4983735000000,-14.2910360000000,0 
-169.4983906666667,-14.2910346666667,0 
-169.4984203333333,-14.2910513333333,0 
-169.4984245000000,-14.2910441666667,0 
-169.4983653333333,-14.2910308333333,0 
-169.4983640000000,-14.2910271666667,0 
-169.4983506666667,-14.2910336666667,0 
-169.4983203333333,-14.2910316666667,0 
-169.4983433333333,-14.2910180000000,0 
-169.4983143333333,-14.2910233333333,0 
-169.4982973333333,-14.2910296666667,0 
-169.4983043333333,-14.2910103333333,0 
-169.4983436666667,-14.2910008333333,0 
-169.4983331666667,-14.2909973333333,0 
-169.4983181666667,-14.2909868333333,0 
-169.4983328333333,-14.2909825000000,0 
-169.4982965000000,-14.2909748333333,0 
-169.4982850000000,-14.2909783333333,0 
-169.4982620000000,-14.2909663333333,0 
-169.4982701666667,-14.2909575000000,0 
-169.4982610000000,-14.2909683333333,0 
-169.4982286666667,-14.2909711666667,0 
-169.4982041666667,-14.2909688333333,0 
-169.4982106666667,-14.2909543333333,0 
-169.4982118333333,-14.2909535000000,0 
-169.4981976666667,-14.2909460000000,0 
-169.4982320000000,-14.2909560000000,0 
-169.4982260000000,-14.2909530000000,0 
-169.4982248333333,-14.2909563333333,0 
-169.4982246666667,-14.2909565000000,0 
-169.4982233333333,-14.2909546666667,0 
-169.4982200000000,-14.2909525000000,0 
-169.4982145000000,-14.2909516666667,0 
-169.4982003333333,-14.2909408333333,0 
-169.4982233333333,-14.2909553333333,0 
-169.4981928333333,-14.2909448333333,0 
-169.4982278333333,-14.2909505000000,0 
-169.4982040000000,-14.2909470000000,0 
-169.4981968333333,-14.2909446666667,0 
-169.4982161666667,-14.2909513333333,0 
-169.4982245000000,-14.2909521666667,0 
-169.4982211666667,-14.2909521666667,0 
-169.4982158333333,-14.2909518333333,0 
-169.4982158333333,-14.2909435000000,0 
-169.4981986666667,-14.2909470000000,0 
-169.4982096666667,-14.2909491666667,0 
-169.4982088333333,-14.2909488333333,0 
-169.4982181666667,-14.2909468333333,0 
-169.4982230000000,-14.2909541666667,0 
-169.4982081666667,-14.2909478333333,0 
-169.4982005000000,-14.2909455000000,0 
-169.4982243333333,-14.2909566666667,0 
-169.4981905000000,-14.2909385000000,0 
-169.4982330000000,-14.2909298333333,0 
-169.4982455000000,-14.2909263333333,0 
-169.4982108333333,-14.2909073333333,0 
-169.4982075000000,-14.2909151666667,0 
-169.4981971666667,-14.2909350000000,0 
-169.4981970000000,-14.2909311666667,0 
-169.4981878333333,-14.2909246666667,0 
-169.4982133333333,-14.2909200000000,0 
-169.4982080000000,-14.2909125000000,0 
-169.4982168333333,-14.2909160000000,0 
-169.4982221666667,-14.2909096666667,0 
-169.4982318333333,-14.2909158333333,0 
-169.4982270000000,-14.2909120000000,0 
-169.4982131666667,-14.2909071666667,0 
-169.4982170000000,-14.2909046666667,0 
-169.4982268333333,-14.2909090000000,0 
-169.4982345000000,-14.2909021666667,0 
-169.4982393333333,-14.2909070000000,0 
-169.4982426666667,-14.2909086666667,0 
-169.4982295000000,-14.2908975000000,0 
-169.4982625000000,-14.2908865000000,0 
-169.4982931666667,-14.2908805000000,0 
-169.4982965000000,-14.2908838333333,0 
-169.4983030000000,-14.2908785000000,0 
-169.4983033333333,-14.2908673333333,0 
-169.4982966666667,-14.2908610000000,0 
-169.4982951666667,-14.2908616666667,0 
-169.4982833333333,-14.2908726666667,0 
-169.4982661666667,-14.2908703333333,0 
-169.4982873333333,-14.2908671666667,0 
-169.4982838333333,-14.2908695000000,0 
-169.4982901666667,-14.2908645000000,0 
-169.4982715000000,-14.2908691666667,0 
-169.4982811666667,-14.2908743333333,0 
-169.4982935000000,-14.2908690000000,0 
-169.4982813333333,-14.2908713333333,0 
-169.4982831666667,-14.2908721666667,0 
-169.4982773333333,-14.2908705000000,0 
-169.4982818333333,-14.2908763333333,0 
-169.4982948333333,-14.2908693333333,0 
-169.4982788333333,-14.2908690000000,0 
-169.4982905000000,-14.2908761666667,0 
-169.4982883333333,-14.2908601666667,0 
-169.4982855000000,-14.2908678333333,0 
-169.4982828333333,-14.2908658333333,0 
-169.4982871666667,-14.2908635000000,0 
-169.4982860000000,-14.2908748333333,0 
-169.4982736666667,-14.2908675000000,0 
-169.4982816666667,-14.2908676666667,0 
-169.4982863333333,-14.2908593333333,0 
-169.4982818333333,-14.2908715000000,0 
-169.4982790000000,-14.2908710000000,0 
-169.4982860000000,-14.2908643333333,0 
-169.4982888333333,-14.2908698333333,0 
-169.4982851666667,-14.2908616666667,0 
-169.4982791666667,-14.2908753333333,0 
-169.4982971666667,-14.2908593333333,0 
-169.4982940000000,-14.2908598333333,0 
-169.4982743333333,-14.2908511666667,0 
-169.4982875000000,-14.2908285000000,0 
-169.4982945000000,-14.2908243333333,0 
-169.4982863333333,-14.2908230000000,0 
-169.4982728333333,-14.2908226666667,0 
-169.4982655000000,-14.2908156666667,0 
-169.4982528333333,-14.2908146666667,0 
-169.4982305000000,-14.2908216666667,0 
-169.4982281666667,-14.2908235000000,0 
-169.4982215000000,-14.2908141666667,0 
-169.4982030000000,-14.2908153333333,0 
-169.4981975000000,-14.2908230000000,0 
-169.4982063333333,-14.2908128333333,0 
-169.4982038333333,-14.2908048333333,0 
-169.4981950000000,-14.2908076666667,0 
-169.4981780000000,-14.2908163333333,0 
-169.4981761666667,-14.2908050000000,0 
-169.4982006666667,-14.2908033333333,0 
-169.4982035000000,-14.2907920000000,0 
-169.4981735000000,-14.2907961666667,0 
-169.4982038333333,-14.2907976666667,0 
-169.4982095000000,-14.2908003333333,0 
-169.4981930000000,-14.2907925000000,0 
-169.4981851666667,-14.2908011666667,0 
-169.4981933333333,-14.2907988333333,0 
-169.4981870000000,-14.2907955000000,0 
-169.4981893333333,-14.2907973333333,0 
-169.4981781666667,-14.2908063333333,0 
-169.4981745000000,-14.2908036666667,0 
-169.4981786666667,-14.2908083333333,0 
-169.4981668333333,-14.2908070000000,0 
-169.4981771666667,-14.2908106666667,0 
-169.4981703333333,-14.2908056666667,0 
-169.4981711666667,-14.2908028333333,0 
-169.4981728333333,-14.2908108333333,0 
-169.4981715000000,-14.2908146666667,0 
-169.4981701666667,-14.2908036666667,0 
-169.4981646666667,-14.2908053333333,0 
-169.4981750000000,-14.2908096666667,0 
-169.4981808333333,-14.2908105000000,0 
-169.4981666666667,-14.2908056666667,0 
-169.4981888333333,-14.2908041666667,0 
-169.4981828333333,-14.2908128333333,0 
-169.4981815000000,-14.2908053333333,0 
-169.4981776666667,-14.2908096666667,0 
-169.4981673333333,-14.2908131666667,0 
-169.4981755000000,-14.2908035000000,0 
-169.4981708333333,-14.2908110000000,0 
-169.4981720000000,-14.2908073333333,0 
-169.4981745000000,-14.2908061666667,0 
-169.4981746666667,-14.2908060000000,0 
-169.4981978333333,-14.2908138333333,0 
-169.4981688333333,-14.2908163333333,0 
-169.4981618333333,-14.2908138333333,0 
-169.4981683333333,-14.2908155000000,0 
-169.4981675000000,-14.2908285000000,0 
-169.4981500000000,-14.2908311666667,0 
-169.4981455000000,-14.2908395000000,0 
-169.4981611666667,-14.2908391666667,0 
-169.4981293333333,-14.2908406666667,0 
-169.4981470000000,-14.2908426666667,0 
-169.4981425000000,-14.2908386666667,0 
-169.4981175000000,-14.2908368333333,0 
-169.4981328333333,-14.2908386666667,0 
-169.4981223333333,-14.2908336666667,0 
-169.4981270000000,-14.2908223333333,0 
-169.4981423333333,-14.2908020000000,0 
-169.4981478333333,-14.2908251666667,0 
-169.4981560000000,-14.2908150000000,0 
-169.4981546666667,-14.2908220000000,0 
-169.4981291666667,-14.2908160000000,0 
-169.4981343333333,-14.2908216666667,0 
-169.4981525000000,-14.2908296666667,0 
-169.4981226666667,-14.2908248333333,0 
-169.4981476666667,-14.2908171666667,0 
-169.4981290000000,-14.2908186666667,0 
-169.4981411666667,-14.2908251666667,0 
-169.4981331666667,-14.2908251666667,0 
-169.4981348333333,-14.2908281666667,0 
-169.4981380000000,-14.2908240000000,0 
-169.4981305000000,-14.2908348333333,0 
-169.4981226666667,-14.2908288333333,0 
-169.4981265000000,-14.2908388333333,0 
-169.4981221666667,-14.2908490000000,0 
-169.4981200000000,-14.2908430000000,0 
-169.4981306666667,-14.2908463333333,0 
-169.4981323333333,-14.2908428333333,0 
-169.4981241666667,-14.2908465000000,0 
-169.4981201666667,-14.2908335000000,0 
-169.4981240000000,-14.2908395000000,0 
-169.4981223333333,-14.2908388333333,0 
-169.4981253333333,-14.2908398333333,0 
-169.4981335000000,-14.2908301666667,0 
-169.4981396666667,-14.2908451666667,0 
-169.4981405000000,-14.2908401666667,0 
-169.4981223333333,-14.2908361666667,0 
-169.4981365000000,-14.2908393333333,0 
-169.4981346666667,-14.2908363333333,0 
-169.4981221666667,-14.2908370000000,0 
-169.4981165000000,-14.2908375000000,0 
-169.4981191666667,-14.2908380000000,0 
-169.4981290000000,-14.2908381666667,0 
-169.4981228333333,-14.2908323333333,0 
-169.4981243333333,-14.2908410000000,0 
-169.4981406666667,-14.2908336666667,0 
-169.4981285000000,-14.2908510000000,0 
-169.4981380000000,-14.2908375000000,0 
-169.4981156666667,-14.2908381666667,0 
-169.4981233333333,-14.2908423333333,0 
-169.4981365000000,-14.2908393333333,0 
-169.4981236666667,-14.2908331666667,0 
-169.4981110000000,-14.2908358333333,0 
-169.4981398333333,-14.2908421666667,0 
-169.4981133333333,-14.2908416666667,0 
-169.4981216666667,-14.2908403333333,0 
-169.4981381666667,-14.2908445000000,0 
-169.4981273333333,-14.2908328333333,0 
-169.4981200000000,-14.2908448333333,0 
-169.4981096666667,-14.2908441666667,0 
-169.4981203333333,-14.2908456666667,0 
-169.4981086666667,-14.2908390000000,0 
-169.4981315000000,-14.2908530000000,0 
-169.4981298333333,-14.2908421666667,0 
-169.4981356666667,-14.2908420000000,0 
-169.4981193333333,-14.2908531666667,0 
-169.4981381666667,-14.2908445000000,0 
-169.4981328333333,-14.2908371666667,0 
-169.4981421666667,-14.2908433333333,0 
-169.4981110000000,-14.2908450000000,0 
-169.4981118333333,-14.2908455000000,0 
-169.4981328333333,-14.2908451666667,0 
-169.4981205000000,-14.2908458333333,0 
-169.4981145000000,-14.2908428333333,0 
-169.4981348333333,-14.2908438333333,0 
-169.4981138333333,-14.2908480000000,0 
-169.4981293333333,-14.2908453333333,0 
-169.4981130000000,-14.2908448333333,0 
-169.4981245000000,-14.2908421666667,0 
-169.4981253333333,-14.2908411666667,0 
-169.4981156666667,-14.2908408333333,0 
-169.4981275000000,-14.2908450000000,0 
-169.4981233333333,-14.2908370000000,0 
-169.4981131666667,-14.2908391666667,0 
-169.4981305000000,-14.2908430000000,0 
-169.4981293333333,-14.2908446666667,0 
-169.4981121666667,-14.2908336666667,0 
-169.4981341666667,-14.2908480000000,0 
-169.4981250000000,-14.2908456666667,0 
-169.4981240000000,-14.2908388333333,0 
-169.4981263333333,-14.2908365000000,0 
-169.4981190000000,-14.2908396666667,0 
-169.4981338333333,-14.2908425000000,0 
-169.4981173333333,-14.2908448333333,0 
-169.4981253333333,-14.2908426666667,0 
-169.4981211666667,-14.2908403333333,0 
-169.4981326666667,-14.2908408333333,0 
-169.4981395000000,-14.2908446666667,0 
-169.4981188333333,-14.2908391666667,0 
-169.4981285000000,-14.2908326666667,0 
-169.4981368333333,-14.2908455000000,0 
-169.4981190000000,-14.2908383333333,0 
-169.4981141666667,-14.2908416666667,0 
-169.4981300000000,-14.2908458333333,0 
-169.4981276666667,-14.2908421666667,0 
-169.4981170000000,-14.2908508333333,0 
-169.4981246666667,-14.2908430000000,0 
-169.4981106666667,-14.2908446666667,0 
-169.4981246666667,-14.2908460000000,0 
-169.4981390000000,-14.2908460000000,0 
-169.4981240000000,-14.2908393333333,0 
-169.4981378333333,-14.2908475000000,0 
-169.4981330000000,-14.2908438333333,0 
-169.4981155000000,-14.2908425000000,0 
-169.4981325000000,-14.2908453333333,0 
-169.4981128333333,-14.2908428333333,0 
-169.4981255000000,-14.2908398333333,0 
-169.4981280000000,-14.2908503333333,0 
-169.4981270000000,-14.2908441666667,0 
-169.4981101666667,-14.2908466666667,0 
-169.4981413333333,-14.2908531666667,0 
-169.4981298333333,-14.2908470000000,0 
-169.4981200000000,-14.2908470000000,0 
-169.4981126666667,-14.2908430000000,0 
-169.4981280000000,-14.2908451666667,0 
-169.4981106666667,-14.2908463333333,0 
-169.4981151666667,-14.2908421666667,0 
-169.4981336666667,-14.2908421666667,0 
-169.4981338333333,-14.2908460000000,0 
-169.4981123333333,-14.2908378333333,0 
-169.4981313333333,-14.2908491666667,0 
-169.4981243333333,-14.2908420000000,0 
-169.4981343333333,-14.2908490000000,0 
-169.4981325000000,-14.2908476666667,0 
-169.4981353333333,-14.2908491666667,0 
-169.4981243333333,-14.2908388333333,0 
-169.4981378333333,-14.2908480000000,0 
-169.4981225000000,-14.2908465000000,0 
-169.4981328333333,-14.2908470000000,0 
-169.4981128333333,-14.2908470000000,0 
-169.4981378333333,-14.2908433333333,0 
-169.4981253333333,-14.2908403333333,0 
-169.4981253333333,-14.2908488333333,0 
-169.4981233333333,-14.2908441666667,0 
-169.4981233333333,-14.2908526666667,0 
-169.4981240000000,-14.2908461666667,0 
-169.4981146666667,-14.2908466666667,0 
-169.4981343333333,-14.2908428333333,0 
-169.4981140000000,-14.2908420000000,0 
-169.4981125000000,-14.2908461666667,0 
-169.4981220000000,-14.2908453333333,0 
-169.4981291666667,-14.2908446666667,0 
-169.4981176666667,-14.2908446666667,0 
-169.4981213333333,-14.2908428333333,0 
-169.4981120000000,-14.2908348333333,0 
-169.4981280000000,-14.2908445000000,0 
-169.4981296666667,-14.2908411666667,0 
-169.4981155000000,-14.2908425000000,0 
-169.4981270000000,-14.2908421666667,0 
-169.4981283333333,-14.2908476666667,0 
-169.4981128333333,-14.2908326666667,0 
-169.4981330000000,-14.2908406666667,0 
-169.4981513333333,-14.2908341666667,0 
-169.4981418333333,-14.2908250000000,0 
-169.4981453333333,-14.2908311666667,0 
-169.4981466666667,-14.2908263333333,0 
-169.4981378333333,-14.2908193333333,0 
-169.4981451666667,-14.2908203333333,0 
-169.4981500000000,-14.2908290000000,0 
-169.4981550000000,-14.2908105000000,0 
-169.4981488333333,-14.2908088333333,0 
-169.4981521666667,-14.2908158333333,0 
-169.4981323333333,-14.2908135000000,0 
-169.4981465000000,-14.2908083333333,0 
-169.4981365000000,-14.2908141666667,0 
-169.4981423333333,-14.2908218333333,0 
-169.4981505000000,-14.2908148333333,0 
-169.4981516666667,-14.2908106666667,0 
-169.4981521666667,-14.2908121666667,0 
-169.4981418333333,-14.2908160000000,0 
-169.4981525000000,-14.2908145000000,0 
-169.4981368333333,-14.2908103333333,0 
-169.4981356666667,-14.2908195000000,0 
-169.4981586666667,-14.2908178333333,0 
-169.4981466666667,-14.2908068333333,0 
-169.4981415000000,-14.2908298333333,0 
-169.4981418333333,-14.2908395000000,0 
-169.4981386666667,-14.2908488333333,0 
-169.4981581666667,-14.2908395000000,0 
-169.4981343333333,-14.2908503333333,0 
-169.4981186666667,-14.2909070000000,0 
-169.4981171666667,-14.2909008333333,0 
-169.4981231666667,-14.2909095000000,0 
-169.4981165000000,-14.2909250000000,0 
-169.4981256666667,-14.2909101666667,0 
-169.4981158333333,-14.2909121666667,0 
-169.4981000000000,-14.2909048333333,0 
-169.4981108333333,-14.2909243333333,0 
-169.4981050000000,-14.2909111666667,0 
-169.4981015000000,-14.2909181666667,0 
-169.4980905000000,-14.2909190000000,0 
-169.4980991666667,-14.2909028333333,0 
-169.4980800000000,-14.2908916666667,0 
-169.4980796666667,-14.2908806666667,0 
-169.4980811666667,-14.2908993333333,0 
-169.4980761666667,-14.2909175000000,0 
-169.4980740000000,-14.2909165000000,0 
-169.4980831666667,-14.2909106666667,0 
-169.4980776666667,-14.2909020000000,0 
-169.4980735000000,-14.2908933333333,0 
-169.4980646666667,-14.2908881666667,0 
-169.4980670000000,-14.2908690000000,0 
-169.4980758333333,-14.2908783333333,0 
-169.4980743333333,-14.2908493333333,0 
-169.4980793333333,-14.2908511666667,0 
-169.4980733333333,-14.2908480000000,0 
-169.4980760000000,-14.2908440000000,0 
-169.4980761666667,-14.2908370000000,0 
-169.4980851666667,-14.2908211666667,0 
-169.4981318333333,-14.2907851666667,0 
-169.4981726666667,-14.2907758333333,0 
-169.4982261666667,-14.2908013333333,0 
-169.4982531666667,-14.2908326666667,0 
-169.4982623333333,-14.2908533333333,0 
-169.4982620000000,-14.2908316666667,0 
-169.4982873333333,-14.2908200000000,0 
-169.4982991666667,-14.2908250000000,0 
-169.4983145000000,-14.2908180000000,0 
-169.4983243333333,-14.2908120000000,0 
-169.4983320000000,-14.2908166666667,0 
-169.4983366666667,-14.2908413333333,0 
-169.4983446666667,-14.2908475000000,0 
-169.4983598333333,-14.2908511666667,0 
-169.4983798333333,-14.2908480000000,0 
-169.4983710000000,-14.2908513333333,0 
-169.4983903333333,-14.2908585000000,0 
-169.4983983333333,-14.2908658333333,0 
-169.4984181666667,-14.2908515000000,0 
-169.4984380000000,-14.2908550000000,0 
-169.4984591666667,-14.2908651666667,0 
-169.4984645000000,-14.2908716666667,0 
-169.4984848333333,-14.2908686666667,0 
-169.4985036666667,-14.2908743333333,0 
-169.4985105000000,-14.2908740000000,0 
-169.4985393333333,-14.2908626666667,0 
-169.4985493333333,-14.2908663333333,0 
-169.4985730000000,-14.2908688333333,0 
-169.4985846666667,-14.2908820000000,0 
-169.4986058333333,-14.2908736666667,0 
-169.4986310000000,-14.2908773333333,0 
-169.4986386666667,-14.2908775000000,0 
-169.4986556666667,-14.2908985000000,0 
-169.4986743333333,-14.2909190000000,0 
-169.4986863333333,-14.2908943333333,0 
-169.4986841666667,-14.2908706666667,0 
-169.4986988333333,-14.2908585000000,0 
-169.4986916666667,-14.2908431666667,0 
-169.4986995000000,-14.2908350000000,0 
-169.4987353333333,-14.2908545000000,0 
-169.4987408333333,-14.2908786666667,0 
-169.4987471666667,-14.2908676666667,0 
-169.4987551666667,-14.2908548333333,0 
-169.4987658333333,-14.2908898333333,0 
-169.4987706666667,-14.2909026666667,0 
-169.4987686666667,-14.2909056666667,0 
-169.4987706666667,-14.2909181666667,0 
-169.4987723333333,-14.2909313333333,0 
-169.4987813333333,-14.2909295000000,0 
-169.4987965000000,-14.2909150000000,0 
-169.4987856666667,-14.2908955000000,0 
-169.4987955000000,-14.2909148333333,0 
-169.4987911666667,-14.2909341666667,0 
-169.4987995000000,-14.2909181666667,0 
-169.4987876666667,-14.2909591666667,0 
-169.4988013333333,-14.2909405000000,0 
-169.4988041666667,-14.2909015000000,0 
-169.4988078333333,-14.2909050000000,0 
-169.4988131666667,-14.2909088333333,0 
-169.4988180000000,-14.2908898333333,0 
-169.4988233333333,-14.2909071666667,0 
-169.4988291666667,-14.2909230000000,0 
-169.4988331666667,-14.2909138333333,0 
-169.4988430000000,-14.2909058333333,0 
-169.4988428333333,-14.2909098333333,0 
-169.4988478333333,-14.2909106666667,0 
-169.4988465000000,-14.2909103333333,0 
-169.4988461666667,-14.2909083333333,0 
-169.4988406666667,-14.2909091666667,0 
-169.4988311666667,-14.2909155000000,0 
-169.4988235000000,-14.2909126666667,0 
-169.4988221666667,-14.2909140000000,0 
-169.4988076666667,-14.2909026666667,0 
-169.4988073333333,-14.2909015000000,0 
-169.4987961666667,-14.2908961666667,0 
-169.4987938333333,-14.2908870000000,0 
-169.4987870000000,-14.2908830000000,0 
-169.4987806666667,-14.2908783333333,0 
-169.4987753333333,-14.2908788333333,0 
-169.4987710000000,-14.2908741666667,0 
-169.4987746666667,-14.2908706666667,0 
-169.4987648333333,-14.2908588333333,0 
-169.4987638333333,-14.2908615000000,0 
-169.4987615000000,-14.2908575000000,0 
-169.4987600000000,-14.2908536666667,0 
-169.4987566666667,-14.2908495000000,0 
-169.4987468333333,-14.2908393333333,0 
-169.4987506666667,-14.2908398333333,0 
-169.4987425000000,-14.2908363333333,0 
-169.4987370000000,-14.2908315000000,0 
-169.4987266666667,-14.2908260000000,0 
-169.4987235000000,-14.2908188333333,0 
-169.4987171666667,-14.2908170000000,0 
-169.4987086666667,-14.2908018333333,0 
-169.4986986666667,-14.2907958333333,0 
-169.4986935000000,-14.2907898333333,0 
-169.4986875000000,-14.2907918333333,0 
-169.4986760000000,-14.2907680000000,0 
-169.4986630000000,-14.2907688333333,0 
-169.4986578333333,-14.2907740000000,0 
-169.4986490000000,-14.2907630000000,0 
-169.4986463333333,-14.2907636666667,0 
-169.4986373333333,-14.2907526666667,0 
-169.4986385000000,-14.2907513333333,0 
-169.4986360000000,-14.2907575000000,0 
-169.4986213333333,-14.2907518333333,0 
-169.4986155000000,-14.2907613333333,0 
-169.4985996666667,-14.2907551666667,0 
-169.4985906666667,-14.2907491666667,0 
-169.4985686666667,-14.2907513333333,0 
-169.4985666666667,-14.2907448333333,0 
-169.4985555000000,-14.2907370000000,0 
-169.4985346666667,-14.2907366666667,0 
-169.4985250000000,-14.2907418333333,0 
-169.4985041666667,-14.2907298333333,0 
-169.4984986666667,-14.2907276666667,0 
-169.4984806666667,-14.2907245000000,0 
-169.4984633333333,-14.2907220000000,0 
-169.4984480000000,-14.2907125000000,0 
-169.4984385000000,-14.2907075000000,0 
-169.4984246666667,-14.2907085000000,0 
-169.4984025000000,-14.2906951666667,0 
-169.4983968333333,-14.2906921666667,0 
-169.4983741666667,-14.2906930000000,0 
-169.4983565000000,-14.2906858333333,0 
-169.4983456666667,-14.2906811666667,0 
-169.4983236666667,-14.2906818333333,0 
-169.4983111666667,-14.2906758333333,0 
-169.4983008333333,-14.2906741666667,0 
-169.4982723333333,-14.2906781666667,0 
-169.4982673333333,-14.2906730000000,0 
-169.4982413333333,-14.2906775000000,0 
-169.4982295000000,-14.2906793333333,0 
-169.4982156666667,-14.2906813333333,0 
-169.4981963333333,-14.2906828333333,0 
-169.4981830000000,-14.2906925000000,0 
-169.4981690000000,-14.2906856666667,0 
-169.4981446666667,-14.2906900000000,0 
-169.4981303333333,-14.2906928333333,0 
-169.4981110000000,-14.2906910000000,0 
-169.4980908333333,-14.2906893333333,0 
-169.4980688333333,-14.2906978333333,0 
-169.4980470000000,-14.2906940000000,0 
-169.4980318333333,-14.2906961666667,0 
-169.4980090000000,-14.2906978333333,0 
-169.4979925000000,-14.2906965000000,0 
-169.4979706666667,-14.2906965000000,0 
-169.4979528333333,-14.2906988333333,0 
-169.4979211666667,-14.2906990000000,0 
-169.4979115000000,-14.2906978333333,0 
-169.4978800000000,-14.2906863333333,0 
-169.4978528333333,-14.2906920000000,0 
-169.4978345000000,-14.2906815000000,0 
-169.4978155000000,-14.2906826666667,0 
-169.4977896666667,-14.2906788333333,0 
-169.4977603333333,-14.2906688333333,0 
-169.4977401666667,-14.2906731666667,0 
-169.4977083333333,-14.2906598333333,0 
-169.4976961666667,-14.2906576666667,0 
-169.4976610000000,-14.2906475000000,0 
-169.4976415000000,-14.2906371666667,0 
-169.4976178333333,-14.2906356666667,0 
-169.4975898333333,-14.2906258333333,0 
-169.4975621666667,-14.2906210000000,0 
-169.4975410000000,-14.2906098333333,0 
-169.4975170000000,-14.2906108333333,0 
-169.4974871666667,-14.2905963333333,0 
-169.4974685000000,-14.2905888333333,0 
-169.4974413333333,-14.2905853333333,0 
-169.4974160000000,-14.2905853333333,0 
-169.4974001666667,-14.2905740000000,0 
-169.4973706666667,-14.2905615000000,0 
-169.4973456666667,-14.2905580000000,0 
-169.4973261666667,-14.2905645000000,0 
-169.4973008333333,-14.2905535000000,0 
-169.4972740000000,-14.2905516666667,0 
-169.4972585000000,-14.2905473333333,0 
-169.4972240000000,-14.2905480000000,0 
-169.4972005000000,-14.2905461666667,0 
-169.4971748333333,-14.2905458333333,0 
-169.4971506666667,-14.2905440000000,0 
-169.4971258333333,-14.2905408333333,0 
-169.4970993333333,-14.2905413333333,0 
-169.4970825000000,-14.2905360000000,0 
-169.4970556666667,-14.2905330000000,0 
-169.4970335000000,-14.2905250000000,0 
-169.4970020000000,-14.2905183333333,0 
-169.4969796666667,-14.2905135000000,0 
-169.4969538333333,-14.2905103333333,0 
-169.4969356666667,-14.2905038333333,0 
-169.4969108333333,-14.2905016666667,0 
-169.4968870000000,-14.2904838333333,0 
-169.4968648333333,-14.2904790000000,0 
-169.4968453333333,-14.2904691666667,0 
-169.4968166666667,-14.2904646666667,0 
-169.4968020000000,-14.2904553333333,0 
-169.4967806666667,-14.2904581666667,0 
-169.4967476666667,-14.2904578333333,0 
-169.4967165000000,-14.2904481666667,0 
-169.4966966666667,-14.2904468333333,0 
-169.4966681666667,-14.2904473333333,0 
-169.4966411666667,-14.2904348333333,0 
-169.4966135000000,-14.2904305000000,0 
-169.4965940000000,-14.2904266666667,0 
-169.4965493333333,-14.2904248333333,0 
-169.4965393333333,-14.2904190000000,0 
-169.4965050000000,-14.2904115000000,0 
-169.4964878333333,-14.2904101666667,0 
-169.4964636666667,-14.2904043333333,0 
-169.4964488333333,-14.2904003333333,0 
-169.4964238333333,-14.2903878333333,0 
-169.4964040000000,-14.2903895000000,0 
-169.4963846666667,-14.2903890000000,0 
-169.4963615000000,-14.2903753333333,0 
-169.4963326666667,-14.2903653333333,0 
-169.4963108333333,-14.2903600000000,0 
-169.4962830000000,-14.2903605000000,0 
-169.4962455000000,-14.2903476666667,0 
-169.4962135000000,-14.2903346666667,0 
-169.4961888333333,-14.2903275000000,0 
-169.4961631666667,-14.2903206666667,0 
-169.4961241666667,-14.2903083333333,0 
-169.4961068333333,-14.2903025000000,0 
-169.4960780000000,-14.2902861666667,0 
-169.4960536666667,-14.2902896666667,0 
-169.4960330000000,-14.2902851666667,0 
-169.4960206666667,-14.2902863333333,0 
-169.4960040000000,-14.2902826666667,0 
-169.4959805000000,-14.2902728333333,0 
-169.4959581666667,-14.2902735000000,0 
-169.4959290000000,-14.2902593333333,0 
-169.4959161666667,-14.2902595000000,0 
-169.4958895000000,-14.2902503333333,0 
-169.4958673333333,-14.2902451666667,0 
-169.4958420000000,-14.2902360000000,0 
-169.4958176666667,-14.2902253333333,0 
-169.4957975000000,-14.2902210000000,0 
-169.4957711666667,-14.2902151666667,0 
-169.4957478333333,-14.2902030000000,0 
-169.4957213333333,-14.2902111666667,0 
-169.4957050000000,-14.2902036666667,0 
-169.4956738333333,-14.2901918333333,0 
-169.4956420000000,-14.2901836666667,0 
</coordinates></LineString></Placemark></Document></kml>
