<kml><Document><Placemark>
<name>Testing</name>
<LineString><tessellate>1</tessellate>
<coordinates>
-170.6493620000000,-14.3252726666667,0 
-170.6493576666667,-14.3252675000000,0 
-170.6493370000000,-14.3252716666667,0 
-170.6493270000000,-14.3252613333333,0 
-170.6493110000000,-14.3252673333333,0 
-170.6493025000000,-14.3252640000000,0 
-170.6492925000000,-14.3252725000000,0 
-170.6492671666667,-14.3252815000000,0 
-170.6492673333333,-14.3252746666667,0 
-170.6492490000000,-14.3252791666667,0 
-170.6492478333333,-14.3252763333333,0 
-170.6492331666667,-14.3252676666667,0 
-170.6492395000000,-14.3252878333333,0 
-170.6492235000000,-14.3252915000000,0 
-170.6492120000000,-14.3252925000000,0 
-170.6492100000000,-14.3252920000000,0 
-170.6491958333333,-14.3252891666667,0 
-170.6491876666667,-14.3252981666667,0 
-170.6491811666667,-14.3252971666667,0 
-170.6491676666667,-14.3252975000000,0 
-170.6491638333333,-14.3253000000000,0 
-170.6491478333333,-14.3252923333333,0 
-170.6491436666667,-14.3252921666667,0 
-170.6491361666667,-14.3252890000000,0 
-170.6491233333333,-14.3252930000000,0 
-170.6491175000000,-14.3252933333333,0 
-170.6491071666667,-14.3252965000000,0 
-170.6490978333333,-14.3252881666667,0 
-170.6490898333333,-14.3252815000000,0 
-170.6490761666667,-14.3252870000000,0 
-170.6490576666667,-14.3252940000000,0 
-170.6490555000000,-14.3252831666667,0 
-170.6490481666667,-14.3252841666667,0 
-170.6490455000000,-14.3252841666667,0 
-170.6490425000000,-14.3252945000000,0 
-170.6490431666667,-14.3252983333333,0 
-170.6490331666667,-14.3252983333333,0 
-170.6490296666667,-14.3253050000000,0 
-170.6490306666667,-14.3253015000000,0 
-170.6490340000000,-14.3253161666667,0 
-170.6490266666667,-14.3253200000000,0 
-170.6490298333333,-14.3253131666667,0 
-170.6490398333333,-14.3253183333333,0 
-170.6490263333333,-14.3253131666667,0 
-170.6490448333333,-14.3253195000000,0 
-170.6490343333333,-14.3253175000000,0 
-170.6490488333333,-14.3253206666667,0 
-170.6490323333333,-14.3253235000000,0 
-170.6490445000000,-14.3253198333333,0 
-170.6490401666667,-14.3253218333333,0 
-170.6490431666667,-14.3253251666667,0 
-170.6490446666667,-14.3253241666667,0 
-170.6490435000000,-14.3253296666667,0 
-170.6490435000000,-14.3253260000000,0 
-170.6490573333333,-14.3253251666667,0 
-170.6490435000000,-14.3253366666667,0 
-170.6490528333333,-14.3253325000000,0 
-170.6490523333333,-14.3253456666667,0 
-170.6490651666667,-14.3253368333333,0 
-170.6490528333333,-14.3253385000000,0 
-170.6490590000000,-14.3253446666667,0 
-170.6490688333333,-14.3253438333333,0 
-170.6490600000000,-14.3253528333333,0 
-170.6490776666667,-14.3253513333333,0 
-170.6490708333333,-14.3253551666667,0 
-170.6490776666667,-14.3253618333333,0 
-170.6490811666667,-14.3253545000000,0 
-170.6490845000000,-14.3253610000000,0 
-170.6490746666667,-14.3253666666667,0 
-170.6490858333333,-14.3253541666667,0 
-170.6490786666667,-14.3253618333333,0 
-170.6490808333333,-14.3253558333333,0 
-170.6490793333333,-14.3253615000000,0 
-170.6490755000000,-14.3253585000000,0 
-170.6490773333333,-14.3253563333333,0 
-170.6490793333333,-14.3253556666667,0 
-170.6490716666667,-14.3253536666667,0 
-170.6490731666667,-14.3253461666667,0 
-170.6490678333333,-14.3253470000000,0 
-170.6490640000000,-14.3253470000000,0 
-170.6490643333333,-14.3253516666667,0 
-170.6490596666667,-14.3253476666667,0 
-170.6490595000000,-14.3253528333333,0 
-170.6490553333333,-14.3253573333333,0 
-170.6490491666667,-14.3253515000000,0 
-170.6490426666667,-14.3253536666667,0 
-170.6490381666667,-14.3253426666667,0 
-170.6490281666667,-14.3253283333333,0 
-170.6490276666667,-14.3253465000000,0 
-170.6490238333333,-14.3253426666667,0 
-170.6490140000000,-14.3253458333333,0 
-170.6490130000000,-14.3253436666667,0 
-170.6490068333333,-14.3253385000000,0 
-170.6490048333333,-14.3253410000000,0 
-170.6490065000000,-14.3253466666667,0 
-170.6490056666667,-14.3253423333333,0 
-170.6490011666667,-14.3253390000000,0 
-170.6490098333333,-14.3253388333333,0 
-170.6490058333333,-14.3253325000000,0 
-170.6490125000000,-14.3253356666667,0 
-170.6490138333333,-14.3253331666667,0 
-170.6490201666667,-14.3253376666667,0 
-170.6490233333333,-14.3253310000000,0 
-170.6490258333333,-14.3253320000000,0 
-170.6490280000000,-14.3253338333333,0 
-170.6490328333333,-14.3253316666667,0 
-170.6490333333333,-14.3253310000000,0 
-170.6490430000000,-14.3253285000000,0 
-170.6490455000000,-14.3253300000000,0 
-170.6490480000000,-14.3253256666667,0 
-170.6490475000000,-14.3253276666667,0 
-170.6490476666667,-14.3253210000000,0 
-170.6490580000000,-14.3253126666667,0 
-170.6490371666667,-14.3253206666667,0 
-170.6490555000000,-14.3253131666667,0 
-170.6490458333333,-14.3253191666667,0 
-170.6490493333333,-14.3253131666667,0 
-170.6490443333333,-14.3253160000000,0 
-170.6490356666667,-14.3253135000000,0 
-170.6490366666667,-14.3253188333333,0 
-170.6490215000000,-14.3253165000000,0 
-170.6490218333333,-14.3253145000000,0 
-170.6490280000000,-14.3253170000000,0 
-170.6489993333333,-14.3253223333333,0 
-170.6490081666667,-14.3253218333333,0 
-170.6489981666667,-14.3253198333333,0 
-170.6489831666667,-14.3253183333333,0 
-170.6489888333333,-14.3253238333333,0 
-170.6489775000000,-14.3253118333333,0 
-170.6489756666667,-14.3253171666667,0 
-170.6489711666667,-14.3253121666667,0 
-170.6489595000000,-14.3253085000000,0 
-170.6489656666667,-14.3253085000000,0 
-170.6489536666667,-14.3253068333333,0 
-170.6489453333333,-14.3253113333333,0 
-170.6489391666667,-14.3253115000000,0 
-170.6489343333333,-14.3253088333333,0 
-170.6489285000000,-14.3253106666667,0 
-170.6489310000000,-14.3253003333333,0 
-170.6489266666667,-14.3253090000000,0 
-170.6489190000000,-14.3252948333333,0 
-170.6489196666667,-14.3253070000000,0 
-170.6489215000000,-14.3253008333333,0 
-170.6489123333333,-14.3253151666667,0 
-170.6489150000000,-14.3252901666667,0 
-170.6489218333333,-14.3253106666667,0 
-170.6489125000000,-14.3252853333333,0 
-170.6489146666667,-14.3253043333333,0 
-170.6489006666667,-14.3252763333333,0 
-170.6489118333333,-14.3252783333333,0 
-170.6488990000000,-14.3252905000000,0 
-170.6489018333333,-14.3252793333333,0 
-170.6489105000000,-14.3252980000000,0 
-170.6488980000000,-14.3252790000000,0 
-170.6488883333333,-14.3252940000000,0 
-170.6488876666667,-14.3252863333333,0 
-170.6488905000000,-14.3252903333333,0 
-170.6488786666667,-14.3252876666667,0 
-170.6488793333333,-14.3252860000000,0 
-170.6488683333333,-14.3252851666667,0 
-170.6488611666667,-14.3252875000000,0 
-170.6488466666667,-14.3252821666667,0 
-170.6488395000000,-14.3252913333333,0 
-170.6488315000000,-14.3252806666667,0 
-170.6488258333333,-14.3252896666667,0 
-170.6488246666667,-14.3252755000000,0 
-170.6488178333333,-14.3252880000000,0 
-170.6488130000000,-14.3252663333333,0 
-170.6488170000000,-14.3252725000000,0 
-170.6488201666667,-14.3252543333333,0 
-170.6488141666667,-14.3252591666667,0 
-170.6488063333333,-14.3252451666667,0 
-170.6488126666667,-14.3252540000000,0 
-170.6487948333333,-14.3252361666667,0 
-170.6487990000000,-14.3252425000000,0 
-170.6487941666667,-14.3252305000000,0 
-170.6487900000000,-14.3252248333333,0 
-170.6487816666667,-14.3252128333333,0 
-170.6487710000000,-14.3252141666667,0 
-170.6487775000000,-14.3252086666667,0 
-170.6487810000000,-14.3252038333333,0 
-170.6487678333333,-14.3252000000000,0 
-170.6487741666667,-14.3252050000000,0 
-170.6487633333333,-14.3251925000000,0 
-170.6487633333333,-14.3251816666667,0 
-170.6487646666667,-14.3251883333333,0 
-170.6487575000000,-14.3251663333333,0 
-170.6487570000000,-14.3251781666667,0 
-170.6487520000000,-14.3251543333333,0 
-170.6487573333333,-14.3251751666667,0 
-170.6487578333333,-14.3251486666667,0 
-170.6487506666667,-14.3251608333333,0 
-170.6487526666667,-14.3251383333333,0 
-170.6487585000000,-14.3251405000000,0 
-170.6487531666667,-14.3251243333333,0 
-170.6487408333333,-14.3251230000000,0 
-170.6487648333333,-14.3251161666667,0 
-170.6487533333333,-14.3251048333333,0 
-170.6487808333333,-14.3250800000000,0 
-170.6487543333333,-14.3250525000000,0 
-170.6487383333333,-14.3250863333333,0 
-170.6487528333333,-14.3251010000000,0 
-170.6487593333333,-14.3250653333333,0 
-170.6487456666667,-14.3250728333333,0 
-170.6487338333333,-14.3250580000000,0 
-170.6487335000000,-14.3250578333333,0 
-170.6487205000000,-14.3250523333333,0 
-170.6487171666667,-14.3250566666667,0 
-170.6487016666667,-14.3250401666667,0 
-170.6486905000000,-14.3250500000000,0 
-170.6486828333333,-14.3250383333333,0 
-170.6486731666667,-14.3250358333333,0 
-170.6486605000000,-14.3250376666667,0 
-170.6486601666667,-14.3250268333333,0 
-170.6486336666667,-14.3250268333333,0 
-170.6486311666667,-14.3250251666667,0 
-170.6486178333333,-14.3250243333333,0 
-170.6486116666667,-14.3250110000000,0 
-170.6485986666667,-14.3250056666667,0 
-170.6485876666667,-14.3250060000000,0 
-170.6485828333333,-14.3250121666667,0 
-170.6485670000000,-14.3250033333333,0 
-170.6485590000000,-14.3250026666667,0 
-170.6485450000000,-14.3249923333333,0 
-170.6485461666667,-14.3249841666667,0 
-170.6485326666667,-14.3249885000000,0 
-170.6485251666667,-14.3249778333333,0 
-170.6485015000000,-14.3249741666667,0 
-170.6484940000000,-14.3249661666667,0 
-170.6484771666667,-14.3249563333333,0 
-170.6484656666667,-14.3249596666667,0 
-170.6484563333333,-14.3249576666667,0 
-170.6484390000000,-14.3249590000000,0 
-170.6484405000000,-14.3249600000000,0 
-170.6484186666667,-14.3249696666667,0 
-170.6484161666667,-14.3249720000000,0 
-170.6483806666667,-14.3249645000000,0 
-170.6483826666667,-14.3249796666667,0 
-170.6483821666667,-14.3249646666667,0 
-170.6483871666667,-14.3249841666667,0 
-170.6483881666667,-14.3249895000000,0 
-170.6483915000000,-14.3249755000000,0 
-170.6483860000000,-14.3249770000000,0 
-170.6483851666667,-14.3249786666667,0 
-170.6483730000000,-14.3249863333333,0 
-170.6483880000000,-14.3249798333333,0 
-170.6483843333333,-14.3249993333333,0 
-170.6484035000000,-14.3249850000000,0 
-170.6483908333333,-14.3249998333333,0 
-170.6484008333333,-14.3249856666667,0 
-170.6483951666667,-14.3249970000000,0 
-170.6484071666667,-14.3249948333333,0 
-170.6484018333333,-14.3250093333333,0 
-170.6484095000000,-14.3249976666667,0 
-170.6484035000000,-14.3250040000000,0 
-170.6484106666667,-14.3249996666667,0 
-170.6484083333333,-14.3249981666667,0 
-170.6484068333333,-14.3250058333333,0 
-170.6483993333333,-14.3250135000000,0 
-170.6484133333333,-14.3250160000000,0 
-170.6483963333333,-14.3250161666667,0 
-170.6483945000000,-14.3250221666667,0 
-170.6483901666667,-14.3250315000000,0 
-170.6483850000000,-14.3250290000000,0 
-170.6483788333333,-14.3250363333333,0 
-170.6483681666667,-14.3250455000000,0 
-170.6483711666667,-14.3250335000000,0 
-170.6483571666667,-14.3250425000000,0 
-170.6483731666667,-14.3250441666667,0 
-170.6483541666667,-14.3250461666667,0 
-170.6483681666667,-14.3250451666667,0 
-170.6483465000000,-14.3250451666667,0 
-170.6483626666667,-14.3250528333333,0 
-170.6483476666667,-14.3250460000000,0 
-170.6483483333333,-14.3250516666667,0 
-170.6483443333333,-14.3250533333333,0 
-170.6483376666667,-14.3250580000000,0 
-170.6483340000000,-14.3250680000000,0 
-170.6483353333333,-14.3250531666667,0 
-170.6483231666667,-14.3250636666667,0 
-170.6483288333333,-14.3250555000000,0 
-170.6483256666667,-14.3250648333333,0 
-170.6483270000000,-14.3250688333333,0 
-170.6483011666667,-14.3250465000000,0 
-170.6483066666667,-14.3251033333333,0 
-170.6483030000000,-14.3250681666667,0 
-170.6483018333333,-14.3250756666667,0 
-170.6483036666667,-14.3250881666667,0 
-170.6482960000000,-14.3250921666667,0 
-170.6482925000000,-14.3250890000000,0 
-170.6482901666667,-14.3250823333333,0 
-170.6482721666667,-14.3250941666667,0 
-170.6482588333333,-14.3250976666667,0 
-170.6482660000000,-14.3250945000000,0 
-170.6482466666667,-14.3250915000000,0 
-170.6482381666667,-14.3250946666667,0 
-170.6482370000000,-14.3250981666667,0 
-170.6482370000000,-14.3250863333333,0 
-170.6482160000000,-14.3250888333333,0 
-170.6482145000000,-14.3250905000000,0 
-170.6482113333333,-14.3251005000000,0 
-170.6481996666667,-14.3250616666667,0 
-170.6481995000000,-14.3251003333333,0 
-170.6481971666667,-14.3251153333333,0 
-170.6481811666667,-14.3251053333333,0 
-170.6481675000000,-14.3250951666667,0 
-170.6481675000000,-14.3250973333333,0 
-170.6481560000000,-14.3251043333333,0 
-170.6481420000000,-14.3250965000000,0 
-170.6481385000000,-14.3250981666667,0 
-170.6481186666667,-14.3250983333333,0 
-170.6481260000000,-14.3250881666667,0 
-170.6481103333333,-14.3250951666667,0 
-170.6481065000000,-14.3250913333333,0 
-170.6481005000000,-14.3251008333333,0 
-170.6480893333333,-14.3251041666667,0 
-170.6480855000000,-14.3251073333333,0 
-170.6480788333333,-14.3251006666667,0 
-170.6480673333333,-14.3251073333333,0 
-170.6480638333333,-14.3251018333333,0 
-170.6480605000000,-14.3251125000000,0 
-170.6480516666667,-14.3251096666667,0 
-170.6480490000000,-14.3251103333333,0 
-170.6480371666667,-14.3251031666667,0 
-170.6480461666667,-14.3250945000000,0 
-170.6480336666667,-14.3251020000000,0 
-170.6480345000000,-14.3250950000000,0 
-170.6480243333333,-14.3251006666667,0 
-170.6480170000000,-14.3250998333333,0 
-170.6480188333333,-14.3250911666667,0 
-170.6480123333333,-14.3250926666667,0 
-170.6480005000000,-14.3250971666667,0 
-170.6479956666667,-14.3250970000000,0 
-170.6479885000000,-14.3251053333333,0 
-170.6479880000000,-14.3250970000000,0 
-170.6479831666667,-14.3250973333333,0 
-170.6479748333333,-14.3250955000000,0 
-170.6479846666667,-14.3250990000000,0 
-170.6479701666667,-14.3250970000000,0 
-170.6479731666667,-14.3250975000000,0 
-170.6479638333333,-14.3250958333333,0 
-170.6479566666667,-14.3250925000000,0 
-170.6479503333333,-14.3250976666667,0 
-170.6479420000000,-14.3250916666667,0 
-170.6479293333333,-14.3250861666667,0 
-170.6479355000000,-14.3250925000000,0 
-170.6479195000000,-14.3250843333333,0 
-170.6479146666667,-14.3250833333333,0 
-170.6479140000000,-14.3250873333333,0 
-170.6479041666667,-14.3250836666667,0 
-170.6478943333333,-14.3250718333333,0 
-170.6478970000000,-14.3250761666667,0 
-170.6478778333333,-14.3250746666667,0 
-170.6478746666667,-14.3250733333333,0 
-170.6478643333333,-14.3250720000000,0 
-170.6478550000000,-14.3250731666667,0 
-170.6478518333333,-14.3250601666667,0 
-170.6478396666667,-14.3250651666667,0 
-170.6478268333333,-14.3250576666667,0 
-170.6478268333333,-14.3250770000000,0 
-170.6478090000000,-14.3250765000000,0 
-170.6478126666667,-14.3250643333333,0 
-170.6477890000000,-14.3250778333333,0 
-170.6478076666667,-14.3250638333333,0 
-170.6477838333333,-14.3250600000000,0 
-170.6477976666667,-14.3250538333333,0 
-170.6477798333333,-14.3250453333333,0 
-170.6477901666667,-14.3250265000000,0 
-170.6477715000000,-14.3250311666667,0 
-170.6477730000000,-14.3250300000000,0 
-170.6477730000000,-14.3250286666667,0 
-170.6477506666667,-14.3250240000000,0 
-170.6477425000000,-14.3250291666667,0 
-170.6477588333333,-14.3250481666667,0 
-170.6477506666667,-14.3250385000000,0 
-170.6477480000000,-14.3250355000000,0 
-170.6477408333333,-14.3250381666667,0 
-170.6477376666667,-14.3250398333333,0 
-170.6477255000000,-14.3250438333333,0 
-170.6477235000000,-14.3250496666667,0 
-170.6477200000000,-14.3250435000000,0 
-170.6477178333333,-14.3250288333333,0 
-170.6477011666667,-14.3250503333333,0 
-170.6477018333333,-14.3250285000000,0 
-170.6477081666667,-14.3250380000000,0 
-170.6477006666667,-14.3250438333333,0 
-170.6476823333333,-14.3250415000000,0 
-170.6476723333333,-14.3250431666667,0 
-170.6476711666667,-14.3250326666667,0 
-170.6476610000000,-14.3250375000000,0 
-170.6476493333333,-14.3250353333333,0 
-170.6476430000000,-14.3250355000000,0 
-170.6476360000000,-14.3250331666667,0 
-170.6476330000000,-14.3250306666667,0 
-170.6476208333333,-14.3250353333333,0 
-170.6476176666667,-14.3250371666667,0 
-170.6476131666667,-14.3250246666667,0 
-170.6476073333333,-14.3250275000000,0 
-170.6475791666667,-14.3250298333333,0 
-170.6475608333333,-14.3250336666667,0 
-170.6475535000000,-14.3250336666667,0 
-170.6475475000000,-14.3250290000000,0 
-170.6475380000000,-14.3250305000000,0 
-170.6475368333333,-14.3250221666667,0 
-170.6475361666667,-14.3250145000000,0 
-170.6475160000000,-14.3250231666667,0 
-170.6475181666667,-14.3250036666667,0 
-170.6475153333333,-14.3250173333333,0 
-170.6475180000000,-14.3250075000000,0 
-170.6475010000000,-14.3250120000000,0 
-170.6475081666667,-14.3250131666667,0 
-170.6474905000000,-14.3250125000000,0 
-170.6475013333333,-14.3249946666667,0 
-170.6474886666667,-14.3250015000000,0 
-170.6474881666667,-14.3249953333333,0 
-170.6474801666667,-14.3250008333333,0 
-170.6474705000000,-14.3250021666667,0 
-170.6474695000000,-14.3249926666667,0 
-170.6474636666667,-14.3250010000000,0 
-170.6474640000000,-14.3249893333333,0 
-170.6474528333333,-14.3249913333333,0 
-170.6474381666667,-14.3249771666667,0 
-170.6474501666667,-14.3249820000000,0 
-170.6474131666667,-14.3249876666667,0 
-170.6474308333333,-14.3249783333333,0 
-170.6474245000000,-14.3249876666667,0 
-170.6474136666667,-14.3249825000000,0 
-170.6474025000000,-14.3249900000000,0 
-170.6473933333333,-14.3249770000000,0 
-170.6473848333333,-14.3249830000000,0 
-170.6473898333333,-14.3249746666667,0 
-170.6473831666667,-14.3249748333333,0 
-170.6473838333333,-14.3249795000000,0 
-170.6473596666667,-14.3249561666667,0 
-170.6473648333333,-14.3249703333333,0 
-170.6473691666667,-14.3249696666667,0 
-170.6473613333333,-14.3249600000000,0 
-170.6473585000000,-14.3249441666667,0 
-170.6473618333333,-14.3249400000000,0 
-170.6473498333333,-14.3249490000000,0 
-170.6473496666667,-14.3249421666667,0 
-170.6473418333333,-14.3249381666667,0 
-170.6473351666667,-14.3249453333333,0 
-170.6473030000000,-14.3249460000000,0 
-170.6473120000000,-14.3249306666667,0 
-170.6473193333333,-14.3249620000000,0 
-170.6473026666667,-14.3249671666667,0 
-170.6472903333333,-14.3249765000000,0 
-170.6472988333333,-14.3249583333333,0 
-170.6472855000000,-14.3249700000000,0 
-170.6472871666667,-14.3249538333333,0 
-170.6472755000000,-14.3249773333333,0 
-170.6472925000000,-14.3249586666667,0 
-170.6472646666667,-14.3249670000000,0 
-170.6472888333333,-14.3249605000000,0 
-170.6472803333333,-14.3249663333333,0 
-170.6472848333333,-14.3249681666667,0 
-170.6472796666667,-14.3249696666667,0 
-170.6472735000000,-14.3249628333333,0 
-170.6472690000000,-14.3249743333333,0 
-170.6472820000000,-14.3249598333333,0 
-170.6472613333333,-14.3249766666667,0 
-170.6472686666667,-14.3249705000000,0 
-170.6472645000000,-14.3249833333333,0 
-170.6472745000000,-14.3249671666667,0 
-170.6472596666667,-14.3249775000000,0 
-170.6472658333333,-14.3249710000000,0 
-170.6472638333333,-14.3249675000000,0 
-170.6472680000000,-14.3249751666667,0 
-170.6472638333333,-14.3249733333333,0 
-170.6472728333333,-14.3249835000000,0 
-170.6472701666667,-14.3249645000000,0 
-170.6472705000000,-14.3249765000000,0 
-170.6472736666667,-14.3249621666667,0 
-170.6472681666667,-14.3249716666667,0 
-170.6472643333333,-14.3249728333333,0 
-170.6472760000000,-14.3249706666667,0 
-170.6472696666667,-14.3249673333333,0 
-170.6472718333333,-14.3249835000000,0 
-170.6472756666667,-14.3249711666667,0 
-170.6472650000000,-14.3249700000000,0 
-170.6472733333333,-14.3249665000000,0 
-170.6472745000000,-14.3249760000000,0 
-170.6472703333333,-14.3249780000000,0 
-170.6472803333333,-14.3249696666667,0 
-170.6472731666667,-14.3249710000000,0 
-170.6472735000000,-14.3249766666667,0 
-170.6472728333333,-14.3249793333333,0 
-170.6472716666667,-14.3249796666667,0 
-170.6472805000000,-14.3249826666667,0 
-170.6472655000000,-14.3249850000000,0 
-170.6472721666667,-14.3249845000000,0 
-170.6472580000000,-14.3249908333333,0 
-170.6472785000000,-14.3249916666667,0 
-170.6472783333333,-14.3249728333333,0 
-170.6473045000000,-14.3249883333333,0 
-170.6472913333333,-14.3249911666667,0 
-170.6472991666667,-14.3249795000000,0 
-170.6472685000000,-14.3249928333333,0 
-170.6472740000000,-14.3249810000000,0 
-170.6472536666667,-14.3249961666667,0 
-170.6472663333333,-14.3249830000000,0 
-170.6472488333333,-14.3249953333333,0 
-170.6472473333333,-14.3249908333333,0 
-170.6472433333333,-14.3249871666667,0 
-170.6472368333333,-14.3249941666667,0 
-170.6472336666667,-14.3249950000000,0 
-170.6472143333333,-14.3249928333333,0 
-170.6472165000000,-14.3249861666667,0 
-170.6472231666667,-14.3249900000000,0 
-170.6472063333333,-14.3249965000000,0 
-170.6472156666667,-14.3249885000000,0 
-170.6472088333333,-14.3249918333333,0 
-170.6472125000000,-14.3249886666667,0 
-170.6472163333333,-14.3249860000000,0 
-170.6472106666667,-14.3249863333333,0 
-170.6472171666667,-14.3249810000000,0 
-170.6472151666667,-14.3249850000000,0 
-170.6472190000000,-14.3249768333333,0 
-170.6472251666667,-14.3249826666667,0 
-170.6472205000000,-14.3249856666667,0 
-170.6472306666667,-14.3249725000000,0 
-170.6472240000000,-14.3249883333333,0 
-170.6472328333333,-14.3249871666667,0 
-170.6472418333333,-14.3249780000000,0 
-170.6472310000000,-14.3249880000000,0 
-170.6472466666667,-14.3249785000000,0 
-170.6472565000000,-14.3249848333333,0 
-170.6472548333333,-14.3249673333333,0 
-170.6472375000000,-14.3249961666667,0 
-170.6472576666667,-14.3249830000000,0 
-170.6472351666667,-14.3249920000000,0 
-170.6472641666667,-14.3249963333333,0 
-170.6472608333333,-14.3249893333333,0 
-170.6472568333333,-14.3249871666667,0 
-170.6472420000000,-14.3249793333333,0 
-170.6472511666667,-14.3249786666667,0 
-170.6472540000000,-14.3249800000000,0 
-170.6472465000000,-14.3249783333333,0 
-170.6472485000000,-14.3249726666667,0 
-170.6472500000000,-14.3249760000000,0 
-170.6472455000000,-14.3249736666667,0 
-170.6472466666667,-14.3249733333333,0 
-170.6472460000000,-14.3249751666667,0 
-170.6472421666667,-14.3249696666667,0 
-170.6472378333333,-14.3249663333333,0 
-170.6472433333333,-14.3249815000000,0 
-170.6472460000000,-14.3249686666667,0 
-170.6472460000000,-14.3249755000000,0 
-170.6472486666667,-14.3249718333333,0 
-170.6472428333333,-14.3249795000000,0 
-170.6472521666667,-14.3249693333333,0 
-170.6472466666667,-14.3249751666667,0 
-170.6472486666667,-14.3249846666667,0 
-170.6472521666667,-14.3249820000000,0 
-170.6472561666667,-14.3249730000000,0 
-170.6472573333333,-14.3249913333333,0 
-170.6472571666667,-14.3249713333333,0 
-170.6472565000000,-14.3249851666667,0 
-170.6472600000000,-14.3249840000000,0 
-170.6472613333333,-14.3249810000000,0 
-170.6472596666667,-14.3249758333333,0 
-170.6472665000000,-14.3249876666667,0 
-170.6472623333333,-14.3249771666667,0 
-170.6472698333333,-14.3249791666667,0 
-170.6472683333333,-14.3249726666667,0 
-170.6472618333333,-14.3249821666667,0 
-170.6472655000000,-14.3249813333333,0 
-170.6472701666667,-14.3249751666667,0 
-170.6472738333333,-14.3249838333333,0 
-170.6472793333333,-14.3249720000000,0 
-170.6472780000000,-14.3249753333333,0 
-170.6472745000000,-14.3249763333333,0 
-170.6472796666667,-14.3249663333333,0 
-170.6472791666667,-14.3249668333333,0 
-170.6472731666667,-14.3249678333333,0 
-170.6472791666667,-14.3249578333333,0 
-170.6472728333333,-14.3249686666667,0 
-170.6472813333333,-14.3249635000000,0 
-170.6472621666667,-14.3249610000000,0 
-170.6472693333333,-14.3249571666667,0 
-170.6472646666667,-14.3249526666667,0 
-170.6472541666667,-14.3249700000000,0 
-170.6472585000000,-14.3249560000000,0 
-170.6472466666667,-14.3249535000000,0 
-170.6472501666667,-14.3249576666667,0 
-170.6472503333333,-14.3249540000000,0 
-170.6472368333333,-14.3249555000000,0 
-170.6472388333333,-14.3249501666667,0 
-170.6472408333333,-14.3249523333333,0 
-170.6472391666667,-14.3249573333333,0 
-170.6472210000000,-14.3249521666667,0 
-170.6472355000000,-14.3249548333333,0 
-170.6472246666667,-14.3249501666667,0 
-170.6472208333333,-14.3249600000000,0 
-170.6472185000000,-14.3249485000000,0 
-170.6472106666667,-14.3249540000000,0 
-170.6472251666667,-14.3249533333333,0 
-170.6472160000000,-14.3249560000000,0 
-170.6471955000000,-14.3249538333333,0 
-170.6472118333333,-14.3249590000000,0 
-170.6472076666667,-14.3249608333333,0 
-170.6472105000000,-14.3249683333333,0 
-170.6472063333333,-14.3249755000000,0 
-170.6471985000000,-14.3249615000000,0 
-170.6472011666667,-14.3249733333333,0 
-170.6471980000000,-14.3249740000000,0 
-170.6471976666667,-14.3249796666667,0 
-170.6471960000000,-14.3249741666667,0 
-170.6471901666667,-14.3249856666667,0 
-170.6471961666667,-14.3249733333333,0 
-170.6471831666667,-14.3249850000000,0 
-170.6471885000000,-14.3249768333333,0 
-170.6471826666667,-14.3249885000000,0 
-170.6471755000000,-14.3249860000000,0 
-170.6471725000000,-14.3249945000000,0 
-170.6471838333333,-14.3249945000000,0 
-170.6471731666667,-14.3249948333333,0 
-170.6471595000000,-14.3250001666667,0 
-170.6471625000000,-14.3250021666667,0 
-170.6471493333333,-14.3249883333333,0 
-170.6471435000000,-14.3249845000000,0 
-170.6471273333333,-14.3249976666667,0 
-170.6471310000000,-14.3249923333333,0 
-170.6471178333333,-14.3249950000000,0 
-170.6470986666667,-14.3250063333333,0 
-170.6470918333333,-14.3250173333333,0 
-170.6470603333333,-14.3250098333333,0 
-170.6470626666667,-14.3250195000000,0 
-170.6470498333333,-14.3250220000000,0 
-170.6470231666667,-14.3250290000000,0 
-170.6470298333333,-14.3250388333333,0 
-170.6470056666667,-14.3250476666667,0 
-170.6469860000000,-14.3250460000000,0 
-170.6469875000000,-14.3250511666667,0 
-170.6469706666667,-14.3250528333333,0 
-170.6469665000000,-14.3250605000000,0 
-170.6469600000000,-14.3250548333333,0 
-170.6469611666667,-14.3250676666667,0 
-170.6469476666667,-14.3250610000000,0 
-170.6469500000000,-14.3250533333333,0 
-170.6469398333333,-14.3250363333333,0 
-170.6469406666667,-14.3250343333333,0 
-170.6469273333333,-14.3250111666667,0 
-170.6469180000000,-14.3249953333333,0 
-170.6469083333333,-14.3249880000000,0 
-170.6468953333333,-14.3249505000000,0 
-170.6469060000000,-14.3249551666667,0 
-170.6469010000000,-14.3249490000000,0 
-170.6468745000000,-14.3249398333333,0 
-170.6468610000000,-14.3249196666667,0 
-170.6468503333333,-14.3249061666667,0 
-170.6468480000000,-14.3248950000000,0 
-170.6468676666667,-14.3248850000000,0 
-170.6468455000000,-14.3248665000000,0 
-170.6468655000000,-14.3248733333333,0 
-170.6468600000000,-14.3248676666667,0 
-170.6468721666667,-14.3248503333333,0 
-170.6468685000000,-14.3248675000000,0 
-170.6468820000000,-14.3248480000000,0 
-170.6468646666667,-14.3248503333333,0 
-170.6468681666667,-14.3248395000000,0 
-170.6468673333333,-14.3248423333333,0 
-170.6468573333333,-14.3248391666667,0 
-170.6468641666667,-14.3248336666667,0 
-170.6468548333333,-14.3248331666667,0 
-170.6468326666667,-14.3248341666667,0 
-170.6468430000000,-14.3248336666667,0 
-170.6468568333333,-14.3248306666667,0 
-170.6468440000000,-14.3248286666667,0 
-170.6468601666667,-14.3248351666667,0 
-170.6468480000000,-14.3248313333333,0 
-170.6468456666667,-14.3248330000000,0 
-170.6468641666667,-14.3248196666667,0 
-170.6468366666667,-14.3248221666667,0 
-170.6468531666667,-14.3248006666667,0 
-170.6468440000000,-14.3248021666667,0 
-170.6468633333333,-14.3247946666667,0 
-170.6468690000000,-14.3247900000000,0 
-170.6468648333333,-14.3247900000000,0 
-170.6468730000000,-14.3247885000000,0 
-170.6468758333333,-14.3247813333333,0 
-170.6468708333333,-14.3248055000000,0 
-170.6468743333333,-14.3247973333333,0 
-170.6468858333333,-14.3248090000000,0 
-170.6468835000000,-14.3248001666667,0 
-170.6468835000000,-14.3248086666667,0 
-170.6468903333333,-14.3248063333333,0 
-170.6469000000000,-14.3248038333333,0 
-170.6468965000000,-14.3248131666667,0 
-170.6469043333333,-14.3248046666667,0 
-170.6469168333333,-14.3247915000000,0 
-170.6469081666667,-14.3248058333333,0 
-170.6469165000000,-14.3247875000000,0 
-170.6468863333333,-14.3247953333333,0 
-170.6469186666667,-14.3247883333333,0 
-170.6468905000000,-14.3247786666667,0 
-170.6469033333333,-14.3247898333333,0 
-170.6469046666667,-14.3247993333333,0 
-170.6468905000000,-14.3247866666667,0 
-170.6468835000000,-14.3247946666667,0 
-170.6468953333333,-14.3247871666667,0 
-170.6468950000000,-14.3247941666667,0 
-170.6468996666667,-14.3248016666667,0 
-170.6469241666667,-14.3248060000000,0 
-170.6469308333333,-14.3248221666667,0 
-170.6469385000000,-14.3248275000000,0 
-170.6469326666667,-14.3248385000000,0 
-170.6469593333333,-14.3248495000000,0 
-170.6469625000000,-14.3248470000000,0 
-170.6469723333333,-14.3248701666667,0 
-170.6469841666667,-14.3248690000000,0 
-170.6469786666667,-14.3248776666667,0 
-170.6469901666667,-14.3248836666667,0 
-170.6469888333333,-14.3248918333333,0 
-170.6469995000000,-14.3248878333333,0 
-170.6469873333333,-14.3249068333333,0 
-170.6469935000000,-14.3249033333333,0 
-170.6469975000000,-14.3249053333333,0 
-170.6470106666667,-14.3249140000000,0 
-170.6469940000000,-14.3249133333333,0 
-170.6470066666667,-14.3249190000000,0 
-170.6469960000000,-14.3249200000000,0 
-170.6470120000000,-14.3249141666667,0 
-170.6470135000000,-14.3249206666667,0 
-170.6470128333333,-14.3249178333333,0 
-170.6470150000000,-14.3249125000000,0 
-170.6470073333333,-14.3249065000000,0 
-170.6470200000000,-14.3249050000000,0 
-170.6469833333333,-14.3249031666667,0 
-170.6470083333333,-14.3248906666667,0 
-170.6469786666667,-14.3248978333333,0 
-170.6470055000000,-14.3248873333333,0 
-170.6469803333333,-14.3249016666667,0 
-170.6470035000000,-14.3248921666667,0 
-170.6469696666667,-14.3248940000000,0 
-170.6469811666667,-14.3248870000000,0 
-170.6469753333333,-14.3248873333333,0 
-170.6469791666667,-14.3248921666667,0 
-170.6469750000000,-14.3248828333333,0 
-170.6469743333333,-14.3248920000000,0 
-170.6469635000000,-14.3248586666667,0 
-170.6469811666667,-14.3248686666667,0 
-170.6469751666667,-14.3248518333333,0 
-170.6469570000000,-14.3248515000000,0 
-170.6469600000000,-14.3248600000000,0 
-170.6469566666667,-14.3248596666667,0 
-170.6469585000000,-14.3248563333333,0 
-170.6469808333333,-14.3248625000000,0 
-170.6469820000000,-14.3248570000000,0 
-170.6469893333333,-14.3248668333333,0 
-170.6469735000000,-14.3248448333333,0 
-170.6469978333333,-14.3248828333333,0 
-170.6469986666667,-14.3248685000000,0 
-170.6470021666667,-14.3248773333333,0 
-170.6470061666667,-14.3248745000000,0 
-170.6470090000000,-14.3248818333333,0 
-170.6470071666667,-14.3248766666667,0 
-170.6470030000000,-14.3248798333333,0 
-170.6469960000000,-14.3248726666667,0 
-170.6470060000000,-14.3248780000000,0 
-170.6470051666667,-14.3248813333333,0 
-170.6470105000000,-14.3248720000000,0 
-170.6470055000000,-14.3248906666667,0 
-170.6470243333333,-14.3248890000000,0 
-170.6470311666667,-14.3248785000000,0 
-170.6470375000000,-14.3248996666667,0 
-170.6470490000000,-14.3249166666667,0 
-170.6470716666667,-14.3249160000000,0 
-170.6470528333333,-14.3249228333333,0 
-170.6470788333333,-14.3249268333333,0 
-170.6470821666667,-14.3249425000000,0 
-170.6470765000000,-14.3249383333333,0 
-170.6470820000000,-14.3249420000000,0 
-170.6470758333333,-14.3249638333333,0 
-170.6471003333333,-14.3249671666667,0 
-170.6470866666667,-14.3249726666667,0 
-170.6470951666667,-14.3249535000000,0 
-170.6470811666667,-14.3249418333333,0 
-170.6470998333333,-14.3249348333333,0 
-170.6470731666667,-14.3249341666667,0 
-170.6470866666667,-14.3249196666667,0 
-170.6470751666667,-14.3249230000000,0 
-170.6470690000000,-14.3249170000000,0 
-170.6470686666667,-14.3249200000000,0 
-170.6470896666667,-14.3249273333333,0 
-170.6470813333333,-14.3249090000000,0 
-170.6470818333333,-14.3248826666667,0 
-170.6470613333333,-14.3248765000000,0 
-170.6470680000000,-14.3248616666667,0 
-170.6470560000000,-14.3248626666667,0 
-170.6470420000000,-14.3248503333333,0 
-170.6470298333333,-14.3248626666667,0 
-170.6470225000000,-14.3248480000000,0 
-170.6470486666667,-14.3248483333333,0 
-170.6470433333333,-14.3248596666667,0 
-170.6470608333333,-14.3248681666667,0 
-170.6470628333333,-14.3248868333333,0 
-170.6470771666667,-14.3248898333333,0 
-170.6470720000000,-14.3248918333333,0 
-170.6470760000000,-14.3248970000000,0 
-170.6470806666667,-14.3248951666667,0 
-170.6470786666667,-14.3248911666667,0 
-170.6470680000000,-14.3249058333333,0 
-170.6470848333333,-14.3248818333333,0 
-170.6470673333333,-14.3248873333333,0 
-170.6470686666667,-14.3248721666667,0 
-170.6470425000000,-14.3248396666667,0 
-170.6470258333333,-14.3248296666667,0 
-170.6470038333333,-14.3248316666667,0 
-170.6470055000000,-14.3248336666667,0 
-170.6469841666667,-14.3248310000000,0 
-170.6469898333333,-14.3248270000000,0 
-170.6469856666667,-14.3248240000000,0 
-170.6469846666667,-14.3248331666667,0 
-170.6469820000000,-14.3248180000000,0 
-170.6469785000000,-14.3248235000000,0 
-170.6469748333333,-14.3248303333333,0 
-170.6469730000000,-14.3248268333333,0 
-170.6469920000000,-14.3248310000000,0 
-170.6469703333333,-14.3248210000000,0 
-170.6469963333333,-14.3248200000000,0 
-170.6469883333333,-14.3248296666667,0 
-170.6470020000000,-14.3248231666667,0 
-170.6469941666667,-14.3248301666667,0 
-170.6469848333333,-14.3248335000000,0 
-170.6469870000000,-14.3248308333333,0 
-170.6469698333333,-14.3248355000000,0 
-170.6469688333333,-14.3248430000000,0 
-170.6469568333333,-14.3248450000000,0 
-170.6469593333333,-14.3248458333333,0 
-170.6469651666667,-14.3248401666667,0 
-170.6469568333333,-14.3248560000000,0 
-170.6469660000000,-14.3248456666667,0 
-170.6469408333333,-14.3248610000000,0 
-170.6469670000000,-14.3248528333333,0 
-170.6469310000000,-14.3248556666667,0 
-170.6469405000000,-14.3248430000000,0 
-170.6469306666667,-14.3248326666667,0 
-170.6469396666667,-14.3248311666667,0 
-170.6469371666667,-14.3248121666667,0 
-170.6469335000000,-14.3248185000000,0 
-170.6469285000000,-14.3248133333333,0 
-170.6469345000000,-14.3248078333333,0 
-170.6469520000000,-14.3247988333333,0 
-170.6469295000000,-14.3247933333333,0 
-170.6469443333333,-14.3247936666667,0 
-170.6469483333333,-14.3247946666667,0 
-170.6469515000000,-14.3247881666667,0 
-170.6469578333333,-14.3247991666667,0 
-170.6469671666667,-14.3247885000000,0 
-170.6469650000000,-14.3247843333333,0 
-170.6469678333333,-14.3247898333333,0 
-170.6469926666667,-14.3247941666667,0 
-170.6469881666667,-14.3248068333333,0 
-170.6469966666667,-14.3247888333333,0 
-170.6469831666667,-14.3247961666667,0 
-170.6469880000000,-14.3247893333333,0 
-170.6469915000000,-14.3248055000000,0 
-170.6469758333333,-14.3247810000000,0 
-170.6469793333333,-14.3247888333333,0 
-170.6469846666667,-14.3247798333333,0 
-170.6469871666667,-14.3247861666667,0 
-170.6469871666667,-14.3247888333333,0 
-170.6469838333333,-14.3247890000000,0 
-170.6469900000000,-14.3247990000000,0 
-170.6469868333333,-14.3247880000000,0 
-170.6469730000000,-14.3247861666667,0 
-170.6469836666667,-14.3247958333333,0 
-170.6469701666667,-14.3247798333333,0 
-170.6469913333333,-14.3247938333333,0 
-170.6469901666667,-14.3247651666667,0 
-170.6469678333333,-14.3247720000000,0 
-170.6469770000000,-14.3247566666667,0 
-170.6469525000000,-14.3247543333333,0 
-170.6469473333333,-14.3247445000000,0 
-170.6469681666667,-14.3247476666667,0 
-170.6469596666667,-14.3247398333333,0 
-170.6469550000000,-14.3247393333333,0 
-170.6469588333333,-14.3247391666667,0 
-170.6469751666667,-14.3247178333333,0 
-170.6469496666667,-14.3247193333333,0 
-170.6469671666667,-14.3247056666667,0 
-170.6469413333333,-14.3246976666667,0 
-170.6469720000000,-14.3246951666667,0 
-170.6469360000000,-14.3246955000000,0 
-170.6469598333333,-14.3247010000000,0 
-170.6469428333333,-14.3247056666667,0 
-170.6469281666667,-14.3246965000000,0 
-170.6469113333333,-14.3247076666667,0 
-170.6469386666667,-14.3246971666667,0 
-170.6469553333333,-14.3246890000000,0 
-170.6469595000000,-14.3246895000000,0 
-170.6469976666667,-14.3246893333333,0 
-170.6470185000000,-14.3246905000000,0 
-170.6470435000000,-14.3247195000000,0 
-170.6470403333333,-14.3247288333333,0 
-170.6470488333333,-14.3247261666667,0 
-170.6470606666667,-14.3247543333333,0 
-170.6470593333333,-14.3247475000000,0 
-170.6470633333333,-14.3247653333333,0 
-170.6470726666667,-14.3247376666667,0 
-170.6470663333333,-14.3247510000000,0 
-170.6470780000000,-14.3247301666667,0 
-170.6470725000000,-14.3247421666667,0 
-170.6470686666667,-14.3247276666667,0 
-170.6470808333333,-14.3247260000000,0 
-170.6470533333333,-14.3247275000000,0 
-170.6470615000000,-14.3247356666667,0 
-170.6470596666667,-14.3247161666667,0 
-170.6470483333333,-14.3247201666667,0 
-170.6470560000000,-14.3247103333333,0 
-170.6470483333333,-14.3247101666667,0 
-170.6470585000000,-14.3247050000000,0 
-170.6470468333333,-14.3247101666667,0 
-170.6470421666667,-14.3247093333333,0 
-170.6470463333333,-14.3247103333333,0 
-170.6470478333333,-14.3247101666667,0 
-170.6470771666667,-14.3247153333333,0 
-170.6470750000000,-14.3247178333333,0 
-170.6470928333333,-14.3247358333333,0 
-170.6470986666667,-14.3247455000000,0 
-170.6471086666667,-14.3247368333333,0 
-170.6470991666667,-14.3247401666667,0 
-170.6471146666667,-14.3247360000000,0 
-170.6470981666667,-14.3247350000000,0 
-170.6471106666667,-14.3247300000000,0 
-170.6470833333333,-14.3247266666667,0 
-170.6470975000000,-14.3247248333333,0 
-170.6471005000000,-14.3247250000000,0 
-170.6470890000000,-14.3247240000000,0 
-170.6470898333333,-14.3247225000000,0 
-170.6470903333333,-14.3247273333333,0 
-170.6470870000000,-14.3247191666667,0 
-170.6471018333333,-14.3247190000000,0 
-170.6470963333333,-14.3247143333333,0 
-170.6471133333333,-14.3247166666667,0 
-170.6471101666667,-14.3247103333333,0 
-170.6471195000000,-14.3247115000000,0 
-170.6471226666667,-14.3246958333333,0 
-170.6470930000000,-14.3246991666667,0 
-170.6470828333333,-14.3246823333333,0 
-170.6470836666667,-14.3246763333333,0 
-170.6470666666667,-14.3246788333333,0 
-170.6470958333333,-14.3246793333333,0 
-170.6470690000000,-14.3246760000000,0 
-170.6470676666667,-14.3246776666667,0 
-170.6470638333333,-14.3246720000000,0 
-170.6470603333333,-14.3246791666667,0 
-170.6470631666667,-14.3246793333333,0 
-170.6470593333333,-14.3246821666667,0 
-170.6470845000000,-14.3246730000000,0 
-170.6471216666667,-14.3246863333333,0 
-170.6471300000000,-14.3246948333333,0 
-170.6471401666667,-14.3246925000000,0 
-170.6471500000000,-14.3246918333333,0 
-170.6471356666667,-14.3246958333333,0 
-170.6471531666667,-14.3246936666667,0 
-170.6471433333333,-14.3246900000000,0 
-170.6471521666667,-14.3246743333333,0 
-170.6471383333333,-14.3246823333333,0 
-170.6471420000000,-14.3246725000000,0 
-170.6471270000000,-14.3246826666667,0 
-170.6471463333333,-14.3246713333333,0 
-170.6471335000000,-14.3246761666667,0 
-170.6471335000000,-14.3246678333333,0 
-170.6471306666667,-14.3246595000000,0 
-170.6471303333333,-14.3246705000000,0 
-170.6471310000000,-14.3246603333333,0 
-170.6471270000000,-14.3246626666667,0 
-170.6471431666667,-14.3246491666667,0 
-170.6471178333333,-14.3246698333333,0 
-170.6471355000000,-14.3246535000000,0 
-170.6471290000000,-14.3246555000000,0 
-170.6471356666667,-14.3246635000000,0 
-170.6471365000000,-14.3246635000000,0 
-170.6471488333333,-14.3246578333333,0 
-170.6471371666667,-14.3246600000000,0 
-170.6471373333333,-14.3246506666667,0 
-170.6471511666667,-14.3246495000000,0 
-170.6471393333333,-14.3246550000000,0 
-170.6471381666667,-14.3246486666667,0 
-170.6471618333333,-14.3246496666667,0 
-170.6471253333333,-14.3246448333333,0 
-170.6471553333333,-14.3246520000000,0 
-170.6471506666667,-14.3246350000000,0 
-170.6471626666667,-14.3246380000000,0 
-170.6471665000000,-14.3246388333333,0 
-170.6471690000000,-14.3246495000000,0 
-170.6471661666667,-14.3246458333333,0 
-170.6471613333333,-14.3246271666667,0 
-170.6471756666667,-14.3246336666667,0 
-170.6471651666667,-14.3246398333333,0 
-170.6471918333333,-14.3246375000000,0 
-170.6472040000000,-14.3246283333333,0 
-170.6471955000000,-14.3246508333333,0 
-170.6472106666667,-14.3246366666667,0 
-170.6471665000000,-14.3246415000000,0 
-170.6471728333333,-14.3246453333333,0 
-170.6471853333333,-14.3246465000000,0 
-170.6471755000000,-14.3246448333333,0 
-170.6471708333333,-14.3246211666667,0 
-170.6471601666667,-14.3246305000000,0 
-170.6471390000000,-14.3246175000000,0 
-170.6471671666667,-14.3246196666667,0 
-170.6471326666667,-14.3246003333333,0 
-170.6471388333333,-14.3245943333333,0 
-170.6471336666667,-14.3245786666667,0 
-170.6471423333333,-14.3245785000000,0 
-170.6471441666667,-14.3245500000000,0 
-170.6471660000000,-14.3245486666667,0 
-170.6471576666667,-14.3245418333333,0 
-170.6471481666667,-14.3245316666667,0 
-170.6471478333333,-14.3245341666667,0 
-170.6471328333333,-14.3245076666667,0 
-170.6471116666667,-14.3245130000000,0 
-170.6471160000000,-14.3244985000000,0 
-170.6471055000000,-14.3244978333333,0 
-170.6471153333333,-14.3244860000000,0 
-170.6471175000000,-14.3244811666667,0 
-170.6470915000000,-14.3244861666667,0 
-170.6471065000000,-14.3244863333333,0 
-170.6471035000000,-14.3244923333333,0 
-170.6471061666667,-14.3244951666667,0 
-170.6471108333333,-14.3244871666667,0 
-170.6471288333333,-14.3244976666667,0 
-170.6471455000000,-14.3245115000000,0 
-170.6471341666667,-14.3245066666667,0 
-170.6471388333333,-14.3245151666667,0 
-170.6471536666667,-14.3244998333333,0 
-170.6471508333333,-14.3244916666667,0 
-170.6471490000000,-14.3245153333333,0 
-170.6471446666667,-14.3245056666667,0 
-170.6471553333333,-14.3245128333333,0 
-170.6471470000000,-14.3244958333333,0 
-170.6471661666667,-14.3244911666667,0 
-170.6471540000000,-14.3244980000000,0 
-170.6471788333333,-14.3244958333333,0 
-170.6471695000000,-14.3244941666667,0 
-170.6471935000000,-14.3244981666667,0 
-170.6471908333333,-14.3244966666667,0 
-170.6471931666667,-14.3245031666667,0 
-170.6472051666667,-14.3244690000000,0 
-170.6471850000000,-14.3244871666667,0 
-170.6471935000000,-14.3244720000000,0 
-170.6471720000000,-14.3244688333333,0 
-170.6471806666667,-14.3244756666667,0 
-170.6472001666667,-14.3244741666667,0 
-170.6472000000000,-14.3244928333333,0 
-170.6472015000000,-14.3244815000000,0 
-170.6471905000000,-14.3244786666667,0 
-170.6472080000000,-14.3244816666667,0 
-170.6472045000000,-14.3244798333333,0 
-170.6471986666667,-14.3244706666667,0 
-170.6471968333333,-14.3244823333333,0 
-170.6472091666667,-14.3244780000000,0 
-170.6472198333333,-14.3244805000000,0 
-170.6472216666667,-14.3244856666667,0 
-170.6472326666667,-14.3245028333333,0 
-170.6472423333333,-14.3244750000000,0 
-170.6472331666667,-14.3244800000000,0 
-170.6472341666667,-14.3244708333333,0 
-170.6472336666667,-14.3244715000000,0 
-170.6472311666667,-14.3244745000000,0 
-170.6472123333333,-14.3244755000000,0 
-170.6472140000000,-14.3244783333333,0 
-170.6472265000000,-14.3245041666667,0 
-170.6472208333333,-14.3244710000000,0 
-170.6472343333333,-14.3245051666667,0 
-170.6472408333333,-14.3245006666667,0 
-170.6472420000000,-14.3245093333333,0 
-170.6472288333333,-14.3245170000000,0 
-170.6472610000000,-14.3245181666667,0 
-170.6472500000000,-14.3245245000000,0 
-170.6472531666667,-14.3245300000000,0 
-170.6472611666667,-14.3245278333333,0 
-170.6472528333333,-14.3245156666667,0 
-170.6472428333333,-14.3245208333333,0 
-170.6472508333333,-14.3245236666667,0 
-170.6472573333333,-14.3245190000000,0 
-170.6472438333333,-14.3245200000000,0 
-170.6472446666667,-14.3245166666667,0 
-170.6472376666667,-14.3245211666667,0 
-170.6472451666667,-14.3245308333333,0 
-170.6472690000000,-14.3245005000000,0 
-170.6472255000000,-14.3245288333333,0 
-170.6472635000000,-14.3245031666667,0 
-170.6472515000000,-14.3245071666667,0 
-170.6472646666667,-14.3244970000000,0 
-170.6472455000000,-14.3244985000000,0 
-170.6472655000000,-14.3245025000000,0 
-170.6472520000000,-14.3244891666667,0 
-170.6472648333333,-14.3244816666667,0 
-170.6472771666667,-14.3244840000000,0 
-170.6472616666667,-14.3244705000000,0 
-170.6472818333333,-14.3244563333333,0 
-170.6472855000000,-14.3244646666667,0 
-170.6472928333333,-14.3244580000000,0 
-170.6472978333333,-14.3244610000000,0 
-170.6472908333333,-14.3244478333333,0 
-170.6472765000000,-14.3244311666667,0 
-170.6472690000000,-14.3244328333333,0 
-170.6472605000000,-14.3244328333333,0 
-170.6472613333333,-14.3244356666667,0 
-170.6472498333333,-14.3244260000000,0 
-170.6472591666667,-14.3244308333333,0 
-170.6472455000000,-14.3244233333333,0 
-170.6472556666667,-14.3244055000000,0 
-170.6472233333333,-14.3244090000000,0 
-170.6472336666667,-14.3244180000000,0 
-170.6472461666667,-14.3244408333333,0 
-170.6472606666667,-14.3244201666667,0 
-170.6472811666667,-14.3244441666667,0 
-170.6472863333333,-14.3244156666667,0 
-170.6472973333333,-14.3244128333333,0 
-170.6472920000000,-14.3244238333333,0 
-170.6472991666667,-14.3244133333333,0 
-170.6472853333333,-14.3244340000000,0 
-170.6473030000000,-14.3244378333333,0 
-170.6472908333333,-14.3244208333333,0 
-170.6473063333333,-14.3244221666667,0 
-170.6472930000000,-14.3244018333333,0 
-170.6473058333333,-14.3244285000000,0 
-170.6473126666667,-14.3244140000000,0 
-170.6473173333333,-14.3244270000000,0 
-170.6473316666667,-14.3244313333333,0 
-170.6473373333333,-14.3244448333333,0 
-170.6473503333333,-14.3244516666667,0 
-170.6473466666667,-14.3244516666667,0 
-170.6473511666667,-14.3244391666667,0 
-170.6473546666667,-14.3244441666667,0 
-170.6473583333333,-14.3244480000000,0 
-170.6473528333333,-14.3244443333333,0 
-170.6473538333333,-14.3244526666667,0 
-170.6473656666667,-14.3244535000000,0 
-170.6473698333333,-14.3244515000000,0 
-170.6473743333333,-14.3244355000000,0 
-170.6473545000000,-14.3244475000000,0 
-170.6473531666667,-14.3244355000000,0 
-170.6473533333333,-14.3244426666667,0 
-170.6473601666667,-14.3244353333333,0 
-170.6473521666667,-14.3244403333333,0 
-170.6473606666667,-14.3244440000000,0 
-170.6473475000000,-14.3244201666667,0 
-170.6473548333333,-14.3244215000000,0 
-170.6473516666667,-14.3244321666667,0 
-170.6473776666667,-14.3244203333333,0 
-170.6473695000000,-14.3244348333333,0 
-170.6473718333333,-14.3244311666667,0 
-170.6473850000000,-14.3244401666667,0 
-170.6473813333333,-14.3244553333333,0 
-170.6473960000000,-14.3244441666667,0 
-170.6473913333333,-14.3244500000000,0 
-170.6473913333333,-14.3244520000000,0 
-170.6473873333333,-14.3244573333333,0 
-170.6473948333333,-14.3244456666667,0 
-170.6473881666667,-14.3244481666667,0 
-170.6473893333333,-14.3244541666667,0 
-170.6473988333333,-14.3244513333333,0 
-170.6473860000000,-14.3244578333333,0 
-170.6473863333333,-14.3244591666667,0 
-170.6473890000000,-14.3244620000000,0 
-170.6473911666667,-14.3244575000000,0 
-170.6473936666667,-14.3244576666667,0 
-170.6473955000000,-14.3244595000000,0 
-170.6473956666667,-14.3244328333333,0 
-170.6473850000000,-14.3244396666667,0 
-170.6473760000000,-14.3244310000000,0 
-170.6473656666667,-14.3244351666667,0 
-170.6473660000000,-14.3244338333333,0 
-170.6473641666667,-14.3244361666667,0 
-170.6473728333333,-14.3244350000000,0 
-170.6473640000000,-14.3244325000000,0 
-170.6473603333333,-14.3244338333333,0 
-170.6473670000000,-14.3244368333333,0 
-170.6473713333333,-14.3244273333333,0 
-170.6473845000000,-14.3244211666667,0 
-170.6473786666667,-14.3244258333333,0 
-170.6473758333333,-14.3244281666667,0 
-170.6473743333333,-14.3244351666667,0 
-170.6473921666667,-14.3244303333333,0 
-170.6473696666667,-14.3244321666667,0 
-170.6473830000000,-14.3244275000000,0 
-170.6473921666667,-14.3244230000000,0 
-170.6473818333333,-14.3244246666667,0 
-170.6473881666667,-14.3244305000000,0 
-170.6473876666667,-14.3244266666667,0 
-170.6473848333333,-14.3244303333333,0 
-170.6473838333333,-14.3244316666667,0 
-170.6473861666667,-14.3244298333333,0 
-170.6473930000000,-14.3244261666667,0 
-170.6473753333333,-14.3244340000000,0 
-170.6473693333333,-14.3244385000000,0 
-170.6473858333333,-14.3244306666667,0 
-170.6473746666667,-14.3244240000000,0 
-170.6473853333333,-14.3244313333333,0 
-170.6473746666667,-14.3244291666667,0 
-170.6473641666667,-14.3244151666667,0 
-170.6473708333333,-14.3244198333333,0 
-170.6473606666667,-14.3244155000000,0 
-170.6473621666667,-14.3243965000000,0 
-170.6473576666667,-14.3243981666667,0 
-170.6473546666667,-14.3244040000000,0 
-170.6473485000000,-14.3244013333333,0 
-170.6473455000000,-14.3244066666667,0 
-170.6473488333333,-14.3243983333333,0 
-170.6473560000000,-14.3244028333333,0 
-170.6473613333333,-14.3244056666667,0 
-170.6473606666667,-14.3244030000000,0 
-170.6473525000000,-14.3244045000000,0 
-170.6473646666667,-14.3244066666667,0 
-170.6473680000000,-14.3243896666667,0 
-170.6473570000000,-14.3243826666667,0 
-170.6473668333333,-14.3243803333333,0 
-170.6473525000000,-14.3243691666667,0 
-170.6473561666667,-14.3243631666667,0 
-170.6473513333333,-14.3243801666667,0 
-170.6473580000000,-14.3243915000000,0 
-170.6473591666667,-14.3243848333333,0 
-170.6473550000000,-14.3243903333333,0 
-170.6473585000000,-14.3243870000000,0 
-170.6473615000000,-14.3243895000000,0 
-170.6473580000000,-14.3243961666667,0 
-170.6473675000000,-14.3243998333333,0 
-170.6473658333333,-14.3243933333333,0 
-170.6473616666667,-14.3244011666667,0 
-170.6473600000000,-14.3244021666667,0 
-170.6473716666667,-14.3243986666667,0 
-170.6473538333333,-14.3243968333333,0 
-170.6473696666667,-14.3243920000000,0 
-170.6473715000000,-14.3243858333333,0 
-170.6473748333333,-14.3243818333333,0 
-170.6473863333333,-14.3243838333333,0 
-170.6473925000000,-14.3243451666667,0 
-170.6473941666667,-14.3243458333333,0 
-170.6473965000000,-14.3243186666667,0 
-170.6473920000000,-14.3243183333333,0 
-170.6473955000000,-14.3243085000000,0 
-170.6473903333333,-14.3243078333333,0 
-170.6473810000000,-14.3242858333333,0 
-170.6473700000000,-14.3242835000000,0 
-170.6473556666667,-14.3242806666667,0 
-170.6473605000000,-14.3242870000000,0 
-170.6473586666667,-14.3242986666667,0 
-170.6473605000000,-14.3242610000000,0 
-170.6473741666667,-14.3242765000000,0 
-170.6473671666667,-14.3242655000000,0 
-170.6473935000000,-14.3242685000000,0 
-170.6473836666667,-14.3242683333333,0 
-170.6473773333333,-14.3242468333333,0 
-170.6473763333333,-14.3242690000000,0 
-170.6473831666667,-14.3242546666667,0 
-170.6473736666667,-14.3242535000000,0 
-170.6473800000000,-14.3242578333333,0 
-170.6473735000000,-14.3242501666667,0 
-170.6473731666667,-14.3242588333333,0 
-170.6473918333333,-14.3242645000000,0 
-170.6473926666667,-14.3242838333333,0 
-170.6474005000000,-14.3242935000000,0 
-170.6473855000000,-14.3242965000000,0 
-170.6473916666667,-14.3243066666667,0 
-170.6473935000000,-14.3243048333333,0 
-170.6473881666667,-14.3243096666667,0 
-170.6473933333333,-14.3243096666667,0 
-170.6473881666667,-14.3243030000000,0 
-170.6473848333333,-14.3243020000000,0 
-170.6473733333333,-14.3243031666667,0 
-170.6473846666667,-14.3243045000000,0 
-170.6473868333333,-14.3243141666667,0 
-170.6473730000000,-14.3243256666667,0 
-170.6473886666667,-14.3243063333333,0 
-170.6473786666667,-14.3243220000000,0 
-170.6473850000000,-14.3243141666667,0 
-170.6473923333333,-14.3243241666667,0 
-170.6473746666667,-14.3243175000000,0 
-170.6473830000000,-14.3243290000000,0 
-170.6473748333333,-14.3243178333333,0 
-170.6473781666667,-14.3243396666667,0 
-170.6473756666667,-14.3243201666667,0 
-170.6473850000000,-14.3243265000000,0 
-170.6473840000000,-14.3243133333333,0 
-170.6473880000000,-14.3243251666667,0 
-170.6474036666667,-14.3243063333333,0 
-170.6473988333333,-14.3243041666667,0 
-170.6474111666667,-14.3242838333333,0 
-170.6474075000000,-14.3242835000000,0 
-170.6474065000000,-14.3242880000000,0 
-170.6474070000000,-14.3242941666667,0 
-170.6474001666667,-14.3243036666667,0 
-170.6474188333333,-14.3243026666667,0 
-170.6474125000000,-14.3243078333333,0 
-170.6474261666667,-14.3243198333333,0 
-170.6474218333333,-14.3243096666667,0 
-170.6474025000000,-14.3243210000000,0 
-170.6474076666667,-14.3243255000000,0 
-170.6474221666667,-14.3243333333333,0 
-170.6473905000000,-14.3243278333333,0 
-170.6473980000000,-14.3243341666667,0 
-170.6473916666667,-14.3243368333333,0 
-170.6473945000000,-14.3243510000000,0 
-170.6473960000000,-14.3243421666667,0 
-170.6474250000000,-14.3243295000000,0 
-170.6474190000000,-14.3242995000000,0 
-170.6474501666667,-14.3242886666667,0 
-170.6474168333333,-14.3242806666667,0 
-170.6474408333333,-14.3242811666667,0 
-170.6474325000000,-14.3242575000000,0 
-170.6474455000000,-14.3242563333333,0 
-170.6474368333333,-14.3242431666667,0 
-170.6474276666667,-14.3242483333333,0 
-170.6474383333333,-14.3242400000000,0 
-170.6474325000000,-14.3242321666667,0 
-170.6474433333333,-14.3242385000000,0 
-170.6474471666667,-14.3242413333333,0 
-170.6474415000000,-14.3242370000000,0 
-170.6474486666667,-14.3242510000000,0 
-170.6474508333333,-14.3242358333333,0 
-170.6474400000000,-14.3242540000000,0 
-170.6474480000000,-14.3242310000000,0 
-170.6474546666667,-14.3242476666667,0 
-170.6474465000000,-14.3242380000000,0 
-170.6474421666667,-14.3242420000000,0 
-170.6474525000000,-14.3242303333333,0 
-170.6474380000000,-14.3242401666667,0 
-170.6474550000000,-14.3242380000000,0 
-170.6474435000000,-14.3242390000000,0 
-170.6474553333333,-14.3242358333333,0 
-170.6474418333333,-14.3242368333333,0 
-170.6474536666667,-14.3242343333333,0 
-170.6474358333333,-14.3242308333333,0 
-170.6474496666667,-14.3242345000000,0 
-170.6474368333333,-14.3242258333333,0 
-170.6474586666667,-14.3242376666667,0 
-170.6474508333333,-14.3242528333333,0 
-170.6474548333333,-14.3242663333333,0 
-170.6474640000000,-14.3242916666667,0 
-170.6474626666667,-14.3242990000000,0 
-170.6474566666667,-14.3243036666667,0 
-170.6474586666667,-14.3243075000000,0 
-170.6474538333333,-14.3242865000000,0 
-170.6474676666667,-14.3242780000000,0 
-170.6474566666667,-14.3242941666667,0 
-170.6474825000000,-14.3242793333333,0 
-170.6474510000000,-14.3243073333333,0 
-170.6474853333333,-14.3243148333333,0 
-170.6474716666667,-14.3243236666667,0 
-170.6474770000000,-14.3242908333333,0 
-170.6474686666667,-14.3242853333333,0 
-170.6474853333333,-14.3242778333333,0 
-170.6474636666667,-14.3242821666667,0 
-170.6474951666667,-14.3242873333333,0 
-170.6474730000000,-14.3242836666667,0 
-170.6474895000000,-14.3242876666667,0 
-170.6474938333333,-14.3242748333333,0 
-170.6474848333333,-14.3242778333333,0 
-170.6474976666667,-14.3242768333333,0 
-170.6474841666667,-14.3242738333333,0 
-170.6474846666667,-14.3242660000000,0 
-170.6474796666667,-14.3242656666667,0 
-170.6474810000000,-14.3242690000000,0 
-170.6474870000000,-14.3242716666667,0 
-170.6474893333333,-14.3242695000000,0 
-170.6474961666667,-14.3242786666667,0 
-170.6474881666667,-14.3242726666667,0 
-170.6475006666667,-14.3242811666667,0 
-170.6474971666667,-14.3242618333333,0 
-170.6474893333333,-14.3242721666667,0 
-170.6474945000000,-14.3242696666667,0 
-170.6474926666667,-14.3242641666667,0 
-170.6474881666667,-14.3242703333333,0 
-170.6475000000000,-14.3242671666667,0 
-170.6475015000000,-14.3242668333333,0 
-170.6474996666667,-14.3242856666667,0 
-170.6475115000000,-14.3242933333333,0 
-170.6474990000000,-14.3242953333333,0 
-170.6475098333333,-14.3243015000000,0 
-170.6475178333333,-14.3242716666667,0 
-170.6474888333333,-14.3242601666667,0 
-170.6474966666667,-14.3242335000000,0 
-170.6474756666667,-14.3242333333333,0 
-170.6474778333333,-14.3242108333333,0 
-170.6474906666667,-14.3242131666667,0 
-170.6474733333333,-14.3242075000000,0 
-170.6475030000000,-14.3242190000000,0 
-170.6474873333333,-14.3241960000000,0 
-170.6474941666667,-14.3242058333333,0 
-170.6474866666667,-14.3241706666667,0 
-170.6474676666667,-14.3241876666667,0 
-170.6474813333333,-14.3241861666667,0 
-170.6474738333333,-14.3241835000000,0 
-170.6474746666667,-14.3241890000000,0 
-170.6474828333333,-14.3241823333333,0 
-170.6474881666667,-14.3241745000000,0 
-170.6474863333333,-14.3241711666667,0 
-170.6474735000000,-14.3241545000000,0 
-170.6474921666667,-14.3241375000000,0 
-170.6474631666667,-14.3241251666667,0 
-170.6474715000000,-14.3241165000000,0 
-170.6474623333333,-14.3240975000000,0 
-170.6474536666667,-14.3241030000000,0 
-170.6474728333333,-14.3240958333333,0 
-170.6474713333333,-14.3241073333333,0 
-170.6474503333333,-14.3240995000000,0 
-170.6474586666667,-14.3240983333333,0 
-170.6474705000000,-14.3241088333333,0 
-170.6474860000000,-14.3241030000000,0 
-170.6474815000000,-14.3241175000000,0 
-170.6474775000000,-14.3241000000000,0 
-170.6474660000000,-14.3241021666667,0 
-170.6474620000000,-14.3240905000000,0 
-170.6474691666667,-14.3240961666667,0 
-170.6474688333333,-14.3240858333333,0 
-170.6474505000000,-14.3240881666667,0 
-170.6474683333333,-14.3240875000000,0 
-170.6474491666667,-14.3240883333333,0 
-170.6474346666667,-14.3240791666667,0 
-170.6474228333333,-14.3240978333333,0 
-170.6474366666667,-14.3240841666667,0 
-170.6474348333333,-14.3240983333333,0 
-170.6474368333333,-14.3240696666667,0 
-170.6474495000000,-14.3240930000000,0 
-170.6474621666667,-14.3240930000000,0 
-170.6474766666667,-14.3240973333333,0 
-170.6474578333333,-14.3240903333333,0 
-170.6474590000000,-14.3241001666667,0 
-170.6474548333333,-14.3240943333333,0 
-170.6474570000000,-14.3241085000000,0 
-170.6474721666667,-14.3240990000000,0 
-170.6474605000000,-14.3241040000000,0 
-170.6474708333333,-14.3241101666667,0 
-170.6474645000000,-14.3241095000000,0 
-170.6474723333333,-14.3241096666667,0 
-170.6474528333333,-14.3241030000000,0 
-170.6474716666667,-14.3241135000000,0 
-170.6474528333333,-14.3241135000000,0 
-170.6474701666667,-14.3241111666667,0 
-170.6474591666667,-14.3241056666667,0 
-170.6474626666667,-14.3241208333333,0 
-170.6474721666667,-14.3241031666667,0 
-170.6474526666667,-14.3241146666667,0 
-170.6474570000000,-14.3240971666667,0 
-170.6474540000000,-14.3241096666667,0 
-170.6474648333333,-14.3240988333333,0 
-170.6474551666667,-14.3240965000000,0 
-170.6474581666667,-14.3240853333333,0 
-170.6474416666667,-14.3240780000000,0 
-170.6474408333333,-14.3240706666667,0 
-170.6474438333333,-14.3240891666667,0 
-170.6474423333333,-14.3240793333333,0 
-170.6474451666667,-14.3240875000000,0 
-170.6474456666667,-14.3240785000000,0 
-170.6474548333333,-14.3240870000000,0 
-170.6474666666667,-14.3240926666667,0 
-170.6474515000000,-14.3240915000000,0 
-170.6474620000000,-14.3240991666667,0 
-170.6474691666667,-14.3240923333333,0 
-170.6474628333333,-14.3240946666667,0 
-170.6474636666667,-14.3240815000000,0 
-170.6474440000000,-14.3240795000000,0 
-170.6474660000000,-14.3240875000000,0 
-170.6474520000000,-14.3240760000000,0 
-170.6474545000000,-14.3240773333333,0 
-170.6474396666667,-14.3240816666667,0 
-170.6474528333333,-14.3240850000000,0 
-170.6474406666667,-14.3240640000000,0 
-170.6474468333333,-14.3240740000000,0 
-170.6474545000000,-14.3240838333333,0 
-170.6474675000000,-14.3240905000000,0 
-170.6474531666667,-14.3240980000000,0 
-170.6474751666667,-14.3241068333333,0 
-170.6474593333333,-14.3241045000000,0 
-170.6474718333333,-14.3241065000000,0 
-170.6474786666667,-14.3240990000000,0 
-170.6474736666667,-14.3241113333333,0 
-170.6474723333333,-14.3241028333333,0 
-170.6474763333333,-14.3241205000000,0 
-170.6474723333333,-14.3241198333333,0 
-170.6474633333333,-14.3241140000000,0 
-170.6474718333333,-14.3241108333333,0 
-170.6474591666667,-14.3241126666667,0 
-170.6474593333333,-14.3241093333333,0 
-170.6474795000000,-14.3241070000000,0 
-170.6474545000000,-14.3241076666667,0 
-170.6474626666667,-14.3241083333333,0 
-170.6474600000000,-14.3241120000000,0 
-170.6474638333333,-14.3241005000000,0 
-170.6474526666667,-14.3241041666667,0 
-170.6474578333333,-14.3241078333333,0 
-170.6474476666667,-14.3240976666667,0 
-170.6474616666667,-14.3240948333333,0 
-170.6474461666667,-14.3240815000000,0 
-170.6474508333333,-14.3240778333333,0 
-170.6474491666667,-14.3240648333333,0 
-170.6474330000000,-14.3240676666667,0 
-170.6474423333333,-14.3240638333333,0 
-170.6474620000000,-14.3240746666667,0 
-170.6474475000000,-14.3240771666667,0 
-170.6474436666667,-14.3240848333333,0 
-170.6474615000000,-14.3240813333333,0 
-170.6474480000000,-14.3240748333333,0 
-170.6474538333333,-14.3240713333333,0 
-170.6474461666667,-14.3240685000000,0 
-170.6474381666667,-14.3240753333333,0 
-170.6474576666667,-14.3240843333333,0 
-170.6474388333333,-14.3240881666667,0 
-170.6474475000000,-14.3240981666667,0 
-170.6474326666667,-14.3240881666667,0 
-170.6474398333333,-14.3240978333333,0 
-170.6474375000000,-14.3240925000000,0 
-170.6474308333333,-14.3241186666667,0 
-170.6474503333333,-14.3240863333333,0 
-170.6474426666667,-14.3240765000000,0 
-170.6474371666667,-14.3240553333333,0 
-170.6474510000000,-14.3240513333333,0 
-170.6474463333333,-14.3240481666667,0 
-170.6474481666667,-14.3240360000000,0 
-170.6474386666667,-14.3240343333333,0 
-170.6474338333333,-14.3240320000000,0 
-170.6474505000000,-14.3240201666667,0 
-170.6474240000000,-14.3240191666667,0 
-170.6474430000000,-14.3240310000000,0 
-170.6474173333333,-14.3240443333333,0 
-170.6474508333333,-14.3240401666667,0 
-170.6474135000000,-14.3240318333333,0 
-170.6474338333333,-14.3240220000000,0 
-170.6474078333333,-14.3240258333333,0 
-170.6474095000000,-14.3240348333333,0 
-170.6473971666667,-14.3240258333333,0 
-170.6473861666667,-14.3240401666667,0 
-170.6473818333333,-14.3240235000000,0 
-170.6473655000000,-14.3240391666667,0 
-170.6473783333333,-14.3240306666667,0 
-170.6473675000000,-14.3240356666667,0 
-170.6473903333333,-14.3240240000000,0 
-170.6473965000000,-14.3240336666667,0 
-170.6473983333333,-14.3240366666667,0 
-170.6474191666667,-14.3240265000000,0 
-170.6474071666667,-14.3240315000000,0 
-170.6474088333333,-14.3240281666667,0 
-170.6474256666667,-14.3240250000000,0 
-170.6474161666667,-14.3240375000000,0 
-170.6474168333333,-14.3240313333333,0 
-170.6474295000000,-14.3240395000000,0 
-170.6474303333333,-14.3240373333333,0 
-170.6474346666667,-14.3240448333333,0 
-170.6474200000000,-14.3240508333333,0 
-170.6474335000000,-14.3240581666667,0 
-170.6474356666667,-14.3240573333333,0 
-170.6474356666667,-14.3240755000000,0 
-170.6474313333333,-14.3240755000000,0 
-170.6474346666667,-14.3240783333333,0 
-170.6474371666667,-14.3240740000000,0 
-170.6474420000000,-14.3240698333333,0 
-170.6474316666667,-14.3240825000000,0 
-170.6474505000000,-14.3240990000000,0 
-170.6474471666667,-14.3241083333333,0 
-170.6474390000000,-14.3241315000000,0 
-170.6474375000000,-14.3241385000000,0 
-170.6474290000000,-14.3241615000000,0 
-170.6474370000000,-14.3241633333333,0 
-170.6474098333333,-14.3241685000000,0 
-170.6474315000000,-14.3241653333333,0 
-170.6474533333333,-14.3241663333333,0 
-170.6474300000000,-14.3241798333333,0 
-170.6474055000000,-14.3241750000000,0 
-170.6473883333333,-14.3241793333333,0 
-170.6473596666667,-14.3241761666667,0 
-170.6473430000000,-14.3241716666667,0 
-170.6473295000000,-14.3241430000000,0 
-170.6473383333333,-14.3241505000000,0 
-170.6473236666667,-14.3241413333333,0 
-170.6473290000000,-14.3241530000000,0 
-170.6473251666667,-14.3241375000000,0 
-170.6473221666667,-14.3241478333333,0 
-170.6473196666667,-14.3241528333333,0 
-170.6473120000000,-14.3241576666667,0 
-170.6473403333333,-14.3241598333333,0 
-170.6473055000000,-14.3241561666667,0 
-170.6473356666667,-14.3241635000000,0 
-170.6473038333333,-14.3241636666667,0 
-170.6473391666667,-14.3241645000000,0 
-170.6473113333333,-14.3241668333333,0 
-170.6473213333333,-14.3241663333333,0 
-170.6473285000000,-14.3241661666667,0 
-170.6473265000000,-14.3241641666667,0 
-170.6473090000000,-14.3241658333333,0 
-170.6473206666667,-14.3241663333333,0 
-170.6473193333333,-14.3241736666667,0 
-170.6473108333333,-14.3241695000000,0 
-170.6473203333333,-14.3241756666667,0 
-170.6473333333333,-14.3241721666667,0 
-170.6473171666667,-14.3241541666667,0 
-170.6473141666667,-14.3241725000000,0 
-170.6473283333333,-14.3241668333333,0 
-170.6472976666667,-14.3241848333333,0 
-170.6473270000000,-14.3241841666667,0 
-170.6473278333333,-14.3241656666667,0 
-170.6473156666667,-14.3241700000000,0 
-170.6473183333333,-14.3241685000000,0 
-170.6473251666667,-14.3241726666667,0 
-170.6473078333333,-14.3241588333333,0 
-170.6473211666667,-14.3241533333333,0 
-170.6473050000000,-14.3241591666667,0 
-170.6473040000000,-14.3241670000000,0 
-170.6473211666667,-14.3241605000000,0 
-170.6473103333333,-14.3241703333333,0 
-170.6473355000000,-14.3241580000000,0 
-170.6473090000000,-14.3241681666667,0 
-170.6473336666667,-14.3241828333333,0 
-170.6473305000000,-14.3241893333333,0 
-170.6473850000000,-14.3242003333333,0 
-170.6473500000000,-14.3242065000000,0 
-170.6473810000000,-14.3242045000000,0 
-170.6474010000000,-14.3242038333333,0 
-170.6474031666667,-14.3241910000000,0 
-170.6474260000000,-14.3241975000000,0 
-170.6474156666667,-14.3241913333333,0 
-170.6474241666667,-14.3241685000000,0 
-170.6474275000000,-14.3241675000000,0 
-170.6474315000000,-14.3241415000000,0 
-170.6474280000000,-14.3241301666667,0 
-170.6474133333333,-14.3241150000000,0 
-170.6474250000000,-14.3241111666667,0 
-170.6474396666667,-14.3240956666667,0 
-170.6474320000000,-14.3240955000000,0 
-170.6474460000000,-14.3240978333333,0 
-170.6474530000000,-14.3240873333333,0 
-170.6474615000000,-14.3240895000000,0 
-170.6474678333333,-14.3240978333333,0 
-170.6474911666667,-14.3240978333333,0 
-170.6474596666667,-14.3241081666667,0 
-170.6474548333333,-14.3240955000000,0 
-170.6474526666667,-14.3240821666667,0 
-170.6474623333333,-14.3240783333333,0 
-170.6474495000000,-14.3240855000000,0 
-170.6474695000000,-14.3240910000000,0 
-170.6474878333333,-14.3240870000000,0 
-170.6474541666667,-14.3240976666667,0 
-170.6474648333333,-14.3240951666667,0 
-170.6474790000000,-14.3240923333333,0 
-170.6474570000000,-14.3240971666667,0 
-170.6474865000000,-14.3241086666667,0 
-170.6474545000000,-14.3240878333333,0 
-170.6474720000000,-14.3240906666667,0 
-170.6474721666667,-14.3240900000000,0 
-170.6474780000000,-14.3240938333333,0 
-170.6474580000000,-14.3240861666667,0 
-170.6474840000000,-14.3240888333333,0 
-170.6474685000000,-14.3240845000000,0 
-170.6474563333333,-14.3240928333333,0 
-170.6474663333333,-14.3241015000000,0 
-170.6474681666667,-14.3241066666667,0 
-170.6475033333333,-14.3241200000000,0 
-170.6474763333333,-14.3241395000000,0 
-170.6474966666667,-14.3241466666667,0 
-170.6474880000000,-14.3241428333333,0 
-170.6474883333333,-14.3241615000000,0 
-170.6474991666667,-14.3241400000000,0 
-170.6474821666667,-14.3241361666667,0 
-170.6474785000000,-14.3241425000000,0 
-170.6474873333333,-14.3241328333333,0 
-170.6474535000000,-14.3241366666667,0 
-170.6474638333333,-14.3241318333333,0 
-170.6474536666667,-14.3241338333333,0 
-170.6474533333333,-14.3241113333333,0 
-170.6474345000000,-14.3241000000000,0 
-170.6474341666667,-14.3240925000000,0 
-170.6474261666667,-14.3240928333333,0 
-170.6474338333333,-14.3240923333333,0 
-170.6474566666667,-14.3241036666667,0 
-170.6474561666667,-14.3240988333333,0 
-170.6474490000000,-14.3241035000000,0 
-170.6474330000000,-14.3241060000000,0 
-170.6474476666667,-14.3241085000000,0 
-170.6474641666667,-14.3241010000000,0 
-170.6474261666667,-14.3241110000000,0 
-170.6474520000000,-14.3241130000000,0 
-170.6474305000000,-14.3241140000000,0 
-170.6474338333333,-14.3241095000000,0 
-170.6474426666667,-14.3240931666667,0 
-170.6474321666667,-14.3241116666667,0 
-170.6474445000000,-14.3241021666667,0 
-170.6474376666667,-14.3241045000000,0 
-170.6474588333333,-14.3241070000000,0 
-170.6474366666667,-14.3240981666667,0 
-170.6474523333333,-14.3240960000000,0 
-170.6474530000000,-14.3241013333333,0 
-170.6474423333333,-14.3240961666667,0 
-170.6474351666667,-14.3241026666667,0 
-170.6474413333333,-14.3240991666667,0 
-170.6474390000000,-14.3240988333333,0 
-170.6474511666667,-14.3241051666667,0 
-170.6474371666667,-14.3240901666667,0 
-170.6474246666667,-14.3240941666667,0 
-170.6474491666667,-14.3240825000000,0 
-170.6474438333333,-14.3241040000000,0 
-170.6474545000000,-14.3241066666667,0 
-170.6474460000000,-14.3241125000000,0 
-170.6474471666667,-14.3241088333333,0 
-170.6474388333333,-14.3241048333333,0 
-170.6474335000000,-14.3240948333333,0 
-170.6474435000000,-14.3240983333333,0 
-170.6474360000000,-14.3240980000000,0 
-170.6474313333333,-14.3241031666667,0 
-170.6474235000000,-14.3240998333333,0 
-170.6474536666667,-14.3240950000000,0 
-170.6474305000000,-14.3241040000000,0 
-170.6474448333333,-14.3240978333333,0 
-170.6474406666667,-14.3240956666667,0 
-170.6474453333333,-14.3240961666667,0 
-170.6474495000000,-14.3240985000000,0 
-170.6474580000000,-14.3241055000000,0 
-170.6474573333333,-14.3241006666667,0 
-170.6474568333333,-14.3240871666667,0 
-170.6474453333333,-14.3240951666667,0 
-170.6474678333333,-14.3240920000000,0 
-170.6474423333333,-14.3240940000000,0 
-170.6474723333333,-14.3240806666667,0 
-170.6474548333333,-14.3240858333333,0 
-170.6474591666667,-14.3240876666667,0 
-170.6474583333333,-14.3240796666667,0 
-170.6474538333333,-14.3240843333333,0 
-170.6474440000000,-14.3240830000000,0 
-170.6474481666667,-14.3240881666667,0 
-170.6474523333333,-14.3240778333333,0 
-170.6474461666667,-14.3240835000000,0 
-170.6474348333333,-14.3240781666667,0 
-170.6474466666667,-14.3240771666667,0 
-170.6474311666667,-14.3240621666667,0 
-170.6474465000000,-14.3240528333333,0 
-170.6474256666667,-14.3240478333333,0 
-170.6474346666667,-14.3240443333333,0 
-170.6474426666667,-14.3240426666667,0 
-170.6474290000000,-14.3240610000000,0 
-170.6474520000000,-14.3240723333333,0 
-170.6474223333333,-14.3240680000000,0 
-170.6474340000000,-14.3240681666667,0 
-170.6474320000000,-14.3240586666667,0 
-170.6474376666667,-14.3240621666667,0 
-170.6474380000000,-14.3240411666667,0 
-170.6474318333333,-14.3240425000000,0 
-170.6474338333333,-14.3240283333333,0 
-170.6474170000000,-14.3240216666667,0 
-170.6474275000000,-14.3240218333333,0 
-170.6474165000000,-14.3240190000000,0 
-170.6474058333333,-14.3240225000000,0 
-170.6474193333333,-14.3240170000000,0 
-170.6474036666667,-14.3240103333333,0 
-170.6474273333333,-14.3240095000000,0 
-170.6474106666667,-14.3240148333333,0 
-170.6474448333333,-14.3240078333333,0 
-170.6474213333333,-14.3240435000000,0 
-170.6474121666667,-14.3240411666667,0 
-170.6474296666667,-14.3240361666667,0 
-170.6474188333333,-14.3240316666667,0 
-170.6474356666667,-14.3240186666667,0 
-170.6474230000000,-14.3240428333333,0 
-170.6474088333333,-14.3240391666667,0 
-170.6474308333333,-14.3240388333333,0 
-170.6474203333333,-14.3240493333333,0 
-170.6474080000000,-14.3240618333333,0 
-170.6474098333333,-14.3240645000000,0 
-170.6474131666667,-14.3240593333333,0 
-170.6473990000000,-14.3240683333333,0 
-170.6474156666667,-14.3240655000000,0 
-170.6473975000000,-14.3240780000000,0 
-170.6474231666667,-14.3240715000000,0 
-170.6473995000000,-14.3240790000000,0 
-170.6474016666667,-14.3240851666667,0 
-170.6474251666667,-14.3240795000000,0 
-170.6474215000000,-14.3240856666667,0 
-170.6474190000000,-14.3240816666667,0 
-170.6474368333333,-14.3240743333333,0 
-170.6474258333333,-14.3240830000000,0 
-170.6474271666667,-14.3240973333333,0 
-170.6474135000000,-14.3241013333333,0 
-170.6474018333333,-14.3241045000000,0 
-170.6473938333333,-14.3241188333333,0 
-170.6473535000000,-14.3241363333333,0 
-170.6473183333333,-14.3240988333333,0 
-170.6473078333333,-14.3240976666667,0 
-170.6472998333333,-14.3241156666667,0 
-170.6473240000000,-14.3241110000000,0 
-170.6473086666667,-14.3241108333333,0 
-170.6473181666667,-14.3241350000000,0 
-170.6473323333333,-14.3241218333333,0 
-170.6473401666667,-14.3241496666667,0 
-170.6473445000000,-14.3241595000000,0 
-170.6473250000000,-14.3241475000000,0 
-170.6473476666667,-14.3241530000000,0 
-170.6473390000000,-14.3241641666667,0 
-170.6473473333333,-14.3241745000000,0 
-170.6473858333333,-14.3241016666667,0 
-170.6473623333333,-14.3241576666667,0 
-170.6473351666667,-14.3241301666667,0 
-170.6473385000000,-14.3241656666667,0 
-170.6472955000000,-14.3241973333333,0 
-170.6473218333333,-14.3241883333333,0 
-170.6473163333333,-14.3241848333333,0 
-170.6473146666667,-14.3241800000000,0 
-170.6473188333333,-14.3241868333333,0 
-170.6473151666667,-14.3242118333333,0 
-170.6473291666667,-14.3242080000000,0 
-170.6473436666667,-14.3242028333333,0 
-170.6473688333333,-14.3242221666667,0 
-170.6473990000000,-14.3241746666667,0 
-170.6474065000000,-14.3241506666667,0 
-170.6474146666667,-14.3241430000000,0 
-170.6474243333333,-14.3241260000000,0 
-170.6474163333333,-14.3241150000000,0 
-170.6474121666667,-14.3241188333333,0 
-170.6474275000000,-14.3240985000000,0 
-170.6474160000000,-14.3241016666667,0 
-170.6474178333333,-14.3240965000000,0 
-170.6474223333333,-14.3240956666667,0 
-170.6474201666667,-14.3240945000000,0 
-170.6474225000000,-14.3240950000000,0 
-170.6474246666667,-14.3240951666667,0 
-170.6474185000000,-14.3241036666667,0 
-170.6474133333333,-14.3241063333333,0 
-170.6474335000000,-14.3240973333333,0 
-170.6474126666667,-14.3241026666667,0 
-170.6474323333333,-14.3240946666667,0 
-170.6474190000000,-14.3241086666667,0 
-170.6474230000000,-14.3240960000000,0 
-170.6474215000000,-14.3240926666667,0 
-170.6474123333333,-14.3241023333333,0 
-170.6474335000000,-14.3240976666667,0 
-170.6474148333333,-14.3241051666667,0 
-170.6474395000000,-14.3240931666667,0 
-170.6474261666667,-14.3240993333333,0 
-170.6474306666667,-14.3240836666667,0 
-170.6474283333333,-14.3240771666667,0 
-170.6474393333333,-14.3240593333333,0 
-170.6474231666667,-14.3240786666667,0 
-170.6474365000000,-14.3240613333333,0 
-170.6474301666667,-14.3240595000000,0 
-170.6474380000000,-14.3240520000000,0 
-170.6474236666667,-14.3240375000000,0 
-170.6474390000000,-14.3240363333333,0 
-170.6474293333333,-14.3240413333333,0 
-170.6474565000000,-14.3240288333333,0 
-170.6474383333333,-14.3240330000000,0 
-170.6474421666667,-14.3240355000000,0 
-170.6474465000000,-14.3240375000000,0 
-170.6474488333333,-14.3240491666667,0 
-170.6474523333333,-14.3240490000000,0 
-170.6474675000000,-14.3240515000000,0 
-170.6474503333333,-14.3240625000000,0 
-170.6474596666667,-14.3240613333333,0 
-170.6474511666667,-14.3240655000000,0 
-170.6474516666667,-14.3240681666667,0 
-170.6474550000000,-14.3240560000000,0 
-170.6474676666667,-14.3240560000000,0 
-170.6474545000000,-14.3240476666667,0 
-170.6474575000000,-14.3240540000000,0 
-170.6474410000000,-14.3240635000000,0 
-170.6474613333333,-14.3240536666667,0 
-170.6474633333333,-14.3240551666667,0 
-170.6474478333333,-14.3240620000000,0 
-170.6474748333333,-14.3240546666667,0 
-170.6474486666667,-14.3240588333333,0 
-170.6474700000000,-14.3240526666667,0 
-170.6474580000000,-14.3240596666667,0 
-170.6474700000000,-14.3240580000000,0 
-170.6474671666667,-14.3240511666667,0 
-170.6474678333333,-14.3240538333333,0 
-170.6474653333333,-14.3240520000000,0 
-170.6474690000000,-14.3240571666667,0 
-170.6474665000000,-14.3240528333333,0 
-170.6474691666667,-14.3240571666667,0 
-170.6474751666667,-14.3240525000000,0 
-170.6474665000000,-14.3240610000000,0 
-170.6474763333333,-14.3240453333333,0 
-170.6474530000000,-14.3240658333333,0 
-170.6474768333333,-14.3240503333333,0 
-170.6474628333333,-14.3240496666667,0 
-170.6474596666667,-14.3240395000000,0 
-170.6474630000000,-14.3240433333333,0 
-170.6474605000000,-14.3240376666667,0 
-170.6474603333333,-14.3240480000000,0 
-170.6474601666667,-14.3240431666667,0 
-170.6474576666667,-14.3240406666667,0 
-170.6474495000000,-14.3240465000000,0 
-170.6474623333333,-14.3240395000000,0 
-170.6474600000000,-14.3240378333333,0 
-170.6474581666667,-14.3240440000000,0 
-170.6474700000000,-14.3240468333333,0 
-170.6474588333333,-14.3240528333333,0 
-170.6474801666667,-14.3240505000000,0 
-170.6474800000000,-14.3240696666667,0 
-170.6475071666667,-14.3240613333333,0 
-170.6475033333333,-14.3240593333333,0 
-170.6475003333333,-14.3240498333333,0 
-170.6475103333333,-14.3240505000000,0 
-170.6474833333333,-14.3240605000000,0 
-170.6475098333333,-14.3240541666667,0 
-170.6475315000000,-14.3240578333333,0 
-170.6475106666667,-14.3240610000000,0 
-170.6475283333333,-14.3240580000000,0 
-170.6475440000000,-14.3240521666667,0 
-170.6475608333333,-14.3240503333333,0 
-170.6475545000000,-14.3240338333333,0 
-170.6475745000000,-14.3240448333333,0 
-170.6475833333333,-14.3240343333333,0 
-170.6475961666667,-14.3240365000000,0 
-170.6475935000000,-14.3240560000000,0 
-170.6476121666667,-14.3240426666667,0 
-170.6476090000000,-14.3240371666667,0 
-170.6476163333333,-14.3240198333333,0 
-170.6476111666667,-14.3240173333333,0 
-170.6476133333333,-14.3240085000000,0 
-170.6475883333333,-14.3240046666667,0 
-170.6475676666667,-14.3239883333333,0 
-170.6475573333333,-14.3239855000000,0 
-170.6475570000000,-14.3239848333333,0 
-170.6475675000000,-14.3239831666667,0 
-170.6475676666667,-14.3239791666667,0 
-170.6475550000000,-14.3239801666667,0 
-170.6475623333333,-14.3239775000000,0 
-170.6475491666667,-14.3239671666667,0 
-170.6475533333333,-14.3239540000000,0 
-170.6475476666667,-14.3239463333333,0 
-170.6475538333333,-14.3239358333333,0 
-170.6475441666667,-14.3239330000000,0 
-170.6475460000000,-14.3239316666667,0 
-170.6475401666667,-14.3239268333333,0 
-170.6475513333333,-14.3239216666667,0 
-170.6475406666667,-14.3239168333333,0 
-170.6475420000000,-14.3239225000000,0 
-170.6475445000000,-14.3239105000000,0 
-170.6475415000000,-14.3239136666667,0 
-170.6475403333333,-14.3239018333333,0 
-170.6475401666667,-14.3238900000000,0 
-170.6475290000000,-14.3238898333333,0 
-170.6475221666667,-14.3238816666667,0 
-170.6475038333333,-14.3238596666667,0 
-170.6474800000000,-14.3238520000000,0 
-170.6474581666667,-14.3238610000000,0 
-170.6474818333333,-14.3238450000000,0 
-170.6474596666667,-14.3238530000000,0 
-170.6474750000000,-14.3238510000000,0 
-170.6474978333333,-14.3238536666667,0 
-170.6475110000000,-14.3238718333333,0 
-170.6475206666667,-14.3238618333333,0 
-170.6475201666667,-14.3238890000000,0 
-170.6475291666667,-14.3238930000000,0 
-170.6475423333333,-14.3239080000000,0 
-170.6475506666667,-14.3239018333333,0 
-170.6475240000000,-14.3239266666667,0 
-170.6475553333333,-14.3239113333333,0 
-170.6475460000000,-14.3239198333333,0 
-170.6475511666667,-14.3239098333333,0 
-170.6475401666667,-14.3239238333333,0 
-170.6475540000000,-14.3239306666667,0 
-170.6475521666667,-14.3239333333333,0 
-170.6475466666667,-14.3239521666667,0 
-170.6475451666667,-14.3239501666667,0 
-170.6475340000000,-14.3239525000000,0 
-170.6475523333333,-14.3239585000000,0 
-170.6475310000000,-14.3239458333333,0 
-170.6475475000000,-14.3239305000000,0 
-170.6475466666667,-14.3239156666667,0 
-170.6475318333333,-14.3239010000000,0 
-170.6475258333333,-14.3238941666667,0 
-170.6475410000000,-14.3238826666667,0 
-170.6475143333333,-14.3238846666667,0 
-170.6475111666667,-14.3238621666667,0 
-170.6474880000000,-14.3238488333333,0 
-170.6474931666667,-14.3238385000000,0 
-170.6474796666667,-14.3238245000000,0 
-170.6474688333333,-14.3238208333333,0 
-170.6474846666667,-14.3238128333333,0 
-170.6474721666667,-14.3238123333333,0 
-170.6474940000000,-14.3238055000000,0 
-170.6474691666667,-14.3238131666667,0 
-170.6474706666667,-14.3237945000000,0 
-170.6474555000000,-14.3237861666667,0 
-170.6474530000000,-14.3237780000000,0 
-170.6474320000000,-14.3237668333333,0 
-170.6474316666667,-14.3237650000000,0 
-170.6474285000000,-14.3237630000000,0 
-170.6474240000000,-14.3237613333333,0 
-170.6474368333333,-14.3237516666667,0 
-170.6474205000000,-14.3237520000000,0 
-170.6474203333333,-14.3237443333333,0 
-170.6474276666667,-14.3237326666667,0 
-170.6474143333333,-14.3237435000000,0 
-170.6474161666667,-14.3237348333333,0 
-170.6474071666667,-14.3237295000000,0 
-170.6474118333333,-14.3237265000000,0 
-170.6473845000000,-14.3237315000000,0 
-170.6473955000000,-14.3237185000000,0 
-170.6473998333333,-14.3237271666667,0 
-170.6473968333333,-14.3237138333333,0 
-170.6474038333333,-14.3237270000000,0 
-170.6474110000000,-14.3237061666667,0 
-170.6474075000000,-14.3237228333333,0 
-170.6474215000000,-14.3237046666667,0 
-170.6474248333333,-14.3237145000000,0 
-170.6474295000000,-14.3237061666667,0 
-170.6474248333333,-14.3237065000000,0 
-170.6474130000000,-14.3237050000000,0 
-170.6474380000000,-14.3236956666667,0 
-170.6474246666667,-14.3237090000000,0 
-170.6474350000000,-14.3236913333333,0 
-170.6474471666667,-14.3236970000000,0 
-170.6474420000000,-14.3236920000000,0 
-170.6474490000000,-14.3236963333333,0 
-170.6474668333333,-14.3237113333333,0 
-170.6474930000000,-14.3237041666667,0 
-170.6474750000000,-14.3237166666667,0 
-170.6474880000000,-14.3237138333333,0 
-170.6474976666667,-14.3237153333333,0 
-170.6474926666667,-14.3237201666667,0 
-170.6474996666667,-14.3237233333333,0 
-170.6474980000000,-14.3237213333333,0 
-170.6475130000000,-14.3237120000000,0 
-170.6474845000000,-14.3237288333333,0 
-170.6475060000000,-14.3237268333333,0 
-170.6474736666667,-14.3237153333333,0 
-170.6474923333333,-14.3237123333333,0 
-170.6474833333333,-14.3237036666667,0 
-170.6475045000000,-14.3237146666667,0 
-170.6474988333333,-14.3237086666667,0 
-170.6475006666667,-14.3237165000000,0 
-170.6475063333333,-14.3237081666667,0 
-170.6475061666667,-14.3237066666667,0 
-170.6475026666667,-14.3237160000000,0 
-170.6475208333333,-14.3237108333333,0 
-170.6474998333333,-14.3237138333333,0 
-170.6475060000000,-14.3237173333333,0 
-170.6475003333333,-14.3237043333333,0 
-170.6474993333333,-14.3236971666667,0 
-170.6475016666667,-14.3236876666667,0 
-170.6474858333333,-14.3236916666667,0 
-170.6474905000000,-14.3236893333333,0 
-170.6474806666667,-14.3236768333333,0 
-170.6474928333333,-14.3236753333333,0 
-170.6474976666667,-14.3236731666667,0 
-170.6474975000000,-14.3236770000000,0 
-170.6475068333333,-14.3236766666667,0 
-170.6474948333333,-14.3236673333333,0 
-170.6474981666667,-14.3236618333333,0 
-170.6475085000000,-14.3236788333333,0 
-170.6475098333333,-14.3236661666667,0 
-170.6475181666667,-14.3236666666667,0 
-170.6475113333333,-14.3236556666667,0 
-170.6475283333333,-14.3236511666667,0 
-170.6475185000000,-14.3236413333333,0 
-170.6475183333333,-14.3236315000000,0 
-170.6475011666667,-14.3236411666667,0 
-170.6475033333333,-14.3236298333333,0 
-170.6475198333333,-14.3236398333333,0 
-170.6475046666667,-14.3236316666667,0 
-170.6475323333333,-14.3236395000000,0 
-170.6475223333333,-14.3236401666667,0 
-170.6475281666667,-14.3236453333333,0 
-170.6475256666667,-14.3236423333333,0 
-170.6475245000000,-14.3236490000000,0 
-170.6475308333333,-14.3236460000000,0 
-170.6475370000000,-14.3236456666667,0 
-170.6475275000000,-14.3236473333333,0 
-170.6475363333333,-14.3236350000000,0 
-170.6475271666667,-14.3236273333333,0 
-170.6475295000000,-14.3236151666667,0 
-170.6475333333333,-14.3236126666667,0 
-170.6475273333333,-14.3236145000000,0 
-170.6475461666667,-14.3235973333333,0 
-170.6475288333333,-14.3236081666667,0 
-170.6475390000000,-14.3235940000000,0 
-170.6475453333333,-14.3235980000000,0 
-170.6475480000000,-14.3235873333333,0 
-170.6475405000000,-14.3235835000000,0 
-170.6475515000000,-14.3235838333333,0 
-170.6475490000000,-14.3235943333333,0 
-170.6475591666667,-14.3236063333333,0 
-170.6475546666667,-14.3235956666667,0 
-170.6475545000000,-14.3236033333333,0 
-170.6475681666667,-14.3235906666667,0 
-170.6475503333333,-14.3236033333333,0 
-170.6475656666667,-14.3235838333333,0 
-170.6475525000000,-14.3235876666667,0 
-170.6475598333333,-14.3235836666667,0 
-170.6475605000000,-14.3235726666667,0 
-170.6475570000000,-14.3235740000000,0 
-170.6475611666667,-14.3235796666667,0 
-170.6475760000000,-14.3235743333333,0 
-170.6475605000000,-14.3235788333333,0 
-170.6475708333333,-14.3235663333333,0 
-170.6475578333333,-14.3235711666667,0 
-170.6475591666667,-14.3235575000000,0 
-170.6475623333333,-14.3235571666667,0 
-170.6475890000000,-14.3235695000000,0 
-170.6475938333333,-14.3235793333333,0 
-170.6475988333333,-14.3235873333333,0 
-170.6476038333333,-14.3235748333333,0 
-170.6475820000000,-14.3235581666667,0 
-170.6475738333333,-14.3235455000000,0 
-170.6475628333333,-14.3235293333333,0 
-170.6475548333333,-14.3235330000000,0 
-170.6475686666667,-14.3235135000000,0 
-170.6475521666667,-14.3235131666667,0 
-170.6475713333333,-14.3235073333333,0 
-170.6475943333333,-14.3234970000000,0 
-170.6475791666667,-14.3235081666667,0 
-170.6475965000000,-14.3234948333333,0 
-170.6476043333333,-14.3234921666667,0 
-170.6475726666667,-14.3234950000000,0 
-170.6475851666667,-14.3234850000000,0 
-170.6475783333333,-14.3234826666667,0 
-170.6475691666667,-14.3234878333333,0 
-170.6475765000000,-14.3234820000000,0 
-170.6475758333333,-14.3234883333333,0 
-170.6475931666667,-14.3234925000000,0 
-170.6475896666667,-14.3234911666667,0 
-170.6475830000000,-14.3234920000000,0 
-170.6475881666667,-14.3234928333333,0 
-170.6475805000000,-14.3234848333333,0 
-170.6475941666667,-14.3234880000000,0 
-170.6475776666667,-14.3234948333333,0 
-170.6476000000000,-14.3234885000000,0 
-170.6475838333333,-14.3234906666667,0 
-170.6475783333333,-14.3234923333333,0 
-170.6475826666667,-14.3234676666667,0 
-170.6475723333333,-14.3234785000000,0 
-170.6475643333333,-14.3234663333333,0 
-170.6475646666667,-14.3234765000000,0 
-170.6475606666667,-14.3234666666667,0 
-170.6475610000000,-14.3234640000000,0 
-170.6475438333333,-14.3234590000000,0 
-170.6475401666667,-14.3234606666667,0 
-170.6475488333333,-14.3234595000000,0 
-170.6475353333333,-14.3234518333333,0 
-170.6475380000000,-14.3234496666667,0 
-170.6475391666667,-14.3234608333333,0 
-170.6475455000000,-14.3234465000000,0 
-170.6475583333333,-14.3234546666667,0 
-170.6475371666667,-14.3234645000000,0 
-170.6475606666667,-14.3234715000000,0 
-170.6475550000000,-14.3234776666667,0 
-170.6475458333333,-14.3234715000000,0 
-170.6475530000000,-14.3234801666667,0 
-170.6475516666667,-14.3234793333333,0 
-170.6475538333333,-14.3234765000000,0 
-170.6475435000000,-14.3234768333333,0 
-170.6475525000000,-14.3234640000000,0 
-170.6475623333333,-14.3234666666667,0 
-170.6475530000000,-14.3234610000000,0 
-170.6475473333333,-14.3234658333333,0 
-170.6475588333333,-14.3234581666667,0 
-170.6475510000000,-14.3234645000000,0 
-170.6475541666667,-14.3234556666667,0 
-170.6475575000000,-14.3234395000000,0 
-170.6475413333333,-14.3234488333333,0 
-170.6475491666667,-14.3234285000000,0 
-170.6475346666667,-14.3234220000000,0 
-170.6475401666667,-14.3234200000000,0 
-170.6475366666667,-14.3234080000000,0 
-170.6475518333333,-14.3234381666667,0 
-170.6475728333333,-14.3234581666667,0 
-170.6475558333333,-14.3235071666667,0 
-170.6475630000000,-14.3235156666667,0 
-170.6475361666667,-14.3235196666667,0 
-170.6475463333333,-14.3235308333333,0 
-170.6475076666667,-14.3235336666667,0 
-170.6475010000000,-14.3235506666667,0 
-170.6474831666667,-14.3235606666667,0 
-170.6474561666667,-14.3235561666667,0 
-170.6474365000000,-14.3235528333333,0 
-170.6474558333333,-14.3235435000000,0 
-170.6474695000000,-14.3235423333333,0 
-170.6474770000000,-14.3235523333333,0 
-170.6474920000000,-14.3235440000000,0 
-170.6474908333333,-14.3235455000000,0 
-170.6475073333333,-14.3235458333333,0 
-170.6474948333333,-14.3235343333333,0 
-170.6475001666667,-14.3235381666667,0 
-170.6475153333333,-14.3235276666667,0 
-170.6475326666667,-14.3235290000000,0 
-170.6475271666667,-14.3235190000000,0 
-170.6475526666667,-14.3235003333333,0 
-170.6475516666667,-14.3234893333333,0 
-170.6475480000000,-14.3234766666667,0 
-170.6475478333333,-14.3234708333333,0 
-170.6475438333333,-14.3234668333333,0 
-170.6475511666667,-14.3234736666667,0 
-170.6475455000000,-14.3234818333333,0 
-170.6475543333333,-14.3234865000000,0 
-170.6475698333333,-14.3234805000000,0 
-170.6475711666667,-14.3234778333333,0 
-170.6475706666667,-14.3234691666667,0 
-170.6475760000000,-14.3234633333333,0 
-170.6475796666667,-14.3234600000000,0 
-170.6475783333333,-14.3234568333333,0 
-170.6475806666667,-14.3234468333333,0 
-170.6475838333333,-14.3234490000000,0 
-170.6475926666667,-14.3234343333333,0 
-170.6475905000000,-14.3234390000000,0 
-170.6475980000000,-14.3234306666667,0 
-170.6475875000000,-14.3234208333333,0 
-170.6475886666667,-14.3234173333333,0 
-170.6475903333333,-14.3234138333333,0 
-170.6476058333333,-14.3234058333333,0 
-170.6475893333333,-14.3234066666667,0 
-170.6475970000000,-14.3233965000000,0 
-170.6475873333333,-14.3233905000000,0 
-170.6476055000000,-14.3233863333333,0 
-170.6475815000000,-14.3233788333333,0 
-170.6476095000000,-14.3233675000000,0 
-170.6475955000000,-14.3233696666667,0 
-170.6475896666667,-14.3233663333333,0 
-170.6476161666667,-14.3233531666667,0 
-170.6475995000000,-14.3233596666667,0 
-170.6476155000000,-14.3233561666667,0 
-170.6476026666667,-14.3233581666667,0 
-170.6475985000000,-14.3233368333333,0 
-170.6476090000000,-14.3233285000000,0 
-170.6475833333333,-14.3233291666667,0 
-170.6475880000000,-14.3233201666667,0 
-170.6475396666667,-14.3233223333333,0 
-170.6475503333333,-14.3233126666667,0 
-170.6475318333333,-14.3233360000000,0 
-170.6475350000000,-14.3233278333333,0 
-170.6475395000000,-14.3233185000000,0 
-170.6475125000000,-14.3233235000000,0 
-170.6475325000000,-14.3233136666667,0 
-170.6475190000000,-14.3233255000000,0 
-170.6475241666667,-14.3233170000000,0 
-170.6475408333333,-14.3233190000000,0 
-170.6475553333333,-14.3233051666667,0 
-170.6475811666667,-14.3233205000000,0 
-170.6476146666667,-14.3233436666667,0 
-170.6476225000000,-14.3233538333333,0 
-170.6476210000000,-14.3233561666667,0 
-170.6476171666667,-14.3233656666667,0 
-170.6476168333333,-14.3233486666667,0 
-170.6476201666667,-14.3233416666667,0 
-170.6475955000000,-14.3233288333333,0 
-170.6476115000000,-14.3233211666667,0 
-170.6476201666667,-14.3233025000000,0 
-170.6476130000000,-14.3233105000000,0 
-170.6476105000000,-14.3232985000000,0 
-170.6476061666667,-14.3232916666667,0 
-170.6476046666667,-14.3232898333333,0 
-170.6476105000000,-14.3232943333333,0 
-170.6476205000000,-14.3233043333333,0 
-170.6476196666667,-14.3232903333333,0 
-170.6476230000000,-14.3232865000000,0 
-170.6476185000000,-14.3232926666667,0 
-170.6476323333333,-14.3232920000000,0 
-170.6476351666667,-14.3232938333333,0 
-170.6476328333333,-14.3232913333333,0 
-170.6476253333333,-14.3232821666667,0 
-170.6476266666667,-14.3232788333333,0 
-170.6476065000000,-14.3232843333333,0 
-170.6476196666667,-14.3232818333333,0 
-170.6476161666667,-14.3232691666667,0 
-170.6476068333333,-14.3232745000000,0 
-170.6476115000000,-14.3232686666667,0 
-170.6475705000000,-14.3232726666667,0 
-170.6475825000000,-14.3232693333333,0 
-170.6475775000000,-14.3232608333333,0 
-170.6475931666667,-14.3232513333333,0 
-170.6475978333333,-14.3232603333333,0 
-170.6475985000000,-14.3232645000000,0 
-170.6476010000000,-14.3232661666667,0 
-170.6475936666667,-14.3232710000000,0 
-170.6476346666667,-14.3232625000000,0 
-170.6476206666667,-14.3232848333333,0 
-170.6476485000000,-14.3232790000000,0 
-170.6476148333333,-14.3232856666667,0 
-170.6476226666667,-14.3232795000000,0 
-170.6476166666667,-14.3232783333333,0 
-170.6476176666667,-14.3232790000000,0 
-170.6476106666667,-14.3232751666667,0 
-170.6476193333333,-14.3232776666667,0 
-170.6476263333333,-14.3232810000000,0 
-170.6476210000000,-14.3232828333333,0 
-170.6476318333333,-14.3232795000000,0 
-170.6476383333333,-14.3232771666667,0 
-170.6476670000000,-14.3232936666667,0 
-170.6476325000000,-14.3232890000000,0 
-170.6476548333333,-14.3232838333333,0 
-170.6476566666667,-14.3232868333333,0 
-170.6476553333333,-14.3232768333333,0 
-170.6476555000000,-14.3232760000000,0 
-170.6476366666667,-14.3232650000000,0 
-170.6476631666667,-14.3232581666667,0 
-170.6476285000000,-14.3232625000000,0 
-170.6476658333333,-14.3232546666667,0 
-170.6476698333333,-14.3232681666667,0 
-170.6476918333333,-14.3232716666667,0 
-170.6476968333333,-14.3232736666667,0 
-170.6476831666667,-14.3232580000000,0 
-170.6476766666667,-14.3232533333333,0 
-170.6476680000000,-14.3232535000000,0 
-170.6476670000000,-14.3232515000000,0 
-170.6476790000000,-14.3232488333333,0 
-170.6476776666667,-14.3232536666667,0 
-170.6476826666667,-14.3232473333333,0 
-170.6476806666667,-14.3232490000000,0 
-170.6476905000000,-14.3232520000000,0 
-170.6476773333333,-14.3232516666667,0 
-170.6476860000000,-14.3232406666667,0 
-170.6476683333333,-14.3232471666667,0 
-170.6476641666667,-14.3232363333333,0 
-170.6476713333333,-14.3232381666667,0 
-170.6476578333333,-14.3232330000000,0 
-170.6476528333333,-14.3232216666667,0 
-170.6476453333333,-14.3232301666667,0 
-170.6476543333333,-14.3232216666667,0 
-170.6476481666667,-14.3232131666667,0 
-170.6476451666667,-14.3232210000000,0 
-170.6476550000000,-14.3232186666667,0 
-170.6476605000000,-14.3232128333333,0 
-170.6476473333333,-14.3232300000000,0 
-170.6476610000000,-14.3232138333333,0 
-170.6476548333333,-14.3232183333333,0 
-170.6476395000000,-14.3232166666667,0 
-170.6476295000000,-14.3232113333333,0 
-170.6476441666667,-14.3232121666667,0 
-170.6476261666667,-14.3232086666667,0 
-170.6476300000000,-14.3232123333333,0 
-170.6476253333333,-14.3232071666667,0 
-170.6476258333333,-14.3232076666667,0 
-170.6476281666667,-14.3232151666667,0 
-170.6476335000000,-14.3232061666667,0 
-170.6476231666667,-14.3232150000000,0 
-170.6476403333333,-14.3232081666667,0 
-170.6476230000000,-14.3232085000000,0 
-170.6476181666667,-14.3232010000000,0 
-170.6476255000000,-14.3231901666667,0 
-170.6476170000000,-14.3232000000000,0 
-170.6476303333333,-14.3231871666667,0 
-170.6476088333333,-14.3231845000000,0 
-170.6476075000000,-14.3231833333333,0 
-170.6476080000000,-14.3231863333333,0 
-170.6476255000000,-14.3231766666667,0 
-170.6476250000000,-14.3231965000000,0 
-170.6476563333333,-14.3231955000000,0 
-170.6476358333333,-14.3232028333333,0 
-170.6476566666667,-14.3232000000000,0 
-170.6476471666667,-14.3232101666667,0 
-170.6476728333333,-14.3232030000000,0 
-170.6476580000000,-14.3232078333333,0 
-170.6476721666667,-14.3232081666667,0 
-170.6476626666667,-14.3232160000000,0 
-170.6476701666667,-14.3232056666667,0 
-170.6476720000000,-14.3232085000000,0 
-170.6476755000000,-14.3232111666667,0 
-170.6476711666667,-14.3232111666667,0 
-170.6476728333333,-14.3232108333333,0 
-170.6476771666667,-14.3232045000000,0 
-170.6476628333333,-14.3232055000000,0 
-170.6476821666667,-14.3231963333333,0 
-170.6476655000000,-14.3232103333333,0 
-170.6476651666667,-14.3232018333333,0 
-170.6476661666667,-14.3232080000000,0 
-170.6476778333333,-14.3232040000000,0 
-170.6476628333333,-14.3232066666667,0 
-170.6476793333333,-14.3231991666667,0 
-170.6476683333333,-14.3232110000000,0 
-170.6476641666667,-14.3232161666667,0 
-170.6476688333333,-14.3232036666667,0 
-170.6476561666667,-14.3232078333333,0 
-170.6476603333333,-14.3232093333333,0 
-170.6476653333333,-14.3232071666667,0 
-170.6476576666667,-14.3232135000000,0 
-170.6476678333333,-14.3232153333333,0 
-170.6476546666667,-14.3232150000000,0 
-170.6476705000000,-14.3232115000000,0 
-170.6476573333333,-14.3232233333333,0 
-170.6476816666667,-14.3232163333333,0 
-170.6476520000000,-14.3232206666667,0 
-170.6476756666667,-14.3232168333333,0 
-170.6476616666667,-14.3232206666667,0 
-170.6476780000000,-14.3232100000000,0 
-170.6476616666667,-14.3232263333333,0 
-170.6476661666667,-14.3232206666667,0 
-170.6476891666667,-14.3232196666667,0 
-170.6476693333333,-14.3232455000000,0 
-170.6476936666667,-14.3232538333333,0 
-170.6476731666667,-14.3232748333333,0 
-170.6476903333333,-14.3232676666667,0 
-170.6476703333333,-14.3232500000000,0 
-170.6476933333333,-14.3232330000000,0 
-170.6476595000000,-14.3232180000000,0 
-170.6476511666667,-14.3232011666667,0 
-170.6476285000000,-14.3231911666667,0 
-170.6476315000000,-14.3232003333333,0 
-170.6476515000000,-14.3232155000000,0 
-170.6476576666667,-14.3232148333333,0 
-170.6476570000000,-14.3232231666667,0 
-170.6476641666667,-14.3232181666667,0 
-170.6476800000000,-14.3232053333333,0 
-170.6476601666667,-14.3232163333333,0 
-170.6476715000000,-14.3232126666667,0 
-170.6476688333333,-14.3232118333333,0 
-170.6476726666667,-14.3232143333333,0 
-170.6476690000000,-14.3232073333333,0 
-170.6476638333333,-14.3232166666667,0 
-170.6476685000000,-14.3232085000000,0 
-170.6476605000000,-14.3232065000000,0 
-170.6476736666667,-14.3232110000000,0 
-170.6476660000000,-14.3232096666667,0 
-170.6476608333333,-14.3232030000000,0 
-170.6476663333333,-14.3232048333333,0 
-170.6476721666667,-14.3232083333333,0 
-170.6476765000000,-14.3232051666667,0 
-170.6476666666667,-14.3232053333333,0 
-170.6476858333333,-14.3232020000000,0 
-170.6476678333333,-14.3232048333333,0 
-170.6476816666667,-14.3232128333333,0 
-170.6476818333333,-14.3231961666667,0 
-170.6476760000000,-14.3232126666667,0 
-170.6476950000000,-14.3232013333333,0 
-170.6476820000000,-14.3232090000000,0 
-170.6476888333333,-14.3232025000000,0 
-170.6476881666667,-14.3232010000000,0 
-170.6476800000000,-14.3232041666667,0 
-170.6476776666667,-14.3232055000000,0 
-170.6476868333333,-14.3231945000000,0 
-170.6476768333333,-14.3232011666667,0 
-170.6476926666667,-14.3231993333333,0 
-170.6476856666667,-14.3232106666667,0 
-170.6476923333333,-14.3232085000000,0 
-170.6476871666667,-14.3232055000000,0 
-170.6476926666667,-14.3232073333333,0 
-170.6476766666667,-14.3232073333333,0 
-170.6476865000000,-14.3232076666667,0 
-170.6476730000000,-14.3232025000000,0 
-170.6476725000000,-14.3232065000000,0 
-170.6476745000000,-14.3231998333333,0 
-170.6476746666667,-14.3232006666667,0 
-170.6476741666667,-14.3231960000000,0 
-170.6476658333333,-14.3231906666667,0 
-170.6476703333333,-14.3231991666667,0 
-170.6476646666667,-14.3231933333333,0 
-170.6476655000000,-14.3231993333333,0 
-170.6476700000000,-14.3232096666667,0 
-170.6476825000000,-14.3232006666667,0 
-170.6476813333333,-14.3232235000000,0 
-170.6477155000000,-14.3232280000000,0 
-170.6476991666667,-14.3232525000000,0 
-170.6477076666667,-14.3232581666667,0 
-170.6477035000000,-14.3232593333333,0 
-170.6477088333333,-14.3232585000000,0 
-170.6477091666667,-14.3232520000000,0 
-170.6477198333333,-14.3232360000000,0 
-170.6477075000000,-14.3232410000000,0 
-170.6477165000000,-14.3232276666667,0 
-170.6477215000000,-14.3232261666667,0 
-170.6477081666667,-14.3232195000000,0 
-170.6477163333333,-14.3232175000000,0 
-170.6477176666667,-14.3232208333333,0 
-170.6477206666667,-14.3232215000000,0 
-170.6477346666667,-14.3232200000000,0 
-170.6477325000000,-14.3232241666667,0 
-170.6477196666667,-14.3232266666667,0 
-170.6477040000000,-14.3232098333333,0 
-170.6476758333333,-14.3232191666667,0 
-170.6476823333333,-14.3232251666667,0 
-170.6476788333333,-14.3232156666667,0 
-170.6476913333333,-14.3232060000000,0 
-170.6476786666667,-14.3232130000000,0 
-170.6476883333333,-14.3232160000000,0 
-170.6476931666667,-14.3232163333333,0 
-170.6476973333333,-14.3232175000000,0 
-170.6476881666667,-14.3232156666667,0 
-170.6476870000000,-14.3232238333333,0 
-170.6476846666667,-14.3232203333333,0 
-170.6476733333333,-14.3232176666667,0 
-170.6476856666667,-14.3232118333333,0 
-170.6476756666667,-14.3232116666667,0 
-170.6476643333333,-14.3232091666667,0 
-170.6476898333333,-14.3231955000000,0 
-170.6476611666667,-14.3232050000000,0 
-170.6476886666667,-14.3231913333333,0 
-170.6476551666667,-14.3232008333333,0 
-170.6476756666667,-14.3231801666667,0 
-170.6476630000000,-14.3231998333333,0 
-170.6476778333333,-14.3231930000000,0 
-170.6476613333333,-14.3232021666667,0 
-170.6476713333333,-14.3232016666667,0 
-170.6476665000000,-14.3232010000000,0 
-170.6476716666667,-14.3231993333333,0 
-170.6476611666667,-14.3232073333333,0 
-170.6476706666667,-14.3231995000000,0 
-170.6476575000000,-14.3232021666667,0 
-170.6476626666667,-14.3231883333333,0 
-170.6476461666667,-14.3231963333333,0 
-170.6476666666667,-14.3231901666667,0 
-170.6476626666667,-14.3232001666667,0 
-170.6476598333333,-14.3232005000000,0 
-170.6476638333333,-14.3232090000000,0 
-170.6476716666667,-14.3232045000000,0 
-170.6476661666667,-14.3232073333333,0 
-170.6476761666667,-14.3231926666667,0 
-170.6476601666667,-14.3231923333333,0 
-170.6476581666667,-14.3231941666667,0 
-170.6476641666667,-14.3231858333333,0 
-170.6476506666667,-14.3231926666667,0 
-170.6476735000000,-14.3231831666667,0 
-170.6476473333333,-14.3231883333333,0 
-170.6476600000000,-14.3231801666667,0 
-170.6476596666667,-14.3231823333333,0 
-170.6476533333333,-14.3231806666667,0 
-170.6476580000000,-14.3231786666667,0 
-170.6476583333333,-14.3231803333333,0 
-170.6476481666667,-14.3231766666667,0 
-170.6476486666667,-14.3231768333333,0 
-170.6476521666667,-14.3231696666667,0 
-170.6476463333333,-14.3231738333333,0 
-170.6476481666667,-14.3231626666667,0 
-170.6476415000000,-14.3231801666667,0 
-170.6476501666667,-14.3231696666667,0 
-170.6476500000000,-14.3231760000000,0 
-170.6476518333333,-14.3231821666667,0 
-170.6476528333333,-14.3231800000000,0 
-170.6476580000000,-14.3231771666667,0 
-170.6476476666667,-14.3231845000000,0 
-170.6476553333333,-14.3231828333333,0 
-170.6476610000000,-14.3231750000000,0 
-170.6476425000000,-14.3231878333333,0 
-170.6476778333333,-14.3231786666667,0 
-170.6476485000000,-14.3231926666667,0 
-170.6476603333333,-14.3231821666667,0 
-170.6476526666667,-14.3231876666667,0 
-170.6476658333333,-14.3231833333333,0 
-170.6476508333333,-14.3231883333333,0 
-170.6476558333333,-14.3231788333333,0 
-170.6476405000000,-14.3231870000000,0 
-170.6476648333333,-14.3231835000000,0 
-170.6476511666667,-14.3231835000000,0 
-170.6476626666667,-14.3231855000000,0 
-170.6476505000000,-14.3231918333333,0 
-170.6476600000000,-14.3231951666667,0 
-170.6476548333333,-14.3231885000000,0 
-170.6476535000000,-14.3231965000000,0 
-170.6476475000000,-14.3231870000000,0 
-170.6476493333333,-14.3231941666667,0 
-170.6476376666667,-14.3231938333333,0 
-170.6476295000000,-14.3231838333333,0 
-170.6476291666667,-14.3231938333333,0 
-170.6476456666667,-14.3231878333333,0 
-170.6476553333333,-14.3231916666667,0 
-170.6476640000000,-14.3231985000000,0 
-170.6476743333333,-14.3231906666667,0 
-170.6476575000000,-14.3232053333333,0 
-170.6476756666667,-14.3232066666667,0 
-170.6476853333333,-14.3232095000000,0 
-170.6476771666667,-14.3232058333333,0 
-170.6476785000000,-14.3232031666667,0 
-170.6476840000000,-14.3232030000000,0 
-170.6476700000000,-14.3232071666667,0 
-170.6476770000000,-14.3231923333333,0 
-170.6476715000000,-14.3232046666667,0 
-170.6476816666667,-14.3231970000000,0 
-170.6476655000000,-14.3231975000000,0 
-170.6476696666667,-14.3231941666667,0 
-170.6476833333333,-14.3232026666667,0 
-170.6476791666667,-14.3232028333333,0 
-170.6476660000000,-14.3231981666667,0 
-170.6476825000000,-14.3231891666667,0 
-170.6476683333333,-14.3231933333333,0 
-170.6476613333333,-14.3231958333333,0 
-170.6476796666667,-14.3231898333333,0 
-170.6476616666667,-14.3231948333333,0 
-170.6476848333333,-14.3231896666667,0 
-170.6476728333333,-14.3231986666667,0 
-170.6476740000000,-14.3232020000000,0 
-170.6476780000000,-14.3231930000000,0 
-170.6476751666667,-14.3231948333333,0 
-170.6476640000000,-14.3231870000000,0 
-170.6476670000000,-14.3231795000000,0 
-170.6476740000000,-14.3231911666667,0 
-170.6476628333333,-14.3231983333333,0 
-170.6476785000000,-14.3231858333333,0 
-170.6476793333333,-14.3231921666667,0 
-170.6476761666667,-14.3231943333333,0 
-170.6476781666667,-14.3231911666667,0 
-170.6476831666667,-14.3231941666667,0 
-170.6476773333333,-14.3231916666667,0 
-170.6476793333333,-14.3231801666667,0 
-170.6476743333333,-14.3231883333333,0 
-170.6476608333333,-14.3231873333333,0 
-170.6476718333333,-14.3231785000000,0 
-170.6476735000000,-14.3231796666667,0 
-170.6476601666667,-14.3231816666667,0 
-170.6476738333333,-14.3231776666667,0 
-170.6476700000000,-14.3231756666667,0 
-170.6476583333333,-14.3231770000000,0 
-170.6476721666667,-14.3231780000000,0 
-170.6476650000000,-14.3231805000000,0 
-170.6476716666667,-14.3231753333333,0 
-170.6476851666667,-14.3231836666667,0 
-170.6476675000000,-14.3231835000000,0 
-170.6476770000000,-14.3231798333333,0 
-170.6476653333333,-14.3231875000000,0 
-170.6476700000000,-14.3231746666667,0 
-170.6476715000000,-14.3231888333333,0 
-170.6476713333333,-14.3231853333333,0 
-170.6476771666667,-14.3231786666667,0 
-170.6476623333333,-14.3231880000000,0 
-170.6476806666667,-14.3231700000000,0 
-170.6476580000000,-14.3231823333333,0 
-170.6476721666667,-14.3231783333333,0 
-170.6476696666667,-14.3231736666667,0 
-170.6476700000000,-14.3231785000000,0 
-170.6476663333333,-14.3231790000000,0 
-170.6476763333333,-14.3231733333333,0 
-170.6476636666667,-14.3231785000000,0 
-170.6476740000000,-14.3231716666667,0 
-170.6476686666667,-14.3231845000000,0 
-170.6476768333333,-14.3231750000000,0 
-170.6476706666667,-14.3231760000000,0 
-170.6476686666667,-14.3231788333333,0 
-170.6476740000000,-14.3231851666667,0 
-170.6476725000000,-14.3231756666667,0 
-170.6476703333333,-14.3231735000000,0 
-170.6476753333333,-14.3231823333333,0 
-170.6476645000000,-14.3231795000000,0 
-170.6476795000000,-14.3231731666667,0 
-170.6476580000000,-14.3231890000000,0 
-170.6476865000000,-14.3231711666667,0 
-170.6476583333333,-14.3231878333333,0 
-170.6476751666667,-14.3231776666667,0 
-170.6476671666667,-14.3231885000000,0 
-170.6476741666667,-14.3231778333333,0 
-170.6476588333333,-14.3231873333333,0 
-170.6476810000000,-14.3231801666667,0 
-170.6476630000000,-14.3231776666667,0 
-170.6476708333333,-14.3231861666667,0 
-170.6476675000000,-14.3231760000000,0 
-170.6476738333333,-14.3231810000000,0 
-170.6476653333333,-14.3231776666667,0 
-170.6476670000000,-14.3231880000000,0 
-170.6476748333333,-14.3231813333333,0 
-170.6476610000000,-14.3231810000000,0 
-170.6476650000000,-14.3231840000000,0 
-170.6476776666667,-14.3231765000000,0 
-170.6476601666667,-14.3231816666667,0 
-170.6476803333333,-14.3231653333333,0 
-170.6476665000000,-14.3231816666667,0 
-170.6476785000000,-14.3231775000000,0 
-170.6476731666667,-14.3231810000000,0 
-170.6476736666667,-14.3231698333333,0 
-170.6476668333333,-14.3231733333333,0 
-170.6476770000000,-14.3231660000000,0 
-170.6476701666667,-14.3231756666667,0 
-170.6476716666667,-14.3231733333333,0 
-170.6476725000000,-14.3231813333333,0 
-170.6476666666667,-14.3231811666667,0 
-170.6476696666667,-14.3231748333333,0 
-170.6476728333333,-14.3231756666667,0 
-170.6476700000000,-14.3231775000000,0 
-170.6476726666667,-14.3231755000000,0 
-170.6476668333333,-14.3231806666667,0 
-170.6476731666667,-14.3231781666667,0 
-170.6476721666667,-14.3231790000000,0 
-170.6476783333333,-14.3231748333333,0 
-170.6476648333333,-14.3231831666667,0 
-170.6476828333333,-14.3231771666667,0 
-170.6476611666667,-14.3231838333333,0 
-170.6476750000000,-14.3231793333333,0 
-170.6476736666667,-14.3231823333333,0 
-170.6476680000000,-14.3231913333333,0 
-170.6476731666667,-14.3231916666667,0 
-170.6476663333333,-14.3231858333333,0 
-170.6476745000000,-14.3231833333333,0 
-170.6476711666667,-14.3231908333333,0 
-170.6476703333333,-14.3231880000000,0 
-170.6476805000000,-14.3231850000000,0 
-170.6476641666667,-14.3231908333333,0 
-170.6476765000000,-14.3231930000000,0 
-170.6476816666667,-14.3231878333333,0 
-170.6476815000000,-14.3231933333333,0 
-170.6476786666667,-14.3231851666667,0 
-170.6476851666667,-14.3231860000000,0 
-170.6476786666667,-14.3231898333333,0 
-170.6476795000000,-14.3231915000000,0 
-170.6476986666667,-14.3231856666667,0 
-170.6476785000000,-14.3231933333333,0 
-170.6476991666667,-14.3231948333333,0 
-170.6476850000000,-14.3231925000000,0 
-170.6476995000000,-14.3231981666667,0 
-170.6476843333333,-14.3231920000000,0 
-170.6476908333333,-14.3231961666667,0 
-170.6476921666667,-14.3231951666667,0 
-170.6476888333333,-14.3231963333333,0 
-170.6477040000000,-14.3231988333333,0 
-170.6476911666667,-14.3232091666667,0 
-170.6476900000000,-14.3231968333333,0 
-170.6476968333333,-14.3232013333333,0 
-170.6476933333333,-14.3232121666667,0 
-170.6476951666667,-14.3232055000000,0 
-170.6476926666667,-14.3232126666667,0 
-170.6476963333333,-14.3232076666667,0 
-170.6476926666667,-14.3232140000000,0 
-170.6476973333333,-14.3232073333333,0 
-170.6476951666667,-14.3232118333333,0 
-170.6476968333333,-14.3232150000000,0 
-170.6477023333333,-14.3232181666667,0 
-170.6477065000000,-14.3232081666667,0 
-170.6476921666667,-14.3232138333333,0 
-170.6476986666667,-14.3232140000000,0 
-170.6476981666667,-14.3232191666667,0 
-170.6476915000000,-14.3232113333333,0 
-170.6476925000000,-14.3232106666667,0 
-170.6476940000000,-14.3232113333333,0 
-170.6477003333333,-14.3232173333333,0 
-170.6476841666667,-14.3232170000000,0 
-170.6476975000000,-14.3232111666667,0 
-170.6476935000000,-14.3232215000000,0 
-170.6477106666667,-14.3232133333333,0 
-170.6477015000000,-14.3232091666667,0 
-170.6476913333333,-14.3232151666667,0 
-170.6477021666667,-14.3232166666667,0 
-170.6477026666667,-14.3232138333333,0 
-170.6477153333333,-14.3232178333333,0 
-170.6477060000000,-14.3232216666667,0 
-170.6477095000000,-14.3232180000000,0 
-170.6477086666667,-14.3232188333333,0 
-170.6477025000000,-14.3232175000000,0 
-170.6477055000000,-14.3232138333333,0 
-170.6477038333333,-14.3232126666667,0 
-170.6477041666667,-14.3232045000000,0 
-170.6477006666667,-14.3232035000000,0 
-170.6477093333333,-14.3232021666667,0 
-170.6477006666667,-14.3232131666667,0 
-170.6477043333333,-14.3232095000000,0 
-170.6477000000000,-14.3232083333333,0 
-170.6477161666667,-14.3232048333333,0 
-170.6477000000000,-14.3232041666667,0 
-170.6477005000000,-14.3232190000000,0 
-170.6476941666667,-14.3232155000000,0 
-170.6477116666667,-14.3232128333333,0 
-170.6477068333333,-14.3232198333333,0 
-170.6477138333333,-14.3232038333333,0 
-170.6477071666667,-14.3232101666667,0 
-170.6477206666667,-14.3232116666667,0 
-170.6477141666667,-14.3232125000000,0 
-170.6477185000000,-14.3232100000000,0 
-170.6477110000000,-14.3232188333333,0 
-170.6477126666667,-14.3232036666667,0 
-170.6477118333333,-14.3232131666667,0 
-170.6477163333333,-14.3232091666667,0 
-170.6477148333333,-14.3232155000000,0 
-170.6477131666667,-14.3232150000000,0 
-170.6477113333333,-14.3232061666667,0 
-170.6477105000000,-14.3232065000000,0 
-170.6477268333333,-14.3232021666667,0 
-170.6476986666667,-14.3232151666667,0 
-170.6477283333333,-14.3231976666667,0 
-170.6477043333333,-14.3232116666667,0 
-170.6477151666667,-14.3232128333333,0 
-170.6477188333333,-14.3232101666667,0 
-170.6477240000000,-14.3232138333333,0 
-170.6477208333333,-14.3232111666667,0 
-170.6477213333333,-14.3232031666667,0 
-170.6477115000000,-14.3232128333333,0 
-170.6477193333333,-14.3232070000000,0 
-170.6477071666667,-14.3232108333333,0 
-170.6477170000000,-14.3232006666667,0 
-170.6477100000000,-14.3232033333333,0 
-170.6477063333333,-14.3232020000000,0 
-170.6477130000000,-14.3231915000000,0 
-170.6477080000000,-14.3231981666667,0 
-170.6477088333333,-14.3232040000000,0 
-170.6477105000000,-14.3232086666667,0 
-170.6477135000000,-14.3232048333333,0 
-170.6477296666667,-14.3232076666667,0 
-170.6477203333333,-14.3232216666667,0 
-170.6477385000000,-14.3232138333333,0 
-170.6477323333333,-14.3232185000000,0 
-170.6477388333333,-14.3232206666667,0 
-170.6477330000000,-14.3232181666667,0 
-170.6477413333333,-14.3232223333333,0 
-170.6477371666667,-14.3232275000000,0 
-170.6477345000000,-14.3232281666667,0 
-170.6477350000000,-14.3232348333333,0 
-170.6477325000000,-14.3232506666667,0 
-170.6477395000000,-14.3232316666667,0 
-170.6477316666667,-14.3232391666667,0 
-170.6477316666667,-14.3232266666667,0 
-170.6477428333333,-14.3232225000000,0 
-170.6477238333333,-14.3232276666667,0 
-170.6477296666667,-14.3232116666667,0 
-170.6477251666667,-14.3232141666667,0 
-170.6477268333333,-14.3232093333333,0 
-170.6477088333333,-14.3232060000000,0 
-170.6477203333333,-14.3232086666667,0 
-170.6477105000000,-14.3232008333333,0 
-170.6477153333333,-14.3231946666667,0 
-170.6477078333333,-14.3232083333333,0 
-170.6477178333333,-14.3231988333333,0 
-170.6477108333333,-14.3232035000000,0 
-170.6477168333333,-14.3232008333333,0 
-170.6477096666667,-14.3232055000000,0 
-170.6477106666667,-14.3232048333333,0 
-170.6477216666667,-14.3232070000000,0 
-170.6477016666667,-14.3232006666667,0 
-170.6477221666667,-14.3231953333333,0 
-170.6477056666667,-14.3232096666667,0 
-170.6477143333333,-14.3232046666667,0 
-170.6477253333333,-14.3232020000000,0 
-170.6477260000000,-14.3232043333333,0 
-170.6477305000000,-14.3232046666667,0 
-170.6477240000000,-14.3232145000000,0 
-170.6477360000000,-14.3232091666667,0 
-170.6477385000000,-14.3232075000000,0 
-170.6477228333333,-14.3232165000000,0 
-170.6477300000000,-14.3232060000000,0 
-170.6477391666667,-14.3232033333333,0 
-170.6477413333333,-14.3232083333333,0 
-170.6477350000000,-14.3232150000000,0 
-170.6477516666667,-14.3231995000000,0 
-170.6477355000000,-14.3232101666667,0 
-170.6477435000000,-14.3232046666667,0 
-170.6477460000000,-14.3232078333333,0 
-170.6477375000000,-14.3232070000000,0 
-170.6477481666667,-14.3232045000000,0 
-170.6477376666667,-14.3232111666667,0 
-170.6477550000000,-14.3232083333333,0 
-170.6477391666667,-14.3232185000000,0 
-170.6477545000000,-14.3232120000000,0 
-170.6477510000000,-14.3232160000000,0 
-170.6477575000000,-14.3232143333333,0 
-170.6477503333333,-14.3232271666667,0 
-170.6477635000000,-14.3232093333333,0 
-170.6477426666667,-14.3232251666667,0 
-170.6477728333333,-14.3232105000000,0 
-170.6477578333333,-14.3232158333333,0 
-170.6477636666667,-14.3232148333333,0 
-170.6477560000000,-14.3232211666667,0 
-170.6477701666667,-14.3232143333333,0 
-170.6477468333333,-14.3232186666667,0 
-170.6477561666667,-14.3232041666667,0 
-170.6477530000000,-14.3232085000000,0 
-170.6477590000000,-14.3232175000000,0 
-170.6477610000000,-14.3232016666667,0 
-170.6477486666667,-14.3232020000000,0 
-170.6477586666667,-14.3232028333333,0 
-170.6477593333333,-14.3232048333333,0 
-170.6477496666667,-14.3232040000000,0 
-170.6477546666667,-14.3232013333333,0 
-170.6477528333333,-14.3232026666667,0 
-170.6477566666667,-14.3232013333333,0 
-170.6477560000000,-14.3231970000000,0 
-170.6477450000000,-14.3232093333333,0 
-170.6477600000000,-14.3232016666667,0 
-170.6477501666667,-14.3232033333333,0 
-170.6477495000000,-14.3232021666667,0 
-170.6477591666667,-14.3231946666667,0 
-170.6477451666667,-14.3232026666667,0 
-170.6477546666667,-14.3232023333333,0 
-170.6477473333333,-14.3232015000000,0 
-170.6477525000000,-14.3231983333333,0 
-170.6477580000000,-14.3231971666667,0 
-170.6477583333333,-14.3232048333333,0 
-170.6477463333333,-14.3231988333333,0 
-170.6477518333333,-14.3231976666667,0 
-170.6477295000000,-14.3232033333333,0 
-170.6477448333333,-14.3231943333333,0 
-170.6477348333333,-14.3231983333333,0 
-170.6477348333333,-14.3231985000000,0 
-170.6477460000000,-14.3231925000000,0 
-170.6477393333333,-14.3232008333333,0 
-170.6477400000000,-14.3231965000000,0 
-170.6477453333333,-14.3231993333333,0 
-170.6477351666667,-14.3231998333333,0 
-170.6477421666667,-14.3232001666667,0 
-170.6477340000000,-14.3231966666667,0 
-170.6477356666667,-14.3231981666667,0 
-170.6477386666667,-14.3232045000000,0 
-170.6477416666667,-14.3232015000000,0 
-170.6477341666667,-14.3232075000000,0 
-170.6477331666667,-14.3231986666667,0 
-170.6477493333333,-14.3232008333333,0 
-170.6477391666667,-14.3232028333333,0 
-170.6477375000000,-14.3232095000000,0 
-170.6477295000000,-14.3232083333333,0 
-170.6477390000000,-14.3232011666667,0 
-170.6477323333333,-14.3232035000000,0 
-170.6477393333333,-14.3232086666667,0 
-170.6477441666667,-14.3232000000000,0 
-170.6477391666667,-14.3232100000000,0 
-170.6477466666667,-14.3232093333333,0 
-170.6477500000000,-14.3232083333333,0 
-170.6477453333333,-14.3232151666667,0 
-170.6477510000000,-14.3232170000000,0 
-170.6477541666667,-14.3232151666667,0 
-170.6477583333333,-14.3232226666667,0 
-170.6477656666667,-14.3232195000000,0 
-170.6477656666667,-14.3232260000000,0 
-170.6477695000000,-14.3232353333333,0 
-170.6477776666667,-14.3232380000000,0 
-170.6477731666667,-14.3232513333333,0 
-170.6477861666667,-14.3232440000000,0 
-170.6477745000000,-14.3232495000000,0 
-170.6477765000000,-14.3232445000000,0 
-170.6477738333333,-14.3232468333333,0 
-170.6477810000000,-14.3232420000000,0 
-170.6477813333333,-14.3232440000000,0 
-170.6477756666667,-14.3232356666667,0 
-170.6477790000000,-14.3232375000000,0 
-170.6477665000000,-14.3232316666667,0 
-170.6477751666667,-14.3232278333333,0 
-170.6477611666667,-14.3232301666667,0 
-170.6477693333333,-14.3232215000000,0 
-170.6477566666667,-14.3232218333333,0 
-170.6477563333333,-14.3232226666667,0 
-170.6477501666667,-14.3232178333333,0 
-170.6477488333333,-14.3232218333333,0 
-170.6477511666667,-14.3232153333333,0 
-170.6477430000000,-14.3232178333333,0 
-170.6477311666667,-14.3232133333333,0 
-170.6477446666667,-14.3232116666667,0 
-170.6477401666667,-14.3232120000000,0 
-170.6477376666667,-14.3232100000000,0 
-170.6477430000000,-14.3232096666667,0 
-170.6477258333333,-14.3232173333333,0 
-170.6477438333333,-14.3232055000000,0 
-170.6477286666667,-14.3232131666667,0 
-170.6477370000000,-14.3232088333333,0 
-170.6477316666667,-14.3232031666667,0 
-170.6477493333333,-14.3232000000000,0 
-170.6477348333333,-14.3232060000000,0 
-170.6477416666667,-14.3232043333333,0 
-170.6477386666667,-14.3232096666667,0 
-170.6477383333333,-14.3232028333333,0 
-170.6477220000000,-14.3232078333333,0 
-170.6477385000000,-14.3232003333333,0 
-170.6477325000000,-14.3231903333333,0 
-170.6477240000000,-14.3231865000000,0 
-170.6477231666667,-14.3231896666667,0 
-170.6477351666667,-14.3231925000000,0 
-170.6477201666667,-14.3231966666667,0 
-170.6477270000000,-14.3231895000000,0 
-170.6477166666667,-14.3231893333333,0 
-170.6477270000000,-14.3231995000000,0 
-170.6477215000000,-14.3231868333333,0 
-170.6477320000000,-14.3231960000000,0 
-170.6477240000000,-14.3231871666667,0 
-170.6477308333333,-14.3231901666667,0 
-170.6477365000000,-14.3231928333333,0 
-170.6477226666667,-14.3231930000000,0 
-170.6477293333333,-14.3231925000000,0 
-170.6477136666667,-14.3231850000000,0 
-170.6477096666667,-14.3231821666667,0 
-170.6477110000000,-14.3231758333333,0 
-170.6476991666667,-14.3231785000000,0 
-170.6476975000000,-14.3231765000000,0 
-170.6477030000000,-14.3231715000000,0 
-170.6477026666667,-14.3231678333333,0 
-170.6476986666667,-14.3231696666667,0 
-170.6476856666667,-14.3231781666667,0 
-170.6476953333333,-14.3231773333333,0 
-170.6476873333333,-14.3231751666667,0 
-170.6476923333333,-14.3231778333333,0 
-170.6477031666667,-14.3231691666667,0 
-170.6476825000000,-14.3231821666667,0 
-170.6476938333333,-14.3231796666667,0 
-170.6476963333333,-14.3231811666667,0 
-170.6476971666667,-14.3231836666667,0 
-170.6477013333333,-14.3231830000000,0 
-170.6477016666667,-14.3231725000000,0 
-170.6477018333333,-14.3231766666667,0 
-170.6477026666667,-14.3231841666667,0 
-170.6477060000000,-14.3231768333333,0 
-170.6476905000000,-14.3231848333333,0 
-170.6476986666667,-14.3231706666667,0 
-170.6476826666667,-14.3231763333333,0 
-170.6476938333333,-14.3231765000000,0 
-170.6476881666667,-14.3231785000000,0 
-170.6476900000000,-14.3231821666667,0 
-170.6476818333333,-14.3231763333333,0 
-170.6476820000000,-14.3231653333333,0 
-170.6476631666667,-14.3231766666667,0 
-170.6476720000000,-14.3231618333333,0 
-170.6476648333333,-14.3231658333333,0 
-170.6476740000000,-14.3231690000000,0 
-170.6476583333333,-14.3231656666667,0 
-170.6476656666667,-14.3231568333333,0 
-170.6476635000000,-14.3231575000000,0 
-170.6476623333333,-14.3231675000000,0 
-170.6476628333333,-14.3231616666667,0 
-170.6476638333333,-14.3231646666667,0 
-170.6476555000000,-14.3231653333333,0 
-170.6476681666667,-14.3231551666667,0 
-170.6476618333333,-14.3231635000000,0 
-170.6476593333333,-14.3231555000000,0 
-170.6476618333333,-14.3231645000000,0 
-170.6476470000000,-14.3231638333333,0 
-170.6476528333333,-14.3231683333333,0 
-170.6476601666667,-14.3231680000000,0 
-170.6476685000000,-14.3231596666667,0 
-170.6476623333333,-14.3231640000000,0 
-170.6476733333333,-14.3231656666667,0 
-170.6476735000000,-14.3231603333333,0 
-170.6476695000000,-14.3231686666667,0 
-170.6476768333333,-14.3231646666667,0 
-170.6476768333333,-14.3231605000000,0 
-170.6476685000000,-14.3231665000000,0 
-170.6476666666667,-14.3231628333333,0 
-170.6476841666667,-14.3231583333333,0 
-170.6476753333333,-14.3231713333333,0 
-170.6476793333333,-14.3231661666667,0 
-170.6476815000000,-14.3231701666667,0 
-170.6476676666667,-14.3231678333333,0 
-170.6476760000000,-14.3231716666667,0 
-170.6476691666667,-14.3231641666667,0 
-170.6476728333333,-14.3231660000000,0 
-170.6476718333333,-14.3231693333333,0 
-170.6476658333333,-14.3231660000000,0 
-170.6476676666667,-14.3231746666667,0 
-170.6476740000000,-14.3231588333333,0 
-170.6476716666667,-14.3231535000000,0 
-170.6476738333333,-14.3231588333333,0 
-170.6476736666667,-14.3231551666667,0 
-170.6476653333333,-14.3231553333333,0 
-170.6476755000000,-14.3231543333333,0 
-170.6476675000000,-14.3231573333333,0 
-170.6476676666667,-14.3231555000000,0 
-170.6476781666667,-14.3231553333333,0 
-170.6476706666667,-14.3231606666667,0 
-170.6476728333333,-14.3231613333333,0 
-170.6476718333333,-14.3231530000000,0 
-170.6476821666667,-14.3231630000000,0 
-170.6476688333333,-14.3231600000000,0 
-170.6476815000000,-14.3231610000000,0 
-170.6476763333333,-14.3231603333333,0 
-170.6476786666667,-14.3231566666667,0 
-170.6476748333333,-14.3231605000000,0 
-170.6476803333333,-14.3231555000000,0 
-170.6476695000000,-14.3231591666667,0 
-170.6476813333333,-14.3231615000000,0 
-170.6476846666667,-14.3231560000000,0 
-170.6476695000000,-14.3231635000000,0 
-170.6476848333333,-14.3231565000000,0 
-170.6476845000000,-14.3231600000000,0 
-170.6476791666667,-14.3231680000000,0 
-170.6476823333333,-14.3231658333333,0 
-170.6476763333333,-14.3231635000000,0 
-170.6476773333333,-14.3231628333333,0 
-170.6476806666667,-14.3231598333333,0 
-170.6476726666667,-14.3231650000000,0 
-170.6476735000000,-14.3231595000000,0 
-170.6476711666667,-14.3231558333333,0 
-170.6476681666667,-14.3231590000000,0 
-170.6476588333333,-14.3231533333333,0 
-170.6476613333333,-14.3231621666667,0 
-170.6476638333333,-14.3231608333333,0 
-170.6476521666667,-14.3231643333333,0 
-170.6476611666667,-14.3231585000000,0 
-170.6476538333333,-14.3231628333333,0 
-170.6476611666667,-14.3231668333333,0 
-170.6476641666667,-14.3231630000000,0 
-170.6476623333333,-14.3231663333333,0 
-170.6476550000000,-14.3231698333333,0 
-170.6476715000000,-14.3231693333333,0 
-170.6476553333333,-14.3231740000000,0 
-170.6476748333333,-14.3231740000000,0 
-170.6476570000000,-14.3231755000000,0 
-170.6476681666667,-14.3231681666667,0 
-170.6476601666667,-14.3231676666667,0 
-170.6476666666667,-14.3231680000000,0 
-170.6476461666667,-14.3231698333333,0 
-170.6476660000000,-14.3231638333333,0 
-170.6476483333333,-14.3231713333333,0 
-170.6476566666667,-14.3231683333333,0 
-170.6476520000000,-14.3231705000000,0 
-170.6476548333333,-14.3231631666667,0 
-170.6476590000000,-14.3231670000000,0 
-170.6476568333333,-14.3231693333333,0 
-170.6476733333333,-14.3231753333333,0 
-170.6476701666667,-14.3231738333333,0 
-170.6476671666667,-14.3231736666667,0 
-170.6476780000000,-14.3231688333333,0 
-170.6476641666667,-14.3231780000000,0 
-170.6476815000000,-14.3231683333333,0 
-170.6476625000000,-14.3231740000000,0 
-170.6476801666667,-14.3231676666667,0 
-170.6476698333333,-14.3231683333333,0 
-170.6476801666667,-14.3231665000000,0 
-170.6476711666667,-14.3231613333333,0 
-170.6476753333333,-14.3231681666667,0 
-170.6476713333333,-14.3231648333333,0 
-170.6476721666667,-14.3231641666667,0 
-170.6476741666667,-14.3231603333333,0 
-170.6476706666667,-14.3231596666667,0 
-170.6476773333333,-14.3231618333333,0 
-170.6476730000000,-14.3231705000000,0 
-170.6476755000000,-14.3231663333333,0 
-170.6476688333333,-14.3231698333333,0 
-170.6476771666667,-14.3231638333333,0 
-170.6476623333333,-14.3231705000000,0 
-170.6476725000000,-14.3231686666667,0 
-170.6476686666667,-14.3231640000000,0 
-170.6476580000000,-14.3231618333333,0 
-170.6476690000000,-14.3231581666667,0 
-170.6476515000000,-14.3231686666667,0 
-170.6476698333333,-14.3231575000000,0 
-170.6476615000000,-14.3231711666667,0 
-170.6476573333333,-14.3231576666667,0 
-170.6476710000000,-14.3231630000000,0 
-170.6476531666667,-14.3231681666667,0 
-170.6476710000000,-14.3231598333333,0 
-170.6476698333333,-14.3231698333333,0 
-170.6476695000000,-14.3231620000000,0 
-170.6476680000000,-14.3231673333333,0 
-170.6476695000000,-14.3231631666667,0 
-170.6476738333333,-14.3231593333333,0 
-170.6476660000000,-14.3231696666667,0 
-170.6476753333333,-14.3231616666667,0 
-170.6476723333333,-14.3231601666667,0 
-170.6476830000000,-14.3231650000000,0 
-170.6476701666667,-14.3231653333333,0 
-170.6476951666667,-14.3231571666667,0 
-170.6476810000000,-14.3231701666667,0 
-170.6477150000000,-14.3231728333333,0 
-170.6477178333333,-14.3231788333333,0 
-170.6477165000000,-14.3231775000000,0 
-170.6477225000000,-14.3231803333333,0 
-170.6477168333333,-14.3231826666667,0 
-170.6477155000000,-14.3231805000000,0 
-170.6477190000000,-14.3231765000000,0 
-170.6477155000000,-14.3231786666667,0 
-170.6477223333333,-14.3231751666667,0 
-170.6477206666667,-14.3231853333333,0 
-170.6477178333333,-14.3231800000000,0 
-170.6477155000000,-14.3231760000000,0 
-170.6477185000000,-14.3231766666667,0 
-170.6477135000000,-14.3231761666667,0 
-170.6477048333333,-14.3231701666667,0 
-170.6477160000000,-14.3231750000000,0 
-170.6477076666667,-14.3231788333333,0 
-170.6477138333333,-14.3231690000000,0 
-170.6477176666667,-14.3231751666667,0 
-170.6477190000000,-14.3231710000000,0 
-170.6477235000000,-14.3231705000000,0 
-170.6477220000000,-14.3231698333333,0 
-170.6477253333333,-14.3231741666667,0 
-170.6477306666667,-14.3231625000000,0 
-170.6477346666667,-14.3231700000000,0 
-170.6477325000000,-14.3231723333333,0 
-170.6477270000000,-14.3231786666667,0 
-170.6477406666667,-14.3231658333333,0 
-170.6477331666667,-14.3231801666667,0 
-170.6477483333333,-14.3231691666667,0 
-170.6477221666667,-14.3231786666667,0 
-170.6477561666667,-14.3231685000000,0 
-170.6477485000000,-14.3231793333333,0 
-170.6477643333333,-14.3231798333333,0 
-170.6477575000000,-14.3231923333333,0 
-170.6477700000000,-14.3231866666667,0 
-170.6477728333333,-14.3231940000000,0 
-170.6477668333333,-14.3231890000000,0 
-170.6477728333333,-14.3231833333333,0 
-170.6477716666667,-14.3231778333333,0 
-170.6477738333333,-14.3231950000000,0 
-170.6477746666667,-14.3231806666667,0 
-170.6477715000000,-14.3231813333333,0 
-170.6477773333333,-14.3231855000000,0 
-170.6477815000000,-14.3231830000000,0 
-170.6477685000000,-14.3231911666667,0 
-170.6477853333333,-14.3231881666667,0 
-170.6477745000000,-14.3231913333333,0 
-170.6477815000000,-14.3231910000000,0 
-170.6477730000000,-14.3231898333333,0 
-170.6477826666667,-14.3231928333333,0 
-170.6477740000000,-14.3231866666667,0 
-170.6477871666667,-14.3231853333333,0 
-170.6477723333333,-14.3231901666667,0 
-170.6477898333333,-14.3231883333333,0 
-170.6477693333333,-14.3231976666667,0 
-170.6477968333333,-14.3231876666667,0 
-170.6477751666667,-14.3231975000000,0 
-170.6477903333333,-14.3231895000000,0 
-170.6477741666667,-14.3231963333333,0 
-170.6477825000000,-14.3231935000000,0 
-170.6477880000000,-14.3231911666667,0 
-170.6477791666667,-14.3231946666667,0 
-170.6477991666667,-14.3231913333333,0 
-170.6477916666667,-14.3232013333333,0 
-170.6477868333333,-14.3231970000000,0 
-170.6477940000000,-14.3231918333333,0 
-170.6477950000000,-14.3232005000000,0 
-170.6477915000000,-14.3231948333333,0 
-170.6477910000000,-14.3231946666667,0 
-170.6477818333333,-14.3231905000000,0 
-170.6477838333333,-14.3231896666667,0 
-170.6477878333333,-14.3231856666667,0 
-170.6477931666667,-14.3231876666667,0 
-170.6477870000000,-14.3231821666667,0 
-170.6477843333333,-14.3231883333333,0 
-170.6477821666667,-14.3231973333333,0 
-170.6477825000000,-14.3231883333333,0 
-170.6477910000000,-14.3231915000000,0 
-170.6477795000000,-14.3231868333333,0 
-170.6477868333333,-14.3231891666667,0 
-170.6477865000000,-14.3231876666667,0 
-170.6477835000000,-14.3231890000000,0 
-170.6477978333333,-14.3231813333333,0 
-170.6477856666667,-14.3231941666667,0 
-170.6477930000000,-14.3231900000000,0 
-170.6478058333333,-14.3232048333333,0 
-170.6478018333333,-14.3232095000000,0 
-170.6478110000000,-14.3232233333333,0 
-170.6478180000000,-14.3232225000000,0 
-170.6478118333333,-14.3232273333333,0 
-170.6478221666667,-14.3232271666667,0 
-170.6478140000000,-14.3232303333333,0 
-170.6478268333333,-14.3232236666667,0 
-170.6478146666667,-14.3232303333333,0 
-170.6478198333333,-14.3232203333333,0 
-170.6478198333333,-14.3232191666667,0 
-170.6478128333333,-14.3232276666667,0 
-170.6478213333333,-14.3232206666667,0 
-170.6478161666667,-14.3232216666667,0 
-170.6478285000000,-14.3232206666667,0 
-170.6478158333333,-14.3232226666667,0 
-170.6478133333333,-14.3232251666667,0 
-170.6478155000000,-14.3232201666667,0 
-170.6478228333333,-14.3232258333333,0 
-170.6478216666667,-14.3232191666667,0 
-170.6478230000000,-14.3232176666667,0 
-170.6478120000000,-14.3232243333333,0 
-170.6478300000000,-14.3232265000000,0 
-170.6478103333333,-14.3232266666667,0 
-170.6478203333333,-14.3232226666667,0 
-170.6478215000000,-14.3232270000000,0 
-170.6478165000000,-14.3232276666667,0 
-170.6478230000000,-14.3232196666667,0 
-170.6478056666667,-14.3232155000000,0 
-170.6478061666667,-14.3232063333333,0 
-170.6477980000000,-14.3231956666667,0 
-170.6478045000000,-14.3232036666667,0 
-170.6477906666667,-14.3232063333333,0 
-170.6478021666667,-14.3232061666667,0 
-170.6477911666667,-14.3232073333333,0 
-170.6478000000000,-14.3232103333333,0 
-170.6477996666667,-14.3232190000000,0 
-170.6478066666667,-14.3232050000000,0 
-170.6478021666667,-14.3232148333333,0 
-170.6478030000000,-14.3232085000000,0 
-170.6477958333333,-14.3232138333333,0 
-170.6478025000000,-14.3232105000000,0 
-170.6478031666667,-14.3232220000000,0 
-170.6478098333333,-14.3232103333333,0 
-170.6477956666667,-14.3232198333333,0 
-170.6478005000000,-14.3232153333333,0 
-170.6478013333333,-14.3232115000000,0 
-170.6478036666667,-14.3232081666667,0 
-170.6478030000000,-14.3232158333333,0 
-170.6477928333333,-14.3232111666667,0 
-170.6478068333333,-14.3232081666667,0 
-170.6477953333333,-14.3232070000000,0 
-170.6478193333333,-14.3232051666667,0 
-170.6478005000000,-14.3232095000000,0 
-170.6478101666667,-14.3232106666667,0 
-170.6478045000000,-14.3232143333333,0 
-170.6478061666667,-14.3232115000000,0 
-170.6478058333333,-14.3232055000000,0 
-170.6478023333333,-14.3232103333333,0 
-170.6478091666667,-14.3232035000000,0 
-170.6477976666667,-14.3232138333333,0 
-170.6478078333333,-14.3232000000000,0 
-170.6477995000000,-14.3232105000000,0 
-170.6478088333333,-14.3231998333333,0 
-170.6478000000000,-14.3232035000000,0 
-170.6477921666667,-14.3232050000000,0 
-170.6478113333333,-14.3231966666667,0 
-170.6477943333333,-14.3232011666667,0 
-170.6478145000000,-14.3231830000000,0 
-170.6477958333333,-14.3232028333333,0 
-170.6477846666667,-14.3231755000000,0 
-170.6477956666667,-14.3231876666667,0 
-170.6477888333333,-14.3231900000000,0 
-170.6477830000000,-14.3231808333333,0 
-170.6477911666667,-14.3231705000000,0 
-170.6477940000000,-14.3231761666667,0 
-170.6477796666667,-14.3231685000000,0 
-170.6477873333333,-14.3231623333333,0 
-170.6477691666667,-14.3231665000000,0 
-170.6477771666667,-14.3231623333333,0 
-170.6477591666667,-14.3231665000000,0 
-170.6477688333333,-14.3231575000000,0 
-170.6477613333333,-14.3231540000000,0 
-170.6477495000000,-14.3231573333333,0 
-170.6477515000000,-14.3231520000000,0 
-170.6477463333333,-14.3231586666667,0 
-170.6477601666667,-14.3231496666667,0 
-170.6477401666667,-14.3231588333333,0 
-170.6477623333333,-14.3231563333333,0 
-170.6477373333333,-14.3231665000000,0 
-170.6477445000000,-14.3231523333333,0 
-170.6477426666667,-14.3231561666667,0 
-170.6477280000000,-14.3231550000000,0 
-170.6477393333333,-14.3231456666667,0 
-170.6477210000000,-14.3231461666667,0 
-170.6477305000000,-14.3231401666667,0 
-170.6477095000000,-14.3231460000000,0 
-170.6477141666667,-14.3231290000000,0 
-170.6477088333333,-14.3231300000000,0 
-170.6477015000000,-14.3231428333333,0 
-170.6476985000000,-14.3231540000000,0 
-170.6476965000000,-14.3231603333333,0 
-170.6476993333333,-14.3231483333333,0 
-170.6476961666667,-14.3231520000000,0 
-170.6476836666667,-14.3231516666667,0 
-170.6476901666667,-14.3231518333333,0 
-170.6476825000000,-14.3231441666667,0 
-170.6476813333333,-14.3231503333333,0 
-170.6476818333333,-14.3231485000000,0 
-170.6476803333333,-14.3231565000000,0 
-170.6476895000000,-14.3231408333333,0 
-170.6476755000000,-14.3231515000000,0 
-170.6476955000000,-14.3231466666667,0 
-170.6476873333333,-14.3231480000000,0 
-170.6476891666667,-14.3231505000000,0 
-170.6476880000000,-14.3231465000000,0 
-170.6476871666667,-14.3231453333333,0 
-170.6476896666667,-14.3231548333333,0 
-170.6476933333333,-14.3231548333333,0 
-170.6476921666667,-14.3231543333333,0 
-170.6476938333333,-14.3231523333333,0 
-170.6476943333333,-14.3231545000000,0 
-170.6476918333333,-14.3231525000000,0 
-170.6476883333333,-14.3231513333333,0 
-170.6476920000000,-14.3231456666667,0 
-170.6477110000000,-14.3231443333333,0 
-170.6476823333333,-14.3231483333333,0 
-170.6477040000000,-14.3231433333333,0 
-170.6476950000000,-14.3231498333333,0 
-170.6476970000000,-14.3231435000000,0 
-170.6476976666667,-14.3231455000000,0 
-170.6476946666667,-14.3231471666667,0 
-170.6477010000000,-14.3231408333333,0 
-170.6476926666667,-14.3231415000000,0 
-170.6476973333333,-14.3231385000000,0 
-170.6477005000000,-14.3231356666667,0 
-170.6476968333333,-14.3231443333333,0 
-170.6477031666667,-14.3231310000000,0 
-170.6476868333333,-14.3231373333333,0 
-170.6477111666667,-14.3231336666667,0 
-170.6476836666667,-14.3231418333333,0 
-170.6476953333333,-14.3231353333333,0 
-170.6476918333333,-14.3231351666667,0 
-170.6476976666667,-14.3231355000000,0 
-170.6476938333333,-14.3231330000000,0 
-170.6476988333333,-14.3231408333333,0 
-170.6477058333333,-14.3231308333333,0 
-170.6476871666667,-14.3231303333333,0 
-170.6476991666667,-14.3231311666667,0 
-170.6476858333333,-14.3231385000000,0 
-170.6476846666667,-14.3231355000000,0 
-170.6476833333333,-14.3231320000000,0 
-170.6476870000000,-14.3231441666667,0 
-170.6476876666667,-14.3231330000000,0 
-170.6476928333333,-14.3231373333333,0 
-170.6476890000000,-14.3231420000000,0 
-170.6476935000000,-14.3231305000000,0 
-170.6476876666667,-14.3231451666667,0 
-170.6477006666667,-14.3231395000000,0 
-170.6476931666667,-14.3231373333333,0 
-170.6477148333333,-14.3231416666667,0 
-170.6476970000000,-14.3231351666667,0 
-170.6477043333333,-14.3231428333333,0 
-170.6477086666667,-14.3231381666667,0 
-170.6477045000000,-14.3231498333333,0 
-170.6477063333333,-14.3231355000000,0 
-170.6476943333333,-14.3231493333333,0 
-170.6477088333333,-14.3231398333333,0 
-170.6476973333333,-14.3231545000000,0 
-170.6477011666667,-14.3231440000000,0 
-170.6477033333333,-14.3231458333333,0 
-170.6477038333333,-14.3231455000000,0 
-170.6477023333333,-14.3231456666667,0 
-170.6477085000000,-14.3231401666667,0 
-170.6477030000000,-14.3231496666667,0 
-170.6477005000000,-14.3231590000000,0 
-170.6477156666667,-14.3231531666667,0 
-170.6476928333333,-14.3231615000000,0 
-170.6477090000000,-14.3231648333333,0 
-170.6477065000000,-14.3231593333333,0 
-170.6477095000000,-14.3231541666667,0 
-170.6477170000000,-14.3231681666667,0 
-170.6477148333333,-14.3231576666667,0 
-170.6477073333333,-14.3231546666667,0 
-170.6477105000000,-14.3231635000000,0 
-170.6477140000000,-14.3231661666667,0 
-170.6477065000000,-14.3231645000000,0 
-170.6477158333333,-14.3231535000000,0 
-170.6477081666667,-14.3231600000000,0 
-170.6477116666667,-14.3231583333333,0 
-170.6477106666667,-14.3231621666667,0 
-170.6477128333333,-14.3231585000000,0 
-170.6477075000000,-14.3231653333333,0 
-170.6477140000000,-14.3231661666667,0 
-170.6477081666667,-14.3231605000000,0 
-170.6477070000000,-14.3231596666667,0 
-170.6477085000000,-14.3231673333333,0 
-170.6477131666667,-14.3231686666667,0 
-170.6477070000000,-14.3231678333333,0 
-170.6477080000000,-14.3231656666667,0 
-170.6477090000000,-14.3231690000000,0 
-170.6477141666667,-14.3231665000000,0 
-170.6477028333333,-14.3231636666667,0 
-170.6477083333333,-14.3231621666667,0 
-170.6477006666667,-14.3231620000000,0 
-170.6477073333333,-14.3231640000000,0 
-170.6477018333333,-14.3231613333333,0 
-170.6477021666667,-14.3231656666667,0 
-170.6477071666667,-14.3231688333333,0 
-170.6477005000000,-14.3231600000000,0 
-170.6477028333333,-14.3231588333333,0 
-170.6477085000000,-14.3231560000000,0 
-170.6476441666667,-14.3231343333333,0 
-170.6477025000000,-14.3231493333333,0 
-170.6476965000000,-14.3231623333333,0 
-170.6477001666667,-14.3231483333333,0 
-170.6477056666667,-14.3231550000000,0 
-170.6477061666667,-14.3231606666667,0 
-170.6477020000000,-14.3231535000000,0 
-170.6477106666667,-14.3231540000000,0 
-170.6477098333333,-14.3231610000000,0 
-170.6477185000000,-14.3231590000000,0 
-170.6477143333333,-14.3231585000000,0 
-170.6477171666667,-14.3231503333333,0 
-170.6477093333333,-14.3231513333333,0 
-170.6477155000000,-14.3231593333333,0 
-170.6477091666667,-14.3231575000000,0 
-170.6477103333333,-14.3231481666667,0 
-170.6477013333333,-14.3231518333333,0 
-170.6477081666667,-14.3231436666667,0 
-170.6476890000000,-14.3231446666667,0 
-170.6477008333333,-14.3231290000000,0 
-170.6476898333333,-14.3231450000000,0 
-170.6476951666667,-14.3231445000000,0 
-170.6476846666667,-14.3231383333333,0 
-170.6476836666667,-14.3231420000000,0 
-170.6476881666667,-14.3231371666667,0 
-170.6476813333333,-14.3231401666667,0 
-170.6476885000000,-14.3231325000000,0 
-170.6476815000000,-14.3231371666667,0 
-170.6476916666667,-14.3231333333333,0 
-170.6476890000000,-14.3231413333333,0 
-170.6476955000000,-14.3231323333333,0 
-170.6476886666667,-14.3231390000000,0 
-170.6476983333333,-14.3231403333333,0 
-170.6476918333333,-14.3231468333333,0 
-170.6477126666667,-14.3231566666667,0 
-170.6476986666667,-14.3231606666667,0 
-170.6476985000000,-14.3231545000000,0 
-170.6476858333333,-14.3231525000000,0 
-170.6476820000000,-14.3231563333333,0 
-170.6476798333333,-14.3231458333333,0 
-170.6476738333333,-14.3231448333333,0 
-170.6476626666667,-14.3231446666667,0 
-170.6476696666667,-14.3231361666667,0 
-170.6476528333333,-14.3231418333333,0 
-170.6476646666667,-14.3231413333333,0 
-170.6476616666667,-14.3231473333333,0 
-170.6476740000000,-14.3231401666667,0 
-170.6476573333333,-14.3231435000000,0 
-170.6476730000000,-14.3231381666667,0 
-170.6476746666667,-14.3231411666667,0 
-170.6476758333333,-14.3231408333333,0 
-170.6476833333333,-14.3231346666667,0 
-170.6476731666667,-14.3231385000000,0 
-170.6476733333333,-14.3231341666667,0 
-170.6476710000000,-14.3231370000000,0 
-170.6476756666667,-14.3231303333333,0 
-170.6476686666667,-14.3231311666667,0 
-170.6476798333333,-14.3231290000000,0 
-170.6476735000000,-14.3231318333333,0 
-170.6476653333333,-14.3231258333333,0 
-170.6476783333333,-14.3231221666667,0 
-170.6476673333333,-14.3231280000000,0 
-170.6476780000000,-14.3231265000000,0 
-170.6476648333333,-14.3231258333333,0 
-170.6476713333333,-14.3231263333333,0 
-170.6476760000000,-14.3231250000000,0 
-170.6476715000000,-14.3231336666667,0 
-170.6476713333333,-14.3231285000000,0 
-170.6476715000000,-14.3231283333333,0 
-170.6476765000000,-14.3231228333333,0 
-170.6476716666667,-14.3231290000000,0 
-170.6476786666667,-14.3231205000000,0 
-170.6476808333333,-14.3231273333333,0 
-170.6476696666667,-14.3231278333333,0 
-170.6476861666667,-14.3231226666667,0 
-170.6476775000000,-14.3231205000000,0 
-170.6476848333333,-14.3231190000000,0 
-170.6476780000000,-14.3231225000000,0 
-170.6476816666667,-14.3231225000000,0 
-170.6476756666667,-14.3231263333333,0 
-170.6476833333333,-14.3231166666667,0 
-170.6476795000000,-14.3231181666667,0 
-170.6476793333333,-14.3231176666667,0 
-170.6476843333333,-14.3231196666667,0 
-170.6476830000000,-14.3231166666667,0 
-170.6476958333333,-14.3231148333333,0 
-170.6476845000000,-14.3231253333333,0 
-170.6476798333333,-14.3231220000000,0 
-170.6476953333333,-14.3231143333333,0 
-170.6476796666667,-14.3231200000000,0 
-170.6476873333333,-14.3231185000000,0 
-170.6476803333333,-14.3231121666667,0 
-170.6476791666667,-14.3231171666667,0 
-170.6476756666667,-14.3231158333333,0 
-170.6476865000000,-14.3231168333333,0 
-170.6476698333333,-14.3231208333333,0 
-170.6476788333333,-14.3231163333333,0 
-170.6476791666667,-14.3231220000000,0 
-170.6476750000000,-14.3231226666667,0 
-170.6476898333333,-14.3231186666667,0 
-170.6476765000000,-14.3231166666667,0 
-170.6476911666667,-14.3231158333333,0 
-170.6476841666667,-14.3231088333333,0 
-170.6476856666667,-14.3231131666667,0 
-170.6477005000000,-14.3231145000000,0 
-170.6476858333333,-14.3231178333333,0 
-170.6476926666667,-14.3231096666667,0 
-170.6476891666667,-14.3231103333333,0 
-170.6476898333333,-14.3231148333333,0 
-170.6476890000000,-14.3231113333333,0 
-170.6476875000000,-14.3231146666667,0 
-170.6476958333333,-14.3231108333333,0 
-170.6476928333333,-14.3231263333333,0 
-170.6476946666667,-14.3231255000000,0 
-170.6477013333333,-14.3231406666667,0 
-170.6477075000000,-14.3231573333333,0 
-170.6477141666667,-14.3231626666667,0 
-170.6477325000000,-14.3231641666667,0 
-170.6477388333333,-14.3231730000000,0 
-170.6477395000000,-14.3231735000000,0 
-170.6477536666667,-14.3231688333333,0 
-170.6477475000000,-14.3231768333333,0 
-170.6477513333333,-14.3231816666667,0 
-170.6477483333333,-14.3231778333333,0 
-170.6477598333333,-14.3231778333333,0 
-170.6477561666667,-14.3231811666667,0 
-170.6477670000000,-14.3231723333333,0 
-170.6477591666667,-14.3231691666667,0 
-170.6477655000000,-14.3231678333333,0 
-170.6477798333333,-14.3231618333333,0 
-170.6477713333333,-14.3231633333333,0 
-170.6477745000000,-14.3231508333333,0 
-170.6477671666667,-14.3231520000000,0 
-170.6477786666667,-14.3231493333333,0 
-170.6477668333333,-14.3231466666667,0 
-170.6477745000000,-14.3231408333333,0 
-170.6477746666667,-14.3231438333333,0 
-170.6477708333333,-14.3231411666667,0 
-170.6477838333333,-14.3231415000000,0 
-170.6477820000000,-14.3231431666667,0 
-170.6477808333333,-14.3231410000000,0 
-170.6477820000000,-14.3231483333333,0 
-170.6477871666667,-14.3231436666667,0 
-170.6477685000000,-14.3231431666667,0 
-170.6477626666667,-14.3231240000000,0 
-170.6477433333333,-14.3231163333333,0 
-170.6477463333333,-14.3231083333333,0 
-170.6477385000000,-14.3231065000000,0 
-170.6477330000000,-14.3230986666667,0 
-170.6477366666667,-14.3230976666667,0 
-170.6477371666667,-14.3230900000000,0 
-170.6477291666667,-14.3230956666667,0 
-170.6477460000000,-14.3230986666667,0 
-170.6477461666667,-14.3230958333333,0 
-170.6477458333333,-14.3230996666667,0 
-170.6477510000000,-14.3230936666667,0 
-170.6477536666667,-14.3230930000000,0 
-170.6477576666667,-14.3230946666667,0 
-170.6477613333333,-14.3230983333333,0 
-170.6477606666667,-14.3231005000000,0 
-170.6477615000000,-14.3230996666667,0 
-170.6477675000000,-14.3230923333333,0 
-170.6477576666667,-14.3231083333333,0 
-170.6477810000000,-14.3231006666667,0 
-170.6477676666667,-14.3231096666667,0 
-170.6477801666667,-14.3231115000000,0 
-170.6477723333333,-14.3231043333333,0 
-170.6477786666667,-14.3231133333333,0 
-170.6477676666667,-14.3231118333333,0 
-170.6477733333333,-14.3231073333333,0 
-170.6477703333333,-14.3231085000000,0 
-170.6477768333333,-14.3231058333333,0 
-170.6477688333333,-14.3231160000000,0 
-170.6477701666667,-14.3231065000000,0 
-170.6477821666667,-14.3231046666667,0 
-170.6477691666667,-14.3231146666667,0 
-170.6477851666667,-14.3230988333333,0 
-170.6477733333333,-14.3231126666667,0 
-170.6477720000000,-14.3231115000000,0 
-170.6477791666667,-14.3231056666667,0 
-170.6477778333333,-14.3231103333333,0 
-170.6477796666667,-14.3231088333333,0 
-170.6477850000000,-14.3231118333333,0 
-170.6477766666667,-14.3231116666667,0 
-170.6477871666667,-14.3231053333333,0 
-170.6477753333333,-14.3231148333333,0 
-170.6477835000000,-14.3231113333333,0 
-170.6477788333333,-14.3231168333333,0 
-170.6477778333333,-14.3231126666667,0 
-170.6477886666667,-14.3231068333333,0 
-170.6477805000000,-14.3231140000000,0 
-170.6477708333333,-14.3231131666667,0 
-170.6477881666667,-14.3231045000000,0 
-170.6477763333333,-14.3231153333333,0 
-170.6477816666667,-14.3231120000000,0 
-170.6477921666667,-14.3231066666667,0 
-170.6477853333333,-14.3231056666667,0 
-170.6478016666667,-14.3231060000000,0 
-170.6477855000000,-14.3231075000000,0 
-170.6477948333333,-14.3231046666667,0 
-170.6477908333333,-14.3231063333333,0 
-170.6477901666667,-14.3231043333333,0 
-170.6477886666667,-14.3231056666667,0 
-170.6477830000000,-14.3231031666667,0 
-170.6478038333333,-14.3230976666667,0 
-170.6477918333333,-14.3231158333333,0 
-170.6478016666667,-14.3231046666667,0 
-170.6477976666667,-14.3231158333333,0 
-170.6478026666667,-14.3231126666667,0 
-170.6478008333333,-14.3231128333333,0 
-170.6477993333333,-14.3231086666667,0 
-170.6477991666667,-14.3231051666667,0 
-170.6478118333333,-14.3231136666667,0 
-170.6478030000000,-14.3231140000000,0 
-170.6478010000000,-14.3231136666667,0 
-170.6478083333333,-14.3231098333333,0 
-170.6478021666667,-14.3231031666667,0 
-170.6478043333333,-14.3231138333333,0 
-170.6477968333333,-14.3231093333333,0 
-170.6477890000000,-14.3231075000000,0 
-170.6477995000000,-14.3231046666667,0 
-170.6477775000000,-14.3231186666667,0 
-170.6477888333333,-14.3231031666667,0 
-170.6477795000000,-14.3231221666667,0 
-170.6477936666667,-14.3231135000000,0 
-170.6477778333333,-14.3231195000000,0 
-170.6477825000000,-14.3231176666667,0 
-170.6477838333333,-14.3231136666667,0 
-170.6477873333333,-14.3231126666667,0 
-170.6477908333333,-14.3231068333333,0 
-170.6477911666667,-14.3231038333333,0 
-170.6477831666667,-14.3231026666667,0 
-170.6477960000000,-14.3231010000000,0 
-170.6477863333333,-14.3231013333333,0 
-170.6478005000000,-14.3230945000000,0 
-170.6477873333333,-14.3230966666667,0 
-170.6478008333333,-14.3230926666667,0 
-170.6477886666667,-14.3230936666667,0 
-170.6478003333333,-14.3230983333333,0 
-170.6478050000000,-14.3230990000000,0 
-170.6477953333333,-14.3230998333333,0 
-170.6478006666667,-14.3230905000000,0 
-170.6478056666667,-14.3230886666667,0 
-170.6477955000000,-14.3230913333333,0 
-170.6478116666667,-14.3230876666667,0 
-170.6478018333333,-14.3230940000000,0 
-170.6478170000000,-14.3230823333333,0 
-170.6478118333333,-14.3230956666667,0 
-170.6478071666667,-14.3230871666667,0 
-170.6478135000000,-14.3230828333333,0 
-170.6478161666667,-14.3230923333333,0 
-170.6478208333333,-14.3230890000000,0 
-170.6478163333333,-14.3230975000000,0 
-170.6478210000000,-14.3230826666667,0 
-170.6478236666667,-14.3230856666667,0 
-170.6478056666667,-14.3230826666667,0 
-170.6478255000000,-14.3230798333333,0 
-170.6478168333333,-14.3230943333333,0 
-170.6478333333333,-14.3230881666667,0 
-170.6478326666667,-14.3231128333333,0 
-170.6478401666667,-14.3231240000000,0 
-170.6478403333333,-14.3231228333333,0 
-170.6478435000000,-14.3231290000000,0 
-170.6478471666667,-14.3231241666667,0 
-170.6478413333333,-14.3231355000000,0 
-170.6478593333333,-14.3231298333333,0 
-170.6478458333333,-14.3231363333333,0 
-170.6478518333333,-14.3231280000000,0 
-170.6478560000000,-14.3231285000000,0 
-170.6478533333333,-14.3231371666667,0 
-170.6478545000000,-14.3231373333333,0 
-170.6478500000000,-14.3231516666667,0 
-170.6478493333333,-14.3231486666667,0 
-170.6478590000000,-14.3231590000000,0 
-170.6478570000000,-14.3231536666667,0 
-170.6478565000000,-14.3231595000000,0 
-170.6478580000000,-14.3231578333333,0 
-170.6478711666667,-14.3231538333333,0 
-170.6478618333333,-14.3231620000000,0 
-170.6478646666667,-14.3231606666667,0 
-170.6478651666667,-14.3231641666667,0 
-170.6478670000000,-14.3231641666667,0 
-170.6478811666667,-14.3231581666667,0 
-170.6478685000000,-14.3231621666667,0 
-170.6478855000000,-14.3231513333333,0 
-170.6478780000000,-14.3231525000000,0 
-170.6478891666667,-14.3231450000000,0 
-170.6478868333333,-14.3231450000000,0 
-170.6478835000000,-14.3231421666667,0 
-170.6478891666667,-14.3231445000000,0 
-170.6478830000000,-14.3231440000000,0 
-170.6478921666667,-14.3231395000000,0 
-170.6478941666667,-14.3231401666667,0 
-170.6478893333333,-14.3231430000000,0 
-170.6479026666667,-14.3231378333333,0 
-170.6478846666667,-14.3231413333333,0 
-170.6479030000000,-14.3231336666667,0 
-170.6478956666667,-14.3231420000000,0 
-170.6479001666667,-14.3231386666667,0 
-170.6478968333333,-14.3231418333333,0 
-170.6479051666667,-14.3231390000000,0 
-170.6478986666667,-14.3231393333333,0 
-170.6479018333333,-14.3231380000000,0 
-170.6478998333333,-14.3231376666667,0 
-170.6478990000000,-14.3231400000000,0 
-170.6479063333333,-14.3231363333333,0 
-170.6478946666667,-14.3231418333333,0 
-170.6479040000000,-14.3231378333333,0 
-170.6478980000000,-14.3231473333333,0 
-170.6479003333333,-14.3231413333333,0 
-170.6478995000000,-14.3231431666667,0 
-170.6478941666667,-14.3231416666667,0 
-170.6479056666667,-14.3231426666667,0 
-170.6478905000000,-14.3231483333333,0 
-170.6479031666667,-14.3231415000000,0 
-170.6478970000000,-14.3231455000000,0 
-170.6479015000000,-14.3231440000000,0 
-170.6479001666667,-14.3231453333333,0 
-170.6479035000000,-14.3231531666667,0 
-170.6479060000000,-14.3231466666667,0 
-170.6478961666667,-14.3231510000000,0 
-170.6479063333333,-14.3231470000000,0 
-170.6478991666667,-14.3231535000000,0 
-170.6479091666667,-14.3231466666667,0 
-170.6478981666667,-14.3231496666667,0 
-170.6479066666667,-14.3231518333333,0 
-170.6479001666667,-14.3231481666667,0 
-170.6478983333333,-14.3231475000000,0 
-170.6479110000000,-14.3231496666667,0 
-170.6478925000000,-14.3231540000000,0 
-170.6479055000000,-14.3231476666667,0 
-170.6479015000000,-14.3231528333333,0 
-170.6479013333333,-14.3231491666667,0 
-170.6478953333333,-14.3231546666667,0 
-170.6478991666667,-14.3231515000000,0 
-170.6479025000000,-14.3231476666667,0 
-170.6479025000000,-14.3231460000000,0 
-170.6478985000000,-14.3231476666667,0 
-170.6479040000000,-14.3231533333333,0 
-170.6479015000000,-14.3231500000000,0 
-170.6479008333333,-14.3231546666667,0 
-170.6479025000000,-14.3231548333333,0 
-170.6478881666667,-14.3231613333333,0 
-170.6478981666667,-14.3231581666667,0 
-170.6478905000000,-14.3231718333333,0 
-170.6478978333333,-14.3231745000000,0 
-170.6479001666667,-14.3231688333333,0 
-170.6478913333333,-14.3231750000000,0 
-170.6478971666667,-14.3231690000000,0 
-170.6478840000000,-14.3231768333333,0 
-170.6478961666667,-14.3231736666667,0 
-170.6478841666667,-14.3231751666667,0 
-170.6478980000000,-14.3231755000000,0 
-170.6478845000000,-14.3231800000000,0 
-170.6479073333333,-14.3231713333333,0 
-170.6478865000000,-14.3231790000000,0 
-170.6478998333333,-14.3231696666667,0 
-170.6478903333333,-14.3231776666667,0 
-170.6479043333333,-14.3231758333333,0 
-170.6478938333333,-14.3231736666667,0 
-170.6478978333333,-14.3231688333333,0 
-170.6478941666667,-14.3231713333333,0 
-170.6478953333333,-14.3231726666667,0 
-170.6478890000000,-14.3231751666667,0 
-170.6478933333333,-14.3231773333333,0 
-170.6479021666667,-14.3231691666667,0 
-170.6478840000000,-14.3231780000000,0 
-170.6478988333333,-14.3231723333333,0 
-170.6478840000000,-14.3231778333333,0 
-170.6478986666667,-14.3231720000000,0 
-170.6478880000000,-14.3231781666667,0 
-170.6478973333333,-14.3231806666667,0 
-170.6478858333333,-14.3231743333333,0 
-170.6479003333333,-14.3231815000000,0 
-170.6478830000000,-14.3231780000000,0 
-170.6478966666667,-14.3231743333333,0 
-170.6478800000000,-14.3231811666667,0 
-170.6478945000000,-14.3231768333333,0 
-170.6478815000000,-14.3231778333333,0 
-170.6478881666667,-14.3231833333333,0 
-170.6478815000000,-14.3231766666667,0 
-170.6478916666667,-14.3231755000000,0 
-170.6478873333333,-14.3231763333333,0 
-170.6478950000000,-14.3231711666667,0 
-170.6478805000000,-14.3231786666667,0 
-170.6478886666667,-14.3231731666667,0 
-170.6478921666667,-14.3231708333333,0 
-170.6478940000000,-14.3231653333333,0 
-170.6479000000000,-14.3231483333333,0 
-170.6478963333333,-14.3231513333333,0 
-170.6478915000000,-14.3231383333333,0 
-170.6478950000000,-14.3231390000000,0 
-170.6478928333333,-14.3231371666667,0 
-170.6478903333333,-14.3231323333333,0 
-170.6478886666667,-14.3231323333333,0 
-170.6479040000000,-14.3231298333333,0 
-170.6478948333333,-14.3231416666667,0 
-170.6479068333333,-14.3231346666667,0 
-170.6479085000000,-14.3231488333333,0 
-170.6479131666667,-14.3231395000000,0 
-170.6479103333333,-14.3231456666667,0 
-170.6479155000000,-14.3231485000000,0 
-170.6479186666667,-14.3231496666667,0 
-170.6479095000000,-14.3231480000000,0 
-170.6479178333333,-14.3231486666667,0 
-170.6479176666667,-14.3231460000000,0 
-170.6479191666667,-14.3231518333333,0 
-170.6479246666667,-14.3231505000000,0 
-170.6479091666667,-14.3231493333333,0 
-170.6479151666667,-14.3231503333333,0 
-170.6479168333333,-14.3231500000000,0 
-170.6479200000000,-14.3231431666667,0 
-170.6479158333333,-14.3231475000000,0 
-170.6479103333333,-14.3231413333333,0 
-170.6479233333333,-14.3231420000000,0 
-170.6479065000000,-14.3231351666667,0 
-170.6479115000000,-14.3231330000000,0 
-170.6479080000000,-14.3231345000000,0 
-170.6479043333333,-14.3231276666667,0 
-170.6479133333333,-14.3231278333333,0 
-170.6479001666667,-14.3231315000000,0 
-170.6479105000000,-14.3231270000000,0 
-170.6479045000000,-14.3231278333333,0 
-170.6479043333333,-14.3231298333333,0 
-170.6479055000000,-14.3231286666667,0 
-170.6479100000000,-14.3231268333333,0 
-170.6479066666667,-14.3231300000000,0 
-170.6479078333333,-14.3231243333333,0 
-170.6479000000000,-14.3231248333333,0 
-170.6479061666667,-14.3231256666667,0 
-170.6479036666667,-14.3231228333333,0 
-170.6479088333333,-14.3231266666667,0 
-170.6479023333333,-14.3231246666667,0 
-170.6478995000000,-14.3231171666667,0 
-170.6478985000000,-14.3231215000000,0 
-170.6478996666667,-14.3231238333333,0 
-170.6478965000000,-14.3231191666667,0 
-170.6479001666667,-14.3231136666667,0 
-170.6478933333333,-14.3231205000000,0 
-170.6478988333333,-14.3231243333333,0 
-170.6479000000000,-14.3231140000000,0 
-170.6478918333333,-14.3231203333333,0 
-170.6478983333333,-14.3231175000000,0 
-170.6478998333333,-14.3231171666667,0 
-170.6478955000000,-14.3231123333333,0 
-170.6479000000000,-14.3231133333333,0 
-170.6478896666667,-14.3231156666667,0 
-170.6479005000000,-14.3231186666667,0 
-170.6478906666667,-14.3231176666667,0 
-170.6478956666667,-14.3231146666667,0 
-170.6478986666667,-14.3231195000000,0 
-170.6478971666667,-14.3231166666667,0 
-170.6478915000000,-14.3231143333333,0 
-170.6478968333333,-14.3231211666667,0 
-170.6478886666667,-14.3231195000000,0 
-170.6478956666667,-14.3231098333333,0 
-170.6478840000000,-14.3231141666667,0 
-170.6478863333333,-14.3231111666667,0 
-170.6478718333333,-14.3231080000000,0 
-170.6478680000000,-14.3231081666667,0 
-170.6478671666667,-14.3231083333333,0 
-170.6478501666667,-14.3231081666667,0 
-170.6478515000000,-14.3230986666667,0 
-170.6478446666667,-14.3230916666667,0 
-170.6478490000000,-14.3230863333333,0 
-170.6478428333333,-14.3230896666667,0 
-170.6478403333333,-14.3230880000000,0 
-170.6478440000000,-14.3230838333333,0 
-170.6478408333333,-14.3230888333333,0 
-170.6478506666667,-14.3230923333333,0 
-170.6478388333333,-14.3230866666667,0 
-170.6478528333333,-14.3230943333333,0 
-170.6478376666667,-14.3230930000000,0 
-170.6478470000000,-14.3230878333333,0 
-170.6478368333333,-14.3230833333333,0 
-170.6478283333333,-14.3230803333333,0 
-170.6478245000000,-14.3230843333333,0 
-170.6478208333333,-14.3230776666667,0 
-170.6478075000000,-14.3230806666667,0 
-170.6478123333333,-14.3230720000000,0 
-170.6478003333333,-14.3230786666667,0 
-170.6478066666667,-14.3230761666667,0 
-170.6477993333333,-14.3230726666667,0 
-170.6477965000000,-14.3230735000000,0 
-170.6477825000000,-14.3230751666667,0 
-170.6478008333333,-14.3230743333333,0 
-170.6477978333333,-14.3230648333333,0 
-170.6477968333333,-14.3230706666667,0 
-170.6478001666667,-14.3230641666667,0 
-170.6477981666667,-14.3230721666667,0 
-170.6477950000000,-14.3230656666667,0 
-170.6478073333333,-14.3230710000000,0 
-170.6477905000000,-14.3230716666667,0 
-170.6478110000000,-14.3230680000000,0 
-170.6478023333333,-14.3230700000000,0 
-170.6478008333333,-14.3230691666667,0 
-170.6478015000000,-14.3230716666667,0 
-170.6478100000000,-14.3230648333333,0 
-170.6477901666667,-14.3230640000000,0 
-170.6477946666667,-14.3230596666667,0 
-170.6477875000000,-14.3230560000000,0 
-170.6477650000000,-14.3230598333333,0 
-170.6477726666667,-14.3230530000000,0 
-170.6477630000000,-14.3230560000000,0 
-170.6477771666667,-14.3230516666667,0 
-170.6477610000000,-14.3230530000000,0 
-170.6477698333333,-14.3230461666667,0 
-170.6477650000000,-14.3230450000000,0 
-170.6477656666667,-14.3230435000000,0 
-170.6477608333333,-14.3230465000000,0 
-170.6477690000000,-14.3230393333333,0 
-170.6477625000000,-14.3230451666667,0 
-170.6477605000000,-14.3230443333333,0 
-170.6477805000000,-14.3230493333333,0 
-170.6477695000000,-14.3230516666667,0 
-170.6477751666667,-14.3230495000000,0 
-170.6477681666667,-14.3230466666667,0 
-170.6477775000000,-14.3230501666667,0 
-170.6477636666667,-14.3230431666667,0 
-170.6477695000000,-14.3230493333333,0 
-170.6477576666667,-14.3230456666667,0 
-170.6477591666667,-14.3230428333333,0 
-170.6477510000000,-14.3230430000000,0 
-170.6477520000000,-14.3230446666667,0 
-170.6477518333333,-14.3230491666667,0 
-170.6477636666667,-14.3230498333333,0 
-170.6477651666667,-14.3230530000000,0 
-170.6477665000000,-14.3230565000000,0 
-170.6477696666667,-14.3230498333333,0 
-170.6477765000000,-14.3230520000000,0 
-170.6477703333333,-14.3230561666667,0 
-170.6477785000000,-14.3230566666667,0 
-170.6477751666667,-14.3230596666667,0 
-170.6477826666667,-14.3230575000000,0 
-170.6477751666667,-14.3230500000000,0 
-170.6477796666667,-14.3230475000000,0 
-170.6477750000000,-14.3230445000000,0 
-170.6477793333333,-14.3230408333333,0 
-170.6477833333333,-14.3230421666667,0 
-170.6477790000000,-14.3230395000000,0 
-170.6477870000000,-14.3230343333333,0 
-170.6477778333333,-14.3230340000000,0 
-170.6477746666667,-14.3230296666667,0 
-170.6477791666667,-14.3230373333333,0 
-170.6477771666667,-14.3230333333333,0 
-170.6477903333333,-14.3230306666667,0 
-170.6477901666667,-14.3230415000000,0 
-170.6477943333333,-14.3230428333333,0 
-170.6478001666667,-14.3230453333333,0 
-170.6477973333333,-14.3230458333333,0 
-170.6477981666667,-14.3230398333333,0 
-170.6478010000000,-14.3230396666667,0 
-170.6477986666667,-14.3230446666667,0 
-170.6478078333333,-14.3230380000000,0 
-170.6477965000000,-14.3230421666667,0 
-170.6478001666667,-14.3230408333333,0 
-170.6478051666667,-14.3230371666667,0 
-170.6478061666667,-14.3230296666667,0 
-170.6477988333333,-14.3230288333333,0 
-170.6478083333333,-14.3230300000000,0 
-170.6478023333333,-14.3230343333333,0 
-170.6478105000000,-14.3230298333333,0 
-170.6478038333333,-14.3230270000000,0 
-170.6477990000000,-14.3230276666667,0 
-170.6478000000000,-14.3230306666667,0 
-170.6478043333333,-14.3230290000000,0 
-170.6477951666667,-14.3230256666667,0 
-170.6477961666667,-14.3230280000000,0 
-170.6478050000000,-14.3230313333333,0 
-170.6477928333333,-14.3230301666667,0 
-170.6478038333333,-14.3230290000000,0 
-170.6477975000000,-14.3230273333333,0 
-170.6477963333333,-14.3230308333333,0 
-170.6478008333333,-14.3230250000000,0 
-170.6478025000000,-14.3230261666667,0 
-170.6478008333333,-14.3230268333333,0 
-170.6478108333333,-14.3230328333333,0 
-170.6478045000000,-14.3230266666667,0 
-170.6478030000000,-14.3230280000000,0 
-170.6478166666667,-14.3230308333333,0 
-170.6478008333333,-14.3230386666667,0 
-170.6478081666667,-14.3230313333333,0 
-170.6478055000000,-14.3230328333333,0 
-170.6478073333333,-14.3230226666667,0 
-170.6478043333333,-14.3230318333333,0 
-170.6478076666667,-14.3230340000000,0 
-170.6478063333333,-14.3230278333333,0 
-170.6478091666667,-14.3230318333333,0 
-170.6478055000000,-14.3230340000000,0 
-170.6478091666667,-14.3230273333333,0 
-170.6478031666667,-14.3230328333333,0 
-170.6478086666667,-14.3230310000000,0 
-170.6478080000000,-14.3230331666667,0 
-170.6478130000000,-14.3230260000000,0 
-170.6478040000000,-14.3230330000000,0 
-170.6478020000000,-14.3230360000000,0 
-170.6478048333333,-14.3230310000000,0 
-170.6478113333333,-14.3230321666667,0 
-170.6478048333333,-14.3230278333333,0 
-170.6478018333333,-14.3230298333333,0 
-170.6478096666667,-14.3230286666667,0 
-170.6477986666667,-14.3230296666667,0 
-170.6478056666667,-14.3230236666667,0 
-170.6477931666667,-14.3230340000000,0 
-170.6478045000000,-14.3230236666667,0 
-170.6477983333333,-14.3230288333333,0 
-170.6477925000000,-14.3230281666667,0 
-170.6477986666667,-14.3230240000000,0 
-170.6477971666667,-14.3230231666667,0 
-170.6477905000000,-14.3230223333333,0 
-170.6478091666667,-14.3230293333333,0 
-170.6478008333333,-14.3230243333333,0 
-170.6478033333333,-14.3230201666667,0 
-170.6478015000000,-14.3230250000000,0 
-170.6477961666667,-14.3230233333333,0 
-170.6478011666667,-14.3230210000000,0 
-170.6477981666667,-14.3230213333333,0 
-170.6478015000000,-14.3230191666667,0 
-170.6477961666667,-14.3230215000000,0 
-170.6478050000000,-14.3230150000000,0 
-170.6477960000000,-14.3230220000000,0 
-170.6478068333333,-14.3230160000000,0 
-170.6478018333333,-14.3230191666667,0 
-170.6478013333333,-14.3230163333333,0 
-170.6478051666667,-14.3230110000000,0 
-170.6478098333333,-14.3230180000000,0 
-170.6478081666667,-14.3230168333333,0 
-170.6478168333333,-14.3230125000000,0 
-170.6478188333333,-14.3230195000000,0 
-170.6478198333333,-14.3230196666667,0 
-170.6478265000000,-14.3230206666667,0 
-170.6478278333333,-14.3230120000000,0 
-170.6478241666667,-14.3230178333333,0 
-170.6478260000000,-14.3230146666667,0 
-170.6478236666667,-14.3230236666667,0 
-170.6478338333333,-14.3230191666667,0 
-170.6478308333333,-14.3230191666667,0 
-170.6478311666667,-14.3230173333333,0 
-170.6478303333333,-14.3230160000000,0 
-170.6478270000000,-14.3230251666667,0 
-170.6478340000000,-14.3230230000000,0 
-170.6478358333333,-14.3230220000000,0 
-170.6478446666667,-14.3230245000000,0 
-170.6478358333333,-14.3230318333333,0 
-170.6478455000000,-14.3230300000000,0 
-170.6478403333333,-14.3230326666667,0 
-170.6478461666667,-14.3230263333333,0 
-170.6478388333333,-14.3230326666667,0 
-170.6478426666667,-14.3230271666667,0 
-170.6478540000000,-14.3230345000000,0 
-170.6478508333333,-14.3230388333333,0 
-170.6478578333333,-14.3230421666667,0 
-170.6478560000000,-14.3230466666667,0 
-170.6478618333333,-14.3230415000000,0 
-170.6478608333333,-14.3230390000000,0 
-170.6478631666667,-14.3230426666667,0 
-170.6478675000000,-14.3230366666667,0 
-170.6478711666667,-14.3230410000000,0 
-170.6478613333333,-14.3230491666667,0 
-170.6478850000000,-14.3230423333333,0 
-170.6478803333333,-14.3230511666667,0 
-170.6478838333333,-14.3230481666667,0 
-170.6478895000000,-14.3230511666667,0 
-170.6478868333333,-14.3230448333333,0 
-170.6478821666667,-14.3230408333333,0 
-170.6478901666667,-14.3230353333333,0 
-170.6478833333333,-14.3230465000000,0 
-170.6478843333333,-14.3230350000000,0 
-170.6478890000000,-14.3230363333333,0 
-170.6478786666667,-14.3230411666667,0 
-170.6478863333333,-14.3230365000000,0 
-170.6478933333333,-14.3230320000000,0 
-170.6478830000000,-14.3230381666667,0 
-170.6478903333333,-14.3230308333333,0 
-170.6478773333333,-14.3230330000000,0 
-170.6478780000000,-14.3230300000000,0 
-170.6478765000000,-14.3230303333333,0 
-170.6478745000000,-14.3230333333333,0 
-170.6478745000000,-14.3230286666667,0 
-170.6478746666667,-14.3230328333333,0 
-170.6478735000000,-14.3230256666667,0 
-170.6478621666667,-14.3230323333333,0 
-170.6478680000000,-14.3230348333333,0 
-170.6478691666667,-14.3230273333333,0 
-170.6478596666667,-14.3230370000000,0 
-170.6478658333333,-14.3230356666667,0 
-170.6478590000000,-14.3230345000000,0 
-170.6478648333333,-14.3230321666667,0 
-170.6478675000000,-14.3230306666667,0 
-170.6478623333333,-14.3230333333333,0 
-170.6478636666667,-14.3230351666667,0 
-170.6478640000000,-14.3230386666667,0 
-170.6478723333333,-14.3230396666667,0 
-170.6478525000000,-14.3230393333333,0 
-170.6478691666667,-14.3230358333333,0 
-170.6478613333333,-14.3230391666667,0 
-170.6478691666667,-14.3230288333333,0 
-170.6478648333333,-14.3230361666667,0 
-170.6478771666667,-14.3230325000000,0 
-170.6478720000000,-14.3230426666667,0 
-170.6478798333333,-14.3230420000000,0 
-170.6478820000000,-14.3230428333333,0 
-170.6478735000000,-14.3230425000000,0 
-170.6478830000000,-14.3230436666667,0 
-170.6478753333333,-14.3230505000000,0 
-170.6478778333333,-14.3230468333333,0 
-170.6478816666667,-14.3230456666667,0 
-170.6478650000000,-14.3230461666667,0 
-170.6478785000000,-14.3230411666667,0 
-170.6478676666667,-14.3230418333333,0 
-170.6478661666667,-14.3230348333333,0 
-170.6478796666667,-14.3230363333333,0 
-170.6478763333333,-14.3230411666667,0 
-170.6478800000000,-14.3230335000000,0 
-170.6478821666667,-14.3230453333333,0 
-170.6478936666667,-14.3230418333333,0 
-170.6478856666667,-14.3230436666667,0 
-170.6479013333333,-14.3230366666667,0 
-170.6478778333333,-14.3230343333333,0 
-170.6478866666667,-14.3230341666667,0 
-170.6478783333333,-14.3230293333333,0 
-170.6478823333333,-14.3230285000000,0 
-170.6478765000000,-14.3230295000000,0 
-170.6478845000000,-14.3230346666667,0 
-170.6478786666667,-14.3230280000000,0 
-170.6478948333333,-14.3230256666667,0 
-170.6478903333333,-14.3230418333333,0 
-170.6478951666667,-14.3230426666667,0 
-170.6478916666667,-14.3230438333333,0 
-170.6478946666667,-14.3230388333333,0 
-170.6479008333333,-14.3230358333333,0 
-170.6478851666667,-14.3230288333333,0 
-170.6479000000000,-14.3230265000000,0 
-170.6478870000000,-14.3230300000000,0 
-170.6478935000000,-14.3230233333333,0 
-170.6479006666667,-14.3230270000000,0 
-170.6479023333333,-14.3230335000000,0 
-170.6478996666667,-14.3230348333333,0 
-170.6479071666667,-14.3230338333333,0 
-170.6479041666667,-14.3230343333333,0 
-170.6479025000000,-14.3230306666667,0 
-170.6479053333333,-14.3230293333333,0 
-170.6479008333333,-14.3230238333333,0 
-170.6479048333333,-14.3230273333333,0 
-170.6478963333333,-14.3230291666667,0 
-170.6479150000000,-14.3230246666667,0 
-170.6478985000000,-14.3230220000000,0 
-170.6479151666667,-14.3230198333333,0 
-170.6478988333333,-14.3230241666667,0 
-170.6479051666667,-14.3230166666667,0 
-170.6479010000000,-14.3230113333333,0 
-170.6478951666667,-14.3230143333333,0 
-170.6478961666667,-14.3230121666667,0 
-170.6479035000000,-14.3230071666667,0 
-170.6478981666667,-14.3230208333333,0 
-170.6479048333333,-14.3230083333333,0 
-170.6479016666667,-14.3230156666667,0 
-170.6478945000000,-14.3230158333333,0 
-170.6479020000000,-14.3230106666667,0 
-170.6478968333333,-14.3230098333333,0 
-170.6478961666667,-14.3230105000000,0 
-170.6478985000000,-14.3230103333333,0 
-170.6478938333333,-14.3230033333333,0 
-170.6478871666667,-14.3230028333333,0 
-170.6478926666667,-14.3230050000000,0 
-170.6478930000000,-14.3230071666667,0 
-170.6479011666667,-14.3230060000000,0 
-170.6479028333333,-14.3230066666667,0 
-170.6478941666667,-14.3230050000000,0 
-170.6478933333333,-14.3230008333333,0 
-170.6478890000000,-14.3230015000000,0 
-170.6478901666667,-14.3229986666667,0 
-170.6478865000000,-14.3229993333333,0 
-170.6478950000000,-14.3230003333333,0 
-170.6478885000000,-14.3229961666667,0 
-170.6478868333333,-14.3229963333333,0 
-170.6478658333333,-14.3229788333333,0 
-170.6478721666667,-14.3229636666667,0 
-170.6478521666667,-14.3229673333333,0 
-170.6478623333333,-14.3229628333333,0 
-170.6478561666667,-14.3229675000000,0 
-170.6478600000000,-14.3229646666667,0 
-170.6478543333333,-14.3229621666667,0 
-170.6478708333333,-14.3229615000000,0 
-170.6478638333333,-14.3229728333333,0 
-170.6478701666667,-14.3229650000000,0 
-170.6478716666667,-14.3229646666667,0 
-170.6478601666667,-14.3229711666667,0 
-170.6478691666667,-14.3229675000000,0 
-170.6478690000000,-14.3229728333333,0 
-170.6478733333333,-14.3229745000000,0 
-170.6478750000000,-14.3229748333333,0 
-170.6478881666667,-14.3229790000000,0 
-170.6478765000000,-14.3229823333333,0 
-170.6478938333333,-14.3229778333333,0 
-170.6478825000000,-14.3229828333333,0 
-170.6478768333333,-14.3229700000000,0 
-170.6478783333333,-14.3229735000000,0 
-170.6478753333333,-14.3229706666667,0 
-170.6478735000000,-14.3229711666667,0 
-170.6478771666667,-14.3229720000000,0 
-170.6478741666667,-14.3229735000000,0 
-170.6478746666667,-14.3229696666667,0 
-170.6478711666667,-14.3229723333333,0 
-170.6478735000000,-14.3229703333333,0 
-170.6478775000000,-14.3229736666667,0 
-170.6478693333333,-14.3229721666667,0 
-170.6478770000000,-14.3229728333333,0 
-170.6478723333333,-14.3229768333333,0 
-170.6478736666667,-14.3229786666667,0 
-170.6478743333333,-14.3229760000000,0 
-170.6478725000000,-14.3229785000000,0 
-170.6478675000000,-14.3229820000000,0 
-170.6478761666667,-14.3229781666667,0 
-170.6478723333333,-14.3229838333333,0 
-170.6478745000000,-14.3229811666667,0 
-170.6478743333333,-14.3229803333333,0 
-170.6478718333333,-14.3229860000000,0 
-170.6478693333333,-14.3229846666667,0 
-170.6478778333333,-14.3229788333333,0 
-170.6478675000000,-14.3229843333333,0 
-170.6478756666667,-14.3229821666667,0 
-170.6478721666667,-14.3229840000000,0 
-170.6478795000000,-14.3229738333333,0 
-170.6478815000000,-14.3229796666667,0 
-170.6478696666667,-14.3229793333333,0 
-170.6478740000000,-14.3229763333333,0 
-170.6478748333333,-14.3229725000000,0 
-170.6478750000000,-14.3229728333333,0 
-170.6478738333333,-14.3229823333333,0 
-170.6478765000000,-14.3229820000000,0 
-170.6478810000000,-14.3229956666667,0 
-170.6478776666667,-14.3229990000000,0 
-170.6478780000000,-14.3229913333333,0 
-170.6478715000000,-14.3229905000000,0 
-170.6478750000000,-14.3229863333333,0 
-170.6478675000000,-14.3229836666667,0 
-170.6478696666667,-14.3229818333333,0 
-170.6478676666667,-14.3229796666667,0 
-170.6478638333333,-14.3229801666667,0 
-170.6478625000000,-14.3229796666667,0 
-170.6478650000000,-14.3229823333333,0 
-170.6478668333333,-14.3229866666667,0 
-170.6478723333333,-14.3229875000000,0 
-170.6478681666667,-14.3229858333333,0 
-170.6478686666667,-14.3229881666667,0 
-170.6478738333333,-14.3229845000000,0 
-170.6478716666667,-14.3229891666667,0 
-170.6478745000000,-14.3229875000000,0 
-170.6478750000000,-14.3229898333333,0 
-170.6478793333333,-14.3229888333333,0 
-170.6478720000000,-14.3229898333333,0 
-170.6478780000000,-14.3229828333333,0 
-170.6478773333333,-14.3229846666667,0 
-170.6478850000000,-14.3229808333333,0 
-170.6478811666667,-14.3229760000000,0 
-170.6478858333333,-14.3229765000000,0 
-170.6478781666667,-14.3229770000000,0 
-170.6478818333333,-14.3229780000000,0 
-170.6478810000000,-14.3229796666667,0 
-170.6478808333333,-14.3229755000000,0 
-170.6478873333333,-14.3229755000000,0 
-170.6478833333333,-14.3229810000000,0 
-170.6478830000000,-14.3229831666667,0 
-170.6478901666667,-14.3229806666667,0 
-170.6478888333333,-14.3229786666667,0 
-170.6478856666667,-14.3229770000000,0 
-170.6478875000000,-14.3229756666667,0 
-170.6478845000000,-14.3229786666667,0 
-170.6478853333333,-14.3229810000000,0 
-170.6478938333333,-14.3229811666667,0 
-170.6478831666667,-14.3229788333333,0 
-170.6478943333333,-14.3229813333333,0 
-170.6478843333333,-14.3229756666667,0 
-170.6478965000000,-14.3229753333333,0 
-170.6478850000000,-14.3229808333333,0 
-170.6478918333333,-14.3229766666667,0 
-170.6478888333333,-14.3229793333333,0 
-170.6478898333333,-14.3229785000000,0 
-170.6478876666667,-14.3229790000000,0 
-170.6478868333333,-14.3229766666667,0 
-170.6478856666667,-14.3229790000000,0 
-170.6478915000000,-14.3229793333333,0 
-170.6478826666667,-14.3229831666667,0 
-170.6478945000000,-14.3229778333333,0 
-170.6478875000000,-14.3229816666667,0 
-170.6478900000000,-14.3229798333333,0 
-170.6478883333333,-14.3229801666667,0 
-170.6478876666667,-14.3229786666667,0 
-170.6478878333333,-14.3229805000000,0 
-170.6478940000000,-14.3229790000000,0 
-170.6478925000000,-14.3229815000000,0 
-170.6478878333333,-14.3229820000000,0 
-170.6478908333333,-14.3229745000000,0 
-170.6478905000000,-14.3229841666667,0 
-170.6478923333333,-14.3229811666667,0 
-170.6478915000000,-14.3229803333333,0 
-170.6478896666667,-14.3229813333333,0 
-170.6478915000000,-14.3229826666667,0 
-170.6478868333333,-14.3229753333333,0 
-170.6478946666667,-14.3229806666667,0 
-170.6478900000000,-14.3229843333333,0 
-170.6478951666667,-14.3229778333333,0 
-170.6478870000000,-14.3229846666667,0 
-170.6478915000000,-14.3229823333333,0 
-170.6478855000000,-14.3229788333333,0 
-170.6478945000000,-14.3229780000000,0 
-170.6478825000000,-14.3229818333333,0 
-170.6479028333333,-14.3229756666667,0 
-170.6478821666667,-14.3229858333333,0 
-170.6479003333333,-14.3229748333333,0 
-170.6478846666667,-14.3229841666667,0 
-170.6479001666667,-14.3229791666667,0 
-170.6478846666667,-14.3229813333333,0 
-170.6478915000000,-14.3229788333333,0 
-170.6478861666667,-14.3229815000000,0 
-170.6478910000000,-14.3229783333333,0 
-170.6478905000000,-14.3229823333333,0 
-170.6478851666667,-14.3229831666667,0 
-170.6478940000000,-14.3229825000000,0 
-170.6478863333333,-14.3229868333333,0 
-170.6478870000000,-14.3229828333333,0 
-170.6478920000000,-14.3229823333333,0 
-170.6478855000000,-14.3229861666667,0 
-170.6478893333333,-14.3229800000000,0 
-170.6478883333333,-14.3229846666667,0 
-170.6478786666667,-14.3229811666667,0 
-170.6478975000000,-14.3229831666667,0 
-170.6478778333333,-14.3229881666667,0 
-170.6478986666667,-14.3229731666667,0 
-170.6478838333333,-14.3229950000000,0 
-170.6478948333333,-14.3229796666667,0 
-170.6478823333333,-14.3229885000000,0 
-170.6478905000000,-14.3229833333333,0 
-170.6478851666667,-14.3229850000000,0 
-170.6478955000000,-14.3229758333333,0 
-170.6478986666667,-14.3229830000000,0 
-170.6479013333333,-14.3229848333333,0 
-170.6478931666667,-14.3229846666667,0 
-170.6478903333333,-14.3229846666667,0 
-170.6478898333333,-14.3229801666667,0 
-170.6478931666667,-14.3229813333333,0 
-170.6478925000000,-14.3229773333333,0 
-170.6478863333333,-14.3229770000000,0 
-170.6478940000000,-14.3229846666667,0 
-170.6478891666667,-14.3229785000000,0 
-170.6478926666667,-14.3229780000000,0 
-170.6478895000000,-14.3229813333333,0 
-170.6478910000000,-14.3229856666667,0 
-170.6478936666667,-14.3229821666667,0 
-170.6478875000000,-14.3229948333333,0 
-170.6478896666667,-14.3229898333333,0 
-170.6478835000000,-14.3229876666667,0 
-170.6478788333333,-14.3229841666667,0 
-170.6478950000000,-14.3229950000000,0 
-170.6478903333333,-14.3229900000000,0 
-170.6478841666667,-14.3229758333333,0 
-170.6478976666667,-14.3229980000000,0 
-170.6478791666667,-14.3229823333333,0 
-170.6478823333333,-14.3229925000000,0 
-170.6478845000000,-14.3229900000000,0 
-170.6478983333333,-14.3229918333333,0 
-170.6478710000000,-14.3229950000000,0 
-170.6478876666667,-14.3229938333333,0 
-170.6478883333333,-14.3229901666667,0 
-170.6478770000000,-14.3229861666667,0 
-170.6478938333333,-14.3229923333333,0 
-170.6479020000000,-14.3229840000000,0 
-170.6478938333333,-14.3229903333333,0 
-170.6479028333333,-14.3229828333333,0 
-170.6478931666667,-14.3229813333333,0 
-170.6479050000000,-14.3229766666667,0 
-170.6478938333333,-14.3229850000000,0 
-170.6478960000000,-14.3229820000000,0 
-170.6478936666667,-14.3229880000000,0 
-170.6478938333333,-14.3229840000000,0 
-170.6478980000000,-14.3229855000000,0 
-170.6478940000000,-14.3229933333333,0 
-170.6479021666667,-14.3229921666667,0 
-170.6479021666667,-14.3229736666667,0 
-170.6479041666667,-14.3229920000000,0 
-170.6479021666667,-14.3229825000000,0 
-170.6479081666667,-14.3229750000000,0 
-170.6479085000000,-14.3229771666667,0 
-170.6479150000000,-14.3229678333333,0 
-170.6479098333333,-14.3229831666667,0 
-170.6479160000000,-14.3229871666667,0 
-170.6479108333333,-14.3229865000000,0 
-170.6479146666667,-14.3229948333333,0 
-170.6479110000000,-14.3229826666667,0 
-170.6479028333333,-14.3229798333333,0 
-170.6479025000000,-14.3229751666667,0 
-170.6478893333333,-14.3229830000000,0 
-170.6479030000000,-14.3229810000000,0 
-170.6478848333333,-14.3229826666667,0 
-170.6478918333333,-14.3229810000000,0 
-170.6478890000000,-14.3229835000000,0 
-170.6478870000000,-14.3229855000000,0 
-170.6478911666667,-14.3229713333333,0 
-170.6478930000000,-14.3229696666667,0 
-170.6478950000000,-14.3229708333333,0 
-170.6478876666667,-14.3229741666667,0 
-170.6478910000000,-14.3229736666667,0 
-170.6478915000000,-14.3229728333333,0 
-170.6478933333333,-14.3229711666667,0 
-170.6478916666667,-14.3229758333333,0 
-170.6478880000000,-14.3229705000000,0 
-170.6478980000000,-14.3229710000000,0 
-170.6478851666667,-14.3229738333333,0 
-170.6478885000000,-14.3229683333333,0 
-170.6478905000000,-14.3229731666667,0 
-170.6478891666667,-14.3229731666667,0 
-170.6478840000000,-14.3229733333333,0 
-170.6478858333333,-14.3229720000000,0 
-170.6478881666667,-14.3229703333333,0 
-170.6478893333333,-14.3229718333333,0 
-170.6478856666667,-14.3229721666667,0 
-170.6478898333333,-14.3229700000000,0 
-170.6478861666667,-14.3229735000000,0 
-170.6478893333333,-14.3229746666667,0 
-170.6478888333333,-14.3229691666667,0 
-170.6478865000000,-14.3229718333333,0 
-170.6478833333333,-14.3229685000000,0 
-170.6478866666667,-14.3229680000000,0 
-170.6478800000000,-14.3229723333333,0 
-170.6478855000000,-14.3229690000000,0 
-170.6478855000000,-14.3229713333333,0 
-170.6478825000000,-14.3229668333333,0 
-170.6478863333333,-14.3229650000000,0 
-170.6478800000000,-14.3229635000000,0 
-170.6478776666667,-14.3229643333333,0 
-170.6478756666667,-14.3229630000000,0 
-170.6478771666667,-14.3229656666667,0 
-170.6478786666667,-14.3229570000000,0 
-170.6478803333333,-14.3229548333333,0 
-170.6479060000000,-14.3229775000000,0 
-170.6478923333333,-14.3229725000000,0 
-170.6478868333333,-14.3229671666667,0 
-170.6478961666667,-14.3229653333333,0 
-170.6478851666667,-14.3229686666667,0 
-170.6478896666667,-14.3229678333333,0 
-170.6478911666667,-14.3229755000000,0 
-170.6478940000000,-14.3229711666667,0 
-170.6478925000000,-14.3229708333333,0 
-170.6478870000000,-14.3229746666667,0 
-170.6478883333333,-14.3229725000000,0 
-170.6478861666667,-14.3229700000000,0 
-170.6478710000000,-14.3229653333333,0 
-170.6478771666667,-14.3229676666667,0 
-170.6478780000000,-14.3229686666667,0 
-170.6478885000000,-14.3229738333333,0 
-170.6479005000000,-14.3229765000000,0 
-170.6478910000000,-14.3229803333333,0 
-170.6479001666667,-14.3229736666667,0 
-170.6478943333333,-14.3229755000000,0 
-170.6479001666667,-14.3229730000000,0 
-170.6478931666667,-14.3229776666667,0 
-170.6478948333333,-14.3229738333333,0 
-170.6478865000000,-14.3229768333333,0 
-170.6478976666667,-14.3229733333333,0 
-170.6478938333333,-14.3229745000000,0 
-170.6479010000000,-14.3229728333333,0 
-170.6478950000000,-14.3229730000000,0 
-170.6478956666667,-14.3229736666667,0 
-170.6478991666667,-14.3229726666667,0 
-170.6478885000000,-14.3229738333333,0 
-170.6478931666667,-14.3229740000000,0 
-170.6478890000000,-14.3229761666667,0 
-170.6478900000000,-14.3229776666667,0 
-170.6478951666667,-14.3229786666667,0 
-170.6478875000000,-14.3229795000000,0 
-170.6478901666667,-14.3229713333333,0 
-170.6478895000000,-14.3229796666667,0 
-170.6478940000000,-14.3229786666667,0 
-170.6478945000000,-14.3229805000000,0 
-170.6478855000000,-14.3229760000000,0 
-170.6478961666667,-14.3229745000000,0 
-170.6478988333333,-14.3229781666667,0 
-170.6478976666667,-14.3229763333333,0 
-170.6479006666667,-14.3229801666667,0 
-170.6478925000000,-14.3229758333333,0 
-170.6479065000000,-14.3229753333333,0 
-170.6478878333333,-14.3229721666667,0 
-170.6478995000000,-14.3229753333333,0 
-170.6478923333333,-14.3229726666667,0 
-170.6479005000000,-14.3229785000000,0 
-170.6479020000000,-14.3229740000000,0 
-170.6478956666667,-14.3229771666667,0 
-170.6478976666667,-14.3229768333333,0 
-170.6478940000000,-14.3229836666667,0 
-170.6478945000000,-14.3229795000000,0 
-170.6478976666667,-14.3229743333333,0 
-170.6478966666667,-14.3229751666667,0 
-170.6478981666667,-14.3229766666667,0 
-170.6478915000000,-14.3229786666667,0 
-170.6478908333333,-14.3229663333333,0 
-170.6478986666667,-14.3229720000000,0 
-170.6478881666667,-14.3229693333333,0 
-170.6478871666667,-14.3229680000000,0 
-170.6478831666667,-14.3229758333333,0 
-170.6478840000000,-14.3229706666667,0 
-170.6478870000000,-14.3229700000000,0 
-170.6478881666667,-14.3229670000000,0 
-170.6478801666667,-14.3229691666667,0 
-170.6478848333333,-14.3229685000000,0 
-170.6478816666667,-14.3229675000000,0 
-170.6478841666667,-14.3229671666667,0 
-170.6478810000000,-14.3229705000000,0 
-170.6478846666667,-14.3229673333333,0 
-170.6478818333333,-14.3229696666667,0 
-170.6478805000000,-14.3229700000000,0 
-170.6478823333333,-14.3229655000000,0 
-170.6478893333333,-14.3229660000000,0 
-170.6478778333333,-14.3229683333333,0 
-170.6478856666667,-14.3229666666667,0 
-170.6478785000000,-14.3229736666667,0 
-170.6478923333333,-14.3229680000000,0 
-170.6478820000000,-14.3229713333333,0 
-170.6478811666667,-14.3229693333333,0 
-170.6478795000000,-14.3229631666667,0 
-170.6478720000000,-14.3229676666667,0 
-170.6478801666667,-14.3229620000000,0 
-170.6478740000000,-14.3229676666667,0 
-170.6478676666667,-14.3229628333333,0 
-170.6478705000000,-14.3229611666667,0 
-170.6478671666667,-14.3229633333333,0 
-170.6478746666667,-14.3229635000000,0 
-170.6478678333333,-14.3229636666667,0 
-170.6478813333333,-14.3229598333333,0 
-170.6478721666667,-14.3229645000000,0 
-170.6478798333333,-14.3229628333333,0 
-170.6478741666667,-14.3229636666667,0 
-170.6478776666667,-14.3229633333333,0 
-170.6478718333333,-14.3229653333333,0 
-170.6478756666667,-14.3229663333333,0 
-170.6478741666667,-14.3229666666667,0 
-170.6478740000000,-14.3229693333333,0 
-170.6478678333333,-14.3229720000000,0 
-170.6478695000000,-14.3229640000000,0 
-170.6478641666667,-14.3229675000000,0 
-170.6478785000000,-14.3229635000000,0 
-170.6478838333333,-14.3229693333333,0 
-170.6478793333333,-14.3229696666667,0 
-170.6478800000000,-14.3229703333333,0 
-170.6478823333333,-14.3229716666667,0 
-170.6478801666667,-14.3229750000000,0 
-170.6478816666667,-14.3229741666667,0 
-170.6478833333333,-14.3229750000000,0 
-170.6478803333333,-14.3229758333333,0 
-170.6478785000000,-14.3229716666667,0 
-170.6478851666667,-14.3229765000000,0 
-170.6478708333333,-14.3229783333333,0 
-170.6478871666667,-14.3229750000000,0 
-170.6478816666667,-14.3229850000000,0 
-170.6478963333333,-14.3229920000000,0 
-170.6478995000000,-14.3229931666667,0 
-170.6479093333333,-14.3230011666667,0 
-170.6479121666667,-14.3230061666667,0 
-170.6479235000000,-14.3230095000000,0 
-170.6479213333333,-14.3230118333333,0 
-170.6479278333333,-14.3230130000000,0 
-170.6479331666667,-14.3230165000000,0 
-170.6479216666667,-14.3230051666667,0 
-170.6479198333333,-14.3230001666667,0 
-170.6479256666667,-14.3229976666667,0 
-170.6479203333333,-14.3230021666667,0 
-170.6479306666667,-14.3229990000000,0 
-170.6479336666667,-14.3230056666667,0 
-170.6479505000000,-14.3230096666667,0 
-170.6479495000000,-14.3230208333333,0 
-170.6479708333333,-14.3230220000000,0 
-170.6479680000000,-14.3230415000000,0 
-170.6479665000000,-14.3230393333333,0 
-170.6479818333333,-14.3230360000000,0 
-170.6479633333333,-14.3230420000000,0 
-170.6479753333333,-14.3230405000000,0 
-170.6479691666667,-14.3230398333333,0 
-170.6479763333333,-14.3230405000000,0 
-170.6479763333333,-14.3230393333333,0 
-170.6479790000000,-14.3230500000000,0 
-170.6479820000000,-14.3230723333333,0 
-170.6479843333333,-14.3230628333333,0 
-170.6479898333333,-14.3230690000000,0 
-170.6479921666667,-14.3230623333333,0 
-170.6480011666667,-14.3230576666667,0 
-170.6479978333333,-14.3230568333333,0 
-170.6480055000000,-14.3230483333333,0 
-170.6480113333333,-14.3230526666667,0 
-170.6480111666667,-14.3230483333333,0 
-170.6480201666667,-14.3230398333333,0 
-170.6480115000000,-14.3230390000000,0 
-170.6480135000000,-14.3230193333333,0 
-170.6480163333333,-14.3230163333333,0 
-170.6480130000000,-14.3230211666667,0 
-170.6480240000000,-14.3230143333333,0 
-170.6480115000000,-14.3230255000000,0 
-170.6480221666667,-14.3230303333333,0 
-170.6480193333333,-14.3230501666667,0 
-170.6480278333333,-14.3230431666667,0 
-170.6480210000000,-14.3230558333333,0 
-170.6480251666667,-14.3230430000000,0 
-170.6480181666667,-14.3230505000000,0 
-170.6480308333333,-14.3230436666667,0 
-170.6480180000000,-14.3230468333333,0 
-170.6480310000000,-14.3230378333333,0 
-170.6480200000000,-14.3230450000000,0 
-170.6480261666667,-14.3230401666667,0 
-170.6480218333333,-14.3230480000000,0 
-170.6480233333333,-14.3230371666667,0 
-170.6480205000000,-14.3230491666667,0 
-170.6480295000000,-14.3230435000000,0 
-170.6480180000000,-14.3230491666667,0 
-170.6480265000000,-14.3230493333333,0 
-170.6480281666667,-14.3230440000000,0 
-170.6480253333333,-14.3230451666667,0 
-170.6480238333333,-14.3230473333333,0 
-170.6480225000000,-14.3230443333333,0 
-170.6480220000000,-14.3230456666667,0 
-170.6480223333333,-14.3230455000000,0 
-170.6480183333333,-14.3230513333333,0 
-170.6480228333333,-14.3230430000000,0 
-170.6480206666667,-14.3230468333333,0 
-170.6480241666667,-14.3230416666667,0 
-170.6480195000000,-14.3230525000000,0 
-170.6480243333333,-14.3230455000000,0 
-170.6480215000000,-14.3230495000000,0 
-170.6480256666667,-14.3230425000000,0 
-170.6480185000000,-14.3230521666667,0 
-170.6480186666667,-14.3230378333333,0 
-170.6480231666667,-14.3230438333333,0 
-170.6480248333333,-14.3230418333333,0 
-170.6480271666667,-14.3230381666667,0 
-170.6480230000000,-14.3230361666667,0 
-170.6480268333333,-14.3230330000000,0 
-170.6480290000000,-14.3230338333333,0 
-170.6480285000000,-14.3230378333333,0 
-170.6480305000000,-14.3230311666667,0 
-170.6480303333333,-14.3230335000000,0 
-170.6480276666667,-14.3230328333333,0 
-170.6480280000000,-14.3230353333333,0 
-170.6480286666667,-14.3230330000000,0 
-170.6480263333333,-14.3230350000000,0 
-170.6480310000000,-14.3230430000000,0 
-170.6480406666667,-14.3230510000000,0 
-170.6480293333333,-14.3230538333333,0 
-170.6480385000000,-14.3230516666667,0 
-170.6480330000000,-14.3230540000000,0 
-170.6480381666667,-14.3230530000000,0 
-170.6480350000000,-14.3230515000000,0 
-170.6480365000000,-14.3230521666667,0 
-170.6480400000000,-14.3230528333333,0 
-170.6480338333333,-14.3230565000000,0 
-170.6480381666667,-14.3230543333333,0 
-170.6480355000000,-14.3230626666667,0 
-170.6480345000000,-14.3230590000000,0 
-170.6480373333333,-14.3230565000000,0 
-170.6480205000000,-14.3230636666667,0 
-170.6480490000000,-14.3230450000000,0 
-170.6480278333333,-14.3230586666667,0 
-170.6480415000000,-14.3230475000000,0 
-170.6480371666667,-14.3230581666667,0 
-170.6480365000000,-14.3230585000000,0 
-170.6480390000000,-14.3230556666667,0 
-170.6480385000000,-14.3230573333333,0 
-170.6480350000000,-14.3230583333333,0 
-170.6480401666667,-14.3230550000000,0 
-170.6480336666667,-14.3230575000000,0 
-170.6480360000000,-14.3230518333333,0 
-170.6480265000000,-14.3230553333333,0 
-170.6480346666667,-14.3230446666667,0 
-170.6480300000000,-14.3230521666667,0 
-170.6480295000000,-14.3230435000000,0 
-170.6480338333333,-14.3230426666667,0 
-170.6480298333333,-14.3230430000000,0 
-170.6480325000000,-14.3230421666667,0 
-170.6480366666667,-14.3230418333333,0 
-170.6480318333333,-14.3230425000000,0 
-170.6480376666667,-14.3230390000000,0 
-170.6480340000000,-14.3230396666667,0 
-170.6480295000000,-14.3230360000000,0 
-170.6480283333333,-14.3230408333333,0 
-170.6480291666667,-14.3230333333333,0 
-170.6480273333333,-14.3230325000000,0 
-170.6480166666667,-14.3230333333333,0 
-170.6480175000000,-14.3230303333333,0 
-170.6480066666667,-14.3230378333333,0 
-170.6480101666667,-14.3230368333333,0 
-170.6479980000000,-14.3230410000000,0 
-170.6480010000000,-14.3230320000000,0 
-170.6479946666667,-14.3230323333333,0 
-170.6479925000000,-14.3230316666667,0 
-170.6479843333333,-14.3230318333333,0 
-170.6479825000000,-14.3230295000000,0 
-170.6479816666667,-14.3230258333333,0 
-170.6479803333333,-14.3230211666667,0 
-170.6479806666667,-14.3230183333333,0 
-170.6479776666667,-14.3230136666667,0 
-170.6479705000000,-14.3230110000000,0 
-170.6479716666667,-14.3230091666667,0 
-170.6479673333333,-14.3230085000000,0 
-170.6479775000000,-14.3230025000000,0 
-170.6479725000000,-14.3230038333333,0 
-170.6479836666667,-14.3230065000000,0 
-170.6479833333333,-14.3230153333333,0 
-170.6479845000000,-14.3230080000000,0 
-170.6479656666667,-14.3230113333333,0 
-170.6479636666667,-14.3230038333333,0 
-170.6479573333333,-14.3230058333333,0 
-170.6479503333333,-14.3230041666667,0 
-170.6479528333333,-14.3229985000000,0 
-170.6479376666667,-14.3230000000000,0 
-170.6479490000000,-14.3229986666667,0 
-170.6479351666667,-14.3230015000000,0 
-170.6479463333333,-14.3229915000000,0 
-170.6479255000000,-14.3230000000000,0 
-170.6479453333333,-14.3229861666667,0 
-170.6479345000000,-14.3229945000000,0 
-170.6479361666667,-14.3229896666667,0 
-170.6479230000000,-14.3230041666667,0 
-170.6479386666667,-14.3230008333333,0 
-170.6479033333333,-14.3230083333333,0 
-170.6479126666667,-14.3230075000000,0 
-170.6478943333333,-14.3230075000000,0 
-170.6478778333333,-14.3230141666667,0 
-170.6478678333333,-14.3230121666667,0 
-170.6478555000000,-14.3230155000000,0 
-170.6478656666667,-14.3230105000000,0 
-170.6478525000000,-14.3230165000000,0 
-170.6478408333333,-14.3230158333333,0 
-170.6478370000000,-14.3230118333333,0 
-170.6478310000000,-14.3230098333333,0 
-170.6478135000000,-14.3230046666667,0 
-170.6478196666667,-14.3230015000000,0 
-170.6477963333333,-14.3230013333333,0 
-170.6478116666667,-14.3229913333333,0 
-170.6477813333333,-14.3229770000000,0 
-170.6477838333333,-14.3229723333333,0 
-170.6477760000000,-14.3229620000000,0 
-170.6477656666667,-14.3229573333333,0 
-170.6477653333333,-14.3229508333333,0 
-170.6477480000000,-14.3229525000000,0 
-170.6477658333333,-14.3229453333333,0 
-170.6477580000000,-14.3229428333333,0 
-170.6477543333333,-14.3229361666667,0 
-170.6477395000000,-14.3229345000000,0 
-170.6477500000000,-14.3229253333333,0 
-170.6477356666667,-14.3229295000000,0 
-170.6477368333333,-14.3229196666667,0 
-170.6477250000000,-14.3229203333333,0 
-170.6477341666667,-14.3229215000000,0 
-170.6477430000000,-14.3229255000000,0 
-170.6477561666667,-14.3229151666667,0 
-170.6477460000000,-14.3229191666667,0 
-170.6477358333333,-14.3229075000000,0 
-170.6477273333333,-14.3229045000000,0 
-170.6477195000000,-14.3229023333333,0 
-170.6477061666667,-14.3229048333333,0 
-170.6477078333333,-14.3228973333333,0 
-170.6477015000000,-14.3229030000000,0 
-170.6477035000000,-14.3229026666667,0 
-170.6477070000000,-14.3229020000000,0 
-170.6477313333333,-14.3228941666667,0 
-170.6477346666667,-14.3228968333333,0 
-170.6477171666667,-14.3228938333333,0 
-170.6477221666667,-14.3228915000000,0 
-170.6477206666667,-14.3228920000000,0 
-170.6477050000000,-14.3228918333333,0 
-170.6477113333333,-14.3228925000000,0 
-170.6476973333333,-14.3228941666667,0 
-170.6477001666667,-14.3228845000000,0 
-170.6476986666667,-14.3228933333333,0 
-170.6476893333333,-14.3228888333333,0 
-170.6476905000000,-14.3228893333333,0 
-170.6476800000000,-14.3228856666667,0 
-170.6476891666667,-14.3228881666667,0 
-170.6476835000000,-14.3228900000000,0 
-170.6476881666667,-14.3228845000000,0 
-170.6476836666667,-14.3228921666667,0 
-170.6476840000000,-14.3228933333333,0 
-170.6476870000000,-14.3228915000000,0 
-170.6476801666667,-14.3228865000000,0 
-170.6476826666667,-14.3228833333333,0 
-170.6476866666667,-14.3228818333333,0 
-170.6476786666667,-14.3228905000000,0 
-170.6476826666667,-14.3228818333333,0 
-170.6476791666667,-14.3228853333333,0 
-170.6476843333333,-14.3228846666667,0 
-170.6476780000000,-14.3228841666667,0 
-170.6476883333333,-14.3228823333333,0 
-170.6476893333333,-14.3228786666667,0 
-170.6476896666667,-14.3228825000000,0 
-170.6476955000000,-14.3228843333333,0 
-170.6476995000000,-14.3228766666667,0 
-170.6476885000000,-14.3228840000000,0 
-170.6477040000000,-14.3228808333333,0 
-170.6476930000000,-14.3228855000000,0 
-170.6477020000000,-14.3228888333333,0 
-170.6477025000000,-14.3228808333333,0 
-170.6476956666667,-14.3228888333333,0 
-170.6477091666667,-14.3228853333333,0 
-170.6477006666667,-14.3228898333333,0 
-170.6477008333333,-14.3228861666667,0 
-170.6477066666667,-14.3228900000000,0 
-170.6477018333333,-14.3228928333333,0 
-170.6477015000000,-14.3228851666667,0 
-170.6477003333333,-14.3228848333333,0 
-170.6476955000000,-14.3228881666667,0 
-170.6476995000000,-14.3228858333333,0 
-170.6477043333333,-14.3228898333333,0 
-170.6476890000000,-14.3228870000000,0 
-170.6477063333333,-14.3228878333333,0 
-170.6476950000000,-14.3228871666667,0 
-170.6477001666667,-14.3228920000000,0 
-170.6477048333333,-14.3228926666667,0 
-170.6477035000000,-14.3228890000000,0 
-170.6477006666667,-14.3228926666667,0 
-170.6477033333333,-14.3228820000000,0 
-170.6477098333333,-14.3228873333333,0 
-170.6477028333333,-14.3228886666667,0 
-170.6477121666667,-14.3228876666667,0 
-170.6477048333333,-14.3228833333333,0 
-170.6476981666667,-14.3228798333333,0 
-170.6477030000000,-14.3228793333333,0 
-170.6477018333333,-14.3228861666667,0 
-170.6477063333333,-14.3228828333333,0 
-170.6477061666667,-14.3228825000000,0 
-170.6477035000000,-14.3228825000000,0 
-170.6477081666667,-14.3228875000000,0 
-170.6477086666667,-14.3228908333333,0 
-170.6477093333333,-14.3228891666667,0 
-170.6477053333333,-14.3228866666667,0 
-170.6477060000000,-14.3228845000000,0 
-170.6477033333333,-14.3228848333333,0 
-170.6477091666667,-14.3228815000000,0 
-170.6477048333333,-14.3228808333333,0 
-170.6477030000000,-14.3228780000000,0 
-170.6477011666667,-14.3228766666667,0 
-170.6477011666667,-14.3228818333333,0 
-170.6476991666667,-14.3228808333333,0 
-170.6477015000000,-14.3228825000000,0 
-170.6477018333333,-14.3228823333333,0 
-170.6476995000000,-14.3228855000000,0 
-170.6477055000000,-14.3228800000000,0 
-170.6477000000000,-14.3228853333333,0 
-170.6477008333333,-14.3228858333333,0 
-170.6477048333333,-14.3228835000000,0 
-170.6476948333333,-14.3228856666667,0 
-170.6477011666667,-14.3228846666667,0 
-170.6477005000000,-14.3228840000000,0 
-170.6476981666667,-14.3228858333333,0 
-170.6477061666667,-14.3228860000000,0 
-170.6476978333333,-14.3228888333333,0 
-170.6477028333333,-14.3228883333333,0 
-170.6476943333333,-14.3228883333333,0 
-170.6476941666667,-14.3228878333333,0 
-170.6476938333333,-14.3228895000000,0 
-170.6476981666667,-14.3228895000000,0 
-170.6476901666667,-14.3228843333333,0 
-170.6476960000000,-14.3228851666667,0 
-170.6477000000000,-14.3228788333333,0 
-170.6477023333333,-14.3228760000000,0 
-170.6477001666667,-14.3228761666667,0 
-170.6477003333333,-14.3228823333333,0 
-170.6477125000000,-14.3228856666667,0 
-170.6476948333333,-14.3228853333333,0 
-170.6477126666667,-14.3228778333333,0 
-170.6476960000000,-14.3228811666667,0 
-170.6477130000000,-14.3228773333333,0 
-170.6476940000000,-14.3228800000000,0 
-170.6477153333333,-14.3228728333333,0 
-170.6476996666667,-14.3228798333333,0 
-170.6477156666667,-14.3228761666667,0 
-170.6477095000000,-14.3228721666667,0 
-170.6477105000000,-14.3228753333333,0 
-170.6477098333333,-14.3228775000000,0 
-170.6477075000000,-14.3228791666667,0 
-170.6477093333333,-14.3228780000000,0 
-170.6477115000000,-14.3228730000000,0 
-170.6477070000000,-14.3228775000000,0 
-170.6477096666667,-14.3228763333333,0 
-170.6477096666667,-14.3228753333333,0 
-170.6477090000000,-14.3228783333333,0 
-170.6477043333333,-14.3228806666667,0 
-170.6477103333333,-14.3228760000000,0 
-170.6477043333333,-14.3228791666667,0 
-170.6477130000000,-14.3228793333333,0 
-170.6477083333333,-14.3228805000000,0 
-170.6477065000000,-14.3228801666667,0 
-170.6477143333333,-14.3228806666667,0 
-170.6477068333333,-14.3228815000000,0 
-170.6477096666667,-14.3228765000000,0 
-170.6477095000000,-14.3228750000000,0 
-170.6477000000000,-14.3228740000000,0 
-170.6477101666667,-14.3228731666667,0 
-170.6477013333333,-14.3228796666667,0 
-170.6477108333333,-14.3228705000000,0 
-170.6477041666667,-14.3228778333333,0 
-170.6477080000000,-14.3228763333333,0 
-170.6477025000000,-14.3228795000000,0 
-170.6477096666667,-14.3228785000000,0 
-170.6476995000000,-14.3228748333333,0 
-170.6477086666667,-14.3228726666667,0 
-170.6477023333333,-14.3228766666667,0 
-170.6477056666667,-14.3228718333333,0 
-170.6477048333333,-14.3228761666667,0 
-170.6477016666667,-14.3228751666667,0 
-170.6477091666667,-14.3228765000000,0 
-170.6477038333333,-14.3228816666667,0 
-170.6477130000000,-14.3228768333333,0 
-170.6477053333333,-14.3228775000000,0 
-170.6477078333333,-14.3228745000000,0 
-170.6477036666667,-14.3228783333333,0 
-170.6477086666667,-14.3228745000000,0 
-170.6477035000000,-14.3228796666667,0 
-170.6477046666667,-14.3228773333333,0 
-170.6477031666667,-14.3228791666667,0 
-170.6477100000000,-14.3228756666667,0 
-170.6477021666667,-14.3228800000000,0 
-170.6477185000000,-14.3228746666667,0 
-170.6477003333333,-14.3228820000000,0 
-170.6477118333333,-14.3228736666667,0 
-170.6477078333333,-14.3228810000000,0 
-170.6477033333333,-14.3228800000000,0 
-170.6477115000000,-14.3228813333333,0 
-170.6476965000000,-14.3228793333333,0 
-170.6477016666667,-14.3228748333333,0 
-170.6476973333333,-14.3228810000000,0 
-170.6476983333333,-14.3228790000000,0 
-170.6476911666667,-14.3228826666667,0 
-170.6476921666667,-14.3228830000000,0 
-170.6476913333333,-14.3228878333333,0 
-170.6476955000000,-14.3228923333333,0 
-170.6476935000000,-14.3228933333333,0 
-170.6476945000000,-14.3228921666667,0 
-170.6476883333333,-14.3228965000000,0 
-170.6476870000000,-14.3228978333333,0 
-170.6477020000000,-14.3229043333333,0 
-170.6476976666667,-14.3229055000000,0 
-170.6477008333333,-14.3229035000000,0 
-170.6476996666667,-14.3229110000000,0 
-170.6476991666667,-14.3229161666667,0 
-170.6476960000000,-14.3229133333333,0 
-170.6477181666667,-14.3229115000000,0 
-170.6477021666667,-14.3229210000000,0 
-170.6477130000000,-14.3229171666667,0 
-170.6477121666667,-14.3229228333333,0 
-170.6477163333333,-14.3229230000000,0 
-170.6477200000000,-14.3229241666667,0 
-170.6477061666667,-14.3229281666667,0 
-170.6477083333333,-14.3229261666667,0 
-170.6477026666667,-14.3229263333333,0 
-170.6476878333333,-14.3229280000000,0 
-170.6476871666667,-14.3229216666667,0 
-170.6476801666667,-14.3229268333333,0 
-170.6476743333333,-14.3229236666667,0 
-170.6476633333333,-14.3229305000000,0 
-170.6476670000000,-14.3229265000000,0 
-170.6476625000000,-14.3229260000000,0 
-170.6476756666667,-14.3229225000000,0 
-170.6476616666667,-14.3229213333333,0 
-170.6476585000000,-14.3229141666667,0 
-170.6476578333333,-14.3229111666667,0 
-170.6476550000000,-14.3229020000000,0 
-170.6476565000000,-14.3228961666667,0 
-170.6476526666667,-14.3228925000000,0 
-170.6476458333333,-14.3228886666667,0 
-170.6476545000000,-14.3228783333333,0 
-170.6476588333333,-14.3228940000000,0 
-170.6476760000000,-14.3229036666667,0 
-170.6476655000000,-14.3228983333333,0 
-170.6476688333333,-14.3228971666667,0 
-170.6476656666667,-14.3228830000000,0 
-170.6476536666667,-14.3228881666667,0 
-170.6476606666667,-14.3228800000000,0 
-170.6476423333333,-14.3228745000000,0 
-170.6476591666667,-14.3228770000000,0 
-170.6476426666667,-14.3228746666667,0 
-170.6476543333333,-14.3228691666667,0 
-170.6476336666667,-14.3228673333333,0 
-170.6476410000000,-14.3228648333333,0 
-170.6476393333333,-14.3228598333333,0 
-170.6476323333333,-14.3228611666667,0 
-170.6476348333333,-14.3228578333333,0 
-170.6476338333333,-14.3228635000000,0 
-170.6476285000000,-14.3228523333333,0 
-170.6476308333333,-14.3228596666667,0 
-170.6476303333333,-14.3228600000000,0 
-170.6476255000000,-14.3228583333333,0 
-170.6476341666667,-14.3228591666667,0 
-170.6476298333333,-14.3228610000000,0 
-170.6476306666667,-14.3228635000000,0 
-170.6476288333333,-14.3228555000000,0 
-170.6476353333333,-14.3228605000000,0 
-170.6476303333333,-14.3228638333333,0 
-170.6476360000000,-14.3228626666667,0 
-170.6476370000000,-14.3228558333333,0 
-170.6476340000000,-14.3228580000000,0 
-170.6476356666667,-14.3228553333333,0 
-170.6476425000000,-14.3228588333333,0 
-170.6476271666667,-14.3228561666667,0 
-170.6476410000000,-14.3228603333333,0 
-170.6476263333333,-14.3228618333333,0 
-170.6476310000000,-14.3228556666667,0 
-170.6476408333333,-14.3228556666667,0 
-170.6476291666667,-14.3228623333333,0 
-170.6476351666667,-14.3228575000000,0 
-170.6476150000000,-14.3228531666667,0 
-170.6476131666667,-14.3228491666667,0 
-170.6476161666667,-14.3228503333333,0 
-170.6476081666667,-14.3228550000000,0 
-170.6476188333333,-14.3228475000000,0 
-170.6476070000000,-14.3228440000000,0 
-170.6476040000000,-14.3228418333333,0 
-170.6476151666667,-14.3228445000000,0 
-170.6476063333333,-14.3228441666667,0 
-170.6476080000000,-14.3228400000000,0 
-170.6476030000000,-14.3228406666667,0 
-170.6476131666667,-14.3228415000000,0 
-170.6476063333333,-14.3228391666667,0 
-170.6476043333333,-14.3228338333333,0 
-170.6476101666667,-14.3228353333333,0 
-170.6476121666667,-14.3228438333333,0 
-170.6476130000000,-14.3228460000000,0 
-170.6476188333333,-14.3228453333333,0 
-170.6476145000000,-14.3228431666667,0 
-170.6476153333333,-14.3228450000000,0 
-170.6476153333333,-14.3228470000000,0 
-170.6476158333333,-14.3228483333333,0 
-170.6476218333333,-14.3228551666667,0 
-170.6476196666667,-14.3228485000000,0 
-170.6476196666667,-14.3228553333333,0 
-170.6476213333333,-14.3228516666667,0 
-170.6476296666667,-14.3228468333333,0 
-170.6476183333333,-14.3228456666667,0 
-170.6476183333333,-14.3228461666667,0 
-170.6476160000000,-14.3228490000000,0 
-170.6476050000000,-14.3228401666667,0 
-170.6476035000000,-14.3228413333333,0 
-170.6475940000000,-14.3228368333333,0 
-170.6475931666667,-14.3228333333333,0 
-170.6475913333333,-14.3228360000000,0 
-170.6475900000000,-14.3228418333333,0 
-170.6475985000000,-14.3228448333333,0 
-170.6475785000000,-14.3228405000000,0 
-170.6475823333333,-14.3228438333333,0 
-170.6475825000000,-14.3228430000000,0 
-170.6475816666667,-14.3228448333333,0 
-170.6475848333333,-14.3228483333333,0 
-170.6475773333333,-14.3228416666667,0 
-170.6475728333333,-14.3228398333333,0 
-170.6475723333333,-14.3228280000000,0 
-170.6475683333333,-14.3228325000000,0 
-170.6475668333333,-14.3228325000000,0 
-170.6475603333333,-14.3228323333333,0 
-170.6475668333333,-14.3228290000000,0 
-170.6475698333333,-14.3228213333333,0 
-170.6475605000000,-14.3228211666667,0 
-170.6475761666667,-14.3228168333333,0 
-170.6475700000000,-14.3228183333333,0 
-170.6475755000000,-14.3228113333333,0 
-170.6475786666667,-14.3228096666667,0 
-170.6475675000000,-14.3228091666667,0 
-170.6475676666667,-14.3227918333333,0 
-170.6475648333333,-14.3227935000000,0 
-170.6475431666667,-14.3227905000000,0 
-170.6475495000000,-14.3227806666667,0 
-170.6475153333333,-14.3227791666667,0 
-170.6475060000000,-14.3227711666667,0 
-170.6474925000000,-14.3227760000000,0 
-170.6474800000000,-14.3227741666667,0 
-170.6474908333333,-14.3227721666667,0 
-170.6475051666667,-14.3227833333333,0 
-170.6475080000000,-14.3227838333333,0 
-170.6475190000000,-14.3227898333333,0 
-170.6475183333333,-14.3227940000000,0 
-170.6475360000000,-14.3227920000000,0 
-170.6475228333333,-14.3227975000000,0 
-170.6475335000000,-14.3227950000000,0 
-170.6475255000000,-14.3227946666667,0 
-170.6475251666667,-14.3227833333333,0 
-170.6475271666667,-14.3227903333333,0 
-170.6475325000000,-14.3227866666667,0 
-170.6475373333333,-14.3227810000000,0 
-170.6475330000000,-14.3227806666667,0 
-170.6475311666667,-14.3227855000000,0 
-170.6475360000000,-14.3227763333333,0 
-170.6475305000000,-14.3227743333333,0 
-170.6475331666667,-14.3227753333333,0 
-170.6475196666667,-14.3227740000000,0 
-170.6475315000000,-14.3227665000000,0 
-170.6475353333333,-14.3227676666667,0 
-170.6475326666667,-14.3227708333333,0 
-170.6475293333333,-14.3227681666667,0 
-170.6475443333333,-14.3227671666667,0 
-170.6475341666667,-14.3227756666667,0 
-170.6475495000000,-14.3227878333333,0 
-170.6475466666667,-14.3227936666667,0 
-170.6475463333333,-14.3228000000000,0 
-170.6475616666667,-14.3227976666667,0 
-170.6475515000000,-14.3228028333333,0 
-170.6475676666667,-14.3227928333333,0 
-170.6475638333333,-14.3227926666667,0 
-170.6475648333333,-14.3227825000000,0 
-170.6475698333333,-14.3227755000000,0 
-170.6475656666667,-14.3227813333333,0 
-170.6475656666667,-14.3227695000000,0 
-170.6475663333333,-14.3227743333333,0 
-170.6475690000000,-14.3227710000000,0 
-170.6475491666667,-14.3227818333333,0 
-170.6475480000000,-14.3227713333333,0 
-170.6475495000000,-14.3227608333333,0 
-170.6475551666667,-14.3227570000000,0 
-170.6475430000000,-14.3227648333333,0 
-170.6475521666667,-14.3227530000000,0 
-170.6475481666667,-14.3227725000000,0 
-170.6475540000000,-14.3227625000000,0 
-170.6475556666667,-14.3227718333333,0 
-170.6475546666667,-14.3227688333333,0 
-170.6475553333333,-14.3227703333333,0 
-170.6475623333333,-14.3227680000000,0 
-170.6475610000000,-14.3227748333333,0 
-170.6475650000000,-14.3227756666667,0 
-170.6475623333333,-14.3227800000000,0 
-170.6475673333333,-14.3227721666667,0 
-170.6475635000000,-14.3227853333333,0 
-170.6475656666667,-14.3227840000000,0 
-170.6475645000000,-14.3227793333333,0 
-170.6475498333333,-14.3227740000000,0 
-170.6475618333333,-14.3227755000000,0 
-170.6475491666667,-14.3227796666667,0 
-170.6475620000000,-14.3227863333333,0 
-170.6475458333333,-14.3227863333333,0 
-170.6475580000000,-14.3227816666667,0 
-170.6475620000000,-14.3227851666667,0 
-170.6475526666667,-14.3227713333333,0 
-170.6475493333333,-14.3227718333333,0 
-170.6475420000000,-14.3227666666667,0 
-170.6475370000000,-14.3227610000000,0 
-170.6475413333333,-14.3227566666667,0 
-170.6475360000000,-14.3227581666667,0 
-170.6475426666667,-14.3227478333333,0 
-170.6475286666667,-14.3227458333333,0 
-170.6475265000000,-14.3227388333333,0 
-170.6475258333333,-14.3227338333333,0 
-170.6475146666667,-14.3227353333333,0 
-170.6475190000000,-14.3227298333333,0 
-170.6475040000000,-14.3227326666667,0 
-170.6475128333333,-14.3227303333333,0 
-170.6475130000000,-14.3227335000000,0 
-170.6475080000000,-14.3227341666667,0 
-170.6475016666667,-14.3227273333333,0 
-170.6475068333333,-14.3227275000000,0 
-170.6475021666667,-14.3227293333333,0 
-170.6475046666667,-14.3227246666667,0 
-170.6475048333333,-14.3227196666667,0 
-170.6475105000000,-14.3227125000000,0 
-170.6474961666667,-14.3227051666667,0 
-170.6475003333333,-14.3226923333333,0 
-170.6474840000000,-14.3226830000000,0 
-170.6474848333333,-14.3226828333333,0 
-170.6474946666667,-14.3226816666667,0 
-170.6474916666667,-14.3226825000000,0 
-170.6474921666667,-14.3226780000000,0 
-170.6474943333333,-14.3226796666667,0 
-170.6474965000000,-14.3226788333333,0 
-170.6474935000000,-14.3226796666667,0 
-170.6474921666667,-14.3226825000000,0 
-170.6474941666667,-14.3226781666667,0 
-170.6474816666667,-14.3226775000000,0 
-170.6474840000000,-14.3226763333333,0 
-170.6474895000000,-14.3226816666667,0 
-170.6474836666667,-14.3226868333333,0 
-170.6474888333333,-14.3226868333333,0 
-170.6474875000000,-14.3226791666667,0 
-170.6474755000000,-14.3226845000000,0 
-170.6474753333333,-14.3226640000000,0 
-170.6474516666667,-14.3226690000000,0 
-170.6474565000000,-14.3226558333333,0 
-170.6474373333333,-14.3226575000000,0 
-170.6474388333333,-14.3226508333333,0 
-170.6474335000000,-14.3226531666667,0 
-170.6474508333333,-14.3226551666667,0 
-170.6474565000000,-14.3226531666667,0 
-170.6474628333333,-14.3226538333333,0 
-170.6474721666667,-14.3226631666667,0 
-170.6474738333333,-14.3226656666667,0 
-170.6474843333333,-14.3226578333333,0 
-170.6474776666667,-14.3226641666667,0 
-170.6474818333333,-14.3226575000000,0 
-170.6474803333333,-14.3226640000000,0 
-170.6474770000000,-14.3226605000000,0 
-170.6474876666667,-14.3226600000000,0 
-170.6474856666667,-14.3226598333333,0 
-170.6474903333333,-14.3226601666667,0 
-170.6474783333333,-14.3226678333333,0 
-170.6474913333333,-14.3226650000000,0 
-170.6474810000000,-14.3226686666667,0 
-170.6474881666667,-14.3226683333333,0 
-170.6474810000000,-14.3226710000000,0 
-170.6474816666667,-14.3226606666667,0 
-170.6474793333333,-14.3226520000000,0 
-170.6474776666667,-14.3226490000000,0 
-170.6474781666667,-14.3226411666667,0 
-170.6474788333333,-14.3226426666667,0 
-170.6474803333333,-14.3226401666667,0 
-170.6474730000000,-14.3226326666667,0 
-170.6474726666667,-14.3226215000000,0 
-170.6474680000000,-14.3226253333333,0 
-170.6474715000000,-14.3226183333333,0 
-170.6474706666667,-14.3226323333333,0 
-170.6474743333333,-14.3226391666667,0 
-170.6474758333333,-14.3226391666667,0 
-170.6474686666667,-14.3226331666667,0 
-170.6474730000000,-14.3226241666667,0 
-170.6474561666667,-14.3226181666667,0 
-170.6474630000000,-14.3226066666667,0 
-170.6474495000000,-14.3226015000000,0 
-170.6474558333333,-14.3225991666667,0 
-170.6474498333333,-14.3226066666667,0 
-170.6474558333333,-14.3226050000000,0 
-170.6474526666667,-14.3226088333333,0 
-170.6474441666667,-14.3226098333333,0 
-170.6474533333333,-14.3226046666667,0 
-170.6474456666667,-14.3226030000000,0 
-170.6474463333333,-14.3225961666667,0 
-170.6474460000000,-14.3225980000000,0 
-170.6474325000000,-14.3225958333333,0 
-170.6474453333333,-14.3225953333333,0 
-170.6474298333333,-14.3225960000000,0 
-170.6474418333333,-14.3225870000000,0 
-170.6474373333333,-14.3225995000000,0 
-170.6474358333333,-14.3225928333333,0 
-170.6474408333333,-14.3225995000000,0 
-170.6474313333333,-14.3225995000000,0 
-170.6474398333333,-14.3225973333333,0 
-170.6474360000000,-14.3225985000000,0 
-170.6474391666667,-14.3225971666667,0 
-170.6474350000000,-14.3225978333333,0 
-170.6474443333333,-14.3225993333333,0 
-170.6474415000000,-14.3226043333333,0 
-170.6474458333333,-14.3226071666667,0 
-170.6474456666667,-14.3226116666667,0 
-170.6474361666667,-14.3226155000000,0 
-170.6474505000000,-14.3226135000000,0 
-170.6474361666667,-14.3226256666667,0 
-170.6474425000000,-14.3226205000000,0 
-170.6474435000000,-14.3226250000000,0 
-170.6474380000000,-14.3226265000000,0 
-170.6474505000000,-14.3226210000000,0 
-170.6474353333333,-14.3226310000000,0 
-170.6474431666667,-14.3226238333333,0 
-170.6474430000000,-14.3226293333333,0 
-170.6474396666667,-14.3226348333333,0 
-170.6474460000000,-14.3226281666667,0 
-170.6474448333333,-14.3226273333333,0 
-170.6474451666667,-14.3226268333333,0 
-170.6474493333333,-14.3226300000000,0 
-170.6474466666667,-14.3226368333333,0 
-170.6474490000000,-14.3226335000000,0 
-170.6474506666667,-14.3226356666667,0 
-170.6474468333333,-14.3226350000000,0 
-170.6474495000000,-14.3226366666667,0 
-170.6474491666667,-14.3226363333333,0 
-170.6474460000000,-14.3226391666667,0 
-170.6474538333333,-14.3226343333333,0 
-170.6474438333333,-14.3226456666667,0 
-170.6474530000000,-14.3226326666667,0 
-170.6474461666667,-14.3226405000000,0 
-170.6474523333333,-14.3226321666667,0 
-170.6474576666667,-14.3226293333333,0 
-170.6474525000000,-14.3226301666667,0 
-170.6474518333333,-14.3226311666667,0 
-170.6474541666667,-14.3226290000000,0 
-170.6474515000000,-14.3226306666667,0 
-170.6474575000000,-14.3226288333333,0 
-170.6474573333333,-14.3226266666667,0 
-170.6474546666667,-14.3226236666667,0 
-170.6474568333333,-14.3226250000000,0 
-170.6474630000000,-14.3226228333333,0 
-170.6474515000000,-14.3226313333333,0 
-170.6474610000000,-14.3226258333333,0 
-170.6474593333333,-14.3226256666667,0 
-170.6474541666667,-14.3226275000000,0 
-170.6474611666667,-14.3226221666667,0 
-170.6474533333333,-14.3226210000000,0 
-170.6474553333333,-14.3226103333333,0 
-170.6474566666667,-14.3225940000000,0 
-170.6474583333333,-14.3225830000000,0 
-170.6474398333333,-14.3225851666667,0 
-170.6474445000000,-14.3225803333333,0 
-170.6474251666667,-14.3225680000000,0 
-170.6474253333333,-14.3225566666667,0 
-170.6474025000000,-14.3225481666667,0 
-170.6474035000000,-14.3225415000000,0 
-170.6473908333333,-14.3225413333333,0 
-170.6473920000000,-14.3225370000000,0 
-170.6473786666667,-14.3225366666667,0 
-170.6473888333333,-14.3225526666667,0 
-170.6473816666667,-14.3225550000000,0 
-170.6473688333333,-14.3225393333333,0 
-170.6473550000000,-14.3225223333333,0 
-170.6473575000000,-14.3225293333333,0 
-170.6473665000000,-14.3225238333333,0 
-170.6473435000000,-14.3225206666667,0 
-170.6473523333333,-14.3225130000000,0 
-170.6473531666667,-14.3225201666667,0 
-170.6473573333333,-14.3225211666667,0 
-170.6473555000000,-14.3225181666667,0 
-170.6473598333333,-14.3225235000000,0 
-170.6473575000000,-14.3225206666667,0 
-170.6473626666667,-14.3225150000000,0 
-170.6473590000000,-14.3225191666667,0 
-170.6473461666667,-14.3225045000000,0 
-170.6473521666667,-14.3225073333333,0 
-170.6473353333333,-14.3225015000000,0 
-170.6473441666667,-14.3224946666667,0 
-170.6473418333333,-14.3224901666667,0 
-170.6473408333333,-14.3224920000000,0 
-170.6473493333333,-14.3224966666667,0 
-170.6473346666667,-14.3224815000000,0 
-170.6473228333333,-14.3224806666667,0 
-170.6473375000000,-14.3224851666667,0 
-170.6473643333333,-14.3225081666667,0 
-170.6473825000000,-14.3225236666667,0 
-170.6473855000000,-14.3225358333333,0 
-170.6473836666667,-14.3225480000000,0 
-170.6473850000000,-14.3225581666667,0 
-170.6473805000000,-14.3225805000000,0 
-170.6473841666667,-14.3225905000000,0 
-170.6473755000000,-14.3225966666667,0 
-170.6473823333333,-14.3226011666667,0 
-170.6473761666667,-14.3226083333333,0 
-170.6473885000000,-14.3225651666667,0 
-170.6473681666667,-14.3225505000000,0 
-170.6473635000000,-14.3225371666667,0 
-170.6473391666667,-14.3225215000000,0 
-170.6473340000000,-14.3225168333333,0 
-170.6473425000000,-14.3225106666667,0 
-170.6473450000000,-14.3225098333333,0 
-170.6473545000000,-14.3224968333333,0 
-170.6473436666667,-14.3224981666667,0 
-170.6473596666667,-14.3224890000000,0 
-170.6473326666667,-14.3224943333333,0 
-170.6473430000000,-14.3224880000000,0 
-170.6472930000000,-14.3224901666667,0 
-170.6472916666667,-14.3224773333333,0 
-170.6472748333333,-14.3224841666667,0 
-170.6472640000000,-14.3224830000000,0 
-170.6472711666667,-14.3224796666667,0 
-170.6472568333333,-14.3224843333333,0 
-170.6472566666667,-14.3224820000000,0 
-170.6472608333333,-14.3224813333333,0 
-170.6472468333333,-14.3224788333333,0 
-170.6472510000000,-14.3224756666667,0 
-170.6472513333333,-14.3224746666667,0 
-170.6472635000000,-14.3224751666667,0 
-170.6472773333333,-14.3224718333333,0 
-170.6472795000000,-14.3224856666667,0 
-170.6472671666667,-14.3224706666667,0 
-170.6472778333333,-14.3224631666667,0 
-170.6472773333333,-14.3224628333333,0 
-170.6472798333333,-14.3224706666667,0 
-170.6472816666667,-14.3224686666667,0 
-170.6472726666667,-14.3224685000000,0 
-170.6472620000000,-14.3224588333333,0 
-170.6472516666667,-14.3224613333333,0 
-170.6472418333333,-14.3224531666667,0 
-170.6472451666667,-14.3224605000000,0 
-170.6472555000000,-14.3224636666667,0 
-170.6472541666667,-14.3224730000000,0 
-170.6472633333333,-14.3224660000000,0 
-170.6472468333333,-14.3224721666667,0 
-170.6472603333333,-14.3224583333333,0 
-170.6472428333333,-14.3224571666667,0 
-170.6472356666667,-14.3224520000000,0 
-170.6472470000000,-14.3224455000000,0 
-170.6472371666667,-14.3224495000000,0 
-170.6472548333333,-14.3224433333333,0 
-170.6472543333333,-14.3224428333333,0 
-170.6472683333333,-14.3224413333333,0 
-170.6472676666667,-14.3224450000000,0 
-170.6472683333333,-14.3224423333333,0 
-170.6472740000000,-14.3224465000000,0 
-170.6472716666667,-14.3224425000000,0 
-170.6472715000000,-14.3224406666667,0 
-170.6472751666667,-14.3224436666667,0 
-170.6472701666667,-14.3224411666667,0 
-170.6472803333333,-14.3224391666667,0 
-170.6472813333333,-14.3224486666667,0 
-170.6472823333333,-14.3224523333333,0 
-170.6472876666667,-14.3224640000000,0 
-170.6472866666667,-14.3224616666667,0 
-170.6472890000000,-14.3224648333333,0 
-170.6472848333333,-14.3224680000000,0 
-170.6472906666667,-14.3224718333333,0 
-170.6472773333333,-14.3224648333333,0 
-170.6472703333333,-14.3224513333333,0 
-170.6472735000000,-14.3224455000000,0 
-170.6472523333333,-14.3224350000000,0 
-170.6472438333333,-14.3224321666667,0 
-170.6472360000000,-14.3224280000000,0 
-170.6472261666667,-14.3224226666667,0 
-170.6471958333333,-14.3224173333333,0 
-170.6472121666667,-14.3224140000000,0 
-170.6472108333333,-14.3224200000000,0 
-170.6472121666667,-14.3224188333333,0 
-170.6472116666667,-14.3224305000000,0 
-170.6472076666667,-14.3224173333333,0 
-170.6472123333333,-14.3224260000000,0 
-170.6472010000000,-14.3224213333333,0 
-170.6472096666667,-14.3224131666667,0 
-170.6472030000000,-14.3224195000000,0 
-170.6472028333333,-14.3224161666667,0 
-170.6472073333333,-14.3224168333333,0 
-170.6472061666667,-14.3224170000000,0 
-170.6472133333333,-14.3224133333333,0 
-170.6472113333333,-14.3224196666667,0 
-170.6472223333333,-14.3224210000000,0 
-170.6472278333333,-14.3224236666667,0 
-170.6472206666667,-14.3224216666667,0 
-170.6472285000000,-14.3224170000000,0 
-170.6472310000000,-14.3224220000000,0 
-170.6472268333333,-14.3224286666667,0 
-170.6472276666667,-14.3224208333333,0 
-170.6472256666667,-14.3224258333333,0 
-170.6472295000000,-14.3224256666667,0 
-170.6472333333333,-14.3224148333333,0 
-170.6472256666667,-14.3224178333333,0 
-170.6472165000000,-14.3224170000000,0 
-170.6472111666667,-14.3224151666667,0 
-170.6472080000000,-14.3224083333333,0 
-170.6471861666667,-14.3224046666667,0 
-170.6472025000000,-14.3224016666667,0 
-170.6471881666667,-14.3224006666667,0 
-170.6471963333333,-14.3223988333333,0 
-170.6472006666667,-14.3223941666667,0 
-170.6471961666667,-14.3223915000000,0 
-170.6472010000000,-14.3223928333333,0 
-170.6472166666667,-14.3223878333333,0 
-170.6472043333333,-14.3223823333333,0 
-170.6471953333333,-14.3223788333333,0 
-170.6471856666667,-14.3223763333333,0 
-170.6471620000000,-14.3223723333333,0 
-170.6471705000000,-14.3223678333333,0 
-170.6471626666667,-14.3223673333333,0 
-170.6471711666667,-14.3223595000000,0 
-170.6471571666667,-14.3223628333333,0 
-170.6471676666667,-14.3223545000000,0 
-170.6471580000000,-14.3223556666667,0 
-170.6471740000000,-14.3223545000000,0 
-170.6471913333333,-14.3223625000000,0 
-170.6472080000000,-14.3223763333333,0 
-170.6472193333333,-14.3223820000000,0 
-170.6472128333333,-14.3223785000000,0 
-170.6472248333333,-14.3223851666667,0 
-170.6472211666667,-14.3223921666667,0 
-170.6472275000000,-14.3223941666667,0 
-170.6472216666667,-14.3223938333333,0 
-170.6472260000000,-14.3223826666667,0 
-170.6472098333333,-14.3223800000000,0 
-170.6472033333333,-14.3223735000000,0 
-170.6471855000000,-14.3223648333333,0 
-170.6471881666667,-14.3223596666667,0 
-170.6471790000000,-14.3223498333333,0 
-170.6471836666667,-14.3223441666667,0 
-170.6471861666667,-14.3223471666667,0 
-170.6471856666667,-14.3223500000000,0 
-170.6471911666667,-14.3223421666667,0 
-170.6471876666667,-14.3223456666667,0 
-170.6471925000000,-14.3223386666667,0 
-170.6471843333333,-14.3223333333333,0 
-170.6471975000000,-14.3223343333333,0 
-170.6471881666667,-14.3223355000000,0 
-170.6471840000000,-14.3223315000000,0 
-170.6471996666667,-14.3223283333333,0 
-170.6471828333333,-14.3223371666667,0 
-170.6471941666667,-14.3223313333333,0 
-170.6471936666667,-14.3223268333333,0 
-170.6471886666667,-14.3223320000000,0 
-170.6471946666667,-14.3223316666667,0 
-170.6471860000000,-14.3223361666667,0 
-170.6471980000000,-14.3223366666667,0 
-170.6471980000000,-14.3223341666667,0 
-170.6471940000000,-14.3223303333333,0 
-170.6471915000000,-14.3223310000000,0 
-170.6471996666667,-14.3223256666667,0 
-170.6472011666667,-14.3223245000000,0 
-170.6471980000000,-14.3223265000000,0 
-170.6471993333333,-14.3223203333333,0 
-170.6472046666667,-14.3223211666667,0 
-170.6471980000000,-14.3223181666667,0 
-170.6472143333333,-14.3223161666667,0 
-170.6471855000000,-14.3223138333333,0 
-170.6471891666667,-14.3223055000000,0 
-170.6471731666667,-14.3223001666667,0 
-170.6471613333333,-14.3222828333333,0 
-170.6471555000000,-14.3222931666667,0 
-170.6471421666667,-14.3222906666667,0 
-170.6471345000000,-14.3222888333333,0 
-170.6471268333333,-14.3222876666667,0 
-170.6471133333333,-14.3222878333333,0 
-170.6471115000000,-14.3222931666667,0 
-170.6470948333333,-14.3222953333333,0 
-170.6470960000000,-14.3223008333333,0 
-170.6470851666667,-14.3223036666667,0 
-170.6470798333333,-14.3223006666667,0 
-170.6470873333333,-14.3223010000000,0 
-170.6470770000000,-14.3223101666667,0 
-170.6470823333333,-14.3223186666667,0 
-170.6470740000000,-14.3223135000000,0 
-170.6470678333333,-14.3223150000000,0 
-170.6470713333333,-14.3223141666667,0 
-170.6470643333333,-14.3223156666667,0 
-170.6470723333333,-14.3223155000000,0 
-170.6470616666667,-14.3223173333333,0 
-170.6470740000000,-14.3223138333333,0 
-170.6470570000000,-14.3223210000000,0 
-170.6470468333333,-14.3223401666667,0 
-170.6470300000000,-14.3223613333333,0 
-170.6470341666667,-14.3223488333333,0 
-170.6470675000000,-14.3223300000000,0 
-170.6470786666667,-14.3223285000000,0 
-170.6471128333333,-14.3223285000000,0 
-170.6471230000000,-14.3223333333333,0 
-170.6471475000000,-14.3223466666667,0 
-170.6471580000000,-14.3223660000000,0 
-170.6471716666667,-14.3223736666667,0 
-170.6471610000000,-14.3223686666667,0 
-170.6471728333333,-14.3223653333333,0 
-170.6471546666667,-14.3223585000000,0 
-170.6471605000000,-14.3223548333333,0 
-170.6471538333333,-14.3223455000000,0 
-170.6471416666667,-14.3223420000000,0 
-170.6471351666667,-14.3223320000000,0 
-170.6471208333333,-14.3223326666667,0 
-170.6471163333333,-14.3223226666667,0 
-170.6471101666667,-14.3223280000000,0 
-170.6471010000000,-14.3223166666667,0 
-170.6471063333333,-14.3223175000000,0 
-170.6471008333333,-14.3223161666667,0 
-170.6471025000000,-14.3223165000000,0 
-170.6471213333333,-14.3223036666667,0 
-170.6471033333333,-14.3223088333333,0 
-170.6471210000000,-14.3222990000000,0 
-170.6471073333333,-14.3223035000000,0 
-170.6471203333333,-14.3222998333333,0 
-170.6471158333333,-14.3222948333333,0 
-170.6471223333333,-14.3223023333333,0 
-170.6471190000000,-14.3222936666667,0 
-170.6471245000000,-14.3222916666667,0 
-170.6471118333333,-14.3222920000000,0 
-170.6471278333333,-14.3222896666667,0 
-170.6471066666667,-14.3222796666667,0 
-170.6471093333333,-14.3222701666667,0 
-170.6471095000000,-14.3222786666667,0 
-170.6470988333333,-14.3222793333333,0 
-170.6471176666667,-14.3222791666667,0 
-170.6471136666667,-14.3222828333333,0 
-170.6471133333333,-14.3222871666667,0 
-170.6471170000000,-14.3222865000000,0 
-170.6471061666667,-14.3222890000000,0 
-170.6471106666667,-14.3222878333333,0 
-170.6471203333333,-14.3222961666667,0 
-170.6471148333333,-14.3222918333333,0 
-170.6471180000000,-14.3222928333333,0 
-170.6471090000000,-14.3222943333333,0 
-170.6471091666667,-14.3222845000000,0 
-170.6470890000000,-14.3222746666667,0 
-170.6470723333333,-14.3222766666667,0 
-170.6470703333333,-14.3222666666667,0 
-170.6470435000000,-14.3222688333333,0 
-170.6470373333333,-14.3222693333333,0 
-170.6470350000000,-14.3222673333333,0 
-170.6470291666667,-14.3222680000000,0 
-170.6470318333333,-14.3222665000000,0 
-170.6470221666667,-14.3222631666667,0 
-170.6470568333333,-14.3222605000000,0 
-170.6470525000000,-14.3222693333333,0 
-170.6470633333333,-14.3222585000000,0 
-170.6470625000000,-14.3222560000000,0 
-170.6470541666667,-14.3222578333333,0 
-170.6470676666667,-14.3222570000000,0 
-170.6470555000000,-14.3222546666667,0 
-170.6470625000000,-14.3222496666667,0 
-170.6470583333333,-14.3222470000000,0 
-170.6470598333333,-14.3222523333333,0 
-170.6470630000000,-14.3222495000000,0 
-170.6470576666667,-14.3222475000000,0 
-170.6470510000000,-14.3222465000000,0 
-170.6470560000000,-14.3222433333333,0 
-170.6470503333333,-14.3222390000000,0 
-170.6470545000000,-14.3222420000000,0 
-170.6470391666667,-14.3222346666667,0 
-170.6470333333333,-14.3222308333333,0 
-170.6470408333333,-14.3222315000000,0 
-170.6470525000000,-14.3222328333333,0 
-170.6470488333333,-14.3222323333333,0 
-170.6470550000000,-14.3222271666667,0 
-170.6470505000000,-14.3222276666667,0 
-170.6470596666667,-14.3222196666667,0 
-170.6470511666667,-14.3222213333333,0 
-170.6470615000000,-14.3222168333333,0 
-170.6470490000000,-14.3222170000000,0 
-170.6470661666667,-14.3222180000000,0 
-170.6470608333333,-14.3222211666667,0 
-170.6470685000000,-14.3222155000000,0 
-170.6470688333333,-14.3222193333333,0 
-170.6470766666667,-14.3222248333333,0 
-170.6470808333333,-14.3222295000000,0 
-170.6470726666667,-14.3222320000000,0 
-170.6470736666667,-14.3222306666667,0 
-170.6470576666667,-14.3222346666667,0 
-170.6470601666667,-14.3222291666667,0 
-170.6470526666667,-14.3222363333333,0 
-170.6470700000000,-14.3222408333333,0 
-170.6470553333333,-14.3222396666667,0 
-170.6470648333333,-14.3222463333333,0 
-170.6470706666667,-14.3222425000000,0 
-170.6470625000000,-14.3222456666667,0 
-170.6470666666667,-14.3222475000000,0 
-170.6470708333333,-14.3222440000000,0 
-170.6470776666667,-14.3222461666667,0 
-170.6470716666667,-14.3222490000000,0 
-170.6470705000000,-14.3222455000000,0 
-170.6470783333333,-14.3222468333333,0 
-170.6470758333333,-14.3222448333333,0 
-170.6470716666667,-14.3222435000000,0 
-170.6470798333333,-14.3222383333333,0 
-170.6470776666667,-14.3222421666667,0 
-170.6470843333333,-14.3222373333333,0 
-170.6470803333333,-14.3222308333333,0 
-170.6470861666667,-14.3222263333333,0 
-170.6470821666667,-14.3222236666667,0 
-170.6470938333333,-14.3222260000000,0 
-170.6470831666667,-14.3222193333333,0 
-170.6470876666667,-14.3222200000000,0 
-170.6470836666667,-14.3222131666667,0 
-170.6470901666667,-14.3222130000000,0 
-170.6470803333333,-14.3222176666667,0 
-170.6470731666667,-14.3222108333333,0 
-170.6470670000000,-14.3222130000000,0 
-170.6470475000000,-14.3222123333333,0 
-170.6470585000000,-14.3222138333333,0 
-170.6470341666667,-14.3222180000000,0 
-170.6470385000000,-14.3222180000000,0 
-170.6470398333333,-14.3222260000000,0 
-170.6470330000000,-14.3222311666667,0 
-170.6470573333333,-14.3222386666667,0 
-170.6470438333333,-14.3222420000000,0 
-170.6470605000000,-14.3222421666667,0 
-170.6470613333333,-14.3222485000000,0 
-170.6470476666667,-14.3222491666667,0 
-170.6470490000000,-14.3222448333333,0 
-170.6470440000000,-14.3222475000000,0 
-170.6470396666667,-14.3222475000000,0 
-170.6470301666667,-14.3222505000000,0 
-170.6470403333333,-14.3222570000000,0 
-170.6470353333333,-14.3222596666667,0 
-170.6470333333333,-14.3222598333333,0 
-170.6470388333333,-14.3222596666667,0 
-170.6470250000000,-14.3222616666667,0 
-170.6470340000000,-14.3222610000000,0 
-170.6470238333333,-14.3222706666667,0 
-170.6470235000000,-14.3222650000000,0 
-170.6470111666667,-14.3222626666667,0 
-170.6470028333333,-14.3222620000000,0 
-170.6469941666667,-14.3222585000000,0 
-170.6469745000000,-14.3222635000000,0 
-170.6469823333333,-14.3222578333333,0 
-170.6469638333333,-14.3222620000000,0 
-170.6469646666667,-14.3222565000000,0 
-170.6469658333333,-14.3222571666667,0 
-170.6469605000000,-14.3222495000000,0 
-170.6469676666667,-14.3222451666667,0 
-170.6469518333333,-14.3222353333333,0 
-170.6469475000000,-14.3222313333333,0 
-170.6469513333333,-14.3222353333333,0 
-170.6469515000000,-14.3222315000000,0 
-170.6469501666667,-14.3222256666667,0 
-170.6469435000000,-14.3222190000000,0 
-170.6469370000000,-14.3222235000000,0 
-170.6469141666667,-14.3222253333333,0 
-170.6469093333333,-14.3222293333333,0 
-170.6468990000000,-14.3222253333333,0 
-170.6468876666667,-14.3222308333333,0 
-170.6468891666667,-14.3222226666667,0 
-170.6468916666667,-14.3222276666667,0 
-170.6468886666667,-14.3222280000000,0 
-170.6468960000000,-14.3222211666667,0 
-170.6468993333333,-14.3222223333333,0 
-170.6468691666667,-14.3222245000000,0 
-170.6468831666667,-14.3222255000000,0 
-170.6468741666667,-14.3222240000000,0 
-170.6468716666667,-14.3222290000000,0 
-170.6468753333333,-14.3222215000000,0 
-170.6468788333333,-14.3222235000000,0 
-170.6468743333333,-14.3222285000000,0 
-170.6468778333333,-14.3222300000000,0 
-170.6468766666667,-14.3222145000000,0 
-170.6468668333333,-14.3222173333333,0 
-170.6468715000000,-14.3222180000000,0 
-170.6468630000000,-14.3222080000000,0 
-170.6468668333333,-14.3222133333333,0 
-170.6468618333333,-14.3222105000000,0 
-170.6468680000000,-14.3221975000000,0 
-170.6468600000000,-14.3221995000000,0 
-170.6468776666667,-14.3221945000000,0 
-170.6468603333333,-14.3221815000000,0 
-170.6468716666667,-14.3221861666667,0 
-170.6468715000000,-14.3221803333333,0 
-170.6468715000000,-14.3221783333333,0 
-170.6468768333333,-14.3221711666667,0 
-170.6468731666667,-14.3221913333333,0 
-170.6468491666667,-14.3221800000000,0 
-170.6468316666667,-14.3221921666667,0 
-170.6468231666667,-14.3221868333333,0 
-170.6468165000000,-14.3221963333333,0 
-170.6468041666667,-14.3221936666667,0 
-170.6467985000000,-14.3221971666667,0 
-170.6468016666667,-14.3222063333333,0 
-170.6467910000000,-14.3222193333333,0 
-170.6467985000000,-14.3222188333333,0 
-170.6468070000000,-14.3222010000000,0 
-170.6468225000000,-14.3221995000000,0 
-170.6468258333333,-14.3221970000000,0 
-170.6468186666667,-14.3222028333333,0 
-170.6468151666667,-14.3221881666667,0 
-170.6468020000000,-14.3221955000000,0 
-170.6468140000000,-14.3221860000000,0 
-170.6467993333333,-14.3221823333333,0 
-170.6468080000000,-14.3221811666667,0 
-170.6468005000000,-14.3221793333333,0 
-170.6468026666667,-14.3221770000000,0 
-170.6468058333333,-14.3221738333333,0 
-170.6468110000000,-14.3221825000000,0 
-170.6468048333333,-14.3221813333333,0 
-170.6468411666667,-14.3221750000000,0 
-170.6468436666667,-14.3221895000000,0 
-170.6468625000000,-14.3221913333333,0 
-170.6468680000000,-14.3221908333333,0 
-170.6468643333333,-14.3221928333333,0 
-170.6468523333333,-14.3221788333333,0 
-170.6468536666667,-14.3221926666667,0 
-170.6468563333333,-14.3221971666667,0 
-170.6468536666667,-14.3221998333333,0 
-170.6468003333333,-14.3221956666667,0 
-170.6467856666667,-14.3222033333333,0 
-170.6467956666667,-14.3222083333333,0 
-170.6467886666667,-14.3221998333333,0 
-170.6467885000000,-14.3222125000000,0 
-170.6467958333333,-14.3222115000000,0 
-170.6467900000000,-14.3222143333333,0 
-170.6468143333333,-14.3222036666667,0 
-170.6468555000000,-14.3222246666667,0 
-170.6468758333333,-14.3222533333333,0 
-170.6468693333333,-14.3222653333333,0 
-170.6468745000000,-14.3222636666667,0 
-170.6468688333333,-14.3222636666667,0 
-170.6468833333333,-14.3222620000000,0 
-170.6468795000000,-14.3222631666667,0 
-170.6468848333333,-14.3222665000000,0 
-170.6468836666667,-14.3222610000000,0 
-170.6468866666667,-14.3222575000000,0 
-170.6468855000000,-14.3222571666667,0 
-170.6468901666667,-14.3222583333333,0 
-170.6468813333333,-14.3222596666667,0 
-170.6468956666667,-14.3222500000000,0 
-170.6468923333333,-14.3222570000000,0 
-170.6468886666667,-14.3222455000000,0 
-170.6468981666667,-14.3222458333333,0 
-170.6468870000000,-14.3222423333333,0 
-170.6468926666667,-14.3222440000000,0 
-170.6468890000000,-14.3222423333333,0 
-170.6468866666667,-14.3222368333333,0 
-170.6468828333333,-14.3222368333333,0 
-170.6468916666667,-14.3222321666667,0 
-170.6468823333333,-14.3222296666667,0 
-170.6468775000000,-14.3222208333333,0 
-170.6468663333333,-14.3222188333333,0 
-170.6468365000000,-14.3222081666667,0 
-170.6468150000000,-14.3222063333333,0 
-170.6468135000000,-14.3222078333333,0 
-170.6467995000000,-14.3222066666667,0 
-170.6467946666667,-14.3222056666667,0 
-170.6467976666667,-14.3222020000000,0 
-170.6467893333333,-14.3221943333333,0 
-170.6467656666667,-14.3221985000000,0 
-170.6467533333333,-14.3222036666667,0 
-170.6467511666667,-14.3222003333333,0 
-170.6467371666667,-14.3222008333333,0 
-170.6467393333333,-14.3221935000000,0 
-170.6467703333333,-14.3221811666667,0 
-170.6467816666667,-14.3221781666667,0 
-170.6467885000000,-14.3221850000000,0 
-170.6467980000000,-14.3221810000000,0 
-170.6467930000000,-14.3221848333333,0 
-170.6467938333333,-14.3221788333333,0 
-170.6467958333333,-14.3221780000000,0 
-170.6467933333333,-14.3221818333333,0 
-170.6467985000000,-14.3221746666667,0 
-170.6467941666667,-14.3221725000000,0 
-170.6467823333333,-14.3221723333333,0 
-170.6467993333333,-14.3221831666667,0 
-170.6467913333333,-14.3221693333333,0 
-170.6467840000000,-14.3221733333333,0 
-170.6467823333333,-14.3221746666667,0 
-170.6467875000000,-14.3221716666667,0 
-170.6467918333333,-14.3221766666667,0 
-170.6468090000000,-14.3221805000000,0 
-170.6467860000000,-14.3221873333333,0 
-170.6467910000000,-14.3221755000000,0 
-170.6467841666667,-14.3221795000000,0 
-170.6467836666667,-14.3221791666667,0 
-170.6467783333333,-14.3221820000000,0 
-170.6467766666667,-14.3221816666667,0 
-170.6467938333333,-14.3221801666667,0 
-170.6467780000000,-14.3221893333333,0 
-170.6467810000000,-14.3221876666667,0 
-170.6467818333333,-14.3221775000000,0 
-170.6467838333333,-14.3221820000000,0 
-170.6467793333333,-14.3221798333333,0 
-170.6468028333333,-14.3221875000000,0 
-170.6468156666667,-14.3222001666667,0 
-170.6468215000000,-14.3222181666667,0 
-170.6468166666667,-14.3222151666667,0 
-170.6468115000000,-14.3221986666667,0 
-170.6467928333333,-14.3221748333333,0 
-170.6467885000000,-14.3221731666667,0 
-170.6467563333333,-14.3221608333333,0 
-170.6467341666667,-14.3221541666667,0 
-170.6467213333333,-14.3221691666667,0 
-170.6466948333333,-14.3221658333333,0 
-170.6467133333333,-14.3221591666667,0 
-170.6467216666667,-14.3221546666667,0 
-170.6467228333333,-14.3221615000000,0 
-170.6467286666667,-14.3221578333333,0 
-170.6467220000000,-14.3221580000000,0 
-170.6467281666667,-14.3221471666667,0 
-170.6467196666667,-14.3221518333333,0 
-170.6467305000000,-14.3221455000000,0 
-170.6467171666667,-14.3221393333333,0 
-170.6467175000000,-14.3221233333333,0 
-170.6467281666667,-14.3221388333333,0 
-170.6467196666667,-14.3221418333333,0 
-170.6467338333333,-14.3221335000000,0 
-170.6467336666667,-14.3221336666667,0 
-170.6467308333333,-14.3221353333333,0 
-170.6467625000000,-14.3221363333333,0 
-170.6467493333333,-14.3221333333333,0 
-170.6467620000000,-14.3221321666667,0 
-170.6467725000000,-14.3221361666667,0 
-170.6467538333333,-14.3221228333333,0 
-170.6467423333333,-14.3221245000000,0 
-170.6467241666667,-14.3221196666667,0 
-170.6467061666667,-14.3221325000000,0 
-170.6467141666667,-14.3221181666667,0 
-170.6467008333333,-14.3221188333333,0 
-170.6467053333333,-14.3221236666667,0 
-170.6466981666667,-14.3221270000000,0 
-170.6466795000000,-14.3221458333333,0 
-170.6466803333333,-14.3221540000000,0 
-170.6466581666667,-14.3221633333333,0 
-170.6466551666667,-14.3221535000000,0 
-170.6466666666667,-14.3221515000000,0 
-170.6466636666667,-14.3221651666667,0 
-170.6466826666667,-14.3221461666667,0 
-170.6466956666667,-14.3221375000000,0 
-170.6466990000000,-14.3221435000000,0 
-170.6467063333333,-14.3221345000000,0 
-170.6467066666667,-14.3221460000000,0 
-170.6467113333333,-14.3221345000000,0 
-170.6467061666667,-14.3221425000000,0 
-170.6467093333333,-14.3221328333333,0 
-170.6467021666667,-14.3221293333333,0 
-170.6466966666667,-14.3221313333333,0 
-170.6466915000000,-14.3221280000000,0 
-170.6466943333333,-14.3221336666667,0 
-170.6466786666667,-14.3221376666667,0 
-170.6466771666667,-14.3221331666667,0 
-170.6466701666667,-14.3221323333333,0 
-170.6466576666667,-14.3221296666667,0 
-170.6466760000000,-14.3221285000000,0 
-170.6466638333333,-14.3221248333333,0 
-170.6466600000000,-14.3221273333333,0 
-170.6466735000000,-14.3221265000000,0 
-170.6466598333333,-14.3221288333333,0 
-170.6466606666667,-14.3221178333333,0 
-170.6466521666667,-14.3221248333333,0 
-170.6466503333333,-14.3221165000000,0 
-170.6466526666667,-14.3221203333333,0 
-170.6466603333333,-14.3221245000000,0 
-170.6466518333333,-14.3221238333333,0 
-170.6466596666667,-14.3221191666667,0 
-170.6466661666667,-14.3221141666667,0 
-170.6466556666667,-14.3221223333333,0 
-170.6466666666667,-14.3221175000000,0 
-170.6466738333333,-14.3221263333333,0 
-170.6466721666667,-14.3221206666667,0 
-170.6466848333333,-14.3221256666667,0 
-170.6466868333333,-14.3221245000000,0 
-170.6466843333333,-14.3221268333333,0 
-170.6466896666667,-14.3221301666667,0 
-170.6466855000000,-14.3221323333333,0 
-170.6466956666667,-14.3221336666667,0 
-170.6466823333333,-14.3221301666667,0 
-170.6467023333333,-14.3221296666667,0 
-170.6466951666667,-14.3221271666667,0 
-170.6466875000000,-14.3221246666667,0 
-170.6466811666667,-14.3221203333333,0 
-170.6466818333333,-14.3221266666667,0 
-170.6466825000000,-14.3221291666667,0 
-170.6466803333333,-14.3221266666667,0 
-170.6466736666667,-14.3221258333333,0 
-170.6466748333333,-14.3221205000000,0 
-170.6466761666667,-14.3221098333333,0 
-170.6466630000000,-14.3221128333333,0 
-170.6466690000000,-14.3221176666667,0 
-170.6466653333333,-14.3221120000000,0 
-170.6466813333333,-14.3221168333333,0 
-170.6466675000000,-14.3221113333333,0 
-170.6466593333333,-14.3221113333333,0 
-170.6466621666667,-14.3221118333333,0 
-170.6466491666667,-14.3221138333333,0 
-170.6466563333333,-14.3221085000000,0 
-170.6466676666667,-14.3221145000000,0 
-170.6466628333333,-14.3221286666667,0 
-170.6466615000000,-14.3221250000000,0 
-170.6466685000000,-14.3221260000000,0 
-170.6466650000000,-14.3221181666667,0 
-170.6466653333333,-14.3221256666667,0 
-170.6466661666667,-14.3221196666667,0 
-170.6466593333333,-14.3221171666667,0 
-170.6466695000000,-14.3221213333333,0 
-170.6466566666667,-14.3221198333333,0 
-170.6466665000000,-14.3221235000000,0 
-170.6466601666667,-14.3221215000000,0 
-170.6466650000000,-14.3221253333333,0 
-170.6466643333333,-14.3221185000000,0 
-170.6466613333333,-14.3221173333333,0 
-170.6466670000000,-14.3221183333333,0 
-170.6466615000000,-14.3221205000000,0 
-170.6466625000000,-14.3221218333333,0 
-170.6466563333333,-14.3221206666667,0 
-170.6466726666667,-14.3221218333333,0 
-170.6466628333333,-14.3221186666667,0 
-170.6466633333333,-14.3221206666667,0 
-170.6466676666667,-14.3221263333333,0 
-170.6466658333333,-14.3221223333333,0 
-170.6466683333333,-14.3221275000000,0 
-170.6466718333333,-14.3221290000000,0 
-170.6466776666667,-14.3221233333333,0 
-170.6466741666667,-14.3221248333333,0 
-170.6466766666667,-14.3221288333333,0 
-170.6466758333333,-14.3221278333333,0 
-170.6466703333333,-14.3221266666667,0 
-170.6466821666667,-14.3221263333333,0 
-170.6466710000000,-14.3221201666667,0 
-170.6466678333333,-14.3221233333333,0 
-170.6466690000000,-14.3221218333333,0 
-170.6466685000000,-14.3221240000000,0 
-170.6466911666667,-14.3221355000000,0 
-170.6466813333333,-14.3221553333333,0 
-170.6466896666667,-14.3221650000000,0 
-170.6466793333333,-14.3221738333333,0 
-170.6466940000000,-14.3221710000000,0 
-170.6466775000000,-14.3221740000000,0 
-170.6466850000000,-14.3221565000000,0 
-170.6466883333333,-14.3221558333333,0 
-170.6466820000000,-14.3221615000000,0 
-170.6466846666667,-14.3221593333333,0 
-170.6466856666667,-14.3221581666667,0 
-170.6466870000000,-14.3221628333333,0 
-170.6466836666667,-14.3221595000000,0 
-170.6466888333333,-14.3221630000000,0 
-170.6466848333333,-14.3221578333333,0 
-170.6466826666667,-14.3221623333333,0 
-170.6466901666667,-14.3221593333333,0 
-170.6466873333333,-14.3221603333333,0 
-170.6466811666667,-14.3221608333333,0 
-170.6466930000000,-14.3221531666667,0 
-170.6466748333333,-14.3221635000000,0 
-170.6466948333333,-14.3221570000000,0 
-170.6466808333333,-14.3221585000000,0 
-170.6466843333333,-14.3221611666667,0 
-170.6466895000000,-14.3221591666667,0 
-170.6466901666667,-14.3221551666667,0 
-170.6466883333333,-14.3221486666667,0 
-170.6466858333333,-14.3221476666667,0 
-170.6466913333333,-14.3221460000000,0 
-170.6466831666667,-14.3221415000000,0 
-170.6466888333333,-14.3221356666667,0 
-170.6466775000000,-14.3221385000000,0 
-170.6466790000000,-14.3221306666667,0 
-170.6466800000000,-14.3221268333333,0 
-170.6466746666667,-14.3221198333333,0 
-170.6466715000000,-14.3221178333333,0 
-170.6466651666667,-14.3221138333333,0 
-170.6466616666667,-14.3221188333333,0 
-170.6466760000000,-14.3221173333333,0 
-170.6466580000000,-14.3221193333333,0 
-170.6466628333333,-14.3221150000000,0 
-170.6466515000000,-14.3221100000000,0 
-170.6466495000000,-14.3221135000000,0 
-170.6466496666667,-14.3221131666667,0 
-170.6466395000000,-14.3221081666667,0 
-170.6466446666667,-14.3221111666667,0 
-170.6466411666667,-14.3221088333333,0 
-170.6466363333333,-14.3221140000000,0 
-170.6466331666667,-14.3221156666667,0 
-170.6466351666667,-14.3221143333333,0 
-170.6466356666667,-14.3221128333333,0 
-170.6466271666667,-14.3221180000000,0 
-170.6466335000000,-14.3221140000000,0 
-170.6466313333333,-14.3221180000000,0 
-170.6466235000000,-14.3221218333333,0 
-170.6466255000000,-14.3221133333333,0 
-170.6466266666667,-14.3221143333333,0 
-170.6466155000000,-14.3221206666667,0 
-170.6466281666667,-14.3221181666667,0 
-170.6466210000000,-14.3221200000000,0 
-170.6466198333333,-14.3221198333333,0 
-170.6466245000000,-14.3221211666667,0 
-170.6466163333333,-14.3221216666667,0 
-170.6466281666667,-14.3221163333333,0 
-170.6466476666667,-14.3221135000000,0 
-170.6466556666667,-14.3221208333333,0 
-170.6466675000000,-14.3221206666667,0 
-170.6466695000000,-14.3221216666667,0 
-170.6466848333333,-14.3221218333333,0 
-170.6466915000000,-14.3221175000000,0 
-170.6466861666667,-14.3221165000000,0 
-170.6466985000000,-14.3221181666667,0 
-170.6466898333333,-14.3221221666667,0 
-170.6467148333333,-14.3221143333333,0 
-170.6467108333333,-14.3221178333333,0 
-170.6467215000000,-14.3221236666667,0 
-170.6467303333333,-14.3221180000000,0 
-170.6467348333333,-14.3221210000000,0 
-170.6467290000000,-14.3221246666667,0 
-170.6467361666667,-14.3221193333333,0 
-170.6467303333333,-14.3221233333333,0 
-170.6467335000000,-14.3221196666667,0 
-170.6467371666667,-14.3221250000000,0 
-170.6467343333333,-14.3221218333333,0 
-170.6467525000000,-14.3221280000000,0 
-170.6467415000000,-14.3221286666667,0 
-170.6467475000000,-14.3221266666667,0 
-170.6467593333333,-14.3221335000000,0 
-170.6467650000000,-14.3221400000000,0 
-170.6467576666667,-14.3221376666667,0 
-170.6467425000000,-14.3221370000000,0 
-170.6467398333333,-14.3221300000000,0 
-170.6467408333333,-14.3221383333333,0 
-170.6467310000000,-14.3221411666667,0 
-170.6467380000000,-14.3221425000000,0 
-170.6467271666667,-14.3221281666667,0 
-170.6467280000000,-14.3221395000000,0 
-170.6467448333333,-14.3221416666667,0 
-170.6467513333333,-14.3221528333333,0 
-170.6467725000000,-14.3221666666667,0 
-170.6467596666667,-14.3221570000000,0 
-170.6467265000000,-14.3221428333333,0 
-170.6467020000000,-14.3221320000000,0 
-170.6466715000000,-14.3221443333333,0 
-170.6466663333333,-14.3221455000000,0 
-170.6466950000000,-14.3221286666667,0 
-170.6467043333333,-14.3221260000000,0 
-170.6467208333333,-14.3221253333333,0 
-170.6467268333333,-14.3221198333333,0 
-170.6467251666667,-14.3221173333333,0 
-170.6467356666667,-14.3221206666667,0 
-170.6467350000000,-14.3221173333333,0 
-170.6467273333333,-14.3221096666667,0 
-170.6467283333333,-14.3221098333333,0 
-170.6467210000000,-14.3220990000000,0 
-170.6467258333333,-14.3221008333333,0 
-170.6467258333333,-14.3220935000000,0 
-170.6467346666667,-14.3220946666667,0 
-170.6467286666667,-14.3220960000000,0 
-170.6467326666667,-14.3220900000000,0 
-170.6467150000000,-14.3220851666667,0 
-170.6467030000000,-14.3220841666667,0 
-170.6467005000000,-14.3220778333333,0 
-170.6466986666667,-14.3220768333333,0 
-170.6467088333333,-14.3220760000000,0 
-170.6467143333333,-14.3220741666667,0 
-170.6467028333333,-14.3220760000000,0 
-170.6467221666667,-14.3220770000000,0 
-170.6467090000000,-14.3220695000000,0 
-170.6467211666667,-14.3220728333333,0 
-170.6467155000000,-14.3220690000000,0 
-170.6467165000000,-14.3220663333333,0 
-170.6467201666667,-14.3220585000000,0 
-170.6467060000000,-14.3220558333333,0 
-170.6466851666667,-14.3220501666667,0 
-170.6466830000000,-14.3220405000000,0 
-170.6466898333333,-14.3220373333333,0 
-170.6467021666667,-14.3220345000000,0 
-170.6467175000000,-14.3220331666667,0 
-170.6467180000000,-14.3220316666667,0 
-170.6467288333333,-14.3220343333333,0 
-170.6467300000000,-14.3220345000000,0 
-170.6467291666667,-14.3220286666667,0 
-170.6467225000000,-14.3220236666667,0 
-170.6467241666667,-14.3220128333333,0 
-170.6467130000000,-14.3220106666667,0 
-170.6467028333333,-14.3220020000000,0 
-170.6466948333333,-14.3220006666667,0 
-170.6467078333333,-14.3219910000000,0 
-170.6467193333333,-14.3219953333333,0 
-170.6467205000000,-14.3219936666667,0 
-170.6467288333333,-14.3219926666667,0 
-170.6467388333333,-14.3219931666667,0 
-170.6467481666667,-14.3219915000000,0 
-170.6467655000000,-14.3219960000000,0 
-170.6467615000000,-14.3219881666667,0 
-170.6467681666667,-14.3219841666667,0 
-170.6467618333333,-14.3219815000000,0 
-170.6467691666667,-14.3219746666667,0 
-170.6467666666667,-14.3219726666667,0 
-170.6467646666667,-14.3219723333333,0 
-170.6467628333333,-14.3219590000000,0 
-170.6467583333333,-14.3219568333333,0 
-170.6467578333333,-14.3219441666667,0 
-170.6467308333333,-14.3219345000000,0 
-170.6467131666667,-14.3219375000000,0 
-170.6466936666667,-14.3219305000000,0 
-170.6467096666667,-14.3219303333333,0 
-170.6467378333333,-14.3219248333333,0 
-170.6467748333333,-14.3219288333333,0 
-170.6467808333333,-14.3219188333333,0 
-170.6468043333333,-14.3219190000000,0 
-170.6467968333333,-14.3219173333333,0 
-170.6467883333333,-14.3218996666667,0 
-170.6467701666667,-14.3218845000000,0 
-170.6467651666667,-14.3218685000000,0 
-170.6467780000000,-14.3218691666667,0 
-170.6467788333333,-14.3218680000000,0 
-170.6467825000000,-14.3218576666667,0 
-170.6467803333333,-14.3218618333333,0 
-170.6467810000000,-14.3218558333333,0 
-170.6467856666667,-14.3218551666667,0 
-170.6467831666667,-14.3218470000000,0 
-170.6467781666667,-14.3218485000000,0 
-170.6467861666667,-14.3218500000000,0 
-170.6467831666667,-14.3218446666667,0 
-170.6467826666667,-14.3218456666667,0 
-170.6467828333333,-14.3218430000000,0 
-170.6467813333333,-14.3218421666667,0 
-170.6467688333333,-14.3218398333333,0 
-170.6467725000000,-14.3218471666667,0 
-170.6467710000000,-14.3218426666667,0 
-170.6467633333333,-14.3218498333333,0 
-170.6467658333333,-14.3218561666667,0 
-170.6467670000000,-14.3218531666667,0 
-170.6467635000000,-14.3218528333333,0 
-170.6467670000000,-14.3218573333333,0 
-170.6467703333333,-14.3218573333333,0 
-170.6467775000000,-14.3218588333333,0 
-170.6467798333333,-14.3218690000000,0 
-170.6467776666667,-14.3218623333333,0 
-170.6467765000000,-14.3218695000000,0 
-170.6467831666667,-14.3218613333333,0 
-170.6467766666667,-14.3218686666667,0 
-170.6467850000000,-14.3218613333333,0 
-170.6467846666667,-14.3218765000000,0 
-170.6467928333333,-14.3218620000000,0 
-170.6467866666667,-14.3218710000000,0 
-170.6467878333333,-14.3218625000000,0 
-170.6467831666667,-14.3218660000000,0 
-170.6467840000000,-14.3218631666667,0 
-170.6467830000000,-14.3218645000000,0 
-170.6467903333333,-14.3218691666667,0 
-170.6467896666667,-14.3218683333333,0 
-170.6467881666667,-14.3218683333333,0 
-170.6467988333333,-14.3218743333333,0 
-170.6467920000000,-14.3218813333333,0 
-170.6467973333333,-14.3218808333333,0 
-170.6467943333333,-14.3218838333333,0 
-170.6467985000000,-14.3218880000000,0 
-170.6468123333333,-14.3218886666667,0 
-170.6468145000000,-14.3218925000000,0 
-170.6468088333333,-14.3218981666667,0 
-170.6468225000000,-14.3218983333333,0 
-170.6468305000000,-14.3219021666667,0 
-170.6468266666667,-14.3219043333333,0 
-170.6468285000000,-14.3219086666667,0 
-170.6468220000000,-14.3219056666667,0 
-170.6468128333333,-14.3219135000000,0 
-170.6468238333333,-14.3219073333333,0 
-170.6468103333333,-14.3219136666667,0 
-170.6468183333333,-14.3219111666667,0 
-170.6468110000000,-14.3219161666667,0 
-170.6468166666667,-14.3219200000000,0 
-170.6468151666667,-14.3219225000000,0 
-170.6468158333333,-14.3219238333333,0 
-170.6468196666667,-14.3219271666667,0 
-170.6468146666667,-14.3219265000000,0 
-170.6468123333333,-14.3219308333333,0 
-170.6468035000000,-14.3219301666667,0 
-170.6467925000000,-14.3219225000000,0 
-170.6467896666667,-14.3219310000000,0 
-170.6467871666667,-14.3219313333333,0 
-170.6467825000000,-14.3219368333333,0 
-170.6467705000000,-14.3219370000000,0 
-170.6467610000000,-14.3219458333333,0 
-170.6467673333333,-14.3219490000000,0 
-170.6467540000000,-14.3219566666667,0 
-170.6467498333333,-14.3219535000000,0 
-170.6467426666667,-14.3219618333333,0 
-170.6467398333333,-14.3219698333333,0 
-170.6467341666667,-14.3219828333333,0 
-170.6467240000000,-14.3219833333333,0 
-170.6467158333333,-14.3219906666667,0 
-170.6467101666667,-14.3219998333333,0 
-170.6467063333333,-14.3220165000000,0 
-170.6466965000000,-14.3220258333333,0 
-170.6466835000000,-14.3220308333333,0 
-170.6466793333333,-14.3220421666667,0 
-170.6466890000000,-14.3220455000000,0 
-170.6466681666667,-14.3220578333333,0 
-170.6466685000000,-14.3220760000000,0 
-170.6466738333333,-14.3220726666667,0 
-170.6466538333333,-14.3220926666667,0 
-170.6466460000000,-14.3221081666667,0 
-170.6466356666667,-14.3221083333333,0 
-170.6466333333333,-14.3221276666667,0 
-170.6466158333333,-14.3221373333333,0 
-170.6466091666667,-14.3221511666667,0 
-170.6465998333333,-14.3221536666667,0 
-170.6465845000000,-14.3221655000000,0 
-170.6465736666667,-14.3221680000000,0 
-170.6465631666667,-14.3221856666667,0 
-170.6465543333333,-14.3221920000000,0 
-170.6465461666667,-14.3221946666667,0 
-170.6465265000000,-14.3222056666667,0 
-170.6465165000000,-14.3222160000000,0 
-170.6465028333333,-14.3222181666667,0 
-170.6464896666667,-14.3222206666667,0 
-170.6464801666667,-14.3222391666667,0 
-170.6464690000000,-14.3222306666667,0 
-170.6464568333333,-14.3222471666667,0 
-170.6464438333333,-14.3222541666667,0 
-170.6464311666667,-14.3222596666667,0 
-170.6464261666667,-14.3222611666667,0 
-170.6464113333333,-14.3222685000000,0 
-170.6464013333333,-14.3222738333333,0 
-170.6463913333333,-14.3222783333333,0 
-170.6463836666667,-14.3222870000000,0 
-170.6463771666667,-14.3222933333333,0 
-170.6463618333333,-14.3222965000000,0 
-170.6463528333333,-14.3223040000000,0 
-170.6463386666667,-14.3223061666667,0 
-170.6463291666667,-14.3223140000000,0 
-170.6463191666667,-14.3223128333333,0 
-170.6463085000000,-14.3223215000000,0 
-170.6462971666667,-14.3223320000000,0 
-170.6462855000000,-14.3223295000000,0 
-170.6462751666667,-14.3223398333333,0 
-170.6462646666667,-14.3223436666667,0 
-170.6462586666667,-14.3223418333333,0 
-170.6462446666667,-14.3223501666667,0 
-170.6462393333333,-14.3223535000000,0 
-170.6462331666667,-14.3223593333333,0 
-170.6462226666667,-14.3223673333333,0 
-170.6462138333333,-14.3223690000000,0 
-170.6462101666667,-14.3223726666667,0 
-170.6462001666667,-14.3223761666667,0 
-170.6461978333333,-14.3223800000000,0 
-170.6461878333333,-14.3223780000000,0 
-170.6461835000000,-14.3223898333333,0 
-170.6461795000000,-14.3223896666667,0 
-170.6461698333333,-14.3223968333333,0 
-170.6461680000000,-14.3223968333333,0 
-170.6461591666667,-14.3224010000000,0 
-170.6461501666667,-14.3224015000000,0 
-170.6461456666667,-14.3224086666667,0 
-170.6461400000000,-14.3224093333333,0 
-170.6461321666667,-14.3224115000000,0 
-170.6461325000000,-14.3224163333333,0 
-170.6461168333333,-14.3224203333333,0 
-170.6461120000000,-14.3224161666667,0 
-170.6461146666667,-14.3224283333333,0 
-170.6461086666667,-14.3224295000000,0 
-170.6461051666667,-14.3224263333333,0 
-170.6460980000000,-14.3224291666667,0 
-170.6460950000000,-14.3224290000000,0 
-170.6460918333333,-14.3224270000000,0 
-170.6460851666667,-14.3224370000000,0 
-170.6460706666667,-14.3224336666667,0 
-170.6460776666667,-14.3224333333333,0 
-170.6460586666667,-14.3224265000000,0 
-170.6460608333333,-14.3224306666667,0 
-170.6460670000000,-14.3224295000000,0 
-170.6460503333333,-14.3224343333333,0 
-170.6460446666667,-14.3224361666667,0 
-170.6460425000000,-14.3224265000000,0 
</coordinates></LineString></Placemark></Document></kml>
