<kml><Document><Placemark>
<name>Testing</name>
<LineString><tessellate>1</tessellate>
<coordinates>
-169.0566625000000,-14.2083256666667,0 
-169.0567088333333,-14.2083413333333,0 
-169.0567206666667,-14.2083533333333,0 
-169.0567236666667,-14.2083495000000,0 
-169.0567358333333,-14.2083515000000,0 
-169.0567493333333,-14.2083668333333,0 
-169.0567561666667,-14.2083790000000,0 
-169.0567686666667,-14.2083835000000,0 
-169.0567768333333,-14.2083918333333,0 
-169.0567638333333,-14.2084060000000,0 
-169.0568038333333,-14.2083953333333,0 
-169.0568045000000,-14.2084168333333,0 
-169.0568105000000,-14.2084163333333,0 
-169.0568113333333,-14.2084420000000,0 
-169.0568181666667,-14.2084590000000,0 
-169.0568235000000,-14.2084658333333,0 
-169.0568358333333,-14.2084853333333,0 
-169.0568426666667,-14.2085023333333,0 
-169.0568610000000,-14.2084996666667,0 
-169.0568520000000,-14.2085145000000,0 
-169.0568776666667,-14.2085238333333,0 
-169.0568721666667,-14.2085290000000,0 
-169.0568851666667,-14.2085458333333,0 
-169.0568923333333,-14.2085523333333,0 
-169.0568926666667,-14.2085616666667,0 
-169.0568956666667,-14.2085715000000,0 
-169.0569031666667,-14.2085803333333,0 
-169.0569123333333,-14.2085743333333,0 
-169.0569161666667,-14.2085623333333,0 
-169.0569173333333,-14.2085573333333,0 
-169.0569250000000,-14.2085565000000,0 
-169.0569275000000,-14.2085600000000,0 
-169.0569346666667,-14.2085638333333,0 
-169.0569471666667,-14.2085726666667,0 
-169.0569493333333,-14.2085693333333,0 
-169.0569638333333,-14.2085775000000,0 
-169.0569693333333,-14.2085811666667,0 
-169.0569790000000,-14.2085846666667,0 
-169.0569908333333,-14.2085956666667,0 
-169.0569915000000,-14.2085868333333,0 
-169.0570028333333,-14.2085961666667,0 
-169.0570061666667,-14.2085910000000,0 
-169.0570166666667,-14.2085936666667,0 
-169.0570266666667,-14.2085905000000,0 
-169.0570225000000,-14.2086000000000,0 
-169.0570296666667,-14.2086130000000,0 
-169.0570260000000,-14.2086160000000,0 
-169.0570380000000,-14.2086283333333,0 
-169.0570406666667,-14.2086350000000,0 
-169.0570553333333,-14.2086343333333,0 
-169.0570576666667,-14.2086455000000,0 
-169.0570693333333,-14.2086445000000,0 
-169.0570763333333,-14.2086445000000,0 
-169.0570843333333,-14.2086576666667,0 
-169.0571005000000,-14.2086538333333,0 
-169.0571071666667,-14.2086718333333,0 
-169.0571168333333,-14.2086748333333,0 
-169.0571421666667,-14.2086745000000,0 
-169.0571495000000,-14.2086868333333,0 
-169.0571586666667,-14.2086855000000,0 
-169.0571681666667,-14.2086900000000,0 
-169.0571710000000,-14.2087006666667,0 
-169.0571823333333,-14.2086953333333,0 
-169.0571901666667,-14.2087036666667,0 
-169.0571935000000,-14.2087103333333,0 
-169.0572011666667,-14.2087141666667,0 
-169.0572071666667,-14.2087201666667,0 
-169.0572131666667,-14.2087205000000,0 
-169.0572198333333,-14.2087245000000,0 
-169.0572278333333,-14.2087278333333,0 
-169.0572336666667,-14.2087300000000,0 
-169.0572485000000,-14.2087361666667,0 
-169.0572578333333,-14.2087361666667,0 
-169.0572703333333,-14.2087291666667,0 
-169.0572768333333,-14.2087336666667,0 
-169.0572790000000,-14.2087165000000,0 
-169.0572865000000,-14.2086988333333,0 
-169.0572948333333,-14.2086918333333,0 
-169.0572998333333,-14.2086568333333,0 
-169.0573098333333,-14.2086371666667,0 
-169.0573176666667,-14.2086085000000,0 
-169.0573336666667,-14.2085778333333,0 
-169.0573541666667,-14.2085631666667,0 
-169.0573688333333,-14.2085305000000,0 
-169.0573995000000,-14.2085210000000,0 
-169.0574161666667,-14.2084936666667,0 
-169.0574375000000,-14.2084721666667,0 
-169.0574511666667,-14.2084681666667,0 
-169.0574668333333,-14.2084665000000,0 
-169.0574810000000,-14.2084813333333,0 
-169.0574763333333,-14.2084731666667,0 
-169.0574845000000,-14.2084881666667,0 
-169.0574885000000,-14.2084840000000,0 
-169.0574926666667,-14.2084933333333,0 
-169.0575010000000,-14.2084996666667,0 
-169.0575086666667,-14.2085028333333,0 
-169.0575178333333,-14.2085138333333,0 
-169.0575295000000,-14.2085148333333,0 
-169.0575396666667,-14.2085368333333,0 
-169.0575455000000,-14.2085361666667,0 
-169.0575520000000,-14.2085393333333,0 
-169.0575631666667,-14.2085473333333,0 
-169.0575741666667,-14.2085620000000,0 
-169.0575708333333,-14.2085556666667,0 
-169.0575908333333,-14.2085758333333,0 
-169.0575995000000,-14.2085845000000,0 
-169.0576040000000,-14.2085883333333,0 
-169.0576066666667,-14.2085965000000,0 
-169.0576075000000,-14.2086061666667,0 
-169.0576140000000,-14.2086150000000,0 
-169.0576088333333,-14.2086178333333,0 
-169.0576121666667,-14.2086321666667,0 
-169.0576081666667,-14.2086321666667,0 
-169.0576068333333,-14.2086446666667,0 
-169.0576153333333,-14.2086596666667,0 
-169.0576081666667,-14.2086555000000,0 
-169.0576253333333,-14.2086775000000,0 
-169.0576176666667,-14.2086620000000,0 
-169.0576270000000,-14.2086838333333,0 
-169.0576348333333,-14.2086930000000,0 
-169.0576380000000,-14.2086901666667,0 
-169.0576370000000,-14.2086950000000,0 
-169.0576475000000,-14.2086970000000,0 
-169.0576493333333,-14.2087123333333,0 
-169.0576493333333,-14.2087156666667,0 
-169.0576543333333,-14.2087233333333,0 
-169.0576673333333,-14.2087220000000,0 
-169.0576675000000,-14.2087385000000,0 
-169.0576765000000,-14.2087356666667,0 
-169.0576808333333,-14.2087400000000,0 
-169.0576795000000,-14.2087410000000,0 
-169.0576881666667,-14.2087593333333,0 
-169.0576953333333,-14.2087465000000,0 
-169.0576938333333,-14.2087668333333,0 
-169.0576956666667,-14.2087605000000,0 
-169.0577053333333,-14.2087698333333,0 
-169.0577063333333,-14.2087628333333,0 
-169.0577060000000,-14.2087738333333,0 
-169.0577030000000,-14.2087698333333,0 
-169.0576970000000,-14.2087695000000,0 
-169.0577078333333,-14.2087710000000,0 
-169.0577035000000,-14.2087805000000,0 
-169.0576943333333,-14.2087590000000,0 
-169.0576926666667,-14.2087815000000,0 
-169.0577015000000,-14.2087808333333,0 
-169.0576863333333,-14.2087615000000,0 
-169.0576913333333,-14.2087905000000,0 
-169.0576920000000,-14.2087820000000,0 
-169.0576948333333,-14.2087738333333,0 
-169.0577003333333,-14.2087866666667,0 
-169.0576933333333,-14.2087868333333,0 
-169.0576948333333,-14.2087855000000,0 
-169.0576771666667,-14.2087960000000,0 
-169.0576790000000,-14.2087905000000,0 
-169.0576685000000,-14.2088090000000,0 
-169.0576518333333,-14.2087756666667,0 
-169.0576625000000,-14.2088065000000,0 
-169.0576410000000,-14.2087956666667,0 
-169.0576391666667,-14.2088008333333,0 
-169.0576278333333,-14.2088156666667,0 
-169.0576150000000,-14.2087966666667,0 
-169.0576058333333,-14.2088130000000,0 
-169.0576000000000,-14.2088155000000,0 
-169.0575930000000,-14.2088231666667,0 
-169.0575801666667,-14.2088051666667,0 
-169.0575856666667,-14.2088316666667,0 
-169.0575775000000,-14.2088225000000,0 
-169.0575733333333,-14.2088261666667,0 
-169.0575603333333,-14.2088296666667,0 
-169.0575636666667,-14.2088275000000,0 
-169.0575543333333,-14.2088325000000,0 
-169.0575508333333,-14.2088215000000,0 
-169.0575448333333,-14.2088273333333,0 
-169.0575480000000,-14.2088418333333,0 
-169.0575561666667,-14.2088411666667,0 
-169.0575348333333,-14.2088511666667,0 
-169.0575400000000,-14.2088571666667,0 
-169.0575458333333,-14.2088563333333,0 
-169.0575336666667,-14.2088508333333,0 
-169.0575468333333,-14.2088660000000,0 
-169.0575255000000,-14.2088635000000,0 
-169.0575281666667,-14.2088730000000,0 
-169.0575126666667,-14.2088686666667,0 
-169.0575213333333,-14.2088781666667,0 
-169.0575005000000,-14.2088846666667,0 
-169.0575071666667,-14.2088863333333,0 
-169.0575110000000,-14.2088886666667,0 
-169.0575050000000,-14.2088826666667,0 
-169.0575213333333,-14.2089041666667,0 
-169.0575046666667,-14.2088893333333,0 
-169.0575196666667,-14.2089016666667,0 
-169.0575123333333,-14.2088996666667,0 
-169.0575268333333,-14.2089130000000,0 
-169.0575240000000,-14.2089068333333,0 
-169.0575183333333,-14.2089200000000,0 
-169.0575270000000,-14.2089131666667,0 
-169.0575196666667,-14.2089281666667,0 
-169.0575330000000,-14.2089265000000,0 
-169.0575388333333,-14.2089333333333,0 
-169.0575445000000,-14.2089303333333,0 
-169.0575325000000,-14.2089356666667,0 
-169.0575410000000,-14.2089560000000,0 
-169.0575306666667,-14.2089590000000,0 
-169.0575376666667,-14.2089595000000,0 
-169.0575371666667,-14.2089748333333,0 
-169.0575408333333,-14.2089775000000,0 
-169.0575438333333,-14.2089963333333,0 
-169.0575336666667,-14.2089990000000,0 
-169.0575493333333,-14.2090041666667,0 
-169.0575516666667,-14.2090155000000,0 
-169.0575583333333,-14.2090266666667,0 
-169.0575485000000,-14.2090150000000,0 
-169.0575641666667,-14.2090478333333,0 
-169.0575595000000,-14.2090326666667,0 
-169.0575601666667,-14.2090533333333,0 
-169.0575645000000,-14.2090461666667,0 
-169.0575646666667,-14.2090605000000,0 
-169.0575651666667,-14.2090636666667,0 
-169.0575708333333,-14.2090738333333,0 
-169.0575718333333,-14.2090660000000,0 
-169.0575800000000,-14.2090775000000,0 
-169.0575831666667,-14.2090791666667,0 
-169.0575876666667,-14.2090900000000,0 
-169.0575876666667,-14.2090960000000,0 
-169.0575843333333,-14.2090968333333,0 
-169.0575958333333,-14.2090988333333,0 
-169.0575908333333,-14.2090941666667,0 
-169.0576075000000,-14.2091171666667,0 
-169.0575875000000,-14.2091055000000,0 
-169.0575920000000,-14.2091135000000,0 
-169.0575915000000,-14.2091273333333,0 
-169.0575960000000,-14.2091278333333,0 
-169.0575935000000,-14.2091360000000,0 
-169.0576033333333,-14.2091331666667,0 
-169.0576281666667,-14.2091428333333,0 
-169.0576118333333,-14.2091453333333,0 
-169.0576288333333,-14.2091640000000,0 
-169.0576101666667,-14.2091471666667,0 
-169.0576273333333,-14.2091728333333,0 
-169.0576181666667,-14.2091650000000,0 
-169.0576266666667,-14.2091861666667,0 
-169.0576318333333,-14.2091806666667,0 
-169.0576196666667,-14.2091835000000,0 
-169.0576503333333,-14.2092101666667,0 
-169.0576310000000,-14.2092010000000,0 
-169.0576538333333,-14.2092163333333,0 
-169.0576340000000,-14.2092156666667,0 
-169.0576471666667,-14.2092283333333,0 
-169.0576575000000,-14.2092476666667,0 
-169.0576486666667,-14.2092425000000,0 
-169.0576388333333,-14.2092403333333,0 
-169.0576715000000,-14.2092711666667,0 
-169.0576545000000,-14.2092568333333,0 
-169.0576636666667,-14.2092753333333,0 
-169.0576733333333,-14.2092701666667,0 
-169.0576586666667,-14.2092758333333,0 
-169.0576676666667,-14.2092828333333,0 
-169.0576781666667,-14.2092905000000,0 
-169.0576736666667,-14.2093030000000,0 
-169.0576746666667,-14.2092976666667,0 
-169.0576740000000,-14.2092985000000,0 
-169.0577088333333,-14.2093233333333,0 
-169.0577056666667,-14.2093226666667,0 
-169.0577050000000,-14.2093051666667,0 
-169.0577218333333,-14.2093256666667,0 
-169.0577166666667,-14.2093453333333,0 
-169.0577326666667,-14.2093500000000,0 
-169.0577116666667,-14.2093385000000,0 
-169.0577455000000,-14.2093693333333,0 
-169.0577363333333,-14.2093638333333,0 
-169.0577480000000,-14.2093775000000,0 
-169.0577351666667,-14.2093850000000,0 
-169.0577391666667,-14.2093736666667,0 
-169.0577635000000,-14.2094001666667,0 
-169.0577680000000,-14.2094028333333,0 
-169.0577683333333,-14.2093965000000,0 
-169.0577551666667,-14.2093925000000,0 
-169.0577813333333,-14.2094090000000,0 
-169.0577490000000,-14.2094006666667,0 
-169.0578073333333,-14.2094238333333,0 
-169.0577598333333,-14.2094083333333,0 
-169.0577885000000,-14.2094438333333,0 
-169.0577711666667,-14.2094293333333,0 
-169.0578040000000,-14.2094655000000,0 
-169.0577890000000,-14.2094416666667,0 
-169.0577996666667,-14.2094616666667,0 
-169.0577993333333,-14.2094485000000,0 
-169.0577900000000,-14.2094715000000,0 
-169.0578021666667,-14.2094773333333,0 
-169.0577920000000,-14.2094843333333,0 
-169.0578041666667,-14.2094761666667,0 
-169.0578156666667,-14.2095051666667,0 
-169.0578146666667,-14.2094861666667,0 
-169.0578100000000,-14.2095025000000,0 
-169.0578218333333,-14.2095045000000,0 
-169.0578445000000,-14.2095260000000,0 
-169.0578191666667,-14.2094926666667,0 
-169.0578268333333,-14.2095051666667,0 
-169.0578366666667,-14.2095350000000,0 
-169.0578385000000,-14.2095258333333,0 
-169.0578341666667,-14.2095426666667,0 
-169.0578318333333,-14.2095356666667,0 
-169.0578331666667,-14.2095473333333,0 
-169.0578380000000,-14.2095435000000,0 
-169.0578405000000,-14.2095613333333,0 
-169.0578315000000,-14.2095458333333,0 
-169.0578438333333,-14.2095650000000,0 
-169.0578590000000,-14.2095830000000,0 
-169.0578520000000,-14.2095935000000,0 
-169.0578426666667,-14.2095536666667,0 
-169.0578705000000,-14.2095943333333,0 
-169.0578411666667,-14.2095785000000,0 
-169.0578685000000,-14.2095861666667,0 
-169.0578481666667,-14.2095856666667,0 
-169.0578670000000,-14.2095925000000,0 
-169.0578523333333,-14.2096028333333,0 
-169.0578570000000,-14.2095895000000,0 
-169.0578571666667,-14.2095978333333,0 
-169.0578688333333,-14.2096200000000,0 
-169.0578635000000,-14.2096205000000,0 
-169.0578686666667,-14.2096245000000,0 
-169.0578693333333,-14.2096233333333,0 
-169.0578796666667,-14.2096278333333,0 
-169.0578776666667,-14.2096338333333,0 
-169.0578946666667,-14.2096465000000,0 
-169.0578871666667,-14.2096266666667,0 
-169.0579041666667,-14.2096500000000,0 
-169.0578910000000,-14.2096476666667,0 
-169.0578998333333,-14.2096598333333,0 
-169.0579058333333,-14.2096735000000,0 
-169.0579198333333,-14.2096838333333,0 
-169.0578946666667,-14.2096470000000,0 
-169.0579373333333,-14.2096978333333,0 
-169.0579183333333,-14.2096780000000,0 
-169.0579481666667,-14.2097098333333,0 
-169.0579345000000,-14.2097051666667,0 
-169.0579226666667,-14.2097086666667,0 
-169.0579418333333,-14.2097198333333,0 
-169.0579480000000,-14.2097328333333,0 
-169.0579418333333,-14.2097303333333,0 
-169.0579255000000,-14.2096956666667,0 
-169.0579515000000,-14.2097455000000,0 
-169.0579416666667,-14.2097431666667,0 
-169.0579486666667,-14.2097413333333,0 
-169.0579616666667,-14.2097663333333,0 
-169.0579590000000,-14.2097455000000,0 
-169.0579761666667,-14.2097630000000,0 
-169.0579606666667,-14.2097550000000,0 
-169.0579886666667,-14.2097783333333,0 
-169.0579990000000,-14.2097968333333,0 
-169.0579858333333,-14.2097800000000,0 
-169.0580046666667,-14.2098105000000,0 
-169.0579988333333,-14.2097806666667,0 
-169.0580276666667,-14.2098113333333,0 
-169.0580123333333,-14.2097651666667,0 
-169.0580245000000,-14.2098263333333,0 
-169.0580278333333,-14.2098220000000,0 
-169.0580416666667,-14.2098350000000,0 
-169.0580335000000,-14.2098243333333,0 
-169.0580410000000,-14.2098410000000,0 
-169.0580330000000,-14.2098268333333,0 
-169.0580415000000,-14.2098495000000,0 
-169.0580641666667,-14.2098700000000,0 
-169.0580555000000,-14.2098656666667,0 
-169.0580693333333,-14.2098825000000,0 
-169.0580593333333,-14.2098715000000,0 
-169.0580881666667,-14.2098901666667,0 
-169.0580790000000,-14.2098816666667,0 
-169.0580830000000,-14.2098955000000,0 
-169.0580903333333,-14.2098878333333,0 
-169.0580820000000,-14.2098948333333,0 
-169.0580985000000,-14.2098910000000,0 
-169.0580971666667,-14.2098870000000,0 
-169.0581360000000,-14.2099048333333,0 
-169.0581201666667,-14.2098988333333,0 
-169.0581471666667,-14.2099241666667,0 
-169.0581306666667,-14.2099040000000,0 
-169.0581733333333,-14.2099300000000,0 
-169.0581188333333,-14.2099105000000,0 
-169.0581423333333,-14.2099323333333,0 
-169.0581466666667,-14.2099585000000,0 
-169.0581500000000,-14.2099791666667,0 
-169.0581471666667,-14.2099668333333,0 
-169.0581683333333,-14.2099703333333,0 
-169.0581350000000,-14.2099708333333,0 
-169.0581675000000,-14.2100050000000,0 
-169.0581513333333,-14.2099868333333,0 
-169.0581915000000,-14.2100090000000,0 
-169.0581681666667,-14.2100023333333,0 
-169.0581780000000,-14.2100091666667,0 
-169.0581830000000,-14.2100261666667,0 
-169.0581750000000,-14.2100035000000,0 
-169.0582013333333,-14.2100345000000,0 
-169.0582066666667,-14.2100286666667,0 
-169.0581798333333,-14.2100216666667,0 
-169.0582233333333,-14.2100306666667,0 
-169.0582048333333,-14.2100246666667,0 
-169.0582498333333,-14.2100635000000,0 
-169.0582125000000,-14.2100310000000,0 
-169.0582248333333,-14.2100550000000,0 
-169.0582453333333,-14.2100688333333,0 
-169.0582405000000,-14.2100725000000,0 
-169.0582480000000,-14.2100878333333,0 
-169.0582500000000,-14.2100806666667,0 
-169.0582720000000,-14.2100976666667,0 
-169.0582445000000,-14.2101026666667,0 
-169.0582478333333,-14.2101041666667,0 
-169.0582846666667,-14.2101221666667,0 
-169.0582626666667,-14.2100968333333,0 
-169.0582855000000,-14.2101616666667,0 
-169.0582736666667,-14.2101383333333,0 
-169.0582770000000,-14.2101325000000,0 
-169.0582806666667,-14.2101498333333,0 
-169.0582835000000,-14.2101711666667,0 
-169.0582716666667,-14.2101280000000,0 
-169.0582976666667,-14.2101698333333,0 
-169.0582696666667,-14.2101521666667,0 
-169.0582961666667,-14.2101470000000,0 
-169.0583133333333,-14.2101730000000,0 
-169.0583261666667,-14.2101615000000,0 
-169.0583228333333,-14.2101760000000,0 
-169.0583406666667,-14.2101771666667,0 
-169.0583095000000,-14.2101413333333,0 
-169.0583768333333,-14.2102225000000,0 
-169.0583346666667,-14.2101870000000,0 
-169.0583538333333,-14.2101935000000,0 
-169.0583381666667,-14.2102073333333,0 
-169.0583490000000,-14.2102086666667,0 
-169.0583361666667,-14.2102003333333,0 
-169.0583635000000,-14.2102183333333,0 
-169.0583598333333,-14.2102133333333,0 
-169.0583618333333,-14.2102431666667,0 
-169.0583656666667,-14.2102223333333,0 
-169.0583540000000,-14.2102335000000,0 
-169.0583750000000,-14.2102330000000,0 
-169.0583623333333,-14.2102400000000,0 
-169.0583545000000,-14.2102246666667,0 
-169.0583683333333,-14.2102580000000,0 
-169.0583540000000,-14.2102408333333,0 
-169.0583643333333,-14.2102711666667,0 
-169.0583686666667,-14.2102458333333,0 
-169.0583606666667,-14.2102531666667,0 
-169.0583801666667,-14.2102496666667,0 
-169.0583593333333,-14.2102433333333,0 
-169.0583708333333,-14.2102581666667,0 
-169.0583798333333,-14.2102700000000,0 
-169.0583888333333,-14.2102643333333,0 
-169.0583808333333,-14.2102725000000,0 
-169.0584005000000,-14.2102771666667,0 
-169.0583710000000,-14.2102400000000,0 
-169.0584171666667,-14.2102950000000,0 
-169.0583641666667,-14.2102536666667,0 
-169.0583861666667,-14.2102928333333,0 
-169.0583833333333,-14.2102823333333,0 
-169.0583593333333,-14.2102771666667,0 
-169.0583878333333,-14.2102898333333,0 
-169.0583643333333,-14.2102941666667,0 
-169.0583613333333,-14.2102795000000,0 
-169.0583743333333,-14.2102945000000,0 
-169.0583715000000,-14.2102920000000,0 
-169.0583698333333,-14.2102898333333,0 
-169.0583638333333,-14.2102840000000,0 
-169.0583601666667,-14.2102828333333,0 
-169.0583660000000,-14.2103010000000,0 
-169.0583525000000,-14.2102623333333,0 
-169.0583331666667,-14.2102540000000,0 
-169.0583545000000,-14.2102750000000,0 
-169.0583430000000,-14.2102628333333,0 
-169.0583360000000,-14.2102515000000,0 
-169.0583430000000,-14.2102565000000,0 
-169.0583233333333,-14.2102366666667,0 
-169.0583288333333,-14.2102335000000,0 
-169.0583250000000,-14.2102446666667,0 
-169.0583090000000,-14.2102148333333,0 
-169.0583300000000,-14.2102120000000,0 
-169.0582981666667,-14.2101913333333,0 
-169.0583153333333,-14.2102115000000,0 
-169.0583111666667,-14.2102111666667,0 
-169.0583076666667,-14.2102140000000,0 
-169.0583116666667,-14.2102053333333,0 
-169.0583361666667,-14.2102240000000,0 
-169.0583133333333,-14.2102043333333,0 
-169.0583123333333,-14.2102131666667,0 
-169.0583270000000,-14.2102473333333,0 
-169.0583230000000,-14.2102060000000,0 
-169.0583390000000,-14.2102240000000,0 
-169.0583411666667,-14.2102286666667,0 
-169.0583185000000,-14.2102005000000,0 
-169.0583400000000,-14.2102355000000,0 
-169.0583351666667,-14.2102150000000,0 
-169.0583626666667,-14.2102421666667,0 
-169.0583603333333,-14.2102533333333,0 
-169.0583731666667,-14.2102533333333,0 
-169.0583690000000,-14.2102733333333,0 
-169.0583815000000,-14.2102621666667,0 
-169.0583735000000,-14.2102568333333,0 
-169.0583808333333,-14.2102868333333,0 
-169.0583751666667,-14.2102673333333,0 
-169.0583855000000,-14.2102786666667,0 
-169.0583981666667,-14.2102875000000,0 
-169.0583850000000,-14.2102881666667,0 
-169.0583941666667,-14.2102790000000,0 
-169.0583931666667,-14.2102776666667,0 
-169.0583915000000,-14.2102745000000,0 
-169.0583933333333,-14.2102826666667,0 
-169.0584075000000,-14.2102936666667,0 
-169.0583971666667,-14.2102788333333,0 
-169.0584023333333,-14.2102871666667,0 
-169.0584040000000,-14.2102848333333,0 
-169.0584121666667,-14.2102895000000,0 
-169.0584185000000,-14.2103061666667,0 
-169.0584328333333,-14.2102965000000,0 
-169.0584228333333,-14.2103030000000,0 
-169.0584833333333,-14.2103226666667,0 
-169.0584620000000,-14.2103296666667,0 
-169.0584856666667,-14.2103388333333,0 
-169.0584891666667,-14.2103406666667,0 
-169.0585293333333,-14.2103710000000,0 
-169.0585233333333,-14.2103475000000,0 
-169.0585663333333,-14.2103685000000,0 
-169.0585671666667,-14.2103925000000,0 
-169.0586208333333,-14.2104056666667,0 
-169.0586083333333,-14.2104008333333,0 
-169.0586673333333,-14.2104463333333,0 
-169.0586445000000,-14.2104390000000,0 
-169.0586623333333,-14.2104465000000,0 
-169.0586913333333,-14.2104778333333,0 
-169.0587515000000,-14.2104831666667,0 
-169.0587251666667,-14.2105045000000,0 
-169.0587615000000,-14.2105086666667,0 
-169.0587535000000,-14.2105213333333,0 
-169.0588413333333,-14.2105380000000,0 
-169.0588111666667,-14.2105460000000,0 
-169.0588286666667,-14.2105673333333,0 
-169.0588213333333,-14.2105248333333,0 
-169.0588098333333,-14.2105528333333,0 
-169.0588460000000,-14.2105941666667,0 
-169.0588351666667,-14.2105430000000,0 
-169.0588053333333,-14.2105885000000,0 
-169.0588166666667,-14.2105880000000,0 
-169.0588381666667,-14.2105731666667,0 
-169.0588306666667,-14.2105575000000,0 
-169.0588171666667,-14.2105738333333,0 
-169.0588331666667,-14.2105806666667,0 
-169.0588316666667,-14.2105946666667,0 
-169.0587973333333,-14.2105790000000,0 
-169.0588261666667,-14.2105941666667,0 
-169.0588045000000,-14.2105441666667,0 
-169.0588201666667,-14.2105896666667,0 
-169.0588123333333,-14.2105811666667,0 
-169.0587933333333,-14.2105845000000,0 
-169.0587978333333,-14.2105818333333,0 
-169.0587830000000,-14.2106060000000,0 
-169.0587893333333,-14.2105536666667,0 
-169.0587805000000,-14.2105851666667,0 
-169.0587676666667,-14.2106016666667,0 
-169.0588103333333,-14.2105558333333,0 
-169.0587575000000,-14.2105805000000,0 
-169.0588068333333,-14.2106056666667,0 
-169.0587595000000,-14.2105808333333,0 
-169.0587860000000,-14.2106028333333,0 
-169.0587511666667,-14.2105938333333,0 
-169.0587755000000,-14.2105636666667,0 
-169.0587525000000,-14.2105431666667,0 
-169.0587696666667,-14.2105881666667,0 
-169.0587610000000,-14.2106016666667,0 
-169.0587541666667,-14.2105598333333,0 
-169.0587311666667,-14.2105700000000,0 
-169.0587425000000,-14.2105468333333,0 
-169.0587206666667,-14.2105421666667,0 
-169.0587205000000,-14.2105658333333,0 
-169.0587001666667,-14.2105440000000,0 
-169.0587148333333,-14.2105611666667,0 
-169.0587068333333,-14.2105318333333,0 
-169.0586980000000,-14.2105475000000,0 
-169.0586861666667,-14.2105553333333,0 
-169.0587021666667,-14.2105308333333,0 
-169.0586776666667,-14.2105265000000,0 
-169.0586390000000,-14.2105256666667,0 
-169.0586453333333,-14.2105005000000,0 
-169.0586168333333,-14.2104943333333,0 
-169.0586230000000,-14.2104720000000,0 
-169.0585878333333,-14.2104900000000,0 
-169.0586228333333,-14.2104566666667,0 
-169.0585420000000,-14.2104350000000,0 
-169.0585698333333,-14.2104438333333,0 
-169.0585048333333,-14.2104011666667,0 
-169.0585435000000,-14.2103995000000,0 
-169.0585015000000,-14.2103860000000,0 
-169.0585328333333,-14.2103823333333,0 
-169.0585261666667,-14.2103956666667,0 
-169.0585140000000,-14.2103696666667,0 
-169.0584971666667,-14.2103810000000,0 
-169.0584970000000,-14.2103668333333,0 
-169.0584821666667,-14.2103558333333,0 
-169.0584848333333,-14.2103523333333,0 
-169.0584890000000,-14.2103596666667,0 
-169.0584555000000,-14.2103180000000,0 
-169.0584773333333,-14.2103410000000,0 
-169.0584466666667,-14.2103048333333,0 
-169.0584588333333,-14.2103380000000,0 
-169.0584288333333,-14.2102895000000,0 
-169.0584505000000,-14.2103073333333,0 
-169.0584263333333,-14.2102841666667,0 
-169.0584403333333,-14.2102811666667,0 
-169.0584243333333,-14.2102865000000,0 
-169.0584310000000,-14.2102763333333,0 
-169.0584068333333,-14.2102591666667,0 
-169.0584235000000,-14.2102868333333,0 
-169.0584010000000,-14.2102413333333,0 
-169.0584350000000,-14.2102780000000,0 
-169.0584248333333,-14.2102466666667,0 
-169.0584205000000,-14.2102533333333,0 
-169.0584445000000,-14.2102745000000,0 
-169.0584205000000,-14.2102546666667,0 
-169.0584423333333,-14.2102635000000,0 
-169.0584505000000,-14.2102613333333,0 
-169.0584491666667,-14.2102565000000,0 
-169.0584496666667,-14.2102611666667,0 
-169.0584533333333,-14.2102513333333,0 
-169.0584640000000,-14.2102601666667,0 
-169.0584610000000,-14.2102610000000,0 
-169.0584640000000,-14.2102568333333,0 
-169.0584710000000,-14.2102690000000,0 
-169.0584755000000,-14.2102661666667,0 
-169.0584736666667,-14.2102646666667,0 
-169.0584670000000,-14.2102595000000,0 
-169.0584801666667,-14.2102496666667,0 
-169.0584785000000,-14.2102606666667,0 
-169.0585036666667,-14.2102666666667,0 
-169.0584906666667,-14.2102566666667,0 
-169.0584896666667,-14.2102595000000,0 
-169.0584886666667,-14.2102578333333,0 
-169.0584953333333,-14.2102731666667,0 
-169.0584945000000,-14.2102590000000,0 
-169.0585026666667,-14.2102770000000,0 
-169.0585030000000,-14.2102630000000,0 
-169.0585176666667,-14.2102696666667,0 
-169.0585128333333,-14.2102711666667,0 
-169.0585015000000,-14.2102518333333,0 
-169.0585285000000,-14.2102875000000,0 
-169.0584875000000,-14.2102433333333,0 
-169.0585208333333,-14.2102765000000,0 
-169.0585133333333,-14.2102476666667,0 
-169.0585425000000,-14.2102740000000,0 
-169.0585218333333,-14.2102398333333,0 
-169.0585673333333,-14.2102920000000,0 
-169.0585233333333,-14.2102266666667,0 
-169.0585578333333,-14.2102813333333,0 
-169.0585125000000,-14.2102471666667,0 
-169.0585378333333,-14.2102645000000,0 
-169.0585410000000,-14.2102591666667,0 
-169.0585418333333,-14.2102766666667,0 
-169.0585520000000,-14.2102688333333,0 
-169.0585443333333,-14.2102598333333,0 
-169.0585505000000,-14.2102655000000,0 
-169.0585486666667,-14.2102688333333,0 
-169.0585685000000,-14.2102676666667,0 
-169.0585541666667,-14.2102690000000,0 
-169.0585586666667,-14.2102703333333,0 
-169.0585565000000,-14.2102698333333,0 
-169.0585718333333,-14.2102786666667,0 
-169.0585671666667,-14.2102716666667,0 
-169.0585701666667,-14.2102540000000,0 
-169.0585735000000,-14.2102538333333,0 
-169.0585863333333,-14.2102705000000,0 
-169.0585755000000,-14.2102638333333,0 
-169.0585861666667,-14.2102735000000,0 
-169.0585845000000,-14.2102648333333,0 
-169.0585941666667,-14.2102835000000,0 
-169.0585846666667,-14.2102675000000,0 
-169.0585923333333,-14.2102530000000,0 
-169.0585888333333,-14.2102705000000,0 
-169.0586215000000,-14.2102810000000,0 
-169.0585830000000,-14.2102593333333,0 
-169.0586265000000,-14.2102751666667,0 
-169.0586058333333,-14.2102616666667,0 
-169.0586390000000,-14.2102913333333,0 
-169.0585985000000,-14.2102653333333,0 
-169.0586256666667,-14.2102585000000,0 
-169.0586150000000,-14.2102586666667,0 
-169.0586423333333,-14.2102890000000,0 
-169.0586115000000,-14.2102593333333,0 
-169.0586311666667,-14.2102905000000,0 
-169.0586296666667,-14.2102713333333,0 
-169.0586500000000,-14.2102961666667,0 
-169.0586385000000,-14.2102811666667,0 
-169.0586393333333,-14.2102816666667,0 
-169.0586588333333,-14.2102908333333,0 
-169.0586460000000,-14.2102840000000,0 
-169.0586606666667,-14.2102673333333,0 
-169.0586498333333,-14.2102653333333,0 
-169.0586633333333,-14.2102446666667,0 
-169.0586428333333,-14.2102148333333,0 
-169.0586456666667,-14.2102158333333,0 
-169.0586461666667,-14.2102031666667,0 
-169.0586540000000,-14.2101738333333,0 
-169.0586685000000,-14.2101876666667,0 
-169.0586601666667,-14.2101436666667,0 
-169.0586538333333,-14.2101286666667,0 
-169.0586641666667,-14.2101345000000,0 
-169.0586558333333,-14.2101060000000,0 
-169.0586643333333,-14.2101091666667,0 
-169.0586858333333,-14.2101206666667,0 
-169.0586523333333,-14.2100675000000,0 
-169.0586810000000,-14.2100953333333,0 
-169.0586530000000,-14.2100620000000,0 
-169.0586710000000,-14.2100766666667,0 
-169.0586798333333,-14.2100788333333,0 
-169.0586836666667,-14.2100893333333,0 
-169.0586661666667,-14.2100536666667,0 
-169.0586783333333,-14.2100671666667,0 
-169.0586935000000,-14.2100696666667,0 
-169.0586901666667,-14.2100558333333,0 
-169.0586886666667,-14.2100638333333,0 
-169.0586876666667,-14.2100400000000,0 
-169.0586945000000,-14.2100740000000,0 
-169.0586930000000,-14.2100671666667,0 
-169.0587063333333,-14.2100783333333,0 
-169.0587178333333,-14.2100691666667,0 
-169.0587075000000,-14.2100698333333,0 
-169.0587116666667,-14.2100745000000,0 
-169.0587156666667,-14.2100853333333,0 
-169.0587241666667,-14.2100838333333,0 
-169.0587191666667,-14.2100998333333,0 
-169.0587245000000,-14.2100983333333,0 
-169.0587216666667,-14.2100958333333,0 
-169.0587340000000,-14.2100966666667,0 
-169.0587250000000,-14.2100991666667,0 
-169.0587325000000,-14.2101143333333,0 
-169.0587400000000,-14.2100951666667,0 
-169.0587548333333,-14.2101285000000,0 
-169.0587526666667,-14.2101066666667,0 
-169.0587458333333,-14.2101170000000,0 
-169.0587541666667,-14.2101166666667,0 
-169.0587510000000,-14.2101108333333,0 
-169.0587590000000,-14.2101466666667,0 
-169.0587558333333,-14.2101296666667,0 
-169.0587435000000,-14.2101171666667,0 
-169.0587680000000,-14.2101318333333,0 
-169.0587516666667,-14.2101141666667,0 
-169.0587780000000,-14.2101546666667,0 
-169.0587481666667,-14.2101310000000,0 
-169.0587620000000,-14.2101426666667,0 
-169.0587873333333,-14.2101451666667,0 
-169.0587880000000,-14.2101586666667,0 
-169.0587711666667,-14.2101623333333,0 
-169.0587910000000,-14.2101535000000,0 
-169.0587783333333,-14.2101590000000,0 
-169.0587740000000,-14.2101706666667,0 
-169.0587893333333,-14.2101583333333,0 
-169.0588076666667,-14.2102001666667,0 
-169.0587938333333,-14.2101701666667,0 
-169.0587916666667,-14.2102063333333,0 
-169.0588005000000,-14.2101863333333,0 
-169.0587850000000,-14.2101950000000,0 
-169.0587905000000,-14.2101918333333,0 
-169.0588046666667,-14.2101935000000,0 
-169.0587985000000,-14.2102180000000,0 
-169.0588033333333,-14.2102425000000,0 
-169.0588031666667,-14.2102291666667,0 
-169.0587971666667,-14.2102456666667,0 
-169.0587985000000,-14.2102233333333,0 
-169.0587875000000,-14.2102381666667,0 
-169.0587796666667,-14.2102423333333,0 
-169.0587978333333,-14.2102560000000,0 
-169.0587998333333,-14.2102605000000,0 
-169.0587795000000,-14.2102513333333,0 
-169.0587746666667,-14.2102638333333,0 
-169.0588023333333,-14.2102803333333,0 
-169.0587796666667,-14.2102786666667,0 
-169.0587930000000,-14.2102966666667,0 
-169.0587763333333,-14.2102876666667,0 
-169.0588036666667,-14.2102906666667,0 
-169.0587880000000,-14.2103038333333,0 
-169.0587853333333,-14.2102976666667,0 
-169.0587830000000,-14.2103116666667,0 
-169.0587998333333,-14.2103026666667,0 
-169.0587801666667,-14.2103236666667,0 
-169.0587906666667,-14.2103070000000,0 
-169.0587691666667,-14.2103311666667,0 
-169.0587840000000,-14.2103311666667,0 
-169.0587778333333,-14.2103161666667,0 
-169.0587863333333,-14.2103345000000,0 
-169.0587966666667,-14.2103508333333,0 
-169.0587798333333,-14.2103678333333,0 
-169.0587925000000,-14.2103768333333,0 
-169.0587855000000,-14.2103646666667,0 
-169.0587913333333,-14.2103911666667,0 
-169.0587918333333,-14.2103815000000,0 
-169.0587766666667,-14.2103936666667,0 
-169.0587651666667,-14.2103905000000,0 
-169.0587935000000,-14.2104023333333,0 
-169.0587561666667,-14.2104023333333,0 
-169.0587711666667,-14.2103960000000,0 
-169.0587696666667,-14.2104065000000,0 
-169.0587591666667,-14.2104040000000,0 
-169.0587633333333,-14.2104168333333,0 
-169.0587761666667,-14.2104293333333,0 
-169.0587595000000,-14.2104256666667,0 
-169.0587645000000,-14.2104458333333,0 
-169.0587800000000,-14.2104508333333,0 
-169.0587760000000,-14.2104231666667,0 
-169.0587745000000,-14.2104638333333,0 
-169.0587616666667,-14.2104568333333,0 
-169.0587395000000,-14.2104583333333,0 
-169.0587410000000,-14.2104611666667,0 
-169.0587310000000,-14.2104751666667,0 
-169.0587501666667,-14.2104763333333,0 
-169.0587471666667,-14.2104840000000,0 
-169.0587368333333,-14.2104786666667,0 
-169.0587401666667,-14.2104690000000,0 
-169.0587181666667,-14.2104971666667,0 
-169.0587258333333,-14.2105060000000,0 
-169.0587256666667,-14.2104763333333,0 
-169.0587163333333,-14.2105080000000,0 
-169.0587501666667,-14.2105035000000,0 
-169.0587246666667,-14.2105345000000,0 
-169.0587470000000,-14.2105468333333,0 
-169.0587148333333,-14.2105410000000,0 
-169.0587091666667,-14.2105398333333,0 
-169.0587303333333,-14.2105418333333,0 
-169.0587091666667,-14.2105366666667,0 
-169.0586925000000,-14.2105523333333,0 
-169.0586970000000,-14.2105586666667,0 
-169.0587113333333,-14.2105695000000,0 
-169.0586903333333,-14.2105695000000,0 
-169.0586958333333,-14.2105833333333,0 
-169.0586938333333,-14.2105778333333,0 
-169.0586855000000,-14.2105736666667,0 
-169.0586891666667,-14.2105581666667,0 
-169.0586820000000,-14.2105808333333,0 
-169.0586635000000,-14.2105923333333,0 
-169.0586913333333,-14.2105856666667,0 
-169.0586755000000,-14.2105811666667,0 
-169.0586786666667,-14.2106060000000,0 
-169.0586786666667,-14.2105985000000,0 
-169.0586790000000,-14.2105996666667,0 
-169.0586650000000,-14.2106128333333,0 
-169.0586686666667,-14.2106166666667,0 
-169.0586358333333,-14.2106031666667,0 
-169.0586496666667,-14.2106331666667,0 
-169.0586438333333,-14.2106330000000,0 
-169.0586423333333,-14.2106146666667,0 
-169.0586503333333,-14.2106375000000,0 
-169.0586491666667,-14.2106400000000,0 
-169.0586550000000,-14.2106258333333,0 
-169.0586370000000,-14.2106425000000,0 
-169.0586490000000,-14.2106611666667,0 
-169.0586478333333,-14.2106373333333,0 
-169.0586246666667,-14.2106610000000,0 
-169.0586270000000,-14.2106623333333,0 
-169.0586380000000,-14.2106748333333,0 
-169.0586383333333,-14.2106620000000,0 
-169.0586283333333,-14.2106633333333,0 
-169.0586406666667,-14.2106636666667,0 
-169.0586213333333,-14.2106793333333,0 
-169.0586361666667,-14.2106358333333,0 
-169.0586516666667,-14.2106785000000,0 
-169.0586420000000,-14.2106830000000,0 
-169.0586353333333,-14.2106625000000,0 
-169.0586148333333,-14.2106886666667,0 
-169.0586171666667,-14.2106898333333,0 
-169.0586186666667,-14.2106935000000,0 
-169.0586256666667,-14.2107081666667,0 
-169.0586146666667,-14.2107111666667,0 
-169.0586351666667,-14.2107055000000,0 
-169.0586313333333,-14.2107143333333,0 
-169.0586216666667,-14.2107163333333,0 
-169.0586118333333,-14.2107051666667,0 
-169.0585866666667,-14.2107055000000,0 
-169.0585966666667,-14.2107086666667,0 
-169.0585816666667,-14.2107073333333,0 
-169.0585855000000,-14.2106981666667,0 
-169.0585998333333,-14.2107121666667,0 
-169.0585621666667,-14.2107303333333,0 
-169.0585911666667,-14.2106878333333,0 
-169.0585736666667,-14.2107191666667,0 
-169.0585890000000,-14.2106891666667,0 
-169.0585746666667,-14.2107341666667,0 
-169.0585733333333,-14.2107175000000,0 
-169.0585761666667,-14.2107158333333,0 
-169.0585543333333,-14.2107328333333,0 
-169.0585563333333,-14.2107580000000,0 
-169.0585575000000,-14.2107286666667,0 
-169.0585335000000,-14.2107631666667,0 
-169.0585515000000,-14.2107691666667,0 
-169.0585270000000,-14.2107790000000,0 
-169.0585366666667,-14.2107576666667,0 
-169.0585368333333,-14.2107723333333,0 
-169.0585253333333,-14.2107968333333,0 
-169.0585316666667,-14.2107578333333,0 
-169.0584933333333,-14.2107751666667,0 
-169.0585195000000,-14.2108125000000,0 
-169.0584953333333,-14.2108226666667,0 
-169.0584708333333,-14.2108060000000,0 
-169.0584958333333,-14.2108470000000,0 
-169.0584823333333,-14.2108265000000,0 
-169.0584618333333,-14.2108613333333,0 
-169.0584450000000,-14.2108385000000,0 
-169.0584623333333,-14.2108755000000,0 
-169.0584555000000,-14.2109003333333,0 
-169.0584155000000,-14.2108746666667,0 
-169.0584478333333,-14.2109061666667,0 
-169.0583843333333,-14.2108945000000,0 
-169.0584480000000,-14.2109026666667,0 
-169.0583933333333,-14.2109158333333,0 
-169.0584046666667,-14.2108986666667,0 
-169.0583568333333,-14.2108986666667,0 
-169.0584030000000,-14.2109340000000,0 
-169.0583631666667,-14.2109105000000,0 
-169.0583888333333,-14.2109635000000,0 
-169.0583916666667,-14.2109235000000,0 
-169.0583753333333,-14.2109163333333,0 
-169.0583676666667,-14.2109408333333,0 
-169.0583911666667,-14.2109316666667,0 
-169.0583750000000,-14.2109418333333,0 
-169.0584110000000,-14.2109358333333,0 
-169.0583795000000,-14.2109426666667,0 
-169.0584251666667,-14.2109625000000,0 
-169.0583818333333,-14.2109346666667,0 
-169.0583956666667,-14.2109616666667,0 
-169.0584095000000,-14.2109833333333,0 
-169.0584176666667,-14.2109441666667,0 
-169.0583956666667,-14.2109808333333,0 
-169.0584576666667,-14.2109871666667,0 
-169.0584233333333,-14.2109911666667,0 
-169.0584338333333,-14.2109955000000,0 
-169.0584110000000,-14.2110000000000,0 
-169.0584273333333,-14.2110023333333,0 
-169.0584151666667,-14.2109918333333,0 
-169.0584351666667,-14.2110208333333,0 
-169.0583926666667,-14.2110316666667,0 
-169.0584543333333,-14.2110060000000,0 
-169.0584008333333,-14.2110158333333,0 
-169.0584171666667,-14.2110015000000,0 
-169.0584186666667,-14.2110210000000,0 
-169.0584375000000,-14.2110345000000,0 
-169.0584103333333,-14.2110093333333,0 
-169.0584301666667,-14.2110176666667,0 
-169.0584135000000,-14.2109941666667,0 
-169.0584231666667,-14.2110466666667,0 
-169.0584161666667,-14.2110036666667,0 
-169.0584015000000,-14.2110140000000,0 
-169.0584070000000,-14.2110148333333,0 
-169.0583991666667,-14.2110313333333,0 
-169.0584170000000,-14.2110145000000,0 
-169.0584035000000,-14.2110495000000,0 
-169.0584295000000,-14.2110270000000,0 
-169.0584106666667,-14.2110408333333,0 
-169.0584010000000,-14.2110238333333,0 
-169.0583973333333,-14.2110198333333,0 
-169.0583966666667,-14.2110555000000,0 
-169.0584346666667,-14.2110251666667,0 
-169.0583940000000,-14.2110403333333,0 
-169.0584390000000,-14.2110608333333,0 
-169.0583955000000,-14.2110175000000,0 
-169.0584493333333,-14.2110355000000,0 
-169.0583995000000,-14.2110243333333,0 
-169.0584281666667,-14.2110240000000,0 
-169.0584128333333,-14.2110525000000,0 
-169.0584191666667,-14.2110583333333,0 
-169.0584123333333,-14.2110341666667,0 
-169.0584043333333,-14.2110495000000,0 
-169.0584201666667,-14.2110280000000,0 
-169.0584241666667,-14.2110590000000,0 
-169.0583990000000,-14.2110376666667,0 
-169.0584246666667,-14.2110590000000,0 
-169.0584071666667,-14.2110221666667,0 
-169.0584008333333,-14.2110235000000,0 
-169.0584356666667,-14.2110583333333,0 
-169.0583908333333,-14.2110351666667,0 
-169.0583823333333,-14.2110418333333,0 
-169.0584141666667,-14.2110773333333,0 
-169.0583936666667,-14.2110640000000,0 
-169.0584248333333,-14.2110541666667,0 
-169.0584006666667,-14.2110391666667,0 
-169.0584016666667,-14.2110413333333,0 
-169.0584270000000,-14.2110660000000,0 
-169.0584181666667,-14.2110588333333,0 
-169.0583810000000,-14.2110445000000,0 
-169.0584220000000,-14.2110615000000,0 
-169.0584093333333,-14.2110658333333,0 
-169.0583895000000,-14.2110490000000,0 
-169.0584255000000,-14.2110646666667,0 
-169.0584161666667,-14.2110595000000,0 
-169.0584093333333,-14.2110653333333,0 
-169.0583956666667,-14.2110730000000,0 
-169.0584410000000,-14.2110718333333,0 
-169.0584185000000,-14.2110995000000,0 
-169.0584640000000,-14.2111006666667,0 
-169.0583831666667,-14.2110928333333,0 
-169.0584038333333,-14.2111110000000,0 
-169.0583958333333,-14.2111068333333,0 
-169.0584336666667,-14.2110935000000,0 
-169.0584273333333,-14.2111050000000,0 
-169.0584311666667,-14.2110610000000,0 
-169.0584023333333,-14.2111188333333,0 
-169.0584023333333,-14.2110975000000,0 
-169.0584325000000,-14.2111151666667,0 
-169.0584258333333,-14.2111051666667,0 
-169.0584161666667,-14.2111040000000,0 
-169.0584108333333,-14.2111173333333,0 
-169.0584426666667,-14.2111003333333,0 
-169.0583976666667,-14.2111130000000,0 
-169.0584166666667,-14.2111025000000,0 
-169.0584053333333,-14.2111163333333,0 
-169.0583800000000,-14.2111315000000,0 
-169.0583988333333,-14.2111326666667,0 
-169.0584015000000,-14.2111411666667,0 
-169.0583805000000,-14.2111405000000,0 
-169.0583825000000,-14.2111558333333,0 
-169.0584356666667,-14.2111428333333,0 
-169.0583705000000,-14.2111543333333,0 
-169.0584318333333,-14.2111550000000,0 
-169.0583733333333,-14.2111368333333,0 
-169.0584141666667,-14.2111421666667,0 
-169.0584086666667,-14.2111483333333,0 
-169.0584251666667,-14.2111313333333,0 
-169.0584028333333,-14.2111493333333,0 
-169.0584266666667,-14.2111236666667,0 
-169.0583830000000,-14.2111570000000,0 
-169.0584515000000,-14.2111333333333,0 
-169.0584101666667,-14.2111586666667,0 
-169.0584270000000,-14.2111820000000,0 
-169.0584045000000,-14.2111315000000,0 
-169.0584071666667,-14.2111586666667,0 
-169.0584335000000,-14.2111556666667,0 
-169.0584076666667,-14.2111671666667,0 
-169.0584691666667,-14.2111208333333,0 
-169.0584190000000,-14.2111685000000,0 
-169.0584366666667,-14.2111480000000,0 
-169.0584146666667,-14.2111500000000,0 
-169.0584325000000,-14.2111581666667,0 
-169.0584100000000,-14.2111680000000,0 
-169.0584278333333,-14.2111251666667,0 
-169.0584155000000,-14.2111605000000,0 
-169.0584416666667,-14.2111655000000,0 
-169.0583930000000,-14.2111570000000,0 
-169.0584226666667,-14.2111640000000,0 
-169.0584466666667,-14.2111698333333,0 
-169.0584175000000,-14.2111503333333,0 
-169.0584276666667,-14.2111351666667,0 
-169.0583953333333,-14.2111236666667,0 
-169.0584470000000,-14.2111230000000,0 
-169.0584126666667,-14.2111161666667,0 
-169.0584325000000,-14.2111516666667,0 
-169.0584441666667,-14.2111316666667,0 
-169.0584208333333,-14.2111368333333,0 
-169.0584360000000,-14.2111221666667,0 
-169.0584040000000,-14.2111441666667,0 
-169.0584406666667,-14.2111503333333,0 
-169.0584258333333,-14.2111421666667,0 
-169.0583990000000,-14.2111761666667,0 
-169.0584058333333,-14.2111911666667,0 
-169.0584320000000,-14.2111866666667,0 
-169.0583983333333,-14.2111940000000,0 
-169.0584288333333,-14.2111623333333,0 
-169.0583895000000,-14.2111885000000,0 
-169.0584333333333,-14.2111678333333,0 
-169.0584245000000,-14.2111856666667,0 
-169.0584315000000,-14.2111841666667,0 
-169.0583921666667,-14.2111943333333,0 
-169.0584500000000,-14.2111361666667,0 
-169.0583830000000,-14.2111868333333,0 
-169.0583876666667,-14.2111481666667,0 
-169.0584360000000,-14.2111863333333,0 
-169.0584003333333,-14.2112040000000,0 
-169.0584123333333,-14.2111860000000,0 
-169.0584105000000,-14.2111853333333,0 
-169.0584013333333,-14.2111930000000,0 
-169.0584313333333,-14.2111875000000,0 
-169.0583908333333,-14.2111955000000,0 
-169.0584258333333,-14.2111988333333,0 
-169.0584321666667,-14.2111985000000,0 
-169.0584238333333,-14.2111741666667,0 
-169.0584226666667,-14.2112166666667,0 
-169.0584113333333,-14.2111795000000,0 
-169.0584193333333,-14.2112216666667,0 
-169.0584126666667,-14.2111945000000,0 
-169.0584445000000,-14.2112116666667,0 
-169.0584253333333,-14.2111820000000,0 
-169.0584380000000,-14.2112265000000,0 
-169.0584008333333,-14.2112048333333,0 
-169.0584498333333,-14.2111995000000,0 
-169.0584316666667,-14.2112326666667,0 
-169.0584563333333,-14.2111533333333,0 
-169.0584116666667,-14.2112371666667,0 
-169.0584395000000,-14.2111495000000,0 
-169.0584283333333,-14.2112451666667,0 
-169.0584616666667,-14.2111435000000,0 
-169.0584550000000,-14.2112150000000,0 
-169.0584475000000,-14.2112191666667,0 
-169.0584630000000,-14.2111928333333,0 
-169.0584523333333,-14.2112201666667,0 
-169.0584310000000,-14.2111878333333,0 
-169.0584393333333,-14.2112086666667,0 
-169.0584346666667,-14.2112146666667,0 
-169.0584016666667,-14.2112216666667,0 
-169.0584530000000,-14.2111660000000,0 
-169.0584353333333,-14.2112228333333,0 
-169.0584515000000,-14.2111593333333,0 
-169.0584223333333,-14.2112265000000,0 
-169.0584425000000,-14.2112290000000,0 
-169.0584380000000,-14.2112105000000,0 
-169.0584476666667,-14.2112135000000,0 
-169.0584420000000,-14.2112096666667,0 
-169.0584698333333,-14.2111985000000,0 
-169.0584251666667,-14.2112251666667,0 
-169.0584556666667,-14.2112360000000,0 
-169.0584325000000,-14.2112275000000,0 
-169.0584683333333,-14.2112053333333,0 
-169.0584445000000,-14.2112286666667,0 
-169.0584155000000,-14.2112178333333,0 
-169.0584433333333,-14.2112368333333,0 
-169.0584653333333,-14.2112371666667,0 
-169.0584478333333,-14.2112360000000,0 
-169.0584733333333,-14.2112206666667,0 
-169.0584553333333,-14.2112335000000,0 
-169.0584820000000,-14.2111973333333,0 
-169.0584421666667,-14.2112361666667,0 
-169.0584505000000,-14.2112286666667,0 
-169.0584701666667,-14.2112115000000,0 
-169.0584341666667,-14.2112345000000,0 
-169.0584780000000,-14.2112303333333,0 
-169.0584605000000,-14.2112095000000,0 
-169.0584645000000,-14.2112258333333,0 
-169.0584815000000,-14.2112161666667,0 
-169.0584713333333,-14.2112481666667,0 
-169.0584711666667,-14.2111895000000,0 
-169.0584693333333,-14.2112473333333,0 
-169.0584398333333,-14.2112158333333,0 
-169.0584673333333,-14.2112135000000,0 
-169.0584718333333,-14.2112101666667,0 
-169.0584490000000,-14.2112498333333,0 
-169.0584666666667,-14.2111816666667,0 
-169.0584620000000,-14.2112358333333,0 
-169.0584546666667,-14.2112480000000,0 
-169.0585038333333,-14.2112076666667,0 
-169.0584765000000,-14.2112251666667,0 
-169.0584826666667,-14.2112428333333,0 
-169.0584710000000,-14.2112551666667,0 
-169.0584703333333,-14.2111768333333,0 
-169.0584580000000,-14.2112495000000,0 
-169.0584721666667,-14.2112278333333,0 
-169.0584835000000,-14.2112348333333,0 
-169.0584618333333,-14.2112275000000,0 
-169.0584971666667,-14.2112310000000,0 
-169.0584845000000,-14.2112441666667,0 
-169.0584633333333,-14.2112080000000,0 
-169.0584576666667,-14.2112488333333,0 
-169.0584783333333,-14.2112316666667,0 
-169.0584581666667,-14.2112406666667,0 
-169.0584736666667,-14.2112165000000,0 
-169.0584900000000,-14.2111781666667,0 
-169.0584696666667,-14.2112541666667,0 
-169.0584638333333,-14.2112115000000,0 
-169.0584381666667,-14.2112156666667,0 
-169.0584206666667,-14.2112153333333,0 
-169.0584225000000,-14.2111703333333,0 
-169.0584143333333,-14.2112256666667,0 
-169.0584581666667,-14.2112088333333,0 
-169.0584875000000,-14.2111740000000,0 
-169.0585083333333,-14.2112303333333,0 
-169.0584951666667,-14.2112338333333,0 
-169.0584835000000,-14.2112171666667,0 
-169.0585326666667,-14.2112191666667,0 
-169.0584911666667,-14.2112405000000,0 
-169.0585265000000,-14.2112068333333,0 
-169.0585478333333,-14.2112196666667,0 
-169.0585680000000,-14.2111730000000,0 
-169.0585578333333,-14.2112308333333,0 
-169.0585505000000,-14.2112285000000,0 
-169.0585503333333,-14.2112111666667,0 
-169.0585540000000,-14.2112263333333,0 
-169.0585210000000,-14.2112233333333,0 
-169.0585080000000,-14.2112605000000,0 
-169.0585420000000,-14.2112296666667,0 
-169.0585448333333,-14.2112536666667,0 
-169.0585255000000,-14.2112531666667,0 
-169.0585226666667,-14.2112180000000,0 
-169.0585546666667,-14.2112330000000,0 
-169.0585256666667,-14.2112613333333,0 
-169.0585485000000,-14.2112433333333,0 
-169.0585061666667,-14.2112326666667,0 
-169.0585411666667,-14.2112428333333,0 
-169.0585155000000,-14.2112605000000,0 
-169.0585476666667,-14.2112418333333,0 
-169.0585151666667,-14.2112663333333,0 
-169.0585255000000,-14.2112201666667,0 
-169.0585235000000,-14.2112848333333,0 
-169.0585076666667,-14.2112778333333,0 
-169.0585145000000,-14.2112898333333,0 
-169.0585068333333,-14.2112616666667,0 
-169.0585068333333,-14.2112863333333,0 
-169.0585078333333,-14.2113045000000,0 
-169.0585060000000,-14.2112420000000,0 
-169.0585275000000,-14.2112853333333,0 
-169.0584986666667,-14.2113111666667,0 
-169.0585016666667,-14.2112756666667,0 
-169.0584936666667,-14.2113385000000,0 
-169.0585370000000,-14.2112426666667,0 
-169.0584791666667,-14.2113376666667,0 
-169.0585456666667,-14.2112720000000,0 
-169.0585350000000,-14.2112898333333,0 
-169.0585321666667,-14.2113045000000,0 
-169.0585153333333,-14.2112783333333,0 
-169.0585173333333,-14.2113078333333,0 
-169.0585235000000,-14.2112721666667,0 
-169.0585513333333,-14.2112991666667,0 
-169.0584975000000,-14.2113113333333,0 
-169.0585278333333,-14.2113255000000,0 
-169.0585195000000,-14.2112783333333,0 
-169.0585050000000,-14.2113198333333,0 
-169.0584988333333,-14.2113078333333,0 
-169.0585131666667,-14.2112705000000,0 
-169.0585205000000,-14.2113001666667,0 
-169.0584833333333,-14.2113263333333,0 
-169.0585270000000,-14.2113026666667,0 
-169.0585178333333,-14.2112505000000,0 
-169.0585308333333,-14.2113076666667,0 
-169.0584968333333,-14.2112861666667,0 
-169.0584998333333,-14.2112458333333,0 
-169.0585191666667,-14.2113033333333,0 
-169.0585081666667,-14.2112890000000,0 
-169.0584823333333,-14.2113093333333,0 
-169.0585195000000,-14.2112925000000,0 
-169.0585075000000,-14.2112883333333,0 
-169.0585023333333,-14.2113245000000,0 
-169.0585393333333,-14.2112610000000,0 
-169.0585228333333,-14.2113051666667,0 
-169.0585301666667,-14.2112795000000,0 
-169.0585195000000,-14.2113123333333,0 
-169.0585040000000,-14.2113146666667,0 
-169.0585278333333,-14.2112903333333,0 
-169.0585191666667,-14.2113076666667,0 
-169.0585255000000,-14.2112828333333,0 
-169.0585290000000,-14.2112741666667,0 
-169.0585398333333,-14.2112920000000,0 
-169.0585031666667,-14.2113170000000,0 
-169.0585151666667,-14.2112880000000,0 
-169.0585185000000,-14.2112893333333,0 
-169.0585050000000,-14.2112828333333,0 
-169.0585058333333,-14.2113288333333,0 
-169.0585521666667,-14.2112888333333,0 
-169.0585170000000,-14.2112451666667,0 
-169.0585143333333,-14.2113130000000,0 
-169.0585020000000,-14.2112691666667,0 
-169.0585345000000,-14.2112981666667,0 
-169.0585300000000,-14.2112840000000,0 
-169.0585206666667,-14.2112718333333,0 
-169.0585398333333,-14.2112941666667,0 
-169.0585315000000,-14.2112925000000,0 
-169.0585275000000,-14.2112738333333,0 
-169.0585158333333,-14.2112783333333,0 
-169.0585400000000,-14.2112926666667,0 
-169.0585286666667,-14.2112675000000,0 
-169.0585265000000,-14.2112525000000,0 
-169.0585428333333,-14.2112678333333,0 
-169.0585460000000,-14.2112906666667,0 
-169.0585036666667,-14.2112995000000,0 
-169.0585176666667,-14.2112648333333,0 
-169.0585205000000,-14.2113055000000,0 
-169.0585276666667,-14.2112890000000,0 
-169.0585446666667,-14.2112893333333,0 
-169.0585096666667,-14.2113156666667,0 
-169.0585301666667,-14.2112986666667,0 
-169.0584958333333,-14.2112936666667,0 
-169.0585491666667,-14.2112931666667,0 
-169.0585266666667,-14.2112945000000,0 
-169.0585318333333,-14.2113048333333,0 
-169.0585306666667,-14.2112658333333,0 
-169.0585591666667,-14.2112721666667,0 
-169.0585345000000,-14.2112936666667,0 
-169.0585305000000,-14.2112845000000,0 
-169.0584996666667,-14.2113221666667,0 
-169.0585138333333,-14.2113051666667,0 
-169.0585216666667,-14.2112685000000,0 
-169.0585578333333,-14.2112758333333,0 
-169.0585023333333,-14.2113196666667,0 
-169.0585520000000,-14.2112501666667,0 
-169.0585381666667,-14.2112745000000,0 
-169.0585160000000,-14.2113355000000,0 
-169.0585358333333,-14.2112578333333,0 
-169.0585478333333,-14.2113126666667,0 
-169.0585063333333,-14.2112351666667,0 
-169.0585191666667,-14.2113055000000,0 
-169.0585038333333,-14.2112265000000,0 
-169.0585178333333,-14.2113090000000,0 
-169.0585345000000,-14.2112421666667,0 
-169.0585343333333,-14.2112758333333,0 
-169.0585055000000,-14.2112731666667,0 
-169.0585360000000,-14.2112291666667,0 
-169.0585236666667,-14.2112828333333,0 
-169.0584785000000,-14.2112426666667,0 
-169.0585443333333,-14.2112785000000,0 
-169.0585011666667,-14.2112633333333,0 
-169.0585228333333,-14.2112868333333,0 
-169.0585196666667,-14.2112963333333,0 
-169.0585618333333,-14.2112731666667,0 
-169.0585566666667,-14.2112493333333,0 
-169.0585716666667,-14.2112586666667,0 
-169.0585185000000,-14.2112868333333,0 
-169.0585383333333,-14.2112746666667,0 
-169.0585400000000,-14.2112635000000,0 
-169.0585448333333,-14.2112985000000,0 
-169.0585196666667,-14.2112543333333,0 
-169.0585468333333,-14.2112768333333,0 
-169.0585493333333,-14.2112680000000,0 
-169.0585310000000,-14.2112808333333,0 
-169.0585298333333,-14.2112605000000,0 
-169.0585316666667,-14.2112770000000,0 
-169.0585450000000,-14.2112466666667,0 
-169.0585373333333,-14.2112833333333,0 
-169.0585590000000,-14.2112441666667,0 
-169.0585158333333,-14.2112990000000,0 
-169.0585608333333,-14.2112708333333,0 
-169.0585263333333,-14.2112876666667,0 
-169.0585275000000,-14.2112306666667,0 
-169.0585400000000,-14.2113023333333,0 
-169.0585253333333,-14.2112981666667,0 
-169.0585561666667,-14.2112560000000,0 
-169.0585421666667,-14.2112536666667,0 
-169.0585241666667,-14.2113105000000,0 
-169.0585305000000,-14.2112386666667,0 
-169.0585423333333,-14.2112758333333,0 
-169.0585093333333,-14.2112605000000,0 
-169.0585535000000,-14.2112830000000,0 
-169.0585138333333,-14.2112890000000,0 
-169.0585626666667,-14.2112471666667,0 
-169.0585053333333,-14.2112951666667,0 
-169.0585531666667,-14.2112138333333,0 
-169.0585256666667,-14.2112930000000,0 
-169.0585375000000,-14.2112855000000,0 
-169.0585220000000,-14.2112480000000,0 
-169.0585148333333,-14.2112666666667,0 
-169.0585295000000,-14.2112950000000,0 
-169.0585160000000,-14.2112591666667,0 
-169.0585256666667,-14.2112461666667,0 
-169.0585498333333,-14.2112616666667,0 
-169.0585306666667,-14.2112980000000,0 
-169.0585248333333,-14.2112458333333,0 
-169.0585700000000,-14.2112660000000,0 
-169.0585536666667,-14.2112893333333,0 
-169.0585681666667,-14.2112646666667,0 
-169.0585740000000,-14.2112518333333,0 
-169.0585645000000,-14.2113145000000,0 
-169.0585766666667,-14.2112525000000,0 
-169.0585641666667,-14.2113018333333,0 
-169.0585725000000,-14.2112811666667,0 
-169.0585553333333,-14.2112670000000,0 
-169.0585718333333,-14.2112566666667,0 
-169.0585548333333,-14.2113028333333,0 
-169.0585661666667,-14.2112575000000,0 
-169.0585453333333,-14.2113083333333,0 
-169.0585723333333,-14.2112973333333,0 
-169.0585600000000,-14.2112293333333,0 
-169.0585903333333,-14.2112955000000,0 
-169.0585356666667,-14.2113026666667,0 
-169.0585756666667,-14.2112578333333,0 
-169.0585975000000,-14.2113070000000,0 
-169.0585936666667,-14.2112390000000,0 
-169.0585765000000,-14.2113245000000,0 
-169.0586201666667,-14.2112858333333,0 
-169.0586276666667,-14.2113025000000,0 
-169.0586491666667,-14.2113318333333,0 
-169.0586795000000,-14.2112866666667,0 
-169.0586391666667,-14.2113166666667,0 
-169.0586771666667,-14.2112570000000,0 
-169.0586830000000,-14.2113445000000,0 
-169.0586903333333,-14.2112958333333,0 
-169.0586865000000,-14.2112948333333,0 
-169.0587105000000,-14.2113015000000,0 
-169.0587266666667,-14.2113055000000,0 
-169.0587245000000,-14.2112795000000,0 
-169.0587260000000,-14.2112920000000,0 
-169.0587640000000,-14.2112838333333,0 
-169.0587251666667,-14.2112926666667,0 
-169.0587933333333,-14.2112766666667,0 
-169.0587346666667,-14.2113078333333,0 
-169.0587608333333,-14.2112970000000,0 
-169.0587905000000,-14.2112486666667,0 
-169.0587768333333,-14.2113420000000,0 
-169.0587645000000,-14.2112888333333,0 
-169.0587740000000,-14.2112620000000,0 
-169.0587620000000,-14.2113016666667,0 
-169.0587945000000,-14.2113001666667,0 
-169.0587851666667,-14.2112680000000,0 
-169.0587993333333,-14.2112756666667,0 
-169.0587805000000,-14.2112641666667,0 
-169.0587878333333,-14.2112715000000,0 
-169.0588095000000,-14.2112583333333,0 
-169.0588235000000,-14.2112705000000,0 
-169.0588006666667,-14.2112380000000,0 
-169.0587978333333,-14.2112291666667,0 
-169.0588030000000,-14.2112670000000,0 
-169.0588160000000,-14.2112566666667,0 
-169.0587951666667,-14.2112703333333,0 
-169.0588193333333,-14.2112210000000,0 
-169.0588096666667,-14.2112278333333,0 
-169.0588233333333,-14.2112220000000,0 
-169.0588073333333,-14.2112545000000,0 
-169.0588533333333,-14.2112040000000,0 
-169.0588196666667,-14.2112525000000,0 
-169.0588066666667,-14.2112110000000,0 
-169.0588483333333,-14.2112036666667,0 
-169.0588266666667,-14.2112465000000,0 
-169.0588216666667,-14.2111916666667,0 
-169.0588395000000,-14.2112483333333,0 
-169.0588193333333,-14.2112201666667,0 
-169.0588270000000,-14.2112133333333,0 
-169.0588315000000,-14.2112070000000,0 
-169.0588496666667,-14.2111980000000,0 
-169.0588540000000,-14.2111765000000,0 
-169.0588458333333,-14.2112176666667,0 
-169.0588308333333,-14.2111868333333,0 
-169.0588561666667,-14.2112285000000,0 
-169.0588525000000,-14.2111760000000,0 
-169.0588705000000,-14.2111955000000,0 
-169.0588701666667,-14.2111860000000,0 
-169.0588515000000,-14.2111738333333,0 
-169.0588588333333,-14.2112080000000,0 
-169.0588561666667,-14.2111368333333,0 
-169.0588431666667,-14.2111821666667,0 
-169.0588641666667,-14.2111661666667,0 
-169.0588633333333,-14.2111616666667,0 
-169.0588653333333,-14.2111620000000,0 
-169.0588741666667,-14.2111441666667,0 
-169.0588491666667,-14.2111570000000,0 
-169.0588441666667,-14.2111630000000,0 
-169.0588563333333,-14.2111490000000,0 
-169.0588461666667,-14.2111330000000,0 
-169.0588381666667,-14.2111483333333,0 
-169.0588665000000,-14.2111241666667,0 
-169.0588460000000,-14.2111101666667,0 
-169.0588516666667,-14.2111483333333,0 
-169.0588530000000,-14.2110900000000,0 
-169.0588413333333,-14.2111321666667,0 
-169.0588391666667,-14.2110651666667,0 
-169.0588373333333,-14.2111188333333,0 
-169.0588546666667,-14.2110796666667,0 
-169.0588308333333,-14.2111078333333,0 
-169.0588655000000,-14.2110885000000,0 
-169.0588453333333,-14.2111058333333,0 
-169.0588351666667,-14.2110970000000,0 
-169.0588316666667,-14.2110963333333,0 
-169.0588595000000,-14.2110678333333,0 
-169.0588226666667,-14.2110976666667,0 
-169.0588375000000,-14.2110806666667,0 
-169.0588363333333,-14.2110693333333,0 
-169.0588335000000,-14.2110883333333,0 
-169.0588281666667,-14.2110840000000,0 
-169.0588273333333,-14.2110455000000,0 
-169.0588005000000,-14.2110886666667,0 
-169.0588198333333,-14.2110731666667,0 
-169.0587951666667,-14.2110753333333,0 
-169.0588176666667,-14.2110658333333,0 
-169.0587870000000,-14.2110760000000,0 
-169.0588138333333,-14.2110585000000,0 
-169.0587871666667,-14.2110706666667,0 
-169.0587838333333,-14.2110661666667,0 
-169.0587963333333,-14.2110745000000,0 
-169.0587896666667,-14.2110826666667,0 
-169.0587806666667,-14.2110985000000,0 
-169.0587931666667,-14.2110865000000,0 
-169.0587608333333,-14.2110946666667,0 
-169.0587701666667,-14.2110855000000,0 
-169.0587555000000,-14.2111036666667,0 
-169.0587545000000,-14.2110870000000,0 
-169.0587508333333,-14.2110826666667,0 
-169.0587188333333,-14.2110925000000,0 
-169.0587131666667,-14.2110943333333,0 
-169.0587103333333,-14.2110880000000,0 
-169.0587370000000,-14.2111005000000,0 
-169.0586913333333,-14.2110970000000,0 
-169.0586890000000,-14.2110810000000,0 
-169.0587088333333,-14.2110983333333,0 
-169.0586778333333,-14.2111105000000,0 
-169.0586845000000,-14.2111136666667,0 
-169.0586733333333,-14.2111205000000,0 
-169.0586568333333,-14.2111178333333,0 
-169.0586306666667,-14.2111205000000,0 
-169.0586646666667,-14.2111311666667,0 
-169.0586431666667,-14.2111226666667,0 
-169.0586375000000,-14.2111361666667,0 
-169.0586243333333,-14.2111366666667,0 
-169.0586040000000,-14.2111481666667,0 
-169.0585903333333,-14.2111313333333,0 
-169.0585990000000,-14.2111595000000,0 
-169.0585993333333,-14.2111508333333,0 
-169.0585755000000,-14.2111693333333,0 
-169.0585808333333,-14.2111693333333,0 
-169.0585743333333,-14.2111861666667,0 
-169.0585675000000,-14.2111876666667,0 
-169.0585780000000,-14.2112045000000,0 
-169.0585603333333,-14.2111975000000,0 
-169.0585793333333,-14.2112143333333,0 
-169.0585600000000,-14.2112066666667,0 
-169.0585516666667,-14.2112218333333,0 
-169.0585633333333,-14.2112425000000,0 
-169.0585775000000,-14.2112520000000,0 
-169.0585575000000,-14.2112540000000,0 
-169.0585471666667,-14.2112441666667,0 
-169.0585375000000,-14.2112626666667,0 
-169.0585561666667,-14.2112641666667,0 
-169.0585481666667,-14.2112753333333,0 
-169.0585770000000,-14.2112925000000,0 
-169.0585560000000,-14.2112848333333,0 
-169.0585861666667,-14.2113003333333,0 
-169.0585476666667,-14.2113133333333,0 
-169.0585493333333,-14.2113050000000,0 
-169.0585335000000,-14.2113233333333,0 
-169.0585525000000,-14.2113375000000,0 
-169.0585555000000,-14.2113330000000,0 
-169.0585575000000,-14.2113575000000,0 
-169.0585411666667,-14.2113495000000,0 
-169.0585651666667,-14.2113560000000,0 
-169.0585538333333,-14.2113711666667,0 
-169.0585313333333,-14.2113640000000,0 
-169.0585311666667,-14.2113770000000,0 
-169.0585423333333,-14.2113845000000,0 
-169.0585325000000,-14.2113806666667,0 
-169.0585285000000,-14.2114011666667,0 
-169.0585386666667,-14.2113998333333,0 
-169.0585246666667,-14.2114138333333,0 
-169.0585493333333,-14.2114220000000,0 
-169.0585493333333,-14.2114396666667,0 
-169.0585541666667,-14.2114513333333,0 
-169.0585430000000,-14.2114446666667,0 
-169.0585411666667,-14.2114575000000,0 
-169.0585653333333,-14.2114550000000,0 
-169.0585441666667,-14.2114733333333,0 
-169.0585630000000,-14.2114730000000,0 
-169.0585541666667,-14.2114875000000,0 
-169.0585675000000,-14.2114825000000,0 
-169.0585578333333,-14.2114965000000,0 
-169.0585468333333,-14.2115100000000,0 
-169.0585530000000,-14.2115116666667,0 
-169.0585453333333,-14.2115096666667,0 
-169.0585780000000,-14.2115045000000,0 
-169.0585421666667,-14.2115198333333,0 
-169.0585655000000,-14.2115198333333,0 
-169.0585508333333,-14.2115155000000,0 
-169.0585670000000,-14.2115330000000,0 
-169.0585481666667,-14.2115458333333,0 
-169.0585571666667,-14.2115411666667,0 
-169.0585713333333,-14.2115566666667,0 
-169.0585765000000,-14.2115710000000,0 
-169.0585576666667,-14.2115596666667,0 
-169.0585861666667,-14.2115698333333,0 
-169.0585890000000,-14.2115823333333,0 
-169.0585733333333,-14.2115841666667,0 
-169.0585690000000,-14.2115883333333,0 
-169.0585875000000,-14.2115840000000,0 
-169.0585830000000,-14.2115963333333,0 
-169.0585810000000,-14.2116120000000,0 
-169.0585945000000,-14.2116115000000,0 
-169.0585926666667,-14.2116230000000,0 
-169.0585953333333,-14.2116366666667,0 
-169.0586038333333,-14.2116473333333,0 
-169.0586200000000,-14.2116648333333,0 
-169.0586195000000,-14.2116671666667,0 
-169.0586105000000,-14.2116696666667,0 
-169.0586248333333,-14.2116730000000,0 
-169.0586183333333,-14.2116863333333,0 
-169.0586203333333,-14.2116815000000,0 
-169.0586381666667,-14.2116975000000,0 
-169.0586056666667,-14.2117026666667,0 
-169.0586405000000,-14.2117180000000,0 
-169.0586310000000,-14.2117148333333,0 
-169.0586591666667,-14.2117306666667,0 
-169.0586448333333,-14.2117471666667,0 
-169.0586748333333,-14.2117451666667,0 
-169.0586575000000,-14.2117528333333,0 
-169.0586641666667,-14.2117421666667,0 
-169.0586428333333,-14.2117595000000,0 
-169.0586660000000,-14.2117745000000,0 
-169.0586670000000,-14.2117773333333,0 
-169.0586463333333,-14.2117866666667,0 
-169.0586571666667,-14.2117965000000,0 
-169.0586775000000,-14.2117948333333,0 
-169.0586741666667,-14.2118118333333,0 
-169.0586848333333,-14.2117953333333,0 
-169.0586616666667,-14.2118088333333,0 
-169.0587021666667,-14.2118218333333,0 
-169.0586731666667,-14.2118238333333,0 
-169.0587026666667,-14.2118211666667,0 
-169.0586865000000,-14.2118291666667,0 
-169.0587011666667,-14.2118408333333,0 
-169.0586971666667,-14.2118408333333,0 
-169.0587026666667,-14.2118530000000,0 
-169.0587093333333,-14.2118525000000,0 
-169.0587246666667,-14.2118651666667,0 
-169.0586860000000,-14.2118415000000,0 
-169.0586983333333,-14.2118371666667,0 
-169.0587140000000,-14.2118540000000,0 
-169.0587090000000,-14.2118565000000,0 
-169.0587243333333,-14.2118730000000,0 
-169.0587110000000,-14.2118675000000,0 
-169.0587100000000,-14.2118740000000,0 
-169.0587281666667,-14.2118726666667,0 
-169.0587208333333,-14.2118771666667,0 
-169.0587421666667,-14.2119020000000,0 
-169.0587483333333,-14.2119058333333,0 
-169.0587316666667,-14.2119023333333,0 
-169.0587550000000,-14.2119201666667,0 
-169.0587650000000,-14.2119231666667,0 
-169.0587591666667,-14.2119251666667,0 
-169.0587573333333,-14.2119326666667,0 
-169.0587590000000,-14.2119450000000,0 
-169.0587573333333,-14.2119458333333,0 
-169.0587463333333,-14.2119540000000,0 
-169.0587561666667,-14.2119568333333,0 
-169.0587600000000,-14.2119616666667,0 
-169.0587790000000,-14.2119583333333,0 
-169.0587700000000,-14.2119885000000,0 
-169.0587680000000,-14.2120016666667,0 
-169.0587935000000,-14.2120085000000,0 
-169.0588016666667,-14.2120071666667,0 
-169.0588003333333,-14.2120335000000,0 
-169.0587828333333,-14.2120256666667,0 
-169.0588048333333,-14.2120426666667,0 
-169.0587823333333,-14.2120321666667,0 
-169.0587915000000,-14.2120523333333,0 
-169.0587898333333,-14.2120605000000,0 
-169.0588020000000,-14.2120701666667,0 
-169.0588301666667,-14.2120696666667,0 
-169.0588248333333,-14.2120786666667,0 
-169.0588301666667,-14.2120771666667,0 
-169.0588071666667,-14.2120830000000,0 
-169.0588158333333,-14.2120711666667,0 
-169.0588125000000,-14.2120961666667,0 
-169.0588321666667,-14.2120980000000,0 
-169.0588455000000,-14.2120975000000,0 
-169.0588416666667,-14.2121221666667,0 
-169.0588343333333,-14.2121136666667,0 
-169.0588555000000,-14.2121328333333,0 
-169.0588481666667,-14.2121331666667,0 
-169.0588550000000,-14.2121488333333,0 
-169.0588441666667,-14.2121693333333,0 
-169.0588428333333,-14.2121578333333,0 
-169.0588615000000,-14.2121408333333,0 
-169.0588361666667,-14.2121691666667,0 
-169.0588616666667,-14.2121693333333,0 
-169.0588375000000,-14.2121711666667,0 
-169.0588796666667,-14.2121726666667,0 
-169.0588458333333,-14.2121858333333,0 
-169.0588661666667,-14.2121980000000,0 
-169.0588505000000,-14.2121861666667,0 
-169.0588731666667,-14.2122056666667,0 
-169.0588611666667,-14.2122140000000,0 
-169.0588890000000,-14.2122273333333,0 
-169.0588835000000,-14.2122276666667,0 
-169.0588628333333,-14.2122383333333,0 
-169.0588931666667,-14.2122443333333,0 
-169.0588945000000,-14.2122468333333,0 
-169.0588973333333,-14.2122623333333,0 
-169.0589030000000,-14.2122680000000,0 
-169.0588835000000,-14.2122636666667,0 
-169.0589070000000,-14.2122821666667,0 
-169.0589260000000,-14.2122733333333,0 
-169.0589188333333,-14.2122898333333,0 
-169.0589321666667,-14.2122823333333,0 
-169.0589240000000,-14.2122988333333,0 
-169.0589110000000,-14.2122930000000,0 
-169.0589128333333,-14.2123131666667,0 
-169.0589066666667,-14.2123151666667,0 
-169.0589016666667,-14.2123173333333,0 
-169.0589080000000,-14.2123361666667,0 
-169.0589316666667,-14.2123310000000,0 
-169.0589336666667,-14.2123461666667,0 
-169.0589401666667,-14.2123581666667,0 
-169.0589356666667,-14.2123686666667,0 
-169.0589438333333,-14.2123703333333,0 
-169.0589415000000,-14.2123688333333,0 
-169.0589603333333,-14.2123666666667,0 
-169.0589526666667,-14.2123923333333,0 
-169.0589318333333,-14.2124073333333,0 
-169.0589486666667,-14.2124168333333,0 
-169.0589486666667,-14.2124130000000,0 
-169.0589350000000,-14.2124245000000,0 
-169.0589501666667,-14.2124281666667,0 
-169.0589590000000,-14.2124306666667,0 
-169.0589583333333,-14.2124376666667,0 
-169.0589428333333,-14.2124440000000,0 
-169.0589800000000,-14.2124451666667,0 
-169.0589725000000,-14.2124603333333,0 
-169.0589801666667,-14.2124648333333,0 
-169.0589766666667,-14.2124743333333,0 
-169.0590046666667,-14.2124883333333,0 
-169.0589940000000,-14.2124976666667,0 
-169.0589830000000,-14.2124971666667,0 
-169.0589961666667,-14.2124850000000,0 
-169.0590013333333,-14.2125081666667,0 
-169.0590121666667,-14.2125236666667,0 
-169.0590070000000,-14.2125081666667,0 
-169.0590096666667,-14.2125261666667,0 
-169.0590150000000,-14.2125330000000,0 
-169.0590313333333,-14.2125351666667,0 
-169.0590056666667,-14.2125430000000,0 
-169.0590311666667,-14.2125395000000,0 
-169.0589911666667,-14.2125480000000,0 
-169.0590390000000,-14.2125486666667,0 
-169.0590348333333,-14.2125415000000,0 
-169.0590200000000,-14.2125616666667,0 
-169.0590575000000,-14.2125685000000,0 
-169.0590385000000,-14.2125750000000,0 
-169.0590638333333,-14.2125755000000,0 
-169.0590526666667,-14.2125660000000,0 
-169.0590406666667,-14.2125941666667,0 
-169.0590528333333,-14.2125918333333,0 
-169.0590655000000,-14.2125876666667,0 
-169.0590411666667,-14.2126036666667,0 
-169.0590628333333,-14.2126101666667,0 
-169.0590461666667,-14.2126163333333,0 
-169.0590821666667,-14.2126280000000,0 
-169.0590738333333,-14.2126211666667,0 
-169.0590681666667,-14.2126313333333,0 
-169.0590795000000,-14.2126471666667,0 
-169.0590768333333,-14.2126481666667,0 
-169.0590933333333,-14.2126553333333,0 
-169.0590950000000,-14.2126666666667,0 
-169.0590995000000,-14.2126583333333,0 
-169.0590590000000,-14.2126768333333,0 
-169.0591028333333,-14.2126831666667,0 
-169.0590416666667,-14.2126346666667,0 
-169.0590850000000,-14.2127083333333,0 
-169.0591080000000,-14.2126706666667,0 
-169.0590698333333,-14.2126716666667,0 
-169.0590910000000,-14.2127108333333,0 
-169.0591071666667,-14.2127170000000,0 
-169.0591026666667,-14.2127330000000,0 
-169.0591253333333,-14.2127106666667,0 
-169.0590941666667,-14.2127435000000,0 
-169.0591115000000,-14.2127448333333,0 
-169.0591128333333,-14.2127561666667,0 
-169.0591396666667,-14.2127811666667,0 
-169.0591386666667,-14.2127663333333,0 
-169.0591400000000,-14.2127716666667,0 
-169.0591471666667,-14.2127696666667,0 
-169.0591580000000,-14.2128035000000,0 
-169.0591220000000,-14.2127890000000,0 
-169.0591261666667,-14.2127953333333,0 
-169.0591306666667,-14.2127973333333,0 
-169.0591323333333,-14.2128200000000,0 
-169.0591265000000,-14.2128063333333,0 
-169.0591415000000,-14.2128318333333,0 
-169.0591465000000,-14.2128418333333,0 
-169.0591573333333,-14.2128221666667,0 
-169.0591548333333,-14.2128403333333,0 
-169.0591540000000,-14.2128346666667,0 
-169.0591510000000,-14.2128220000000,0 
-169.0591625000000,-14.2128260000000,0 
-169.0591668333333,-14.2128418333333,0 
-169.0591656666667,-14.2128338333333,0 
-169.0591668333333,-14.2128401666667,0 
-169.0591756666667,-14.2128198333333,0 
-169.0591541666667,-14.2128258333333,0 
-169.0591755000000,-14.2128288333333,0 
-169.0591716666667,-14.2128371666667,0 
-169.0591753333333,-14.2128311666667,0 
-169.0591613333333,-14.2128436666667,0 
-169.0591990000000,-14.2128560000000,0 
-169.0591703333333,-14.2128508333333,0 
-169.0591896666667,-14.2128565000000,0 
-169.0591695000000,-14.2128353333333,0 
-169.0591973333333,-14.2128638333333,0 
-169.0591806666667,-14.2128345000000,0 
-169.0591743333333,-14.2128373333333,0 
-169.0591711666667,-14.2128373333333,0 
-169.0591850000000,-14.2128626666667,0 
-169.0592095000000,-14.2128755000000,0 
-169.0592178333333,-14.2128805000000,0 
-169.0592106666667,-14.2128701666667,0 
-169.0592155000000,-14.2128928333333,0 
-169.0592093333333,-14.2128858333333,0 
-169.0592521666667,-14.2128813333333,0 
-169.0591988333333,-14.2128940000000,0 
-169.0592298333333,-14.2128821666667,0 
-169.0592221666667,-14.2128761666667,0 
-169.0592813333333,-14.2129006666667,0 
-169.0592328333333,-14.2128891666667,0 
-169.0592405000000,-14.2129043333333,0 
-169.0592725000000,-14.2129136666667,0 
-169.0592595000000,-14.2129300000000,0 
-169.0592496666667,-14.2129255000000,0 
-169.0592840000000,-14.2129478333333,0 
-169.0592941666667,-14.2129426666667,0 
-169.0592706666667,-14.2129358333333,0 
-169.0593118333333,-14.2129595000000,0 
-169.0593073333333,-14.2129716666667,0 
-169.0593155000000,-14.2129590000000,0 
-169.0593213333333,-14.2129701666667,0 
-169.0593255000000,-14.2129796666667,0 
-169.0592763333333,-14.2129925000000,0 
-169.0592778333333,-14.2130028333333,0 
-169.0592803333333,-14.2130181666667,0 
-169.0592855000000,-14.2130195000000,0 
-169.0593075000000,-14.2130265000000,0 
-169.0592893333333,-14.2130350000000,0 
-169.0593235000000,-14.2130578333333,0 
-169.0593180000000,-14.2130366666667,0 
-169.0593318333333,-14.2130578333333,0 
-169.0593306666667,-14.2130591666667,0 
-169.0593463333333,-14.2130525000000,0 
-169.0593280000000,-14.2130735000000,0 
-169.0593540000000,-14.2130805000000,0 
-169.0593551666667,-14.2130831666667,0 
-169.0593523333333,-14.2131011666667,0 
-169.0593763333333,-14.2131046666667,0 
-169.0593511666667,-14.2131016666667,0 
-169.0593690000000,-14.2131025000000,0 
-169.0593710000000,-14.2131145000000,0 
-169.0593690000000,-14.2131151666667,0 
-169.0593681666667,-14.2131478333333,0 
-169.0593746666667,-14.2131200000000,0 
-169.0593791666667,-14.2131503333333,0 
-169.0594005000000,-14.2131495000000,0 
-169.0593893333333,-14.2131716666667,0 
-169.0594016666667,-14.2131595000000,0 
-169.0593970000000,-14.2131678333333,0 
-169.0594095000000,-14.2131673333333,0 
-169.0594013333333,-14.2132146666667,0 
-169.0594440000000,-14.2131930000000,0 
-169.0594096666667,-14.2131911666667,0 
-169.0594483333333,-14.2132061666667,0 
-169.0594355000000,-14.2132185000000,0 
-169.0594600000000,-14.2132301666667,0 
-169.0594346666667,-14.2132111666667,0 
-169.0594723333333,-14.2132415000000,0 
-169.0594668333333,-14.2132551666667,0 
-169.0594350000000,-14.2132378333333,0 
-169.0594696666667,-14.2132636666667,0 
-169.0594771666667,-14.2132585000000,0 
-169.0594830000000,-14.2132750000000,0 
-169.0594701666667,-14.2132823333333,0 
-169.0594746666667,-14.2132878333333,0 
-169.0594870000000,-14.2132955000000,0 
-169.0594850000000,-14.2133050000000,0 
-169.0594888333333,-14.2133063333333,0 
-169.0594816666667,-14.2133173333333,0 
-169.0595018333333,-14.2133180000000,0 
-169.0595053333333,-14.2133290000000,0 
-169.0595185000000,-14.2133278333333,0 
-169.0595046666667,-14.2133431666667,0 
-169.0595108333333,-14.2133603333333,0 
-169.0595176666667,-14.2133603333333,0 
-169.0595205000000,-14.2133570000000,0 
-169.0595025000000,-14.2133631666667,0 
-169.0595386666667,-14.2133780000000,0 
-169.0595275000000,-14.2133868333333,0 
-169.0595181666667,-14.2134068333333,0 
-169.0595083333333,-14.2134033333333,0 
-169.0595381666667,-14.2134055000000,0 
-169.0595288333333,-14.2134056666667,0 
-169.0595461666667,-14.2134140000000,0 
-169.0595601666667,-14.2134176666667,0 
-169.0595621666667,-14.2134255000000,0 
-169.0595513333333,-14.2134260000000,0 
-169.0595701666667,-14.2134281666667,0 
-169.0595615000000,-14.2134480000000,0 
-169.0595821666667,-14.2134551666667,0 
-169.0595718333333,-14.2134585000000,0 
-169.0595590000000,-14.2134561666667,0 
-169.0595716666667,-14.2134785000000,0 
-169.0595806666667,-14.2134680000000,0 
-169.0595713333333,-14.2134751666667,0 
-169.0595866666667,-14.2134903333333,0 
-169.0595918333333,-14.2134905000000,0 
-169.0595871666667,-14.2135088333333,0 
-169.0596060000000,-14.2135198333333,0 
-169.0595810000000,-14.2135073333333,0 
-169.0596146666667,-14.2135235000000,0 
-169.0596128333333,-14.2135300000000,0 
-169.0595985000000,-14.2135395000000,0 
-169.0596140000000,-14.2135321666667,0 
-169.0596170000000,-14.2135770000000,0 
-169.0596030000000,-14.2135576666667,0 
-169.0596073333333,-14.2135660000000,0 
-169.0596285000000,-14.2135796666667,0 
-169.0596183333333,-14.2135810000000,0 
-169.0596243333333,-14.2135776666667,0 
-169.0596403333333,-14.2135728333333,0 
-169.0596288333333,-14.2135840000000,0 
-169.0596398333333,-14.2135938333333,0 
-169.0596251666667,-14.2136095000000,0 
-169.0596600000000,-14.2135985000000,0 
-169.0596633333333,-14.2136073333333,0 
-169.0596495000000,-14.2136116666667,0 
-169.0596771666667,-14.2136113333333,0 
-169.0596685000000,-14.2136291666667,0 
-169.0596823333333,-14.2136306666667,0 
-169.0596885000000,-14.2136501666667,0 
-169.0596916666667,-14.2136483333333,0 
-169.0596966666667,-14.2136600000000,0 
-169.0596908333333,-14.2136593333333,0 
-169.0596851666667,-14.2136715000000,0 
-169.0596863333333,-14.2136748333333,0 
-169.0597085000000,-14.2136816666667,0 
-169.0597058333333,-14.2136928333333,0 
-169.0597000000000,-14.2136900000000,0 
-169.0597143333333,-14.2136973333333,0 
-169.0597150000000,-14.2136956666667,0 
-169.0597178333333,-14.2137071666667,0 
-169.0597371666667,-14.2137110000000,0 
-169.0597185000000,-14.2137241666667,0 
-169.0597508333333,-14.2137068333333,0 
-169.0597461666667,-14.2137155000000,0 
-169.0597570000000,-14.2137365000000,0 
-169.0597668333333,-14.2137443333333,0 
-169.0597600000000,-14.2137455000000,0 
-169.0597743333333,-14.2137481666667,0 
-169.0597523333333,-14.2137370000000,0 
-169.0597885000000,-14.2137496666667,0 
-169.0597843333333,-14.2137600000000,0 
-169.0597996666667,-14.2137558333333,0 
-169.0597981666667,-14.2137771666667,0 
-169.0598140000000,-14.2137693333333,0 
-169.0598103333333,-14.2137810000000,0 
-169.0597970000000,-14.2137761666667,0 
-169.0598206666667,-14.2137998333333,0 
-169.0598015000000,-14.2137870000000,0 
-169.0598058333333,-14.2138091666667,0 
-169.0598281666667,-14.2138201666667,0 
-169.0598213333333,-14.2138173333333,0 
-169.0598406666667,-14.2138283333333,0 
-169.0598318333333,-14.2138190000000,0 
-169.0598476666667,-14.2138335000000,0 
-169.0598318333333,-14.2138231666667,0 
-169.0598338333333,-14.2138371666667,0 
-169.0598310000000,-14.2138563333333,0 
-169.0598645000000,-14.2138498333333,0 
-169.0598698333333,-14.2138701666667,0 
-169.0598696666667,-14.2138653333333,0 
-169.0598628333333,-14.2138685000000,0 
-169.0598671666667,-14.2138716666667,0 
-169.0598958333333,-14.2138863333333,0 
-169.0598781666667,-14.2138845000000,0 
-169.0599016666667,-14.2138908333333,0 
-169.0598981666667,-14.2138926666667,0 
-169.0598940000000,-14.2139075000000,0 
-169.0599018333333,-14.2138985000000,0 
-169.0599061666667,-14.2138880000000,0 
-169.0599098333333,-14.2139060000000,0 
-169.0598988333333,-14.2138998333333,0 
-169.0598973333333,-14.2139105000000,0 
-169.0599040000000,-14.2139106666667,0 
-169.0599125000000,-14.2138945000000,0 
-169.0599090000000,-14.2138996666667,0 
-169.0599255000000,-14.2139006666667,0 
-169.0599176666667,-14.2139388333333,0 
-169.0599365000000,-14.2139428333333,0 
-169.0599336666667,-14.2139626666667,0 
-169.0599388333333,-14.2139715000000,0 
-169.0599688333333,-14.2139958333333,0 
-169.0599878333333,-14.2140111666667,0 
-169.0599806666667,-14.2140345000000,0 
-169.0600088333333,-14.2140406666667,0 
-169.0600291666667,-14.2140565000000,0 
-169.0600618333333,-14.2140463333333,0 
-169.0600513333333,-14.2140940000000,0 
-169.0600458333333,-14.2141156666667,0 
-169.0600506666667,-14.2141383333333,0 
-169.0600556666667,-14.2141623333333,0 
-169.0600425000000,-14.2142410000000,0 
-169.0600975000000,-14.2142438333333,0 
-169.0601146666667,-14.2142655000000,0 
-169.0601700000000,-14.2142490000000,0 
-169.0601783333333,-14.2142905000000,0 
-169.0602066666667,-14.2142991666667,0 
-169.0602250000000,-14.2143106666667,0 
-169.0602521666667,-14.2143143333333,0 
-169.0602443333333,-14.2143161666667,0 
-169.0602531666667,-14.2143646666667,0 
-169.0602478333333,-14.2143450000000,0 
-169.0602511666667,-14.2143750000000,0 
-169.0602558333333,-14.2143658333333,0 
-169.0602568333333,-14.2143746666667,0 
-169.0602728333333,-14.2143631666667,0 
-169.0602585000000,-14.2143875000000,0 
-169.0602860000000,-14.2143811666667,0 
-169.0602676666667,-14.2144106666667,0 
-169.0602575000000,-14.2144093333333,0 
-169.0602420000000,-14.2144350000000,0 
-169.0602440000000,-14.2144288333333,0 
-169.0602538333333,-14.2144301666667,0 
-169.0602570000000,-14.2144350000000,0 
-169.0602498333333,-14.2144450000000,0 
-169.0602645000000,-14.2144331666667,0 
-169.0602646666667,-14.2144438333333,0 
-169.0602793333333,-14.2144203333333,0 
-169.0602563333333,-14.2144496666667,0 
-169.0602730000000,-14.2144236666667,0 
-169.0602538333333,-14.2144500000000,0 
-169.0602761666667,-14.2144145000000,0 
-169.0602648333333,-14.2144228333333,0 
-169.0602691666667,-14.2144336666667,0 
-169.0602713333333,-14.2144171666667,0 
-169.0602550000000,-14.2144430000000,0 
-169.0602641666667,-14.2144221666667,0 
-169.0602525000000,-14.2144410000000,0 
-169.0602390000000,-14.2144601666667,0 
-169.0602578333333,-14.2144366666667,0 
-169.0602481666667,-14.2144555000000,0 
-169.0602365000000,-14.2144771666667,0 
-169.0602560000000,-14.2144566666667,0 
-169.0602456666667,-14.2144646666667,0 
-169.0602348333333,-14.2144646666667,0 
-169.0602253333333,-14.2144838333333,0 
-169.0602308333333,-14.2144741666667,0 
-169.0602345000000,-14.2144490000000,0 
-169.0602386666667,-14.2144420000000,0 
-169.0602221666667,-14.2144708333333,0 
-169.0602348333333,-14.2144436666667,0 
-169.0602198333333,-14.2144650000000,0 
-169.0602201666667,-14.2144715000000,0 
-169.0602230000000,-14.2144691666667,0 
-169.0602250000000,-14.2144633333333,0 
-169.0602175000000,-14.2144640000000,0 
-169.0602215000000,-14.2144638333333,0 
-169.0602321666667,-14.2144418333333,0 
-169.0602076666667,-14.2144688333333,0 
-169.0602368333333,-14.2144563333333,0 
-169.0602110000000,-14.2144866666667,0 
-169.0602238333333,-14.2144551666667,0 
-169.0602161666667,-14.2144766666667,0 
-169.0602248333333,-14.2144635000000,0 
-169.0602348333333,-14.2144611666667,0 
-169.0602401666667,-14.2144531666667,0 
-169.0602271666667,-14.2144898333333,0 
-169.0602398333333,-14.2144595000000,0 
-169.0602360000000,-14.2144918333333,0 
-169.0602363333333,-14.2144638333333,0 
-169.0602476666667,-14.2144775000000,0 
-169.0602205000000,-14.2144920000000,0 
-169.0602278333333,-14.2144923333333,0 
-169.0602321666667,-14.2144808333333,0 
-169.0602253333333,-14.2145021666667,0 
-169.0602356666667,-14.2144938333333,0 
-169.0602236666667,-14.2144906666667,0 
-169.0602291666667,-14.2145018333333,0 
-169.0602181666667,-14.2145003333333,0 
-169.0602263333333,-14.2144885000000,0 
-169.0602280000000,-14.2145133333333,0 
-169.0602296666667,-14.2144948333333,0 
-169.0602516666667,-14.2144775000000,0 
-169.0602373333333,-14.2144896666667,0 
-169.0602645000000,-14.2144721666667,0 
-169.0602541666667,-14.2144861666667,0 
-169.0602620000000,-14.2144661666667,0 
-169.0602363333333,-14.2144901666667,0 
-169.0602416666667,-14.2144845000000,0 
-169.0602325000000,-14.2144751666667,0 
-169.0602345000000,-14.2144945000000,0 
-169.0602210000000,-14.2144990000000,0 
-169.0602293333333,-14.2144665000000,0 
-169.0602408333333,-14.2144935000000,0 
-169.0602430000000,-14.2144653333333,0 
-169.0602208333333,-14.2144851666667,0 
-169.0602360000000,-14.2144801666667,0 
-169.0602343333333,-14.2144631666667,0 
-169.0602353333333,-14.2144941666667,0 
-169.0602220000000,-14.2144803333333,0 
-169.0602316666667,-14.2144856666667,0 
-169.0602543333333,-14.2144711666667,0 
-169.0602291666667,-14.2144825000000,0 
-169.0602245000000,-14.2145145000000,0 
-169.0602396666667,-14.2144721666667,0 
-169.0602298333333,-14.2144936666667,0 
-169.0602406666667,-14.2144971666667,0 
-169.0602298333333,-14.2144923333333,0 
-169.0602556666667,-14.2144843333333,0 
-169.0602313333333,-14.2144871666667,0 
-169.0602421666667,-14.2144766666667,0 
-169.0602628333333,-14.2144668333333,0 
-169.0602500000000,-14.2144820000000,0 
-169.0602416666667,-14.2144805000000,0 
-169.0602495000000,-14.2144726666667,0 
-169.0602525000000,-14.2144690000000,0 
-169.0602370000000,-14.2144921666667,0 
-169.0602403333333,-14.2144663333333,0 
-169.0602276666667,-14.2144715000000,0 
-169.0602323333333,-14.2145020000000,0 
-169.0602316666667,-14.2144681666667,0 
-169.0602260000000,-14.2145083333333,0 
-169.0602478333333,-14.2144783333333,0 
-169.0602490000000,-14.2144843333333,0 
-169.0602476666667,-14.2144946666667,0 
-169.0602283333333,-14.2144996666667,0 
-169.0602526666667,-14.2144791666667,0 
-169.0602493333333,-14.2144816666667,0 
-169.0602390000000,-14.2145055000000,0 
-169.0602415000000,-14.2144733333333,0 
-169.0602361666667,-14.2144921666667,0 
-169.0602493333333,-14.2144791666667,0 
-169.0602356666667,-14.2145060000000,0 
-169.0602506666667,-14.2144785000000,0 
-169.0602316666667,-14.2144996666667,0 
-169.0602223333333,-14.2145183333333,0 
-169.0602393333333,-14.2144815000000,0 
-169.0602336666667,-14.2145068333333,0 
-169.0602373333333,-14.2145025000000,0 
-169.0602316666667,-14.2144971666667,0 
-169.0602431666667,-14.2144918333333,0 
-169.0602193333333,-14.2144928333333,0 
-169.0602438333333,-14.2145026666667,0 
-169.0602055000000,-14.2144770000000,0 
-169.0602308333333,-14.2145001666667,0 
-169.0602293333333,-14.2144906666667,0 
-169.0602308333333,-14.2145073333333,0 
-169.0602225000000,-14.2145055000000,0 
-169.0602361666667,-14.2145051666667,0 
-169.0602421666667,-14.2145003333333,0 
-169.0602368333333,-14.2145213333333,0 
-169.0602405000000,-14.2144980000000,0 
-169.0602538333333,-14.2144970000000,0 
-169.0602476666667,-14.2145141666667,0 
-169.0602516666667,-14.2144946666667,0 
-169.0602455000000,-14.2145268333333,0 
-169.0602643333333,-14.2144941666667,0 
-169.0602463333333,-14.2145108333333,0 
-169.0602545000000,-14.2145070000000,0 
-169.0602496666667,-14.2145106666667,0 
-169.0602555000000,-14.2145068333333,0 
-169.0602593333333,-14.2144900000000,0 
-169.0602546666667,-14.2144900000000,0 
-169.0602690000000,-14.2144898333333,0 
-169.0602620000000,-14.2145036666667,0 
-169.0602575000000,-14.2145020000000,0 
-169.0602660000000,-14.2145006666667,0 
-169.0602845000000,-14.2144835000000,0 
-169.0602645000000,-14.2145221666667,0 
-169.0602671666667,-14.2144860000000,0 
-169.0602608333333,-14.2145223333333,0 
-169.0602611666667,-14.2145046666667,0 
-169.0602633333333,-14.2145136666667,0 
-169.0602615000000,-14.2145133333333,0 
-169.0602565000000,-14.2144935000000,0 
-169.0602725000000,-14.2145031666667,0 
-169.0602586666667,-14.2145010000000,0 
-169.0602601666667,-14.2145150000000,0 
-169.0602581666667,-14.2145018333333,0 
-169.0602496666667,-14.2145125000000,0 
-169.0602580000000,-14.2145170000000,0 
-169.0602755000000,-14.2144848333333,0 
-169.0602526666667,-14.2145121666667,0 
-169.0602763333333,-14.2144880000000,0 
-169.0602626666667,-14.2144895000000,0 
-169.0602783333333,-14.2144815000000,0 
-169.0602690000000,-14.2145076666667,0 
-169.0602498333333,-14.2145101666667,0 
-169.0602625000000,-14.2144968333333,0 
-169.0602735000000,-14.2144705000000,0 
-169.0602751666667,-14.2144876666667,0 
-169.0602688333333,-14.2144703333333,0 
-169.0602556666667,-14.2145180000000,0 
-169.0602728333333,-14.2144740000000,0 
-169.0602695000000,-14.2144983333333,0 
-169.0602606666667,-14.2144906666667,0 
-169.0602681666667,-14.2145068333333,0 
-169.0602616666667,-14.2145093333333,0 
-169.0602651666667,-14.2145130000000,0 
-169.0602525000000,-14.2145121666667,0 
-169.0602843333333,-14.2144811666667,0 
-169.0602761666667,-14.2144855000000,0 
-169.0602648333333,-14.2144941666667,0 
-169.0602680000000,-14.2144841666667,0 
-169.0602691666667,-14.2144805000000,0 
-169.0602616666667,-14.2145088333333,0 
-169.0602653333333,-14.2144891666667,0 
-169.0602585000000,-14.2145088333333,0 
-169.0602576666667,-14.2145140000000,0 
-169.0602571666667,-14.2145033333333,0 
-169.0602610000000,-14.2145040000000,0 
-169.0602570000000,-14.2144926666667,0 
-169.0602473333333,-14.2145230000000,0 
-169.0602645000000,-14.2145021666667,0 
-169.0602420000000,-14.2145168333333,0 
-169.0602428333333,-14.2144876666667,0 
-169.0602221666667,-14.2145343333333,0 
-169.0602303333333,-14.2144888333333,0 
-169.0602370000000,-14.2145105000000,0 
-169.0602376666667,-14.2145150000000,0 
-169.0602386666667,-14.2144996666667,0 
-169.0602381666667,-14.2145091666667,0 
-169.0602335000000,-14.2145325000000,0 
-169.0602410000000,-14.2144988333333,0 
-169.0602283333333,-14.2145525000000,0 
-169.0602528333333,-14.2144963333333,0 
-169.0602451666667,-14.2145020000000,0 
-169.0602351666667,-14.2145185000000,0 
-169.0602345000000,-14.2144891666667,0 
-169.0602310000000,-14.2145240000000,0 
-169.0602273333333,-14.2145191666667,0 
-169.0602330000000,-14.2145363333333,0 
-169.0602455000000,-14.2144996666667,0 
-169.0602378333333,-14.2145131666667,0 
-169.0602415000000,-14.2145150000000,0 
-169.0602275000000,-14.2145183333333,0 
-169.0602445000000,-14.2145173333333,0 
-169.0602448333333,-14.2145118333333,0 
-169.0602370000000,-14.2145368333333,0 
-169.0602355000000,-14.2145255000000,0 
-169.0602426666667,-14.2145175000000,0 
-169.0602420000000,-14.2145275000000,0 
-169.0602445000000,-14.2145185000000,0 
-169.0602488333333,-14.2145158333333,0 
-169.0602241666667,-14.2145520000000,0 
-169.0602488333333,-14.2145091666667,0 
-169.0602246666667,-14.2145455000000,0 
-169.0602401666667,-14.2145035000000,0 
-169.0602393333333,-14.2145110000000,0 
-169.0602431666667,-14.2145213333333,0 
-169.0602245000000,-14.2145496666667,0 
-169.0602378333333,-14.2145288333333,0 
-169.0602450000000,-14.2145151666667,0 
-169.0602443333333,-14.2145250000000,0 
-169.0602355000000,-14.2145270000000,0 
-169.0602365000000,-14.2145318333333,0 
-169.0602498333333,-14.2145201666667,0 
-169.0602468333333,-14.2145100000000,0 
-169.0602390000000,-14.2145425000000,0 
-169.0602455000000,-14.2145200000000,0 
-169.0602425000000,-14.2145318333333,0 
-169.0602350000000,-14.2145256666667,0 
-169.0602498333333,-14.2145125000000,0 
-169.0602363333333,-14.2145435000000,0 
-169.0602333333333,-14.2145453333333,0 
-169.0602518333333,-14.2145166666667,0 
-169.0602231666667,-14.2145416666667,0 
-169.0602238333333,-14.2145360000000,0 
-169.0602240000000,-14.2145301666667,0 
-169.0602341666667,-14.2145096666667,0 
-169.0602230000000,-14.2145305000000,0 
-169.0602126666667,-14.2145476666667,0 
-169.0602386666667,-14.2145233333333,0 
-169.0602263333333,-14.2145421666667,0 
-169.0602240000000,-14.2145418333333,0 
-169.0602351666667,-14.2145178333333,0 
-169.0602268333333,-14.2145405000000,0 
-169.0602235000000,-14.2145550000000,0 
-169.0602166666667,-14.2145461666667,0 
-169.0602281666667,-14.2145420000000,0 
-169.0602275000000,-14.2145375000000,0 
-169.0602186666667,-14.2145305000000,0 
-169.0602173333333,-14.2145435000000,0 
-169.0602256666667,-14.2145283333333,0 
-169.0602098333333,-14.2145468333333,0 
-169.0602221666667,-14.2145396666667,0 
-169.0602066666667,-14.2145541666667,0 
-169.0602218333333,-14.2145296666667,0 
-169.0602240000000,-14.2145298333333,0 
-169.0602355000000,-14.2145150000000,0 
-169.0602165000000,-14.2145551666667,0 
-169.0602165000000,-14.2145280000000,0 
-169.0602346666667,-14.2145376666667,0 
-169.0602293333333,-14.2145260000000,0 
-169.0602168333333,-14.2145420000000,0 
-169.0602245000000,-14.2145330000000,0 
-169.0602190000000,-14.2145403333333,0 
-169.0602198333333,-14.2145456666667,0 
-169.0602256666667,-14.2145135000000,0 
-169.0601986666667,-14.2145525000000,0 
-169.0602158333333,-14.2145318333333,0 
-169.0602200000000,-14.2145291666667,0 
-169.0601993333333,-14.2145521666667,0 
-169.0602180000000,-14.2145358333333,0 
-169.0602225000000,-14.2145350000000,0 
-169.0602216666667,-14.2145306666667,0 
-169.0602030000000,-14.2145495000000,0 
-169.0602173333333,-14.2145336666667,0 
-169.0602120000000,-14.2145330000000,0 
-169.0602111666667,-14.2145265000000,0 
-169.0602151666667,-14.2145175000000,0 
-169.0602258333333,-14.2145245000000,0 
-169.0602058333333,-14.2145436666667,0 
-169.0602196666667,-14.2145291666667,0 
-169.0602108333333,-14.2145508333333,0 
-169.0602001666667,-14.2145633333333,0 
-169.0602173333333,-14.2145371666667,0 
-169.0602145000000,-14.2145518333333,0 
-169.0602098333333,-14.2145481666667,0 
-169.0602270000000,-14.2145535000000,0 
-169.0602261666667,-14.2145345000000,0 
-169.0602281666667,-14.2145593333333,0 
-169.0602405000000,-14.2145376666667,0 
-169.0602116666667,-14.2145333333333,0 
-169.0602233333333,-14.2145685000000,0 
-169.0602483333333,-14.2145213333333,0 
-169.0602188333333,-14.2145675000000,0 
-169.0602216666667,-14.2145533333333,0 
-169.0602375000000,-14.2145301666667,0 
-169.0602230000000,-14.2145495000000,0 
-169.0602153333333,-14.2145603333333,0 
-169.0602065000000,-14.2145605000000,0 
-169.0602206666667,-14.2145376666667,0 
-169.0602200000000,-14.2145520000000,0 
-169.0602230000000,-14.2145438333333,0 
-169.0602116666667,-14.2145553333333,0 
-169.0602281666667,-14.2145385000000,0 
-169.0602230000000,-14.2145283333333,0 
-169.0602155000000,-14.2145640000000,0 
-169.0602388333333,-14.2145400000000,0 
-169.0602305000000,-14.2145420000000,0 
-169.0602155000000,-14.2145583333333,0 
-169.0602100000000,-14.2145443333333,0 
-169.0602256666667,-14.2145411666667,0 
-169.0602183333333,-14.2145345000000,0 
-169.0602156666667,-14.2145415000000,0 
-169.0602101666667,-14.2145508333333,0 
-169.0602025000000,-14.2145636666667,0 
-169.0602151666667,-14.2145631666667,0 
-169.0602078333333,-14.2145635000000,0 
-169.0602128333333,-14.2145561666667,0 
-169.0602113333333,-14.2145251666667,0 
-169.0601983333333,-14.2145623333333,0 
-169.0602108333333,-14.2145205000000,0 
-169.0602066666667,-14.2145646666667,0 
-169.0602291666667,-14.2145221666667,0 
-169.0602076666667,-14.2145628333333,0 
-169.0601945000000,-14.2145510000000,0 
-169.0602103333333,-14.2145551666667,0 
-169.0602221666667,-14.2145265000000,0 
-169.0602108333333,-14.2145586666667,0 
-169.0602141666667,-14.2145496666667,0 
-169.0602073333333,-14.2145410000000,0 
-169.0602078333333,-14.2145611666667,0 
-169.0601948333333,-14.2145441666667,0 
-169.0602196666667,-14.2145446666667,0 
-169.0602095000000,-14.2145605000000,0 
-169.0602103333333,-14.2145353333333,0 
-169.0602031666667,-14.2145470000000,0 
-169.0602165000000,-14.2145413333333,0 
-169.0602098333333,-14.2145401666667,0 
-169.0602108333333,-14.2145226666667,0 
-169.0601985000000,-14.2145570000000,0 
-169.0602115000000,-14.2145200000000,0 
-169.0602126666667,-14.2145455000000,0 
-169.0602043333333,-14.2145511666667,0 
-169.0602058333333,-14.2145613333333,0 
-169.0602098333333,-14.2145381666667,0 
-169.0602070000000,-14.2145441666667,0 
-169.0601911666667,-14.2145391666667,0 
-169.0602106666667,-14.2145535000000,0 
-169.0602043333333,-14.2145335000000,0 
-169.0602080000000,-14.2145481666667,0 
-169.0602200000000,-14.2145320000000,0 
-169.0602105000000,-14.2145466666667,0 
-169.0602220000000,-14.2145523333333,0 
-169.0602245000000,-14.2145371666667,0 
-169.0602173333333,-14.2145563333333,0 
-169.0602175000000,-14.2145193333333,0 
-169.0602203333333,-14.2145581666667,0 
-169.0602233333333,-14.2145333333333,0 
-169.0602313333333,-14.2145295000000,0 
-169.0602091666667,-14.2145560000000,0 
-169.0602021666667,-14.2145455000000,0 
-169.0602148333333,-14.2145270000000,0 
-169.0602198333333,-14.2145285000000,0 
-169.0602131666667,-14.2145410000000,0 
-169.0602211666667,-14.2145193333333,0 
-169.0602161666667,-14.2145540000000,0 
-169.0602410000000,-14.2145065000000,0 
-169.0602240000000,-14.2145431666667,0 
-169.0602070000000,-14.2145303333333,0 
-169.0602068333333,-14.2145393333333,0 
-169.0602123333333,-14.2145258333333,0 
-169.0601898333333,-14.2145473333333,0 
-169.0601953333333,-14.2145490000000,0 
-169.0601960000000,-14.2145295000000,0 
-169.0601918333333,-14.2145525000000,0 
-169.0601986666667,-14.2145298333333,0 
-169.0601975000000,-14.2145316666667,0 
-169.0601975000000,-14.2145365000000,0 
-169.0601848333333,-14.2145565000000,0 
-169.0602093333333,-14.2145215000000,0 
-169.0601938333333,-14.2145718333333,0 
-169.0601940000000,-14.2145580000000,0 
-169.0601975000000,-14.2145595000000,0 
-169.0601958333333,-14.2145368333333,0 
-169.0601815000000,-14.2145363333333,0 
-169.0601898333333,-14.2145448333333,0 
-169.0601843333333,-14.2145340000000,0 
-169.0601906666667,-14.2145231666667,0 
-169.0601890000000,-14.2145575000000,0 
-169.0601950000000,-14.2145498333333,0 
-169.0601778333333,-14.2145550000000,0 
-169.0601795000000,-14.2145701666667,0 
-169.0602170000000,-14.2145286666667,0 
-169.0601890000000,-14.2145866666667,0 
-169.0601993333333,-14.2145815000000,0 
-169.0601866666667,-14.2145771666667,0 
-169.0601980000000,-14.2145553333333,0 
-169.0601836666667,-14.2145690000000,0 
-169.0601680000000,-14.2145716666667,0 
-169.0601688333333,-14.2145743333333,0 
-169.0601656666667,-14.2145631666667,0 
-169.0601545000000,-14.2145868333333,0 
-169.0601575000000,-14.2145641666667,0 
-169.0601383333333,-14.2145881666667,0 
-169.0601675000000,-14.2145611666667,0 
-169.0601433333333,-14.2145935000000,0 
-169.0601703333333,-14.2145685000000,0 
-169.0601580000000,-14.2145943333333,0 
-169.0601671666667,-14.2145786666667,0 
-169.0601598333333,-14.2145866666667,0 
-169.0601603333333,-14.2145975000000,0 
-169.0601566666667,-14.2146161666667,0 
-169.0601815000000,-14.2145986666667,0 
-169.0601686666667,-14.2145923333333,0 
-169.0601708333333,-14.2146053333333,0 
-169.0601850000000,-14.2145818333333,0 
-169.0601876666667,-14.2145960000000,0 
-169.0601738333333,-14.2146078333333,0 
-169.0601813333333,-14.2146128333333,0 
-169.0601893333333,-14.2145880000000,0 
-169.0601606666667,-14.2146156666667,0 
-169.0601641666667,-14.2146135000000,0 
-169.0601885000000,-14.2145828333333,0 
-169.0601600000000,-14.2146253333333,0 
-169.0601881666667,-14.2145845000000,0 
-169.0601856666667,-14.2146101666667,0 
-169.0601805000000,-14.2146010000000,0 
-169.0601886666667,-14.2145866666667,0 
-169.0601900000000,-14.2145975000000,0 
-169.0601835000000,-14.2146075000000,0 
-169.0601861666667,-14.2146106666667,0 
-169.0601791666667,-14.2145923333333,0 
-169.0601811666667,-14.2146055000000,0 
-169.0601801666667,-14.2146146666667,0 
-169.0601771666667,-14.2146251666667,0 
-169.0601923333333,-14.2146003333333,0 
-169.0601840000000,-14.2146148333333,0 
-169.0602056666667,-14.2145911666667,0 
-169.0601990000000,-14.2146050000000,0 
-169.0601966666667,-14.2146145000000,0 
-169.0602053333333,-14.2146021666667,0 
-169.0601770000000,-14.2146263333333,0 
-169.0601865000000,-14.2146166666667,0 
-169.0601885000000,-14.2146031666667,0 
-169.0601903333333,-14.2146035000000,0 
-169.0601903333333,-14.2146073333333,0 
-169.0601930000000,-14.2146016666667,0 
-169.0601928333333,-14.2146141666667,0 
-169.0601926666667,-14.2145926666667,0 
-169.0601790000000,-14.2146190000000,0 
-169.0601893333333,-14.2145925000000,0 
-169.0601971666667,-14.2146066666667,0 
-169.0601875000000,-14.2145923333333,0 
-169.0601605000000,-14.2146336666667,0 
-169.0601873333333,-14.2145966666667,0 
-169.0601713333333,-14.2146160000000,0 
-169.0601703333333,-14.2146145000000,0 
-169.0601948333333,-14.2145990000000,0 
-169.0601745000000,-14.2146130000000,0 
-169.0601725000000,-14.2146238333333,0 
-169.0601515000000,-14.2146326666667,0 
-169.0601656666667,-14.2146175000000,0 
-169.0601643333333,-14.2146131666667,0 
-169.0601688333333,-14.2146145000000,0 
-169.0601790000000,-14.2145941666667,0 
-169.0601796666667,-14.2146065000000,0 
-169.0601616666667,-14.2146070000000,0 
-169.0601558333333,-14.2146128333333,0 
-169.0601520000000,-14.2146261666667,0 
-169.0601660000000,-14.2146025000000,0 
-169.0601288333333,-14.2146401666667,0 
-169.0601470000000,-14.2146213333333,0 
-169.0601490000000,-14.2146100000000,0 
-169.0601303333333,-14.2146360000000,0 
-169.0601473333333,-14.2146030000000,0 
-169.0601473333333,-14.2146258333333,0 
-169.0601643333333,-14.2146008333333,0 
-169.0601668333333,-14.2146033333333,0 
-169.0601306666667,-14.2146315000000,0 
-169.0601411666667,-14.2146178333333,0 
-169.0601315000000,-14.2146195000000,0 
-169.0601311666667,-14.2146236666667,0 
-169.0601730000000,-14.2145973333333,0 
-169.0601381666667,-14.2146175000000,0 
-169.0601396666667,-14.2146200000000,0 
-169.0601373333333,-14.2146148333333,0 
-169.0601528333333,-14.2145903333333,0 
-169.0601426666667,-14.2146205000000,0 
-169.0601605000000,-14.2145986666667,0 
-169.0601210000000,-14.2146246666667,0 
-169.0601445000000,-14.2146060000000,0 
-169.0601505000000,-14.2145968333333,0 
-169.0601381666667,-14.2146106666667,0 
-169.0601376666667,-14.2146075000000,0 
-169.0601260000000,-14.2146286666667,0 
-169.0601235000000,-14.2146168333333,0 
-169.0601440000000,-14.2146101666667,0 
-169.0601273333333,-14.2146120000000,0 
-169.0601498333333,-14.2146050000000,0 
-169.0601291666667,-14.2146238333333,0 
-169.0601621666667,-14.2145998333333,0 
-169.0601253333333,-14.2146295000000,0 
-169.0601481666667,-14.2146008333333,0 
-169.0601316666667,-14.2146056666667,0 
-169.0601293333333,-14.2146221666667,0 
-169.0601648333333,-14.2145891666667,0 
-169.0601386666667,-14.2146236666667,0 
-169.0601425000000,-14.2146173333333,0 
-169.0601493333333,-14.2146170000000,0 
-169.0601646666667,-14.2146103333333,0 
-169.0601488333333,-14.2146201666667,0 
-169.0601586666667,-14.2145976666667,0 
-169.0601725000000,-14.2146036666667,0 
-169.0601731666667,-14.2146046666667,0 
-169.0601605000000,-14.2145786666667,0 
-169.0601385000000,-14.2146305000000,0 
-169.0601740000000,-14.2145840000000,0 
-169.0601413333333,-14.2146295000000,0 
-169.0601763333333,-14.2145848333333,0 
-169.0601413333333,-14.2146208333333,0 
-169.0601430000000,-14.2146195000000,0 
-169.0601706666667,-14.2146013333333,0 
-169.0601625000000,-14.2146073333333,0 
-169.0601556666667,-14.2146095000000,0 
-169.0601446666667,-14.2146185000000,0 
-169.0601676666667,-14.2145953333333,0 
-169.0601348333333,-14.2146261666667,0 
-169.0601595000000,-14.2145946666667,0 
-169.0601365000000,-14.2146175000000,0 
-169.0601428333333,-14.2146115000000,0 
-169.0601441666667,-14.2146113333333,0 
-169.0601545000000,-14.2145885000000,0 
-169.0601481666667,-14.2146158333333,0 
-169.0601515000000,-14.2146108333333,0 
-169.0601423333333,-14.2146146666667,0 
-169.0601151666667,-14.2146338333333,0 
-169.0601543333333,-14.2146160000000,0 
-169.0601538333333,-14.2146263333333,0 
-169.0601438333333,-14.2146358333333,0 
-169.0601720000000,-14.2146195000000,0 
-169.0601650000000,-14.2146411666667,0 
-169.0601763333333,-14.2146240000000,0 
-169.0601625000000,-14.2146448333333,0 
-169.0602000000000,-14.2146186666667,0 
-169.0601665000000,-14.2146371666667,0 
-169.0601618333333,-14.2146291666667,0 
-169.0601410000000,-14.2146365000000,0 
-169.0601485000000,-14.2146376666667,0 
-169.0601381666667,-14.2146340000000,0 
-169.0601475000000,-14.2146331666667,0 
-169.0601313333333,-14.2146511666667,0 
-169.0601415000000,-14.2146305000000,0 
-169.0601565000000,-14.2146321666667,0 
-169.0601328333333,-14.2146505000000,0 
-169.0601521666667,-14.2146321666667,0 
-169.0601381666667,-14.2146573333333,0 
-169.0601508333333,-14.2146385000000,0 
-169.0601225000000,-14.2146483333333,0 
-169.0601506666667,-14.2146313333333,0 
-169.0601466666667,-14.2146281666667,0 
-169.0601405000000,-14.2146563333333,0 
-169.0601425000000,-14.2146385000000,0 
-169.0601620000000,-14.2146275000000,0 
-169.0601325000000,-14.2146598333333,0 
-169.0601398333333,-14.2146523333333,0 
-169.0601356666667,-14.2146551666667,0 
-169.0601458333333,-14.2146380000000,0 
-169.0601435000000,-14.2146390000000,0 
-169.0601380000000,-14.2146316666667,0 
-169.0601581666667,-14.2146310000000,0 
-169.0601231666667,-14.2146433333333,0 
-169.0601613333333,-14.2146330000000,0 
-169.0601443333333,-14.2146521666667,0 
-169.0601271666667,-14.2146576666667,0 
-169.0601498333333,-14.2146288333333,0 
-169.0601178333333,-14.2146490000000,0 
-169.0601525000000,-14.2146328333333,0 
-169.0601406666667,-14.2146570000000,0 
-169.0601333333333,-14.2146526666667,0 
-169.0601335000000,-14.2146496666667,0 
-169.0601223333333,-14.2146520000000,0 
-169.0601210000000,-14.2146536666667,0 
-169.0601586666667,-14.2146288333333,0 
-169.0601253333333,-14.2146493333333,0 
-169.0601435000000,-14.2146433333333,0 
-169.0601678333333,-14.2146311666667,0 
-169.0601438333333,-14.2146475000000,0 
-169.0601556666667,-14.2146338333333,0 
-169.0601413333333,-14.2146403333333,0 
-169.0601528333333,-14.2146371666667,0 
-169.0601235000000,-14.2146548333333,0 
-169.0601395000000,-14.2146553333333,0 
-169.0601678333333,-14.2146403333333,0 
-169.0601473333333,-14.2146398333333,0 
-169.0601550000000,-14.2146438333333,0 
-169.0601646666667,-14.2146448333333,0 
-169.0601261666667,-14.2146620000000,0 
-169.0601180000000,-14.2146591666667,0 
-169.0601573333333,-14.2146385000000,0 
-169.0601345000000,-14.2146658333333,0 
-169.0601513333333,-14.2146430000000,0 
-169.0601240000000,-14.2146675000000,0 
-169.0601373333333,-14.2146451666667,0 
-169.0601486666667,-14.2146481666667,0 
-169.0601321666667,-14.2146533333333,0 
-169.0601365000000,-14.2146593333333,0 
-169.0601471666667,-14.2146251666667,0 
-169.0601171666667,-14.2146618333333,0 
-169.0601160000000,-14.2146545000000,0 
-169.0601350000000,-14.2146608333333,0 
-169.0601628333333,-14.2146336666667,0 
-169.0601418333333,-14.2146475000000,0 
-169.0601443333333,-14.2146411666667,0 
-169.0601451666667,-14.2146478333333,0 
-169.0601603333333,-14.2146210000000,0 
-169.0601143333333,-14.2146661666667,0 
-169.0601280000000,-14.2146641666667,0 
-169.0601608333333,-14.2146351666667,0 
-169.0601535000000,-14.2146415000000,0 
-169.0601373333333,-14.2146388333333,0 
-169.0601463333333,-14.2146471666667,0 
-169.0601220000000,-14.2146535000000,0 
-169.0601195000000,-14.2146568333333,0 
-169.0601506666667,-14.2146356666667,0 
-169.0601360000000,-14.2146613333333,0 
-169.0601673333333,-14.2146270000000,0 
-169.0601391666667,-14.2146451666667,0 
-169.0601310000000,-14.2146363333333,0 
-169.0601291666667,-14.2146460000000,0 
-169.0601330000000,-14.2146286666667,0 
-169.0601285000000,-14.2146356666667,0 
-169.0601108333333,-14.2146586666667,0 
-169.0601291666667,-14.2146081666667,0 
-169.0601001666667,-14.2146506666667,0 
-169.0601123333333,-14.2146016666667,0 
-169.0600968333333,-14.2146366666667,0 
-169.0601216666667,-14.2146186666667,0 
-169.0600971666667,-14.2146431666667,0 
-169.0601045000000,-14.2146351666667,0 
-169.0601070000000,-14.2146305000000,0 
-169.0600980000000,-14.2146376666667,0 
-169.0600971666667,-14.2146088333333,0 
-169.0600875000000,-14.2146356666667,0 
-169.0600911666667,-14.2146228333333,0 
-169.0600723333333,-14.2146430000000,0 
-169.0600798333333,-14.2146305000000,0 
-169.0600923333333,-14.2146386666667,0 
-169.0601090000000,-14.2146163333333,0 
-169.0600861666667,-14.2146508333333,0 
-169.0601236666667,-14.2146245000000,0 
-169.0600850000000,-14.2146476666667,0 
-169.0601153333333,-14.2146535000000,0 
-169.0601161666667,-14.2146565000000,0 
-169.0601353333333,-14.2146575000000,0 
-169.0601076666667,-14.2146811666667,0 
-169.0601260000000,-14.2146886666667,0 
-169.0601346666667,-14.2146621666667,0 
-169.0601535000000,-14.2146658333333,0 
-169.0601341666667,-14.2146825000000,0 
-169.0601163333333,-14.2146970000000,0 
-169.0601238333333,-14.2146965000000,0 
-169.0601450000000,-14.2146755000000,0 
-169.0601418333333,-14.2146841666667,0 
-169.0601350000000,-14.2146788333333,0 
-169.0601430000000,-14.2146903333333,0 
-169.0601506666667,-14.2146728333333,0 
-169.0601411666667,-14.2146876666667,0 
-169.0601210000000,-14.2146951666667,0 
-169.0601386666667,-14.2146826666667,0 
-169.0601175000000,-14.2147046666667,0 
-169.0601411666667,-14.2146773333333,0 
-169.0601346666667,-14.2146818333333,0 
-169.0601176666667,-14.2147005000000,0 
-169.0601070000000,-14.2146978333333,0 
-169.0601216666667,-14.2146941666667,0 
-169.0601125000000,-14.2146925000000,0 
-169.0601146666667,-14.2147035000000,0 
-169.0601385000000,-14.2146720000000,0 
-169.0601163333333,-14.2146760000000,0 
-169.0601005000000,-14.2146955000000,0 
-169.0601161666667,-14.2146886666667,0 
-169.0601053333333,-14.2146981666667,0 
-169.0601090000000,-14.2146813333333,0 
-169.0601211666667,-14.2146810000000,0 
-169.0601238333333,-14.2146811666667,0 
-169.0600975000000,-14.2147000000000,0 
-169.0601323333333,-14.2146625000000,0 
-169.0600808333333,-14.2147005000000,0 
-169.0600926666667,-14.2146861666667,0 
-169.0600986666667,-14.2146886666667,0 
-169.0601161666667,-14.2146881666667,0 
-169.0601008333333,-14.2147005000000,0 
-169.0601196666667,-14.2146856666667,0 
-169.0601098333333,-14.2146881666667,0 
-169.0601303333333,-14.2146760000000,0 
-169.0601038333333,-14.2146851666667,0 
-169.0601221666667,-14.2146753333333,0 
-169.0601253333333,-14.2146836666667,0 
-169.0600915000000,-14.2147063333333,0 
-169.0601100000000,-14.2146991666667,0 
-169.0601061666667,-14.2146980000000,0 
-169.0601098333333,-14.2146965000000,0 
-169.0600713333333,-14.2147056666667,0 
-169.0601000000000,-14.2146848333333,0 
-169.0601093333333,-14.2147005000000,0 
-169.0601108333333,-14.2147053333333,0 
-169.0601096666667,-14.2147118333333,0 
-169.0601245000000,-14.2146875000000,0 
-169.0600913333333,-14.2147108333333,0 
-169.0600963333333,-14.2147176666667,0 
-169.0601065000000,-14.2147036666667,0 
-169.0601261666667,-14.2146973333333,0 
-169.0601018333333,-14.2147030000000,0 
-169.0600885000000,-14.2147171666667,0 
-169.0601105000000,-14.2146980000000,0 
-169.0601016666667,-14.2146960000000,0 
-169.0600903333333,-14.2147106666667,0 
-169.0600971666667,-14.2147000000000,0 
-169.0601035000000,-14.2147030000000,0 
-169.0600755000000,-14.2147085000000,0 
-169.0600893333333,-14.2146801666667,0 
-169.0601093333333,-14.2146848333333,0 
-169.0600670000000,-14.2147181666667,0 
-169.0600955000000,-14.2147206666667,0 
-169.0600983333333,-14.2147420000000,0 
-169.0601273333333,-14.2147350000000,0 
-169.0601340000000,-14.2147578333333,0 
-169.0601058333333,-14.2147533333333,0 
-169.0600933333333,-14.2147490000000,0 
-169.0600781666667,-14.2147261666667,0 
-169.0600721666667,-14.2147210000000,0 
-169.0600576666667,-14.2147130000000,0 
-169.0600638333333,-14.2147005000000,0 
-169.0600686666667,-14.2146841666667,0 
-169.0600591666667,-14.2146851666667,0 
-169.0600381666667,-14.2147048333333,0 
-169.0600470000000,-14.2146935000000,0 
-169.0600336666667,-14.2147310000000,0 
-169.0600570000000,-14.2147236666667,0 
-169.0600428333333,-14.2147395000000,0 
-169.0600636666667,-14.2147198333333,0 
-169.0600585000000,-14.2147306666667,0 
-169.0600708333333,-14.2147388333333,0 
-169.0600871666667,-14.2147310000000,0 
-169.0600905000000,-14.2147386666667,0 
-169.0600735000000,-14.2147498333333,0 
-169.0601065000000,-14.2147280000000,0 
-169.0600713333333,-14.2147405000000,0 
-169.0600863333333,-14.2147260000000,0 
-169.0600925000000,-14.2147315000000,0 
-169.0600953333333,-14.2147126666667,0 
-169.0600978333333,-14.2147146666667,0 
-169.0600948333333,-14.2147136666667,0 
-169.0600811666667,-14.2147445000000,0 
-169.0600855000000,-14.2147366666667,0 
-169.0600561666667,-14.2147605000000,0 
-169.0600763333333,-14.2147545000000,0 
-169.0601010000000,-14.2147461666667,0 
-169.0600861666667,-14.2147693333333,0 
-169.0601008333333,-14.2147590000000,0 
-169.0601093333333,-14.2147650000000,0 
-169.0600916666667,-14.2147783333333,0 
-169.0601001666667,-14.2147675000000,0 
-169.0600845000000,-14.2148048333333,0 
-169.0601018333333,-14.2147806666667,0 
-169.0601136666667,-14.2147798333333,0 
-169.0601193333333,-14.2147780000000,0 
-169.0600953333333,-14.2148018333333,0 
-169.0600975000000,-14.2147930000000,0 
-169.0600743333333,-14.2148223333333,0 
-169.0601068333333,-14.2147901666667,0 
-169.0601120000000,-14.2147866666667,0 
-169.0601195000000,-14.2147845000000,0 
-169.0600806666667,-14.2148086666667,0 
-169.0600743333333,-14.2148048333333,0 
-169.0601146666667,-14.2147851666667,0 
-169.0600658333333,-14.2148175000000,0 
-169.0600903333333,-14.2147900000000,0 
-169.0600738333333,-14.2148090000000,0 
-169.0601160000000,-14.2147655000000,0 
-169.0600658333333,-14.2147935000000,0 
-169.0601355000000,-14.2147351666667,0 
-169.0601190000000,-14.2147866666667,0 
-169.0601601666667,-14.2147686666667,0 
-169.0601303333333,-14.2147903333333,0 
-169.0601666666667,-14.2147505000000,0 
-169.0601663333333,-14.2147606666667,0 
-169.0601738333333,-14.2147571666667,0 
-169.0601763333333,-14.2147621666667,0 
-169.0601736666667,-14.2147666666667,0 
-169.0601745000000,-14.2147603333333,0 
-169.0601810000000,-14.2147656666667,0 
-169.0601733333333,-14.2147603333333,0 
-169.0601876666667,-14.2147606666667,0 
-169.0601891666667,-14.2147698333333,0 
-169.0602178333333,-14.2147351666667,0 
-169.0601988333333,-14.2147725000000,0 
-169.0602183333333,-14.2147221666667,0 
-169.0601723333333,-14.2147720000000,0 
-169.0602218333333,-14.2147226666667,0 
-169.0601736666667,-14.2147915000000,0 
-169.0601921666667,-14.2147791666667,0 
-169.0602051666667,-14.2147651666667,0 
-169.0601718333333,-14.2147945000000,0 
-169.0602156666667,-14.2147498333333,0 
-169.0602078333333,-14.2147903333333,0 
-169.0602183333333,-14.2147530000000,0 
-169.0602316666667,-14.2147643333333,0 
-169.0602010000000,-14.2147726666667,0 
-169.0602066666667,-14.2147860000000,0 
-169.0601953333333,-14.2147736666667,0 
-169.0602008333333,-14.2147775000000,0 
-169.0601635000000,-14.2147905000000,0 
-169.0602096666667,-14.2147756666667,0 
-169.0601805000000,-14.2147925000000,0 
-169.0602125000000,-14.2147756666667,0 
-169.0601661666667,-14.2147970000000,0 
-169.0602015000000,-14.2147765000000,0 
-169.0601963333333,-14.2147860000000,0 
-169.0601688333333,-14.2148120000000,0 
-169.0601968333333,-14.2147731666667,0 
-169.0601748333333,-14.2148141666667,0 
-169.0602061666667,-14.2147676666667,0 
-169.0602091666667,-14.2147948333333,0 
-169.0601796666667,-14.2148055000000,0 
-169.0601886666667,-14.2147966666667,0 
-169.0601873333333,-14.2148145000000,0 
-169.0601865000000,-14.2148056666667,0 
-169.0602028333333,-14.2147918333333,0 
-169.0601755000000,-14.2148151666667,0 
-169.0601876666667,-14.2148093333333,0 
-169.0601843333333,-14.2148001666667,0 
-169.0601775000000,-14.2148043333333,0 
-169.0601878333333,-14.2147990000000,0 
-169.0601711666667,-14.2148068333333,0 
-169.0602106666667,-14.2147908333333,0 
-169.0601825000000,-14.2147985000000,0 
-169.0601938333333,-14.2147951666667,0 
-169.0601746666667,-14.2148056666667,0 
-169.0602021666667,-14.2147895000000,0 
-169.0601623333333,-14.2148136666667,0 
-169.0601895000000,-14.2147958333333,0 
-169.0601675000000,-14.2148128333333,0 
-169.0601953333333,-14.2148008333333,0 
-169.0601986666667,-14.2147913333333,0 
-169.0601838333333,-14.2148118333333,0 
-169.0602005000000,-14.2147901666667,0 
-169.0602131666667,-14.2147923333333,0 
-169.0601665000000,-14.2148200000000,0 
-169.0602113333333,-14.2147915000000,0 
-169.0601765000000,-14.2148185000000,0 
-169.0601901666667,-14.2148015000000,0 
-169.0601791666667,-14.2148143333333,0 
-169.0601810000000,-14.2148038333333,0 
-169.0602026666667,-14.2147835000000,0 
-169.0601745000000,-14.2148178333333,0 
-169.0602038333333,-14.2147771666667,0 
-169.0601758333333,-14.2148083333333,0 
-169.0602066666667,-14.2147858333333,0 
-169.0602011666667,-14.2147996666667,0 
-169.0601988333333,-14.2147980000000,0 
-169.0601806666667,-14.2147983333333,0 
-169.0601838333333,-14.2148070000000,0 
-169.0601836666667,-14.2147976666667,0 
-169.0601845000000,-14.2148016666667,0 
-169.0601785000000,-14.2148000000000,0 
-169.0601931666667,-14.2147881666667,0 
-169.0601840000000,-14.2148058333333,0 
-169.0602005000000,-14.2147901666667,0 
-169.0601928333333,-14.2148041666667,0 
-169.0602000000000,-14.2147868333333,0 
-169.0602006666667,-14.2147933333333,0 
-169.0601761666667,-14.2148090000000,0 
-169.0602090000000,-14.2147931666667,0 
-169.0601568333333,-14.2148108333333,0 
-169.0602000000000,-14.2147935000000,0 
-169.0602058333333,-14.2147885000000,0 
-169.0601566666667,-14.2148108333333,0 
-169.0601995000000,-14.2147828333333,0 
-169.0601865000000,-14.2147975000000,0 
-169.0601638333333,-14.2148216666667,0 
-169.0601875000000,-14.2147830000000,0 
-169.0601943333333,-14.2147938333333,0 
-169.0601708333333,-14.2148160000000,0 
-169.0601598333333,-14.2148108333333,0 
-169.0601613333333,-14.2147998333333,0 
-169.0601938333333,-14.2147881666667,0 
-169.0601776666667,-14.2147985000000,0 
-169.0601886666667,-14.2147930000000,0 
-169.0601943333333,-14.2147865000000,0 
-169.0601868333333,-14.2147998333333,0 
-169.0601766666667,-14.2147975000000,0 
-169.0601965000000,-14.2147800000000,0 
-169.0601748333333,-14.2148148333333,0 
-169.0601970000000,-14.2147798333333,0 
-169.0601800000000,-14.2147950000000,0 
-169.0601736666667,-14.2147921666667,0 
-169.0601723333333,-14.2147976666667,0 
-169.0602066666667,-14.2147913333333,0 
-169.0601903333333,-14.2148005000000,0 
-169.0601550000000,-14.2147950000000,0 
-169.0601613333333,-14.2148000000000,0 
-169.0601753333333,-14.2147985000000,0 
-169.0601753333333,-14.2147913333333,0 
-169.0601766666667,-14.2147905000000,0 
-169.0601761666667,-14.2147883333333,0 
-169.0601730000000,-14.2148036666667,0 
-169.0601823333333,-14.2147886666667,0 
-169.0601700000000,-14.2148028333333,0 
-169.0601920000000,-14.2147791666667,0 
-169.0601758333333,-14.2147890000000,0 
-169.0601460000000,-14.2147983333333,0 
-169.0601610000000,-14.2147968333333,0 
-169.0601860000000,-14.2147971666667,0 
-169.0601483333333,-14.2147925000000,0 
-169.0601970000000,-14.2147901666667,0 
-169.0601961666667,-14.2148011666667,0 
-169.0602516666667,-14.2147845000000,0 
-169.0602486666667,-14.2147711666667,0 
-169.0602678333333,-14.2147608333333,0 
-169.0602876666667,-14.2147411666667,0 
-169.0602476666667,-14.2147551666667,0 
-169.0602741666667,-14.2147471666667,0 
-169.0602485000000,-14.2147453333333,0 
-169.0602810000000,-14.2147493333333,0 
-169.0602761666667,-14.2147351666667,0 
-169.0602820000000,-14.2147410000000,0 
-169.0602870000000,-14.2147366666667,0 
-169.0602683333333,-14.2147453333333,0 
-169.0602680000000,-14.2147413333333,0 
-169.0602911666667,-14.2147445000000,0 
-169.0603053333333,-14.2147468333333,0 
-169.0602705000000,-14.2147411666667,0 
-169.0602861666667,-14.2147396666667,0 
-169.0603030000000,-14.2147395000000,0 
-169.0602901666667,-14.2147228333333,0 
-169.0602475000000,-14.2147341666667,0 
-169.0602893333333,-14.2147075000000,0 
-169.0602425000000,-14.2147121666667,0 
-169.0602486666667,-14.2147018333333,0 
-169.0602551666667,-14.2146820000000,0 
-169.0602570000000,-14.2146701666667,0 
-169.0602630000000,-14.2146676666667,0 
-169.0602533333333,-14.2146620000000,0 
-169.0603128333333,-14.2146283333333,0 
-169.0602726666667,-14.2146430000000,0 
-169.0602970000000,-14.2146206666667,0 
-169.0603073333333,-14.2146190000000,0 
-169.0602750000000,-14.2146118333333,0 
-169.0602580000000,-14.2146006666667,0 
-169.0602986666667,-14.2145881666667,0 
-169.0602888333333,-14.2146141666667,0 
-169.0603190000000,-14.2145950000000,0 
-169.0602698333333,-14.2146020000000,0 
-169.0603305000000,-14.2145946666667,0 
-169.0602905000000,-14.2146231666667,0 
-169.0603268333333,-14.2146013333333,0 
-169.0602945000000,-14.2146468333333,0 
-169.0603546666667,-14.2146015000000,0 
-169.0603160000000,-14.2146211666667,0 
-169.0603420000000,-14.2146356666667,0 
-169.0603605000000,-14.2146243333333,0 
-169.0603456666667,-14.2146485000000,0 
-169.0603623333333,-14.2146505000000,0 
-169.0603645000000,-14.2146273333333,0 
-169.0603300000000,-14.2146285000000,0 
-169.0603350000000,-14.2146365000000,0 
-169.0603301666667,-14.2146196666667,0 
-169.0603683333333,-14.2146261666667,0 
-169.0603393333333,-14.2146068333333,0 
-169.0603338333333,-14.2146073333333,0 
-169.0603338333333,-14.2146240000000,0 
-169.0603268333333,-14.2146240000000,0 
-169.0602933333333,-14.2146295000000,0 
-169.0603641666667,-14.2146258333333,0 
-169.0603260000000,-14.2146228333333,0 
-169.0602835000000,-14.2146401666667,0 
-169.0602985000000,-14.2146430000000,0 
-169.0602735000000,-14.2146528333333,0 
-169.0602926666667,-14.2146510000000,0 
-169.0602883333333,-14.2146300000000,0 
-169.0602955000000,-14.2146495000000,0 
-169.0602928333333,-14.2146441666667,0 
-169.0602636666667,-14.2146475000000,0 
-169.0603041666667,-14.2146440000000,0 
-169.0602818333333,-14.2146426666667,0 
-169.0603395000000,-14.2146143333333,0 
-169.0603311666667,-14.2146160000000,0 
-169.0603933333333,-14.2145783333333,0 
-169.0603585000000,-14.2146028333333,0 
-169.0603575000000,-14.2145966666667,0 
-169.0603526666667,-14.2145920000000,0 
-169.0603863333333,-14.2145863333333,0 
-169.0603775000000,-14.2145691666667,0 
-169.0603785000000,-14.2145675000000,0 
-169.0603553333333,-14.2145850000000,0 
-169.0603696666667,-14.2145618333333,0 
-169.0604163333333,-14.2145790000000,0 
-169.0604070000000,-14.2145743333333,0 
-169.0603928333333,-14.2145886666667,0 
-169.0604056666667,-14.2145735000000,0 
-169.0603625000000,-14.2145788333333,0 
-169.0604031666667,-14.2145846666667,0 
-169.0603706666667,-14.2145708333333,0 
-169.0603770000000,-14.2146011666667,0 
-169.0603653333333,-14.2146043333333,0 
-169.0603805000000,-14.2145893333333,0 
-169.0603945000000,-14.2145836666667,0 
-169.0603936666667,-14.2145948333333,0 
-169.0604015000000,-14.2145851666667,0 
-169.0603878333333,-14.2145951666667,0 
-169.0603691666667,-14.2145770000000,0 
-169.0604211666667,-14.2145778333333,0 
-169.0604015000000,-14.2145896666667,0 
-169.0604371666667,-14.2145836666667,0 
-169.0604098333333,-14.2145790000000,0 
-169.0603870000000,-14.2146015000000,0 
-169.0603976666667,-14.2146053333333,0 
-169.0604040000000,-14.2145838333333,0 
-169.0603795000000,-14.2146080000000,0 
-169.0603895000000,-14.2146038333333,0 
-169.0603690000000,-14.2145983333333,0 
-169.0603830000000,-14.2145751666667,0 
-169.0603896666667,-14.2145873333333,0 
-169.0603966666667,-14.2145693333333,0 
-169.0604083333333,-14.2145573333333,0 
-169.0604335000000,-14.2145368333333,0 
-169.0604061666667,-14.2145705000000,0 
-169.0604041666667,-14.2145765000000,0 
-169.0603905000000,-14.2145991666667,0 
-169.0604100000000,-14.2146005000000,0 
-169.0603971666667,-14.2145986666667,0 
-169.0603995000000,-14.2145996666667,0 
-169.0604226666667,-14.2146150000000,0 
-169.0604105000000,-14.2146216666667,0 
-169.0603958333333,-14.2146311666667,0 
-169.0604028333333,-14.2146500000000,0 
-169.0604221666667,-14.2146410000000,0 
-169.0604476666667,-14.2146468333333,0 
-169.0604003333333,-14.2146715000000,0 
-169.0603913333333,-14.2146716666667,0 
-169.0603685000000,-14.2146878333333,0 
-169.0604260000000,-14.2146648333333,0 
-169.0603795000000,-14.2147083333333,0 
-169.0604011666667,-14.2147043333333,0 
-169.0604178333333,-14.2146956666667,0 
-169.0604298333333,-14.2147145000000,0 
-169.0604465000000,-14.2146975000000,0 
-169.0604541666667,-14.2147056666667,0 
-169.0604968333333,-14.2146760000000,0 
-169.0604480000000,-14.2146841666667,0 
-169.0604888333333,-14.2146633333333,0 
-169.0605081666667,-14.2146456666667,0 
-169.0604900000000,-14.2146423333333,0 
-169.0605113333333,-14.2146208333333,0 
-169.0604941666667,-14.2146076666667,0 
-169.0604970000000,-14.2145923333333,0 
-169.0604805000000,-14.2145791666667,0 
-169.0605243333333,-14.2145778333333,0 
-169.0605316666667,-14.2146041666667,0 
-169.0604846666667,-14.2146240000000,0 
-169.0605361666667,-14.2146376666667,0 
-169.0604993333333,-14.2146521666667,0 
-169.0605215000000,-14.2146656666667,0 
-169.0605266666667,-14.2146698333333,0 
-169.0605230000000,-14.2146805000000,0 
-169.0605301666667,-14.2146828333333,0 
-169.0605173333333,-14.2146788333333,0 
-169.0605278333333,-14.2146795000000,0 
-169.0605501666667,-14.2146705000000,0 
-169.0605153333333,-14.2146958333333,0 
-169.0605166666667,-14.2146815000000,0 
-169.0605173333333,-14.2146801666667,0 
-169.0605261666667,-14.2146805000000,0 
-169.0605111666667,-14.2146863333333,0 
-169.0605550000000,-14.2146568333333,0 
-169.0605411666667,-14.2146520000000,0 
-169.0605388333333,-14.2146536666667,0 
-169.0605398333333,-14.2146338333333,0 
-169.0605275000000,-14.2146386666667,0 
-169.0605635000000,-14.2146148333333,0 
-169.0605225000000,-14.2146408333333,0 
-169.0605761666667,-14.2146388333333,0 
-169.0605608333333,-14.2146278333333,0 
-169.0605660000000,-14.2146436666667,0 
-169.0605636666667,-14.2146170000000,0 
-169.0605763333333,-14.2146425000000,0 
-169.0605558333333,-14.2146306666667,0 
-169.0605450000000,-14.2146463333333,0 
-169.0605798333333,-14.2146043333333,0 
-169.0605411666667,-14.2146023333333,0 
-169.0605393333333,-14.2145771666667,0 
-169.0605903333333,-14.2145876666667,0 
-169.0605541666667,-14.2145915000000,0 
-169.0605500000000,-14.2145703333333,0 
-169.0605950000000,-14.2145793333333,0 
-169.0605770000000,-14.2145713333333,0 
-169.0605848333333,-14.2145696666667,0 
-169.0605868333333,-14.2145716666667,0 
-169.0605715000000,-14.2145695000000,0 
-169.0606136666667,-14.2145311666667,0 
-169.0605703333333,-14.2145696666667,0 
-169.0606140000000,-14.2145518333333,0 
-169.0605811666667,-14.2145691666667,0 
-169.0606320000000,-14.2145295000000,0 
-169.0605996666667,-14.2145695000000,0 
-169.0606293333333,-14.2145380000000,0 
-169.0606243333333,-14.2145601666667,0 
-169.0605901666667,-14.2145355000000,0 
-169.0606120000000,-14.2145486666667,0 
-169.0606080000000,-14.2145368333333,0 
-169.0605815000000,-14.2145495000000,0 
-169.0605973333333,-14.2145520000000,0 
-169.0606298333333,-14.2145518333333,0 
-169.0606056666667,-14.2145763333333,0 
-169.0605883333333,-14.2145756666667,0 
-169.0606418333333,-14.2145745000000,0 
-169.0606343333333,-14.2145730000000,0 
-169.0606018333333,-14.2145763333333,0 
-169.0606165000000,-14.2145835000000,0 
-169.0606250000000,-14.2145611666667,0 
-169.0606011666667,-14.2145748333333,0 
-169.0606276666667,-14.2145568333333,0 
-169.0606203333333,-14.2145295000000,0 
-169.0606260000000,-14.2145088333333,0 
-169.0606020000000,-14.2145120000000,0 
-169.0606526666667,-14.2144903333333,0 
-169.0606193333333,-14.2145446666667,0 
-169.0606371666667,-14.2145120000000,0 
-169.0606060000000,-14.2145236666667,0 
-169.0606160000000,-14.2145043333333,0 
-169.0606421666667,-14.2145083333333,0 
-169.0605818333333,-14.2145155000000,0 
-169.0606310000000,-14.2144931666667,0 
-169.0606020000000,-14.2145146666667,0 
-169.0606136666667,-14.2144990000000,0 
-169.0606056666667,-14.2145325000000,0 
-169.0606090000000,-14.2145390000000,0 
-169.0606165000000,-14.2145630000000,0 
-169.0606318333333,-14.2145645000000,0 
-169.0606130000000,-14.2145698333333,0 
-169.0606260000000,-14.2145953333333,0 
-169.0606506666667,-14.2145808333333,0 
-169.0606316666667,-14.2146048333333,0 
-169.0606188333333,-14.2145765000000,0 
-169.0606850000000,-14.2145635000000,0 
-169.0606525000000,-14.2145845000000,0 
-169.0606601666667,-14.2145795000000,0 
-169.0606285000000,-14.2146045000000,0 
-169.0606071666667,-14.2146040000000,0 
-169.0606330000000,-14.2146015000000,0 
-169.0606228333333,-14.2146496666667,0 
-169.0606468333333,-14.2146280000000,0 
-169.0606746666667,-14.2146248333333,0 
-169.0606483333333,-14.2146456666667,0 
-169.0606850000000,-14.2146143333333,0 
-169.0606585000000,-14.2146595000000,0 
-169.0606760000000,-14.2146358333333,0 
-169.0606798333333,-14.2146395000000,0 
-169.0606665000000,-14.2146431666667,0 
-169.0606586666667,-14.2146325000000,0 
-169.0606633333333,-14.2146620000000,0 
-169.0606696666667,-14.2146318333333,0 
-169.0606645000000,-14.2146465000000,0 
-169.0606756666667,-14.2146320000000,0 
-169.0606395000000,-14.2146378333333,0 
-169.0606933333333,-14.2146398333333,0 
-169.0606610000000,-14.2146530000000,0 
-169.0606830000000,-14.2146258333333,0 
-169.0606798333333,-14.2146565000000,0 
-169.0606723333333,-14.2146480000000,0 
-169.0606735000000,-14.2146423333333,0 
-169.0606521666667,-14.2146513333333,0 
-169.0606366666667,-14.2146523333333,0 
-169.0606733333333,-14.2146423333333,0 
-169.0606191666667,-14.2146533333333,0 
-169.0606598333333,-14.2146213333333,0 
-169.0606253333333,-14.2146450000000,0 
-169.0606535000000,-14.2146271666667,0 
-169.0606318333333,-14.2146533333333,0 
-169.0606521666667,-14.2146421666667,0 
-169.0606315000000,-14.2146490000000,0 
-169.0606335000000,-14.2146506666667,0 
-169.0606303333333,-14.2146461666667,0 
-169.0606186666667,-14.2146588333333,0 
-169.0606493333333,-14.2146316666667,0 
-169.0606185000000,-14.2146476666667,0 
-169.0606586666667,-14.2146195000000,0 
-169.0606088333333,-14.2146651666667,0 
-169.0606438333333,-14.2146036666667,0 
-169.0606045000000,-14.2146538333333,0 
-169.0606123333333,-14.2146496666667,0 
-169.0606125000000,-14.2146590000000,0 
-169.0606251666667,-14.2146538333333,0 
-169.0606088333333,-14.2146560000000,0 
-169.0606351666667,-14.2146505000000,0 
-169.0606286666667,-14.2146473333333,0 
-169.0606238333333,-14.2146435000000,0 
-169.0606163333333,-14.2146418333333,0 
-169.0606153333333,-14.2146688333333,0 
-169.0606350000000,-14.2146398333333,0 
-169.0606035000000,-14.2146563333333,0 
-169.0606403333333,-14.2146326666667,0 
-169.0606071666667,-14.2146460000000,0 
-169.0606050000000,-14.2146235000000,0 
-169.0605986666667,-14.2146246666667,0 
-169.0606411666667,-14.2146196666667,0 
-169.0605965000000,-14.2146210000000,0 
-169.0606028333333,-14.2146180000000,0 
-169.0605991666667,-14.2146180000000,0 
-169.0606211666667,-14.2146168333333,0 
-169.0606101666667,-14.2146195000000,0 
-169.0606331666667,-14.2146165000000,0 
-169.0606026666667,-14.2146323333333,0 
-169.0606161666667,-14.2146151666667,0 
-169.0606098333333,-14.2146425000000,0 
-169.0606428333333,-14.2146173333333,0 
-169.0605946666667,-14.2146315000000,0 
-169.0605993333333,-14.2146286666667,0 
-169.0606271666667,-14.2146160000000,0 
-169.0606053333333,-14.2146126666667,0 
-169.0606210000000,-14.2146358333333,0 
-169.0606235000000,-14.2146116666667,0 
-169.0606175000000,-14.2146305000000,0 
-169.0605840000000,-14.2146151666667,0 
-169.0606435000000,-14.2146153333333,0 
-169.0606050000000,-14.2146235000000,0 
-169.0606321666667,-14.2146181666667,0 
-169.0606131666667,-14.2146153333333,0 
-169.0605871666667,-14.2146280000000,0 
-169.0606076666667,-14.2146120000000,0 
-169.0606050000000,-14.2146311666667,0 
-169.0606160000000,-14.2146090000000,0 
-169.0606070000000,-14.2146216666667,0 
-169.0606028333333,-14.2146246666667,0 
-169.0606050000000,-14.2146233333333,0 
-169.0606253333333,-14.2146366666667,0 
-169.0606293333333,-14.2146341666667,0 
-169.0606273333333,-14.2146401666667,0 
-169.0606250000000,-14.2146545000000,0 
-169.0606173333333,-14.2146378333333,0 
-169.0606058333333,-14.2146378333333,0 
-169.0606168333333,-14.2146428333333,0 
-169.0606353333333,-14.2146475000000,0 
-169.0605921666667,-14.2146401666667,0 
-169.0605970000000,-14.2146150000000,0 
-169.0606075000000,-14.2146485000000,0 
-169.0606028333333,-14.2146376666667,0 
-169.0606203333333,-14.2146403333333,0 
-169.0606271666667,-14.2146226666667,0 
-169.0606221666667,-14.2146435000000,0 
-169.0605995000000,-14.2146368333333,0 
-169.0606260000000,-14.2146333333333,0 
-169.0606018333333,-14.2146313333333,0 
-169.0605755000000,-14.2146436666667,0 
-169.0606380000000,-14.2146248333333,0 
-169.0605828333333,-14.2146335000000,0 
-169.0606130000000,-14.2146370000000,0 
-169.0605906666667,-14.2146443333333,0 
-169.0606326666667,-14.2146166666667,0 
-169.0605733333333,-14.2145886666667,0 
-169.0605850000000,-14.2146116666667,0 
-169.0606171666667,-14.2145838333333,0 
-169.0605716666667,-14.2146051666667,0 
-169.0606090000000,-14.2146143333333,0 
-169.0605633333333,-14.2146126666667,0 
-169.0606265000000,-14.2146316666667,0 
-169.0605993333333,-14.2146320000000,0 
-169.0606240000000,-14.2146481666667,0 
-169.0606128333333,-14.2146343333333,0 
-169.0606138333333,-14.2146561666667,0 
-169.0606045000000,-14.2146408333333,0 
-169.0606055000000,-14.2146595000000,0 
-169.0606723333333,-14.2146480000000,0 
-169.0606700000000,-14.2146493333333,0 
-169.0607133333333,-14.2146321666667,0 
-169.0607268333333,-14.2146283333333,0 
-169.0607250000000,-14.2146136666667,0 
-169.0607671666667,-14.2146228333333,0 
-169.0607366666667,-14.2145880000000,0 
-169.0607428333333,-14.2146231666667,0 
-169.0607590000000,-14.2146088333333,0 
-169.0607533333333,-14.2146005000000,0 
-169.0607416666667,-14.2145791666667,0 
-169.0607635000000,-14.2145721666667,0 
-169.0607453333333,-14.2145511666667,0 
-169.0607538333333,-14.2145465000000,0 
-169.0607528333333,-14.2145318333333,0 
-169.0607651666667,-14.2144900000000,0 
-169.0607688333333,-14.2144936666667,0 
-169.0607776666667,-14.2145391666667,0 
-169.0607663333333,-14.2145458333333,0 
-169.0607830000000,-14.2145526666667,0 
-169.0607931666667,-14.2145605000000,0 
-169.0607921666667,-14.2145186666667,0 
-169.0607868333333,-14.2145401666667,0 
-169.0607888333333,-14.2145246666667,0 
-169.0607701666667,-14.2145146666667,0 
-169.0607958333333,-14.2145275000000,0 
-169.0607780000000,-14.2145103333333,0 
-169.0608046666667,-14.2144895000000,0 
-169.0607948333333,-14.2145293333333,0 
-169.0607995000000,-14.2145036666667,0 
-169.0608001666667,-14.2145193333333,0 
-169.0608075000000,-14.2145145000000,0 
-169.0608145000000,-14.2145403333333,0 
-169.0608216666667,-14.2145383333333,0 
-169.0608070000000,-14.2145598333333,0 
-169.0608748333333,-14.2145181666667,0 
-169.0608273333333,-14.2145561666667,0 
-169.0608211666667,-14.2145145000000,0 
-169.0608298333333,-14.2145235000000,0 
-169.0608648333333,-14.2145011666667,0 
-169.0608655000000,-14.2144923333333,0 
-169.0608371666667,-14.2144996666667,0 
-169.0608501666667,-14.2144645000000,0 
-169.0608466666667,-14.2144498333333,0 
-169.0608418333333,-14.2144448333333,0 
-169.0608428333333,-14.2144361666667,0 
-169.0608408333333,-14.2144776666667,0 
-169.0608873333333,-14.2144613333333,0 
-169.0608413333333,-14.2144521666667,0 
-169.0608596666667,-14.2144313333333,0 
-169.0608653333333,-14.2144521666667,0 
-169.0608571666667,-14.2144463333333,0 
-169.0608401666667,-14.2144933333333,0 
-169.0609040000000,-14.2145015000000,0 
-169.0608635000000,-14.2145081666667,0 
-169.0608748333333,-14.2145055000000,0 
-169.0608810000000,-14.2145105000000,0 
-169.0608966666667,-14.2145145000000,0 
-169.0608661666667,-14.2145251666667,0 
-169.0608668333333,-14.2145246666667,0 
-169.0608486666667,-14.2145700000000,0 
-169.0608453333333,-14.2145358333333,0 
-169.0608321666667,-14.2145623333333,0 
-169.0608191666667,-14.2145976666667,0 
-169.0608070000000,-14.2145998333333,0 
-169.0608140000000,-14.2145956666667,0 
-169.0608293333333,-14.2146163333333,0 
-169.0608186666667,-14.2146015000000,0 
-169.0608268333333,-14.2146083333333,0 
-169.0608203333333,-14.2145968333333,0 
-169.0608328333333,-14.2146256666667,0 
-169.0608461666667,-14.2146075000000,0 
-169.0608085000000,-14.2145975000000,0 
-169.0608455000000,-14.2146033333333,0 
-169.0608740000000,-14.2145986666667,0 
-169.0608881666667,-14.2145495000000,0 
-169.0608806666667,-14.2145381666667,0 
-169.0608856666667,-14.2145350000000,0 
-169.0609091666667,-14.2144940000000,0 
-169.0608578333333,-14.2144800000000,0 
-169.0608065000000,-14.2144633333333,0 
-169.0608368333333,-14.2144616666667,0 
-169.0608193333333,-14.2144673333333,0 
-169.0608400000000,-14.2144656666667,0 
-169.0608293333333,-14.2144716666667,0 
-169.0608638333333,-14.2144668333333,0 
-169.0608623333333,-14.2144990000000,0 
-169.0609071666667,-14.2145116666667,0 
-169.0608758333333,-14.2145401666667,0 
-169.0609005000000,-14.2145440000000,0 
-169.0608783333333,-14.2145585000000,0 
-169.0608950000000,-14.2145416666667,0 
-169.0608656666667,-14.2145628333333,0 
-169.0608896666667,-14.2145850000000,0 
-169.0608640000000,-14.2145608333333,0 
-169.0608781666667,-14.2145653333333,0 
-169.0608816666667,-14.2145470000000,0 
-169.0608816666667,-14.2145426666667,0 
-169.0608975000000,-14.2145561666667,0 
-169.0608961666667,-14.2145258333333,0 
-169.0608745000000,-14.2145446666667,0 
-169.0608886666667,-14.2145768333333,0 
-169.0608783333333,-14.2145646666667,0 
-169.0609096666667,-14.2145660000000,0 
-169.0609011666667,-14.2145758333333,0 
-169.0608911666667,-14.2145178333333,0 
-169.0608743333333,-14.2144945000000,0 
-169.0608128333333,-14.2144791666667,0 
-169.0608050000000,-14.2144808333333,0 
-169.0607868333333,-14.2144811666667,0 
-169.0607818333333,-14.2144708333333,0 
-169.0607923333333,-14.2145041666667,0 
-169.0607873333333,-14.2145013333333,0 
-169.0607595000000,-14.2144675000000,0 
-169.0607656666667,-14.2145160000000,0 
-169.0607661666667,-14.2144806666667,0 
-169.0607706666667,-14.2145113333333,0 
-169.0607968333333,-14.2145220000000,0 
-169.0607465000000,-14.2145115000000,0 
-169.0607816666667,-14.2145385000000,0 
-169.0607706666667,-14.2145358333333,0 
-169.0607645000000,-14.2144971666667,0 
-169.0608156666667,-14.2144776666667,0 
-169.0607873333333,-14.2144988333333,0 
-169.0608016666667,-14.2144903333333,0 
-169.0607938333333,-14.2144688333333,0 
-169.0607721666667,-14.2144710000000,0 
-169.0608051666667,-14.2144943333333,0 
-169.0608200000000,-14.2144781666667,0 
-169.0607805000000,-14.2144650000000,0 
-169.0608553333333,-14.2144463333333,0 
-169.0608276666667,-14.2144478333333,0 
-169.0608305000000,-14.2144518333333,0 
-169.0608433333333,-14.2144470000000,0 
-169.0608615000000,-14.2144403333333,0 
-169.0608205000000,-14.2144250000000,0 
-169.0608676666667,-14.2144370000000,0 
-169.0608490000000,-14.2144406666667,0 
-169.0608381666667,-14.2144310000000,0 
-169.0608453333333,-14.2144510000000,0 
-169.0608815000000,-14.2144611666667,0 
-169.0608978333333,-14.2144590000000,0 
-169.0609445000000,-14.2144606666667,0 
-169.0609258333333,-14.2144835000000,0 
-169.0609583333333,-14.2145021666667,0 
-169.0609375000000,-14.2145186666667,0 
-169.0609438333333,-14.2145088333333,0 
-169.0609435000000,-14.2145058333333,0 
-169.0609523333333,-14.2145193333333,0 
-169.0609833333333,-14.2144848333333,0 
-169.0609615000000,-14.2144951666667,0 
-169.0609800000000,-14.2145083333333,0 
-169.0609791666667,-14.2145365000000,0 
-169.0609378333333,-14.2145361666667,0 
-169.0609656666667,-14.2145465000000,0 
-169.0609676666667,-14.2145336666667,0 
-169.0609673333333,-14.2145306666667,0 
-169.0609921666667,-14.2145433333333,0 
-169.0610115000000,-14.2145341666667,0 
-169.0609853333333,-14.2145320000000,0 
-169.0610096666667,-14.2145425000000,0 
-169.0610363333333,-14.2145615000000,0 
-169.0610223333333,-14.2145308333333,0 
-169.0610201666667,-14.2145360000000,0 
-169.0610278333333,-14.2145306666667,0 
-169.0610305000000,-14.2145355000000,0 
-169.0610340000000,-14.2145325000000,0 
-169.0610690000000,-14.2145298333333,0 
-169.0610518333333,-14.2145165000000,0 
-169.0610550000000,-14.2145071666667,0 
-169.0610518333333,-14.2145103333333,0 
-169.0610858333333,-14.2144961666667,0 
-169.0610470000000,-14.2144858333333,0 
-169.0610840000000,-14.2145078333333,0 
-169.0610503333333,-14.2145133333333,0 
-169.0610456666667,-14.2145075000000,0 
-169.0610715000000,-14.2145241666667,0 
-169.0610751666667,-14.2145148333333,0 
-169.0610705000000,-14.2145303333333,0 
-169.0610820000000,-14.2145133333333,0 
-169.0610461666667,-14.2145063333333,0 
-169.0611015000000,-14.2145070000000,0 
-169.0610963333333,-14.2145211666667,0 
-169.0610973333333,-14.2145106666667,0 
-169.0610618333333,-14.2144978333333,0 
-169.0610768333333,-14.2145156666667,0 
-169.0610941666667,-14.2145128333333,0 
-169.0611123333333,-14.2144898333333,0 
-169.0610956666667,-14.2144863333333,0 
-169.0611095000000,-14.2144838333333,0 
-169.0611415000000,-14.2144985000000,0 
-169.0611641666667,-14.2144928333333,0 
-169.0611495000000,-14.2144921666667,0 
-169.0611713333333,-14.2144988333333,0 
-169.0612025000000,-14.2145038333333,0 
-169.0611868333333,-14.2145015000000,0 
-169.0612098333333,-14.2144938333333,0 
-169.0611976666667,-14.2144930000000,0 
-169.0612138333333,-14.2144836666667,0 
-169.0612160000000,-14.2145121666667,0 
-169.0612498333333,-14.2145121666667,0 
-169.0612370000000,-14.2145070000000,0 
-169.0612515000000,-14.2145310000000,0 
-169.0612340000000,-14.2145243333333,0 
-169.0612550000000,-14.2145133333333,0 
-169.0612386666667,-14.2144983333333,0 
-169.0612403333333,-14.2145050000000,0 
-169.0612436666667,-14.2144963333333,0 
-169.0612445000000,-14.2145116666667,0 
-169.0612498333333,-14.2145143333333,0 
-169.0612271666667,-14.2144988333333,0 
-169.0612323333333,-14.2145281666667,0 
-169.0612278333333,-14.2144981666667,0 
-169.0612228333333,-14.2145115000000,0 
-169.0612610000000,-14.2144430000000,0 
-169.0611468333333,-14.2144226666667,0 
-169.0611516666667,-14.2144688333333,0 
-169.0610941666667,-14.2144655000000,0 
-169.0611171666667,-14.2145080000000,0 
-169.0611058333333,-14.2144835000000,0 
-169.0610866666667,-14.2145188333333,0 
-169.0611130000000,-14.2145173333333,0 
-169.0610701666667,-14.2144743333333,0 
-169.0610793333333,-14.2145166666667,0 
-169.0610886666667,-14.2145296666667,0 
-169.0610578333333,-14.2145185000000,0 
-169.0610691666667,-14.2145690000000,0 
-169.0610418333333,-14.2145565000000,0 
-169.0610443333333,-14.2145396666667,0 
-169.0610280000000,-14.2145495000000,0 
-169.0610183333333,-14.2145631666667,0 
-169.0610315000000,-14.2145350000000,0 
-169.0610368333333,-14.2144750000000,0 
-169.0610963333333,-14.2144698333333,0 
-169.0611123333333,-14.2145061666667,0 
-169.0610548333333,-14.2144500000000,0 
-169.0610211666667,-14.2144615000000,0 
-169.0609793333333,-14.2144896666667,0 
-169.0610180000000,-14.2145053333333,0 
-169.0609686666667,-14.2145081666667,0 
-169.0609713333333,-14.2144910000000,0 
-169.0609960000000,-14.2145125000000,0 
-169.0610176666667,-14.2145325000000,0 
-169.0609781666667,-14.2144995000000,0 
-169.0609966666667,-14.2144995000000,0 
-169.0610110000000,-14.2145146666667,0 
-169.0610035000000,-14.2145001666667,0 
-169.0610140000000,-14.2144980000000,0 
-169.0610176666667,-14.2144896666667,0 
-169.0610725000000,-14.2144428333333,0 
-169.0611398333333,-14.2144588333333,0 
-169.0611915000000,-14.2145086666667,0 
-169.0611440000000,-14.2145105000000,0 
-169.0611995000000,-14.2145133333333,0 
-169.0611568333333,-14.2144950000000,0 
-169.0611905000000,-14.2145141666667,0 
-169.0611808333333,-14.2145300000000,0 
-169.0611845000000,-14.2145101666667,0 
-169.0611906666667,-14.2145261666667,0 
-169.0612263333333,-14.2145413333333,0 
-169.0612126666667,-14.2145413333333,0 
-169.0612411666667,-14.2145561666667,0 
-169.0611970000000,-14.2145400000000,0 
-169.0612048333333,-14.2146090000000,0 
-169.0612498333333,-14.2145653333333,0 
-169.0612060000000,-14.2145188333333,0 
-169.0612588333333,-14.2145493333333,0 
-169.0612218333333,-14.2145433333333,0 
-169.0612580000000,-14.2145331666667,0 
-169.0612443333333,-14.2145296666667,0 
-169.0612651666667,-14.2145428333333,0 
-169.0612900000000,-14.2145288333333,0 
-169.0612601666667,-14.2145393333333,0 
-169.0613148333333,-14.2145410000000,0 
-169.0612868333333,-14.2145375000000,0 
-169.0612823333333,-14.2145090000000,0 
-169.0612816666667,-14.2145246666667,0 
-169.0613036666667,-14.2145468333333,0 
-169.0613053333333,-14.2145093333333,0 
-169.0612828333333,-14.2145066666667,0 
-169.0613043333333,-14.2145330000000,0 
-169.0613158333333,-14.2145338333333,0 
-169.0613286666667,-14.2145456666667,0 
-169.0613025000000,-14.2145141666667,0 
-169.0613270000000,-14.2145160000000,0 
-169.0613143333333,-14.2145193333333,0 
-169.0613421666667,-14.2145256666667,0 
-169.0613061666667,-14.2145196666667,0 
-169.0613491666667,-14.2145280000000,0 
-169.0613353333333,-14.2145395000000,0 
-169.0613400000000,-14.2145196666667,0 
-169.0613190000000,-14.2145200000000,0 
-169.0613351666667,-14.2145163333333,0 
-169.0613250000000,-14.2145118333333,0 
-169.0613056666667,-14.2145238333333,0 
-169.0613410000000,-14.2145313333333,0 
-169.0613345000000,-14.2145253333333,0 
-169.0613113333333,-14.2144980000000,0 
-169.0613305000000,-14.2145126666667,0 
-169.0613156666667,-14.2145071666667,0 
-169.0613431666667,-14.2145278333333,0 
-169.0613661666667,-14.2145358333333,0 
-169.0613273333333,-14.2145113333333,0 
-169.0613313333333,-14.2145078333333,0 
-169.0613433333333,-14.2145181666667,0 
-169.0613225000000,-14.2145180000000,0 
-169.0613588333333,-14.2145175000000,0 
-169.0613126666667,-14.2145111666667,0 
-169.0613240000000,-14.2145148333333,0 
-169.0613623333333,-14.2145415000000,0 
-169.0613623333333,-14.2145290000000,0 
-169.0613298333333,-14.2145191666667,0 
-169.0613360000000,-14.2145066666667,0 
-169.0613355000000,-14.2145290000000,0 
-169.0613423333333,-14.2145276666667,0 
-169.0613581666667,-14.2144553333333,0 
-169.0613706666667,-14.2144616666667,0 
-169.0613746666667,-14.2144661666667,0 
-169.0614063333333,-14.2144553333333,0 
-169.0613908333333,-14.2144578333333,0 
-169.0614095000000,-14.2144588333333,0 
-169.0613936666667,-14.2144570000000,0 
-169.0614088333333,-14.2144576666667,0 
-169.0614160000000,-14.2144580000000,0 
-169.0614235000000,-14.2144660000000,0 
-169.0614230000000,-14.2144513333333,0 
-169.0614441666667,-14.2144795000000,0 
-169.0614273333333,-14.2144593333333,0 
-169.0614705000000,-14.2144916666667,0 
-169.0614355000000,-14.2144761666667,0 
-169.0614591666667,-14.2144566666667,0 
-169.0614468333333,-14.2144778333333,0 
-169.0614805000000,-14.2144690000000,0 
-169.0614568333333,-14.2144703333333,0 
-169.0614850000000,-14.2144610000000,0 
-169.0614720000000,-14.2144936666667,0 
-169.0614875000000,-14.2145110000000,0 
-169.0614601666667,-14.2145336666667,0 
-169.0614656666667,-14.2145575000000,0 
-169.0614616666667,-14.2145563333333,0 
-169.0614403333333,-14.2145311666667,0 
-169.0614426666667,-14.2145416666667,0 
-169.0614666666667,-14.2145360000000,0 
-169.0614543333333,-14.2145465000000,0 
-169.0614803333333,-14.2145365000000,0 
-169.0614366666667,-14.2145611666667,0 
-169.0614771666667,-14.2145798333333,0 
-169.0614428333333,-14.2145753333333,0 
-169.0614573333333,-14.2145415000000,0 
-169.0614618333333,-14.2145288333333,0 
-169.0614525000000,-14.2145341666667,0 
-169.0614630000000,-14.2145351666667,0 
-169.0614521666667,-14.2145298333333,0 
-169.0614655000000,-14.2145603333333,0 
-169.0614493333333,-14.2145373333333,0 
-169.0614773333333,-14.2145426666667,0 
-169.0614511666667,-14.2145360000000,0 
-169.0614713333333,-14.2145255000000,0 
-169.0614400000000,-14.2145245000000,0 
-169.0614565000000,-14.2145391666667,0 
-169.0614456666667,-14.2145450000000,0 
-169.0614565000000,-14.2145378333333,0 
-169.0614800000000,-14.2145331666667,0 
-169.0614541666667,-14.2145385000000,0 
-169.0614745000000,-14.2145445000000,0 
-169.0614746666667,-14.2145313333333,0 
-169.0614748333333,-14.2145331666667,0 
-169.0614603333333,-14.2145366666667,0 
-169.0614730000000,-14.2145250000000,0 
-169.0614556666667,-14.2145336666667,0 
-169.0614708333333,-14.2145256666667,0 
-169.0614433333333,-14.2145385000000,0 
-169.0614726666667,-14.2145325000000,0 
-169.0614423333333,-14.2145388333333,0 
-169.0614886666667,-14.2145428333333,0 
-169.0614505000000,-14.2145058333333,0 
-169.0614780000000,-14.2145368333333,0 
-169.0614430000000,-14.2145215000000,0 
-169.0614980000000,-14.2145345000000,0 
-169.0614515000000,-14.2145401666667,0 
-169.0614596666667,-14.2145215000000,0 
-169.0614801666667,-14.2145438333333,0 
-169.0614613333333,-14.2145270000000,0 
-169.0614470000000,-14.2145068333333,0 
-169.0614940000000,-14.2145156666667,0 
-169.0614316666667,-14.2145393333333,0 
-169.0614825000000,-14.2145351666667,0 
-169.0614481666667,-14.2145273333333,0 
-169.0614453333333,-14.2145520000000,0 
-169.0614606666667,-14.2145281666667,0 
-169.0614475000000,-14.2145363333333,0 
-169.0614851666667,-14.2145095000000,0 
-169.0614461666667,-14.2145485000000,0 
-169.0614680000000,-14.2145231666667,0 
-169.0614701666667,-14.2145250000000,0 
-169.0614486666667,-14.2145316666667,0 
-169.0614916666667,-14.2145348333333,0 
-169.0614563333333,-14.2145168333333,0 
-169.0614796666667,-14.2144876666667,0 
-169.0614438333333,-14.2145045000000,0 
-169.0614791666667,-14.2145158333333,0 
-169.0614695000000,-14.2145180000000,0 
-169.0614451666667,-14.2145195000000,0 
-169.0614893333333,-14.2145336666667,0 
-169.0614560000000,-14.2144926666667,0 
-169.0614488333333,-14.2145191666667,0 
-169.0614840000000,-14.2145188333333,0 
-169.0614515000000,-14.2144851666667,0 
-169.0614645000000,-14.2145013333333,0 
-169.0614681666667,-14.2145035000000,0 
-169.0614541666667,-14.2144990000000,0 
-169.0614788333333,-14.2144971666667,0 
-169.0614575000000,-14.2144988333333,0 
-169.0614543333333,-14.2144975000000,0 
-169.0614576666667,-14.2144915000000,0 
-169.0614555000000,-14.2145055000000,0 
-169.0615035000000,-14.2145220000000,0 
-169.0614491666667,-14.2144860000000,0 
-169.0614656666667,-14.2145001666667,0 
-169.0614590000000,-14.2145010000000,0 
-169.0614668333333,-14.2145171666667,0 
-169.0614698333333,-14.2144963333333,0 
-169.0614413333333,-14.2145131666667,0 
-169.0614940000000,-14.2145141666667,0 
-169.0614278333333,-14.2145048333333,0 
-169.0614360000000,-14.2145156666667,0 
-169.0614396666667,-14.2145110000000,0 
-169.0614576666667,-14.2145276666667,0 
-169.0614480000000,-14.2145165000000,0 
-169.0614171666667,-14.2145120000000,0 
-169.0614625000000,-14.2144985000000,0 
-169.0614031666667,-14.2145078333333,0 
-169.0614270000000,-14.2145131666667,0 
-169.0614078333333,-14.2145091666667,0 
-169.0614181666667,-14.2145151666667,0 
-169.0614010000000,-14.2145083333333,0 
-169.0614126666667,-14.2145153333333,0 
-169.0614158333333,-14.2144960000000,0 
-169.0614358333333,-14.2145325000000,0 
-169.0614133333333,-14.2145216666667,0 
-169.0614373333333,-14.2145206666667,0 
-169.0614038333333,-14.2145215000000,0 
-169.0614528333333,-14.2145485000000,0 
-169.0614083333333,-14.2145491666667,0 
-169.0614355000000,-14.2145425000000,0 
-169.0614003333333,-14.2145573333333,0 
-169.0614310000000,-14.2145690000000,0 
-169.0614056666667,-14.2145608333333,0 
-169.0614023333333,-14.2145456666667,0 
-169.0613943333333,-14.2145580000000,0 
-169.0614265000000,-14.2145711666667,0 
-169.0613978333333,-14.2145485000000,0 
-169.0613901666667,-14.2145618333333,0 
-169.0614086666667,-14.2145641666667,0 
-169.0614048333333,-14.2145668333333,0 
-169.0613985000000,-14.2145738333333,0 
-169.0613946666667,-14.2145683333333,0 
-169.0613955000000,-14.2145713333333,0 
-169.0614025000000,-14.2145671666667,0 
-169.0613845000000,-14.2145533333333,0 
-169.0614125000000,-14.2145613333333,0 
-169.0613810000000,-14.2145610000000,0 
-169.0613855000000,-14.2145745000000,0 
-169.0613791666667,-14.2145733333333,0 
-169.0613943333333,-14.2145800000000,0 
-169.0613788333333,-14.2145530000000,0 
-169.0614033333333,-14.2145506666667,0 
-169.0613963333333,-14.2145626666667,0 
-169.0614368333333,-14.2145536666667,0 
-169.0614480000000,-14.2145543333333,0 
-169.0614263333333,-14.2145480000000,0 
-169.0614563333333,-14.2145636666667,0 
-169.0614205000000,-14.2145351666667,0 
-169.0614203333333,-14.2145520000000,0 
-169.0614350000000,-14.2145261666667,0 
-169.0614560000000,-14.2145541666667,0 
-169.0614531666667,-14.2145421666667,0 
-169.0614591666667,-14.2145408333333,0 
-169.0614618333333,-14.2145481666667,0 
-169.0614556666667,-14.2145286666667,0 
-169.0614815000000,-14.2145193333333,0 
-169.0614660000000,-14.2145148333333,0 
-169.0614703333333,-14.2145145000000,0 
-169.0614866666667,-14.2145196666667,0 
-169.0614813333333,-14.2145270000000,0 
-169.0614948333333,-14.2145093333333,0 
-169.0614830000000,-14.2145041666667,0 
-169.0614980000000,-14.2145038333333,0 
-169.0614928333333,-14.2145125000000,0 
-169.0615005000000,-14.2144936666667,0 
-169.0614853333333,-14.2144906666667,0 
-169.0614925000000,-14.2144991666667,0 
-169.0614970000000,-14.2145153333333,0 
-169.0614915000000,-14.2144861666667,0 
-169.0615000000000,-14.2145026666667,0 
-169.0615055000000,-14.2145028333333,0 
-169.0615001666667,-14.2145008333333,0 
-169.0615085000000,-14.2145075000000,0 
-169.0614913333333,-14.2144965000000,0 
-169.0615273333333,-14.2145025000000,0 
-169.0614913333333,-14.2144978333333,0 
-169.0615038333333,-14.2145023333333,0 
-169.0615153333333,-14.2144973333333,0 
-169.0615030000000,-14.2145011666667,0 
-169.0615095000000,-14.2145116666667,0 
-169.0614983333333,-14.2145096666667,0 
-169.0614975000000,-14.2145030000000,0 
-169.0615095000000,-14.2145381666667,0 
-169.0615188333333,-14.2145363333333,0 
-169.0615008333333,-14.2145263333333,0 
-169.0615025000000,-14.2145011666667,0 
-169.0615046666667,-14.2145276666667,0 
-169.0615296666667,-14.2145136666667,0 
-169.0614990000000,-14.2145175000000,0 
-169.0615163333333,-14.2145083333333,0 
-169.0615048333333,-14.2145156666667,0 
-169.0615323333333,-14.2145300000000,0 
-169.0615038333333,-14.2145060000000,0 
-169.0615101666667,-14.2145010000000,0 
-169.0615053333333,-14.2145258333333,0 
-169.0615421666667,-14.2145063333333,0 
-169.0615030000000,-14.2145178333333,0 
-169.0615118333333,-14.2145183333333,0 
-169.0615243333333,-14.2145368333333,0 
-169.0615023333333,-14.2145003333333,0 
-169.0615095000000,-14.2145123333333,0 
-169.0614990000000,-14.2145101666667,0 
-169.0615305000000,-14.2145440000000,0 
-169.0614990000000,-14.2144948333333,0 
-169.0615086666667,-14.2145400000000,0 
-169.0615213333333,-14.2145066666667,0 
-169.0615080000000,-14.2145180000000,0 
-169.0615130000000,-14.2145015000000,0 
-169.0614935000000,-14.2145093333333,0 
-169.0615198333333,-14.2145156666667,0 
-169.0615158333333,-14.2145351666667,0 
-169.0615290000000,-14.2145241666667,0 
-169.0615013333333,-14.2145391666667,0 
-169.0615211666667,-14.2145166666667,0 
-169.0615056666667,-14.2145378333333,0 
-169.0615305000000,-14.2145371666667,0 
-169.0615113333333,-14.2145126666667,0 
-169.0615006666667,-14.2145330000000,0 
-169.0615128333333,-14.2145118333333,0 
-169.0615195000000,-14.2145413333333,0 
-169.0615085000000,-14.2145166666667,0 
-169.0615085000000,-14.2145275000000,0 
-169.0614993333333,-14.2145046666667,0 
-169.0615123333333,-14.2145408333333,0 
-169.0615111666667,-14.2145185000000,0 
-169.0614961666667,-14.2145293333333,0 
-169.0615131666667,-14.2145280000000,0 
-169.0615281666667,-14.2145308333333,0 
-169.0615086666667,-14.2145235000000,0 
-169.0615483333333,-14.2145285000000,0 
-169.0614915000000,-14.2145476666667,0 
-169.0615010000000,-14.2145475000000,0 
-169.0615020000000,-14.2145530000000,0 
-169.0614801666667,-14.2145666666667,0 
-169.0615110000000,-14.2145736666667,0 
-169.0614798333333,-14.2145946666667,0 
-169.0614825000000,-14.2145883333333,0 
-169.0614836666667,-14.2145670000000,0 
-169.0614990000000,-14.2145785000000,0 
-169.0615065000000,-14.2145623333333,0 
-169.0615133333333,-14.2145411666667,0 
-169.0615236666667,-14.2145556666667,0 
-169.0615316666667,-14.2145640000000,0 
-169.0615601666667,-14.2145530000000,0 
-169.0615221666667,-14.2145580000000,0 
-169.0615575000000,-14.2145498333333,0 
-169.0615205000000,-14.2145438333333,0 
-169.0615321666667,-14.2145516666667,0 
-169.0615448333333,-14.2145556666667,0 
-169.0615411666667,-14.2145550000000,0 
-169.0615516666667,-14.2145716666667,0 
-169.0615300000000,-14.2145285000000,0 
-169.0615326666667,-14.2145396666667,0 
-169.0615431666667,-14.2145598333333,0 
-169.0615423333333,-14.2145396666667,0 
-169.0615415000000,-14.2145483333333,0 
-169.0615258333333,-14.2145416666667,0 
-169.0615576666667,-14.2145665000000,0 
-169.0615455000000,-14.2145501666667,0 
-169.0615301666667,-14.2145491666667,0 
-169.0615475000000,-14.2145460000000,0 
-169.0615561666667,-14.2145505000000,0 
-169.0615236666667,-14.2145376666667,0 
-169.0615446666667,-14.2145641666667,0 
-169.0615433333333,-14.2145420000000,0 
-169.0615505000000,-14.2145470000000,0 
-169.0615545000000,-14.2145566666667,0 
-169.0615363333333,-14.2145515000000,0 
-169.0615433333333,-14.2145460000000,0 
-169.0615523333333,-14.2145415000000,0 
-169.0615466666667,-14.2145521666667,0 
-169.0615470000000,-14.2145488333333,0 
-169.0615260000000,-14.2145065000000,0 
-169.0615410000000,-14.2145583333333,0 
-169.0615540000000,-14.2145205000000,0 
-169.0615288333333,-14.2145191666667,0 
-169.0615500000000,-14.2145650000000,0 
-169.0615601666667,-14.2145428333333,0 
-169.0615505000000,-14.2145351666667,0 
-169.0615571666667,-14.2145473333333,0 
-169.0615248333333,-14.2145365000000,0 
-169.0615503333333,-14.2145410000000,0 
-169.0615445000000,-14.2145340000000,0 
-169.0615475000000,-14.2145448333333,0 
-169.0615435000000,-14.2145570000000,0 
-169.0615501666667,-14.2145430000000,0 
-169.0615556666667,-14.2145571666667,0 
-169.0615671666667,-14.2145498333333,0 
-169.0615440000000,-14.2145375000000,0 
-169.0615598333333,-14.2145601666667,0 
-169.0615256666667,-14.2145593333333,0 
-169.0615801666667,-14.2145286666667,0 
-169.0615323333333,-14.2145335000000,0 
-169.0615731666667,-14.2145673333333,0 
-169.0615175000000,-14.2145578333333,0 
-169.0615336666667,-14.2145448333333,0 
-169.0615355000000,-14.2145375000000,0 
-169.0615596666667,-14.2145761666667,0 
-169.0615546666667,-14.2145666666667,0 
-169.0615421666667,-14.2145381666667,0 
-169.0615363333333,-14.2145533333333,0 
-169.0615425000000,-14.2145405000000,0 
-169.0615508333333,-14.2145380000000,0 
-169.0615390000000,-14.2145328333333,0 
-169.0615415000000,-14.2145295000000,0 
-169.0615405000000,-14.2145346666667,0 
-169.0615421666667,-14.2145165000000,0 
-169.0615306666667,-14.2145356666667,0 
-169.0615501666667,-14.2145270000000,0 
-169.0615448333333,-14.2145313333333,0 
-169.0615555000000,-14.2145141666667,0 
-169.0615673333333,-14.2145436666667,0 
-169.0615805000000,-14.2145158333333,0 
-169.0615603333333,-14.2145213333333,0 
-169.0615883333333,-14.2145176666667,0 
-169.0615545000000,-14.2145005000000,0 
-169.0615833333333,-14.2145108333333,0 
-169.0615865000000,-14.2145258333333,0 
-169.0615746666667,-14.2145071666667,0 
-169.0615671666667,-14.2145036666667,0 
-169.0615583333333,-14.2144945000000,0 
-169.0615788333333,-14.2145110000000,0 
-169.0615700000000,-14.2145080000000,0 
-169.0615748333333,-14.2144963333333,0 
-169.0615961666667,-14.2145181666667,0 
-169.0615548333333,-14.2145021666667,0 
-169.0615803333333,-14.2145075000000,0 
-169.0615698333333,-14.2145093333333,0 
-169.0615598333333,-14.2145116666667,0 
-169.0615858333333,-14.2145143333333,0 
-169.0615826666667,-14.2145095000000,0 
-169.0615750000000,-14.2145081666667,0 
-169.0615728333333,-14.2145033333333,0 
-169.0615926666667,-14.2145276666667,0 
-169.0615590000000,-14.2144808333333,0 
-169.0615966666667,-14.2145105000000,0 
-169.0615566666667,-14.2145015000000,0 
-169.0616103333333,-14.2145133333333,0 
-169.0615591666667,-14.2145155000000,0 
-169.0615950000000,-14.2145191666667,0 
-169.0615745000000,-14.2145320000000,0 
-169.0615886666667,-14.2144961666667,0 
-169.0615623333333,-14.2144991666667,0 
-169.0615821666667,-14.2145021666667,0 
-169.0615808333333,-14.2145243333333,0 
-169.0615711666667,-14.2144943333333,0 
-169.0615578333333,-14.2145141666667,0 
-169.0615858333333,-14.2145050000000,0 
-169.0615665000000,-14.2144926666667,0 
-169.0615836666667,-14.2144988333333,0 
-169.0615935000000,-14.2145235000000,0 
-169.0615591666667,-14.2144963333333,0 
-169.0616123333333,-14.2145078333333,0 
-169.0615605000000,-14.2144898333333,0 
-169.0616373333333,-14.2145218333333,0 
-169.0615596666667,-14.2145323333333,0 
-169.0616158333333,-14.2145181666667,0 
-169.0615685000000,-14.2145415000000,0 
-169.0615856666667,-14.2145421666667,0 
-169.0615846666667,-14.2145341666667,0 
-169.0616130000000,-14.2145270000000,0 
-169.0615706666667,-14.2145155000000,0 
-169.0615973333333,-14.2145141666667,0 
-169.0615725000000,-14.2145033333333,0 
-169.0615690000000,-14.2144958333333,0 
-169.0616131666667,-14.2145016666667,0 
-169.0615690000000,-14.2145001666667,0 
-169.0615848333333,-14.2144971666667,0 
-169.0615906666667,-14.2144863333333,0 
-169.0615885000000,-14.2144665000000,0 
-169.0616065000000,-14.2144851666667,0 
-169.0615865000000,-14.2144681666667,0 
-169.0616200000000,-14.2144926666667,0 
-169.0615811666667,-14.2144645000000,0 
-169.0615916666667,-14.2144875000000,0 
-169.0616045000000,-14.2144775000000,0 
-169.0615975000000,-14.2144836666667,0 
-169.0616078333333,-14.2144901666667,0 
-169.0615946666667,-14.2144805000000,0 
-169.0615951666667,-14.2144726666667,0 
-169.0616088333333,-14.2145091666667,0 
-169.0616055000000,-14.2144856666667,0 
-169.0616130000000,-14.2144988333333,0 
-169.0616291666667,-14.2145081666667,0 
-169.0616136666667,-14.2144788333333,0 
-169.0615898333333,-14.2144650000000,0 
-169.0615953333333,-14.2144900000000,0 
-169.0616105000000,-14.2144708333333,0 
-169.0615745000000,-14.2144620000000,0 
-169.0616358333333,-14.2144861666667,0 
-169.0616006666667,-14.2144720000000,0 
-169.0616096666667,-14.2144806666667,0 
-169.0615925000000,-14.2144826666667,0 
-169.0616118333333,-14.2144738333333,0 
-169.0616045000000,-14.2144708333333,0 
-169.0615830000000,-14.2144960000000,0 
-169.0616023333333,-14.2144905000000,0 
-169.0616035000000,-14.2144986666667,0 
-169.0616608333333,-14.2144950000000,0 
-169.0616241666667,-14.2145260000000,0 
-169.0616678333333,-14.2145170000000,0 
-169.0616181666667,-14.2145403333333,0 
-169.0616443333333,-14.2145270000000,0 
-169.0616328333333,-14.2145500000000,0 
-169.0616605000000,-14.2145463333333,0 
-169.0616295000000,-14.2145168333333,0 
-169.0616635000000,-14.2145470000000,0 
-169.0616300000000,-14.2145403333333,0 
-169.0616688333333,-14.2145526666667,0 
-169.0616196666667,-14.2145553333333,0 
-169.0616630000000,-14.2145600000000,0 
-169.0616306666667,-14.2145306666667,0 
-169.0616653333333,-14.2145423333333,0 
-169.0616705000000,-14.2145405000000,0 
-169.0616658333333,-14.2145310000000,0 
-169.0616855000000,-14.2145270000000,0 
-169.0616365000000,-14.2144986666667,0 
-169.0616651666667,-14.2145118333333,0 
-169.0616565000000,-14.2145055000000,0 
-169.0616630000000,-14.2145076666667,0 
-169.0616741666667,-14.2145125000000,0 
-169.0616635000000,-14.2145071666667,0 
-169.0616758333333,-14.2145141666667,0 
-169.0616820000000,-14.2145385000000,0 
-169.0616620000000,-14.2145008333333,0 
-169.0616653333333,-14.2145125000000,0 
-169.0616765000000,-14.2145328333333,0 
-169.0616770000000,-14.2145193333333,0 
-169.0616766666667,-14.2145023333333,0 
-169.0616605000000,-14.2145120000000,0 
-169.0616696666667,-14.2144938333333,0 
-169.0616893333333,-14.2145103333333,0 
-169.0616866666667,-14.2145258333333,0 
-169.0616751666667,-14.2145046666667,0 
-169.0616831666667,-14.2145113333333,0 
-169.0616780000000,-14.2145125000000,0 
-169.0617091666667,-14.2145238333333,0 
-169.0616768333333,-14.2145106666667,0 
-169.0616780000000,-14.2145155000000,0 
-169.0616668333333,-14.2144870000000,0 
-169.0616705000000,-14.2145293333333,0 
-169.0616696666667,-14.2144888333333,0 
-169.0616501666667,-14.2145086666667,0 
-169.0616846666667,-14.2145218333333,0 
-169.0616920000000,-14.2145676666667,0 
-169.0616575000000,-14.2145703333333,0 
-169.0616425000000,-14.2145800000000,0 
-169.0616405000000,-14.2145796666667,0 
-169.0616695000000,-14.2145851666667,0 
-169.0616795000000,-14.2145826666667,0 
-169.0617205000000,-14.2145813333333,0 
-169.0616948333333,-14.2145485000000,0 
-169.0616970000000,-14.2145440000000,0 
-169.0617348333333,-14.2145650000000,0 
-169.0617101666667,-14.2145220000000,0 
-169.0616983333333,-14.2144930000000,0 
-169.0617293333333,-14.2145053333333,0 
-169.0617300000000,-14.2145523333333,0 
-169.0617191666667,-14.2145931666667,0 
-169.0616913333333,-14.2145903333333,0 
-169.0616913333333,-14.2145786666667,0 
-169.0616781666667,-14.2146078333333,0 
-169.0617140000000,-14.2146048333333,0 
-169.0617170000000,-14.2145875000000,0 
-169.0617680000000,-14.2146108333333,0 
-169.0617788333333,-14.2146035000000,0 
-169.0617561666667,-14.2145596666667,0 
-169.0617636666667,-14.2145730000000,0 
-169.0617355000000,-14.2146193333333,0 
-169.0617131666667,-14.2146566666667,0 
-169.0617080000000,-14.2146241666667,0 
-169.0616758333333,-14.2146625000000,0 
-169.0616725000000,-14.2146385000000,0 
-169.0616570000000,-14.2146538333333,0 
-169.0616863333333,-14.2146493333333,0 
-169.0616551666667,-14.2146668333333,0 
-169.0616468333333,-14.2146436666667,0 
-169.0616640000000,-14.2146800000000,0 
-169.0616766666667,-14.2146566666667,0 
-169.0616606666667,-14.2146630000000,0 
-169.0616625000000,-14.2146466666667,0 
-169.0616728333333,-14.2146491666667,0 
-169.0616853333333,-14.2146448333333,0 
-169.0616958333333,-14.2146588333333,0 
-169.0616986666667,-14.2146405000000,0 
-169.0617151666667,-14.2146271666667,0 
-169.0616871666667,-14.2146520000000,0 
-169.0617038333333,-14.2146346666667,0 
-169.0617146666667,-14.2146216666667,0 
-169.0617266666667,-14.2146366666667,0 
-169.0617058333333,-14.2146211666667,0 
-169.0617336666667,-14.2146480000000,0 
-169.0617143333333,-14.2146208333333,0 
-169.0617270000000,-14.2146343333333,0 
-169.0617218333333,-14.2146063333333,0 
-169.0617033333333,-14.2146078333333,0 
-169.0617243333333,-14.2146116666667,0 
-169.0617200000000,-14.2146040000000,0 
-169.0617218333333,-14.2145938333333,0 
-169.0617088333333,-14.2145828333333,0 
-169.0617381666667,-14.2146156666667,0 
-169.0617220000000,-14.2145946666667,0 
-169.0617438333333,-14.2145820000000,0 
-169.0616985000000,-14.2146085000000,0 
-169.0617430000000,-14.2145905000000,0 
-169.0617433333333,-14.2146153333333,0 
-169.0617083333333,-14.2145543333333,0 
-169.0617376666667,-14.2145688333333,0 
-169.0617100000000,-14.2145343333333,0 
-169.0617286666667,-14.2145383333333,0 
-169.0617096666667,-14.2145436666667,0 
-169.0617638333333,-14.2145363333333,0 
-169.0617021666667,-14.2145081666667,0 
-169.0617288333333,-14.2145361666667,0 
-169.0617320000000,-14.2145236666667,0 
-169.0617488333333,-14.2145211666667,0 
-169.0617021666667,-14.2145291666667,0 
-169.0617655000000,-14.2145118333333,0 
-169.0617190000000,-14.2145240000000,0 
-169.0617726666667,-14.2145345000000,0 
-169.0617135000000,-14.2145305000000,0 
-169.0617226666667,-14.2145423333333,0 
-169.0617346666667,-14.2145453333333,0 
-169.0617506666667,-14.2145451666667,0 
-169.0617230000000,-14.2145245000000,0 
-169.0617035000000,-14.2145351666667,0 
-169.0617208333333,-14.2145343333333,0 
-169.0617388333333,-14.2145405000000,0 
-169.0617293333333,-14.2145400000000,0 
-169.0617080000000,-14.2145275000000,0 
-169.0617450000000,-14.2145430000000,0 
-169.0617458333333,-14.2145461666667,0 
-169.0617061666667,-14.2145301666667,0 
-169.0617396666667,-14.2145441666667,0 
-169.0617096666667,-14.2145433333333,0 
-169.0617418333333,-14.2145300000000,0 
-169.0616958333333,-14.2145201666667,0 
-169.0617326666667,-14.2145158333333,0 
-169.0617036666667,-14.2144880000000,0 
-169.0617303333333,-14.2144890000000,0 
-169.0617546666667,-14.2145066666667,0 
-169.0617570000000,-14.2145006666667,0 
-169.0617735000000,-14.2145193333333,0 
-169.0617660000000,-14.2145101666667,0 
-169.0617618333333,-14.2145270000000,0 
-169.0618066666667,-14.2145330000000,0 
-169.0617958333333,-14.2145310000000,0 
-169.0618066666667,-14.2144791666667,0 
-169.0618233333333,-14.2145480000000,0 
-169.0618015000000,-14.2145596666667,0 
-169.0618276666667,-14.2145835000000,0 
-169.0618683333333,-14.2145515000000,0 
-169.0618511666667,-14.2145370000000,0 
-169.0618610000000,-14.2145318333333,0 
-169.0618526666667,-14.2145270000000,0 
-169.0618653333333,-14.2145405000000,0 
-169.0618661666667,-14.2145623333333,0 
-169.0618661666667,-14.2145486666667,0 
-169.0618126666667,-14.2145276666667,0 
-169.0618090000000,-14.2145256666667,0 
-169.0618320000000,-14.2145640000000,0 
-169.0618300000000,-14.2145265000000,0 
-169.0618440000000,-14.2145663333333,0 
-169.0618283333333,-14.2145268333333,0 
-169.0618295000000,-14.2145576666667,0 
-169.0618581666667,-14.2145340000000,0 
-169.0618445000000,-14.2145538333333,0 
-169.0618763333333,-14.2145275000000,0 
-169.0618558333333,-14.2145336666667,0 
-169.0618511666667,-14.2145620000000,0 
-169.0618810000000,-14.2145630000000,0 
-169.0618620000000,-14.2145900000000,0 
-169.0618316666667,-14.2146001666667,0 
-169.0618350000000,-14.2146135000000,0 
-169.0618478333333,-14.2145821666667,0 
-169.0618801666667,-14.2145878333333,0 
-169.0619021666667,-14.2145543333333,0 
-169.0618896666667,-14.2145270000000,0 
-169.0618816666667,-14.2144995000000,0 
-169.0618900000000,-14.2144968333333,0 
-169.0618776666667,-14.2145075000000,0 
-169.0618848333333,-14.2144871666667,0 
-169.0618658333333,-14.2145280000000,0 
-169.0619033333333,-14.2145343333333,0 
-169.0618733333333,-14.2145571666667,0 
-169.0619141666667,-14.2145276666667,0 
-169.0618876666667,-14.2145471666667,0 
-169.0619463333333,-14.2145223333333,0 
-169.0619170000000,-14.2145691666667,0 
-169.0619256666667,-14.2145240000000,0 
-169.0619133333333,-14.2145561666667,0 
-169.0619346666667,-14.2145668333333,0 
-169.0619460000000,-14.2145478333333,0 
-169.0619310000000,-14.2145741666667,0 
-169.0619526666667,-14.2145523333333,0 
-169.0619160000000,-14.2145833333333,0 
-169.0619286666667,-14.2145785000000,0 
-169.0619300000000,-14.2145946666667,0 
-169.0618838333333,-14.2145828333333,0 
-169.0618930000000,-14.2146178333333,0 
-169.0618716666667,-14.2145930000000,0 
-169.0618853333333,-14.2145795000000,0 
-169.0619121666667,-14.2145971666667,0 
-169.0619140000000,-14.2145851666667,0 
-169.0619116666667,-14.2145908333333,0 
-169.0618771666667,-14.2146066666667,0 
-169.0618875000000,-14.2145766666667,0 
-169.0618753333333,-14.2145740000000,0 
-169.0618843333333,-14.2145930000000,0 
-169.0618726666667,-14.2145960000000,0 
-169.0618838333333,-14.2145768333333,0 
-169.0618916666667,-14.2145971666667,0 
-169.0618785000000,-14.2146043333333,0 
-169.0618696666667,-14.2146130000000,0 
-169.0618920000000,-14.2146175000000,0 
-169.0618701666667,-14.2146135000000,0 
-169.0618930000000,-14.2146316666667,0 
-169.0619020000000,-14.2146166666667,0 
-169.0619143333333,-14.2145993333333,0 
-169.0618741666667,-14.2146301666667,0 
-169.0619230000000,-14.2146098333333,0 
-169.0618850000000,-14.2146315000000,0 
-169.0619181666667,-14.2146233333333,0 
-169.0618585000000,-14.2146231666667,0 
-169.0618825000000,-14.2146545000000,0 
-169.0618765000000,-14.2146685000000,0 
-169.0618658333333,-14.2146396666667,0 
-169.0618841666667,-14.2146496666667,0 
-169.0618773333333,-14.2146316666667,0 
-169.0618841666667,-14.2146370000000,0 
-169.0618838333333,-14.2146468333333,0 
-169.0618820000000,-14.2146361666667,0 
-169.0619043333333,-14.2146816666667,0 
-169.0619005000000,-14.2146790000000,0 
-169.0618476666667,-14.2146753333333,0 
-169.0618660000000,-14.2146945000000,0 
-169.0618446666667,-14.2146775000000,0 
-169.0618281666667,-14.2147011666667,0 
-169.0617881666667,-14.2146991666667,0 
-169.0618200000000,-14.2146910000000,0 
-169.0617863333333,-14.2146806666667,0 
-169.0617725000000,-14.2146625000000,0 
-169.0617840000000,-14.2146750000000,0 
-169.0617681666667,-14.2146735000000,0 
-169.0617870000000,-14.2146651666667,0 
-169.0617606666667,-14.2146790000000,0 
-169.0617873333333,-14.2146933333333,0 
-169.0617471666667,-14.2146520000000,0 
-169.0617893333333,-14.2146956666667,0 
-169.0617390000000,-14.2146645000000,0 
-169.0617795000000,-14.2146776666667,0 
-169.0617601666667,-14.2146773333333,0 
-169.0617506666667,-14.2146693333333,0 
-169.0617486666667,-14.2146613333333,0 
-169.0617421666667,-14.2146743333333,0 
-169.0617528333333,-14.2146501666667,0 
-169.0617663333333,-14.2146681666667,0 
-169.0617550000000,-14.2146826666667,0 
-169.0617561666667,-14.2146673333333,0 
-169.0617523333333,-14.2146735000000,0 
-169.0617693333333,-14.2146750000000,0 
-169.0617560000000,-14.2146845000000,0 
-169.0617350000000,-14.2146996666667,0 
-169.0618123333333,-14.2147303333333,0 
-169.0617700000000,-14.2147126666667,0 
-169.0618300000000,-14.2147430000000,0 
-169.0618131666667,-14.2147241666667,0 
-169.0618355000000,-14.2147441666667,0 
-169.0618205000000,-14.2147211666667,0 
-169.0618260000000,-14.2147535000000,0 
-169.0618870000000,-14.2147263333333,0 
-169.0618435000000,-14.2147266666667,0 
-169.0618606666667,-14.2147503333333,0 
-169.0618740000000,-14.2147443333333,0 
-169.0619078333333,-14.2147336666667,0 
-169.0619355000000,-14.2147093333333,0 
-169.0619193333333,-14.2146981666667,0 
-169.0619221666667,-14.2146993333333,0 
-169.0619516666667,-14.2147016666667,0 
-169.0619416666667,-14.2147173333333,0 
-169.0619430000000,-14.2147190000000,0 
-169.0619183333333,-14.2147046666667,0 
-169.0619918333333,-14.2146843333333,0 
-169.0619588333333,-14.2147095000000,0 
-169.0619590000000,-14.2146820000000,0 
-169.0619635000000,-14.2146661666667,0 
-169.0619275000000,-14.2146246666667,0 
-169.0619175000000,-14.2146276666667,0 
-169.0619366666667,-14.2146301666667,0 
-169.0619441666667,-14.2146201666667,0 
-169.0619598333333,-14.2146150000000,0 
-169.0619758333333,-14.2146378333333,0 
-169.0619700000000,-14.2146326666667,0 
-169.0619776666667,-14.2146416666667,0 
-169.0619831666667,-14.2146051666667,0 
-169.0619538333333,-14.2146030000000,0 
-169.0619578333333,-14.2145763333333,0 
-169.0620011666667,-14.2145901666667,0 
-169.0619715000000,-14.2145973333333,0 
-169.0620068333333,-14.2146215000000,0 
-169.0619988333333,-14.2146420000000,0 
-169.0620281666667,-14.2146580000000,0 
-169.0620025000000,-14.2146543333333,0 
-169.0620288333333,-14.2146513333333,0 
-169.0620035000000,-14.2146545000000,0 
-169.0620033333333,-14.2146916666667,0 
-169.0620036666667,-14.2146836666667,0 
-169.0620090000000,-14.2146701666667,0 
-169.0620028333333,-14.2146740000000,0 
-169.0620491666667,-14.2146885000000,0 
-169.0619930000000,-14.2146693333333,0 
-169.0620371666667,-14.2146988333333,0 
-169.0619931666667,-14.2146833333333,0 
-169.0620136666667,-14.2146861666667,0 
-169.0620130000000,-14.2147018333333,0 
-169.0620268333333,-14.2147013333333,0 
-169.0620048333333,-14.2146725000000,0 
-169.0620280000000,-14.2147100000000,0 
-169.0620098333333,-14.2146730000000,0 
-169.0620183333333,-14.2147096666667,0 
-169.0620596666667,-14.2147000000000,0 
-169.0620040000000,-14.2147160000000,0 
-169.0620260000000,-14.2147080000000,0 
-169.0620218333333,-14.2147023333333,0 
-169.0620320000000,-14.2147016666667,0 
-169.0620411666667,-14.2147256666667,0 
-169.0620446666667,-14.2147103333333,0 
-169.0620315000000,-14.2146818333333,0 
-169.0620221666667,-14.2146896666667,0 
-169.0620328333333,-14.2147081666667,0 
-169.0620125000000,-14.2147078333333,0 
-169.0620215000000,-14.2147218333333,0 
-169.0620363333333,-14.2147233333333,0 
-169.0620178333333,-14.2147235000000,0 
-169.0620280000000,-14.2147263333333,0 
-169.0620140000000,-14.2147500000000,0 
-169.0620370000000,-14.2147350000000,0 
-169.0619981666667,-14.2147438333333,0 
-169.0620303333333,-14.2147441666667,0 
-169.0620051666667,-14.2147291666667,0 
-169.0620176666667,-14.2147463333333,0 
-169.0620103333333,-14.2147140000000,0 
-169.0620140000000,-14.2146870000000,0 
-169.0620088333333,-14.2146948333333,0 
-169.0620116666667,-14.2147026666667,0 
-169.0620028333333,-14.2147403333333,0 
-169.0620196666667,-14.2147471666667,0 
-169.0619886666667,-14.2147565000000,0 
-169.0619911666667,-14.2147680000000,0 
-169.0619886666667,-14.2147948333333,0 
-169.0619618333333,-14.2148296666667,0 
-169.0619238333333,-14.2148076666667,0 
-169.0619066666667,-14.2147966666667,0 
-169.0619455000000,-14.2148116666667,0 
-169.0619708333333,-14.2147773333333,0 
-169.0619995000000,-14.2147558333333,0 
-169.0620273333333,-14.2147921666667,0 
-169.0619976666667,-14.2147848333333,0 
-169.0619673333333,-14.2148116666667,0 
-169.0619456666667,-14.2147991666667,0 
-169.0620476666667,-14.2147840000000,0 
-169.0620013333333,-14.2147526666667,0 
-169.0620576666667,-14.2147140000000,0 
-169.0620050000000,-14.2147121666667,0 
-169.0620393333333,-14.2147121666667,0 
-169.0620150000000,-14.2147078333333,0 
-169.0620118333333,-14.2147150000000,0 
-169.0620296666667,-14.2147163333333,0 
-169.0619970000000,-14.2146811666667,0 
-169.0619901666667,-14.2146691666667,0 
-169.0619511666667,-14.2146745000000,0 
-169.0620195000000,-14.2146863333333,0 
-169.0619706666667,-14.2146305000000,0 
-169.0619610000000,-14.2146376666667,0 
-169.0619886666667,-14.2146378333333,0 
-169.0619816666667,-14.2146110000000,0 
-169.0619595000000,-14.2146060000000,0 
-169.0619613333333,-14.2146006666667,0 
-169.0619871666667,-14.2146108333333,0 
-169.0619751666667,-14.2146176666667,0 
-169.0620386666667,-14.2146048333333,0 
-169.0619641666667,-14.2145851666667,0 
-169.0619778333333,-14.2145695000000,0 
-169.0619948333333,-14.2145963333333,0 
-169.0619986666667,-14.2145956666667,0 
-169.0619795000000,-14.2145530000000,0 
-169.0620098333333,-14.2145876666667,0 
-169.0619873333333,-14.2145751666667,0 
-169.0619926666667,-14.2145468333333,0 
-169.0620231666667,-14.2145976666667,0 
-169.0620470000000,-14.2146183333333,0 
-169.0620128333333,-14.2146120000000,0 
-169.0620298333333,-14.2146618333333,0 
-169.0620338333333,-14.2146506666667,0 
-169.0619968333333,-14.2146565000000,0 
-169.0620505000000,-14.2146670000000,0 
-169.0620163333333,-14.2146548333333,0 
-169.0620383333333,-14.2147018333333,0 
-169.0620353333333,-14.2146940000000,0 
-169.0620203333333,-14.2147005000000,0 
-169.0620150000000,-14.2147038333333,0 
-169.0620425000000,-14.2147235000000,0 
-169.0620523333333,-14.2147543333333,0 
-169.0620293333333,-14.2147398333333,0 
-169.0620335000000,-14.2147731666667,0 
-169.0620651666667,-14.2147681666667,0 
-169.0620665000000,-14.2147693333333,0 
-169.0620553333333,-14.2147726666667,0 
-169.0620693333333,-14.2147623333333,0 
-169.0620830000000,-14.2147786666667,0 
-169.0621006666667,-14.2147785000000,0 
-169.0621203333333,-14.2147448333333,0 
-169.0621135000000,-14.2147650000000,0 
-169.0621295000000,-14.2147471666667,0 
-169.0621201666667,-14.2147090000000,0 
-169.0621170000000,-14.2146975000000,0 
-169.0621006666667,-14.2147090000000,0 
-169.0621471666667,-14.2147308333333,0 
-169.0621378333333,-14.2147050000000,0 
-169.0621123333333,-14.2147191666667,0 
-169.0621815000000,-14.2147295000000,0 
-169.0621383333333,-14.2147421666667,0 
-169.0621646666667,-14.2147805000000,0 
-169.0621235000000,-14.2147735000000,0 
-169.0621545000000,-14.2147885000000,0 
-169.0621400000000,-14.2147510000000,0 
-169.0621848333333,-14.2147391666667,0 
-169.0621670000000,-14.2147436666667,0 
-169.0621723333333,-14.2147681666667,0 
-169.0621798333333,-14.2147666666667,0 
-169.0621768333333,-14.2147820000000,0 
-169.0621723333333,-14.2147145000000,0 
-169.0621743333333,-14.2147088333333,0 
-169.0621760000000,-14.2147065000000,0 
-169.0621723333333,-14.2146858333333,0 
-169.0621723333333,-14.2146923333333,0 
-169.0621771666667,-14.2146746666667,0 
-169.0621973333333,-14.2146963333333,0 
-169.0622135000000,-14.2147560000000,0 
-169.0622070000000,-14.2147686666667,0 
-169.0621441666667,-14.2147900000000,0 
-169.0621653333333,-14.2147898333333,0 
-169.0621083333333,-14.2147866666667,0 
-169.0621203333333,-14.2148101666667,0 
-169.0621215000000,-14.2147901666667,0 
-169.0620728333333,-14.2147938333333,0 
-169.0620963333333,-14.2148146666667,0 
-169.0620530000000,-14.2148118333333,0 
-169.0620915000000,-14.2148361666667,0 
-169.0620271666667,-14.2147916666667,0 
-169.0620521666667,-14.2148491666667,0 
-169.0620398333333,-14.2148675000000,0 
-169.0620335000000,-14.2148635000000,0 
-169.0620083333333,-14.2148618333333,0 
-169.0619981666667,-14.2148648333333,0 
-169.0619855000000,-14.2148893333333,0 
-169.0619633333333,-14.2148550000000,0 
-169.0619426666667,-14.2148636666667,0 
-169.0619801666667,-14.2148973333333,0 
-169.0620356666667,-14.2148906666667,0 
-169.0620186666667,-14.2148665000000,0 
-169.0619920000000,-14.2148863333333,0 
-169.0619951666667,-14.2148933333333,0 
-169.0620380000000,-14.2148916666667,0 
-169.0620566666667,-14.2148768333333,0 
-169.0620435000000,-14.2148266666667,0 
-169.0620938333333,-14.2148305000000,0 
-169.0620435000000,-14.2147876666667,0 
-169.0620835000000,-14.2147860000000,0 
-169.0620318333333,-14.2147815000000,0 
-169.0621011666667,-14.2147745000000,0 
-169.0620580000000,-14.2147440000000,0 
-169.0621190000000,-14.2147668333333,0 
-169.0620480000000,-14.2147581666667,0 
-169.0621178333333,-14.2147855000000,0 
-169.0620666666667,-14.2147486666667,0 
-169.0621303333333,-14.2147430000000,0 
-169.0620941666667,-14.2147396666667,0 
-169.0621405000000,-14.2147713333333,0 
-169.0621191666667,-14.2147261666667,0 
-169.0621310000000,-14.2147611666667,0 
-169.0621361666667,-14.2147506666667,0 
-169.0621853333333,-14.2147518333333,0 
-169.0621673333333,-14.2147361666667,0 
-169.0621770000000,-14.2147300000000,0 
-169.0621731666667,-14.2146990000000,0 
-169.0621918333333,-14.2146845000000,0 
-169.0621835000000,-14.2146621666667,0 
-169.0621990000000,-14.2146973333333,0 
-169.0622305000000,-14.2147393333333,0 
-169.0622036666667,-14.2147303333333,0 
-169.0621963333333,-14.2147693333333,0 
-169.0621885000000,-14.2147735000000,0 
-169.0621513333333,-14.2147771666667,0 
-169.0621863333333,-14.2147773333333,0 
-169.0621585000000,-14.2147865000000,0 
-169.0621666666667,-14.2147776666667,0 
-169.0621511666667,-14.2147988333333,0 
-169.0621998333333,-14.2147895000000,0 
-169.0621823333333,-14.2147711666667,0 
-169.0622396666667,-14.2147975000000,0 
-169.0622061666667,-14.2147756666667,0 
-169.0622371666667,-14.2147855000000,0 
-169.0621831666667,-14.2147861666667,0 
-169.0622093333333,-14.2148173333333,0 
-169.0621823333333,-14.2147815000000,0 
-169.0621821666667,-14.2148061666667,0 
-169.0621990000000,-14.2148021666667,0 
-169.0622286666667,-14.2148095000000,0 
-169.0622373333333,-14.2148055000000,0 
-169.0622565000000,-14.2147861666667,0 
-169.0622508333333,-14.2147678333333,0 
-169.0622616666667,-14.2147690000000,0 
-169.0622480000000,-14.2147470000000,0 
-169.0622395000000,-14.2147478333333,0 
-169.0622531666667,-14.2147258333333,0 
-169.0622596666667,-14.2147541666667,0 
-169.0622440000000,-14.2147443333333,0 
-169.0622613333333,-14.2147600000000,0 
-169.0622541666667,-14.2147545000000,0 
-169.0622513333333,-14.2148185000000,0 
-169.0621823333333,-14.2148450000000,0 
-169.0622075000000,-14.2148511666667,0 
-169.0621813333333,-14.2148610000000,0 
-169.0621778333333,-14.2148663333333,0 
-169.0621728333333,-14.2148403333333,0 
-169.0621813333333,-14.2148848333333,0 
-169.0621473333333,-14.2148658333333,0 
-169.0621518333333,-14.2148710000000,0 
-169.0621648333333,-14.2148953333333,0 
-169.0621608333333,-14.2148885000000,0 
-169.0621400000000,-14.2148551666667,0 
-169.0621720000000,-14.2149033333333,0 
-169.0621901666667,-14.2148933333333,0 
-169.0621623333333,-14.2148805000000,0 
-169.0621911666667,-14.2149015000000,0 
-169.0621768333333,-14.2148948333333,0 
-169.0621556666667,-14.2149005000000,0 
-169.0621925000000,-14.2148973333333,0 
-169.0621463333333,-14.2149048333333,0 
-169.0621626666667,-14.2149046666667,0 
-169.0621296666667,-14.2148956666667,0 
-169.0621801666667,-14.2148886666667,0 
-169.0621618333333,-14.2149158333333,0 
-169.0621518333333,-14.2148940000000,0 
-169.0621401666667,-14.2148915000000,0 
-169.0621741666667,-14.2149028333333,0 
-169.0621395000000,-14.2148998333333,0 
-169.0621708333333,-14.2149051666667,0 
-169.0621615000000,-14.2149156666667,0 
-169.0621605000000,-14.2149028333333,0 
-169.0621376666667,-14.2148958333333,0 
-169.0621871666667,-14.2149210000000,0 
-169.0621770000000,-14.2149248333333,0 
-169.0621840000000,-14.2149073333333,0 
-169.0621913333333,-14.2149403333333,0 
-169.0621778333333,-14.2149106666667,0 
-169.0621788333333,-14.2149143333333,0 
-169.0621763333333,-14.2149321666667,0 
-169.0621648333333,-14.2149195000000,0 
-169.0622018333333,-14.2149255000000,0 
-169.0621930000000,-14.2149126666667,0 
-169.0622238333333,-14.2149388333333,0 
-169.0622023333333,-14.2149130000000,0 
-169.0621860000000,-14.2149255000000,0 
-169.0621938333333,-14.2149183333333,0 
-169.0621841666667,-14.2149013333333,0 
-169.0622095000000,-14.2149388333333,0 
-169.0622155000000,-14.2149223333333,0 
-169.0621905000000,-14.2149276666667,0 
-169.0622053333333,-14.2149240000000,0 
-169.0621741666667,-14.2149136666667,0 
-169.0622108333333,-14.2149035000000,0 
-169.0622083333333,-14.2149406666667,0 
-169.0622203333333,-14.2149261666667,0 
-169.0622051666667,-14.2149351666667,0 
-169.0622256666667,-14.2149151666667,0 
-169.0621736666667,-14.2149065000000,0 
-169.0621873333333,-14.2149203333333,0 
-169.0621868333333,-14.2148915000000,0 
-169.0622148333333,-14.2149341666667,0 
-169.0621908333333,-14.2148960000000,0 
-169.0621971666667,-14.2149466666667,0 
-169.0621745000000,-14.2148876666667,0 
-169.0621631666667,-14.2149141666667,0 
-169.0621613333333,-14.2149020000000,0 
-169.0621716666667,-14.2149080000000,0 
-169.0621811666667,-14.2148915000000,0 
-169.0621795000000,-14.2149338333333,0 
-169.0621840000000,-14.2149115000000,0 
-169.0622038333333,-14.2149165000000,0 
-169.0621656666667,-14.2148888333333,0 
-169.0621970000000,-14.2149226666667,0 
-169.0621591666667,-14.2148708333333,0 
-169.0621681666667,-14.2149096666667,0 
-169.0621565000000,-14.2149025000000,0 
-169.0621456666667,-14.2148963333333,0 
-169.0621651666667,-14.2149198333333,0 
-169.0621400000000,-14.2148856666667,0 
-169.0621378333333,-14.2149045000000,0 
-169.0621701666667,-14.2149190000000,0 
-169.0621446666667,-14.2148910000000,0 
-169.0621516666667,-14.2148896666667,0 
-169.0621331666667,-14.2149076666667,0 
-169.0621236666667,-14.2148878333333,0 
-169.0621371666667,-14.2149033333333,0 
-169.0621276666667,-14.2149145000000,0 
-169.0621510000000,-14.2149106666667,0 
-169.0621036666667,-14.2148725000000,0 
-169.0620975000000,-14.2148985000000,0 
-169.0621195000000,-14.2148975000000,0 
-169.0621166666667,-14.2149186666667,0 
-169.0621051666667,-14.2149236666667,0 
-169.0621090000000,-14.2149188333333,0 
-169.0621280000000,-14.2149348333333,0 
-169.0621246666667,-14.2149441666667,0 
-169.0621460000000,-14.2149346666667,0 
-169.0621393333333,-14.2149646666667,0 
-169.0621165000000,-14.2149241666667,0 
-169.0621218333333,-14.2149551666667,0 
-169.0621183333333,-14.2149406666667,0 
-169.0621135000000,-14.2149496666667,0 
-169.0621586666667,-14.2149675000000,0 
-169.0621013333333,-14.2149536666667,0 
-169.0621461666667,-14.2149576666667,0 
-169.0620990000000,-14.2149566666667,0 
-169.0621103333333,-14.2149695000000,0 
-169.0620833333333,-14.2149563333333,0 
-169.0620953333333,-14.2149673333333,0 
-169.0620711666667,-14.2149475000000,0 
-169.0620663333333,-14.2149781666667,0 
-169.0620596666667,-14.2149775000000,0 
-169.0620465000000,-14.2149843333333,0 
-169.0620688333333,-14.2149778333333,0 
-169.0620571666667,-14.2149830000000,0 
-169.0620240000000,-14.2149621666667,0 
-169.0620305000000,-14.2149621666667,0 
-169.0620498333333,-14.2149615000000,0 
-169.0620308333333,-14.2149320000000,0 
-169.0620283333333,-14.2149275000000,0 
-169.0620230000000,-14.2149256666667,0 
-169.0620160000000,-14.2149203333333,0 
-169.0620521666667,-14.2149311666667,0 
-169.0620163333333,-14.2149690000000,0 
-169.0620488333333,-14.2149743333333,0 
-169.0620530000000,-14.2149875000000,0 
-169.0620275000000,-14.2149545000000,0 
-169.0620306666667,-14.2149711666667,0 
-169.0620231666667,-14.2149475000000,0 
-169.0620458333333,-14.2149683333333,0 
-169.0620308333333,-14.2149276666667,0 
-169.0620281666667,-14.2149215000000,0 
-169.0620305000000,-14.2149118333333,0 
-169.0620188333333,-14.2149060000000,0 
-169.0620188333333,-14.2149131666667,0 
-169.0620275000000,-14.2149263333333,0 
-169.0620115000000,-14.2148845000000,0 
-169.0620035000000,-14.2148930000000,0 
-169.0620030000000,-14.2149055000000,0 
-169.0620376666667,-14.2148911666667,0 
-169.0620063333333,-14.2148868333333,0 
-169.0620101666667,-14.2148863333333,0 
-169.0620228333333,-14.2148921666667,0 
-169.0620115000000,-14.2148780000000,0 
-169.0620215000000,-14.2148928333333,0 
-169.0620268333333,-14.2148966666667,0 
-169.0620231666667,-14.2148918333333,0 
-169.0620426666667,-14.2148930000000,0 
-169.0620060000000,-14.2148938333333,0 
-169.0620213333333,-14.2148700000000,0 
-169.0620158333333,-14.2148950000000,0 
-169.0620183333333,-14.2148988333333,0 
-169.0620208333333,-14.2149010000000,0 
-169.0620055000000,-14.2148920000000,0 
-169.0620068333333,-14.2148950000000,0 
-169.0619996666667,-14.2148828333333,0 
-169.0620176666667,-14.2149020000000,0 
-169.0620175000000,-14.2148798333333,0 
-169.0619931666667,-14.2148808333333,0 
-169.0620066666667,-14.2148750000000,0 
-169.0620128333333,-14.2148928333333,0 
-169.0619878333333,-14.2148715000000,0 
-169.0619871666667,-14.2148666666667,0 
-169.0619985000000,-14.2148725000000,0 
-169.0620166666667,-14.2148723333333,0 
-169.0619991666667,-14.2148716666667,0 
-169.0619938333333,-14.2148748333333,0 
-169.0619998333333,-14.2148870000000,0 
-169.0619768333333,-14.2148943333333,0 
-169.0619708333333,-14.2148808333333,0 
-169.0619685000000,-14.2148736666667,0 
-169.0619625000000,-14.2148908333333,0 
-169.0619511666667,-14.2148613333333,0 
-169.0619480000000,-14.2148751666667,0 
-169.0619550000000,-14.2148861666667,0 
-169.0619380000000,-14.2148848333333,0 
-169.0619096666667,-14.2148700000000,0 
-169.0619196666667,-14.2148846666667,0 
-169.0619210000000,-14.2148736666667,0 
-169.0619045000000,-14.2148776666667,0 
-169.0619130000000,-14.2148828333333,0 
-169.0619141666667,-14.2148635000000,0 
-169.0619013333333,-14.2148716666667,0 
-169.0619108333333,-14.2148690000000,0 
-169.0618971666667,-14.2148653333333,0 
-169.0618875000000,-14.2148566666667,0 
-169.0619131666667,-14.2148656666667,0 
-169.0618975000000,-14.2148603333333,0 
-169.0618663333333,-14.2148463333333,0 
-169.0618960000000,-14.2148503333333,0 
-169.0618886666667,-14.2148463333333,0 
-169.0618886666667,-14.2148541666667,0 
-169.0618845000000,-14.2148441666667,0 
-169.0618748333333,-14.2148346666667,0 
-169.0618841666667,-14.2148536666667,0 
-169.0618843333333,-14.2148420000000,0 
-169.0618851666667,-14.2148676666667,0 
-169.0618673333333,-14.2148393333333,0 
-169.0618855000000,-14.2148578333333,0 
-169.0618511666667,-14.2148223333333,0 
-169.0618745000000,-14.2148520000000,0 
-169.0618743333333,-14.2148478333333,0 
-169.0618736666667,-14.2148438333333,0 
-169.0618658333333,-14.2148380000000,0 
-169.0618808333333,-14.2148635000000,0 
-169.0618573333333,-14.2148486666667,0 
-169.0618610000000,-14.2148508333333,0 
-169.0618526666667,-14.2148530000000,0 
-169.0618515000000,-14.2148483333333,0 
-169.0618658333333,-14.2148650000000,0 
-169.0618448333333,-14.2148505000000,0 
-169.0618755000000,-14.2148648333333,0 
-169.0618363333333,-14.2148365000000,0 
-169.0618603333333,-14.2148523333333,0 
-169.0618588333333,-14.2148376666667,0 
-169.0618675000000,-14.2148473333333,0 
-169.0618546666667,-14.2148436666667,0 
-169.0618613333333,-14.2148475000000,0 
-169.0618578333333,-14.2148470000000,0 
-169.0618565000000,-14.2148383333333,0 
-169.0618558333333,-14.2148343333333,0 
-169.0618665000000,-14.2148341666667,0 
-169.0618581666667,-14.2148206666667,0 
-169.0618785000000,-14.2148316666667,0 
-169.0618655000000,-14.2148231666667,0 
-169.0618803333333,-14.2148220000000,0 
-169.0618666666667,-14.2148240000000,0 
-169.0618710000000,-14.2148103333333,0 
-169.0618571666667,-14.2148095000000,0 
-169.0618788333333,-14.2148251666667,0 
-169.0618696666667,-14.2148208333333,0 
-169.0618761666667,-14.2148198333333,0 
-169.0618681666667,-14.2148115000000,0 
-169.0618615000000,-14.2148095000000,0 
-169.0618528333333,-14.2148038333333,0 
-169.0618763333333,-14.2148251666667,0 
-169.0618460000000,-14.2148025000000,0 
-169.0618686666667,-14.2148095000000,0 
-169.0618460000000,-14.2148048333333,0 
-169.0618641666667,-14.2148106666667,0 
-169.0618840000000,-14.2148216666667,0 
-169.0618411666667,-14.2147990000000,0 
-169.0618705000000,-14.2148068333333,0 
-169.0618878333333,-14.2148170000000,0 
-169.0618611666667,-14.2147861666667,0 
-169.0618930000000,-14.2147993333333,0 
-169.0618696666667,-14.2147881666667,0 
-169.0618900000000,-14.2148041666667,0 
-169.0618713333333,-14.2147945000000,0 
-169.0618716666667,-14.2147911666667,0 
-169.0618828333333,-14.2148068333333,0 
-169.0618836666667,-14.2147965000000,0 
-169.0618773333333,-14.2147920000000,0 
-169.0618811666667,-14.2148065000000,0 
-169.0618770000000,-14.2147930000000,0 
-169.0618785000000,-14.2147955000000,0 
-169.0618748333333,-14.2148063333333,0 
-169.0618955000000,-14.2148205000000,0 
-169.0618668333333,-14.2147976666667,0 
-169.0618893333333,-14.2148238333333,0 
-169.0618586666667,-14.2148005000000,0 
-169.0618901666667,-14.2148256666667,0 
-169.0618878333333,-14.2148115000000,0 
-169.0618861666667,-14.2148390000000,0 
-169.0618606666667,-14.2148251666667,0 
-169.0618536666667,-14.2148558333333,0 
-169.0618381666667,-14.2148448333333,0 
-169.0618258333333,-14.2148773333333,0 
-169.0618438333333,-14.2148765000000,0 
-169.0618383333333,-14.2149101666667,0 
-169.0618215000000,-14.2149068333333,0 
-169.0618278333333,-14.2149228333333,0 
-169.0618455000000,-14.2149261666667,0 
-169.0618430000000,-14.2149310000000,0 
-169.0618335000000,-14.2149366666667,0 
-169.0618383333333,-14.2149416666667,0 
-169.0618541666667,-14.2149546666667,0 
-169.0618345000000,-14.2149513333333,0 
-169.0618430000000,-14.2149591666667,0 
-169.0618645000000,-14.2149783333333,0 
-169.0618675000000,-14.2149890000000,0 
-169.0618456666667,-14.2149826666667,0 
-169.0618705000000,-14.2149850000000,0 
-169.0618693333333,-14.2150038333333,0 
-169.0618551666667,-14.2149866666667,0 
-169.0618933333333,-14.2150196666667,0 
-169.0618610000000,-14.2150021666667,0 
-169.0618783333333,-14.2150091666667,0 
-169.0618938333333,-14.2150230000000,0 
-169.0619050000000,-14.2150386666667,0 
-169.0618888333333,-14.2150186666667,0 
-169.0619336666667,-14.2150393333333,0 
-169.0618915000000,-14.2150318333333,0 
-169.0619350000000,-14.2150486666667,0 
-169.0619215000000,-14.2150506666667,0 
-169.0619165000000,-14.2150261666667,0 
-169.0618906666667,-14.2150205000000,0 
-169.0619365000000,-14.2150425000000,0 
-169.0619110000000,-14.2150351666667,0 
-169.0619070000000,-14.2150248333333,0 
-169.0619291666667,-14.2150365000000,0 
-169.0618961666667,-14.2150321666667,0 
-169.0619291666667,-14.2150566666667,0 
-169.0618990000000,-14.2150180000000,0 
-169.0619151666667,-14.2150140000000,0 
-169.0618903333333,-14.2150118333333,0 
-169.0618963333333,-14.2150371666667,0 
-169.0619106666667,-14.2150663333333,0 
-169.0619405000000,-14.2150595000000,0 
-169.0619080000000,-14.2150541666667,0 
-169.0618903333333,-14.2150335000000,0 
-169.0619340000000,-14.2150398333333,0 
-169.0618900000000,-14.2150215000000,0 
-169.0619368333333,-14.2150363333333,0 
-169.0619313333333,-14.2150501666667,0 
-169.0619388333333,-14.2150416666667,0 
-169.0619143333333,-14.2150356666667,0 
-169.0619218333333,-14.2150320000000,0 
-169.0619265000000,-14.2150443333333,0 
-169.0619096666667,-14.2150263333333,0 
-169.0619146666667,-14.2150173333333,0 
-169.0619273333333,-14.2150231666667,0 
-169.0619143333333,-14.2150118333333,0 
-169.0619453333333,-14.2150243333333,0 
-169.0619263333333,-14.2150123333333,0 
-169.0619558333333,-14.2150108333333,0 
-169.0619275000000,-14.2150133333333,0 
-169.0619603333333,-14.2150268333333,0 
-169.0619331666667,-14.2150096666667,0 
-169.0619935000000,-14.2149958333333,0 
-169.0619051666667,-14.2149798333333,0 
-169.0619703333333,-14.2150066666667,0 
-169.0619353333333,-14.2150008333333,0 
-169.0619730000000,-14.2150173333333,0 
-169.0619251666667,-14.2150041666667,0 
-169.0619741666667,-14.2149978333333,0 
-169.0619643333333,-14.2149783333333,0 
-169.0619583333333,-14.2149515000000,0 
-169.0619526666667,-14.2149756666667,0 
-169.0619860000000,-14.2149760000000,0 
-169.0619661666667,-14.2149526666667,0 
-169.0619926666667,-14.2149500000000,0 
-169.0619875000000,-14.2149420000000,0 
-169.0619795000000,-14.2149460000000,0 
-169.0619733333333,-14.2149340000000,0 
-169.0619785000000,-14.2149550000000,0 
-169.0619786666667,-14.2149401666667,0 
-169.0619596666667,-14.2149256666667,0 
-169.0619583333333,-14.2149435000000,0 
-169.0619656666667,-14.2149583333333,0 
-169.0619513333333,-14.2149398333333,0 
-169.0619570000000,-14.2149460000000,0 
-169.0619883333333,-14.2149386666667,0 
-169.0619316666667,-14.2149390000000,0 
-169.0619953333333,-14.2149618333333,0 
-169.0619365000000,-14.2149426666667,0 
-169.0619936666667,-14.2149495000000,0 
-169.0619308333333,-14.2149291666667,0 
-169.0620143333333,-14.2149453333333,0 
-169.0619226666667,-14.2149338333333,0 
-169.0619770000000,-14.2149548333333,0 
-169.0619415000000,-14.2149395000000,0 
-169.0619965000000,-14.2149408333333,0 
-169.0619253333333,-14.2149188333333,0 
-169.0619986666667,-14.2149453333333,0 
-169.0619463333333,-14.2149151666667,0 
-169.0620036666667,-14.2149395000000,0 
-169.0619643333333,-14.2149211666667,0 
-169.0620075000000,-14.2149396666667,0 
-169.0619633333333,-14.2149188333333,0 
-169.0619715000000,-14.2149290000000,0 
-169.0619748333333,-14.2149315000000,0 
-169.0619548333333,-14.2149280000000,0 
-169.0619520000000,-14.2149373333333,0 
-169.0619353333333,-14.2149143333333,0 
-169.0619480000000,-14.2149305000000,0 
-169.0619650000000,-14.2149243333333,0 
-169.0619820000000,-14.2149428333333,0 
-169.0619535000000,-14.2149090000000,0 
-169.0619566666667,-14.2149176666667,0 
-169.0619506666667,-14.2149116666667,0 
-169.0619731666667,-14.2149295000000,0 
-169.0619556666667,-14.2149378333333,0 
-169.0619598333333,-14.2149465000000,0 
-169.0619361666667,-14.2149410000000,0 
-169.0619158333333,-14.2149290000000,0 
-169.0619465000000,-14.2149366666667,0 
-169.0619253333333,-14.2149363333333,0 
-169.0619360000000,-14.2149558333333,0 
-169.0618911666667,-14.2149316666667,0 
-169.0619143333333,-14.2149381666667,0 
-169.0618896666667,-14.2149318333333,0 
-169.0619106666667,-14.2149455000000,0 
-169.0618911666667,-14.2149358333333,0 
-169.0619318333333,-14.2149468333333,0 
-169.0619095000000,-14.2149523333333,0 
-169.0618825000000,-14.2149410000000,0 
-169.0618885000000,-14.2149528333333,0 
-169.0619070000000,-14.2149626666667,0 
-169.0618601666667,-14.2149370000000,0 
-169.0618775000000,-14.2149391666667,0 
-169.0618628333333,-14.2149285000000,0 
-169.0618640000000,-14.2149435000000,0 
-169.0618685000000,-14.2149405000000,0 
-169.0618696666667,-14.2149503333333,0 
-169.0618526666667,-14.2149481666667,0 
-169.0618518333333,-14.2149515000000,0 
-169.0618448333333,-14.2149601666667,0 
-169.0618210000000,-14.2149493333333,0 
-169.0618185000000,-14.2149585000000,0 
-169.0618176666667,-14.2149625000000,0 
-169.0618158333333,-14.2149735000000,0 
-169.0617910000000,-14.2149795000000,0 
-169.0618011666667,-14.2149818333333,0 
-169.0617778333333,-14.2149813333333,0 
-169.0618158333333,-14.2149991666667,0 
-169.0617615000000,-14.2149888333333,0 
-169.0617731666667,-14.2150025000000,0 
-169.0617971666667,-14.2150143333333,0 
-169.0617735000000,-14.2150030000000,0 
-169.0617758333333,-14.2150100000000,0 
-169.0617693333333,-14.2150206666667,0 
-169.0617518333333,-14.2150265000000,0 
-169.0617973333333,-14.2150336666667,0 
-169.0617560000000,-14.2150360000000,0 
-169.0617656666667,-14.2150210000000,0 
-169.0617628333333,-14.2150508333333,0 
-169.0617641666667,-14.2150475000000,0 
-169.0617451666667,-14.2150453333333,0 
-169.0617471666667,-14.2150546666667,0 
-169.0617688333333,-14.2150431666667,0 
-169.0617861666667,-14.2150228333333,0 
-169.0617638333333,-14.2150200000000,0 
-169.0617881666667,-14.2150270000000,0 
-169.0617946666667,-14.2150251666667,0 
-169.0617793333333,-14.2150263333333,0 
-169.0617866666667,-14.2150380000000,0 
-169.0617643333333,-14.2150418333333,0 
-169.0617610000000,-14.2150303333333,0 
-169.0617566666667,-14.2150435000000,0 
-169.0617945000000,-14.2150676666667,0 
-169.0617630000000,-14.2150655000000,0 
-169.0617658333333,-14.2150715000000,0 
-169.0617701666667,-14.2150630000000,0 
-169.0617356666667,-14.2150225000000,0 
-169.0617706666667,-14.2150436666667,0 
-169.0617505000000,-14.2150258333333,0 
-169.0617786666667,-14.2150238333333,0 
-169.0617518333333,-14.2150133333333,0 
-169.0617591666667,-14.2150163333333,0 
-169.0617843333333,-14.2150198333333,0 
-169.0617575000000,-14.2150115000000,0 
-169.0617963333333,-14.2150353333333,0 
-169.0617835000000,-14.2150365000000,0 
-169.0617828333333,-14.2150430000000,0 
-169.0617843333333,-14.2150505000000,0 
-169.0617716666667,-14.2150505000000,0 
-169.0617918333333,-14.2150701666667,0 
-169.0617756666667,-14.2150538333333,0 
-169.0618281666667,-14.2150785000000,0 
-169.0617758333333,-14.2150680000000,0 
-169.0617933333333,-14.2150691666667,0 
-169.0617820000000,-14.2150661666667,0 
-169.0617678333333,-14.2150566666667,0 
-169.0617861666667,-14.2150658333333,0 
-169.0617976666667,-14.2150686666667,0 
-169.0617808333333,-14.2150576666667,0 
-169.0617870000000,-14.2150498333333,0 
-169.0618018333333,-14.2150658333333,0 
-169.0618063333333,-14.2150646666667,0 
-169.0617693333333,-14.2150431666667,0 
-169.0618055000000,-14.2150528333333,0 
-169.0617588333333,-14.2150411666667,0 
-169.0617891666667,-14.2150521666667,0 
-169.0617888333333,-14.2150681666667,0 
-169.0617983333333,-14.2150676666667,0 
-169.0617805000000,-14.2150503333333,0 
-169.0618035000000,-14.2150691666667,0 
-169.0617708333333,-14.2150521666667,0 
-169.0617803333333,-14.2150538333333,0 
-169.0617885000000,-14.2150505000000,0 
-169.0617678333333,-14.2150330000000,0 
-169.0617970000000,-14.2150295000000,0 
-169.0617933333333,-14.2150296666667,0 
-169.0618146666667,-14.2150371666667,0 
-169.0617933333333,-14.2150201666667,0 
-169.0618140000000,-14.2150318333333,0 
-169.0617910000000,-14.2150266666667,0 
-169.0617975000000,-14.2150283333333,0 
-169.0617970000000,-14.2150356666667,0 
-169.0617833333333,-14.2150218333333,0 
-169.0617743333333,-14.2150211666667,0 
-169.0618031666667,-14.2150368333333,0 
-169.0617873333333,-14.2150285000000,0 
-169.0617825000000,-14.2150305000000,0 
-169.0617803333333,-14.2150371666667,0 
-169.0617865000000,-14.2150500000000,0 
-169.0617746666667,-14.2150336666667,0 
-169.0618036666667,-14.2150518333333,0 
-169.0617946666667,-14.2150421666667,0 
-169.0617986666667,-14.2150313333333,0 
-169.0618098333333,-14.2150430000000,0 
-169.0617773333333,-14.2150138333333,0 
-169.0617833333333,-14.2150315000000,0 
-169.0617676666667,-14.2150320000000,0 
-169.0617830000000,-14.2150295000000,0 
-169.0617713333333,-14.2150273333333,0 
-169.0617981666667,-14.2150600000000,0 
-169.0617465000000,-14.2150373333333,0 
-169.0617983333333,-14.2150763333333,0 
-169.0617568333333,-14.2150908333333,0 
-169.0617330000000,-14.2150576666667,0 
-169.0617553333333,-14.2150871666667,0 
-169.0617460000000,-14.2150756666667,0 
-169.0617666666667,-14.2150928333333,0 
-169.0617431666667,-14.2150708333333,0 
-169.0617570000000,-14.2150816666667,0 
-169.0617388333333,-14.2150845000000,0 
-169.0617398333333,-14.2150868333333,0 
-169.0617470000000,-14.2151020000000,0 
-169.0617385000000,-14.2150953333333,0 
-169.0617230000000,-14.2151126666667,0 
-169.0617385000000,-14.2151045000000,0 
-169.0617173333333,-14.2150990000000,0 
-169.0617293333333,-14.2151048333333,0 
-169.0617263333333,-14.2151108333333,0 
-169.0617236666667,-14.2151116666667,0 
-169.0617696666667,-14.2151278333333,0 
-169.0617228333333,-14.2151135000000,0 
-169.0617451666667,-14.2151388333333,0 
-169.0617398333333,-14.2151346666667,0 
-169.0617440000000,-14.2151351666667,0 
-169.0617253333333,-14.2151306666667,0 
-169.0617381666667,-14.2151301666667,0 
-169.0617411666667,-14.2151508333333,0 
-169.0617573333333,-14.2151385000000,0 
-169.0617676666667,-14.2151041666667,0 
-169.0617305000000,-14.2151060000000,0 
-169.0617873333333,-14.2151163333333,0 
-169.0617353333333,-14.2151180000000,0 
-169.0617863333333,-14.2151405000000,0 
-169.0617411666667,-14.2150981666667,0 
-169.0617768333333,-14.2151488333333,0 
-169.0617630000000,-14.2151336666667,0 
-169.0617560000000,-14.2151330000000,0 
-169.0617568333333,-14.2151130000000,0 
-169.0617493333333,-14.2151055000000,0 
-169.0617591666667,-14.2151310000000,0 
-169.0617633333333,-14.2151225000000,0 
-169.0617825000000,-14.2151306666667,0 
-169.0617533333333,-14.2151091666667,0 
-169.0617961666667,-14.2151405000000,0 
-169.0617613333333,-14.2151370000000,0 
-169.0617523333333,-14.2151195000000,0 
-169.0617840000000,-14.2151786666667,0 
-169.0618005000000,-14.2151931666667,0 
-169.0617936666667,-14.2151713333333,0 
-169.0617793333333,-14.2151730000000,0 
-169.0617628333333,-14.2151883333333,0 
-169.0618000000000,-14.2152140000000,0 
-169.0617900000000,-14.2152346666667,0 
-169.0617945000000,-14.2152071666667,0 
-169.0617786666667,-14.2152043333333,0 
-169.0618063333333,-14.2152185000000,0 
-169.0617778333333,-14.2152016666667,0 
-169.0618188333333,-14.2152363333333,0 
-169.0617978333333,-14.2152188333333,0 
-169.0618106666667,-14.2151976666667,0 
-169.0617720000000,-14.2151765000000,0 
-169.0617740000000,-14.2151813333333,0 
-169.0617743333333,-14.2151890000000,0 
-169.0617466666667,-14.2151696666667,0 
-169.0617810000000,-14.2151891666667,0 
-169.0617536666667,-14.2151590000000,0 
-169.0617686666667,-14.2151710000000,0 
-169.0617533333333,-14.2151796666667,0 
-169.0617598333333,-14.2151555000000,0 
-169.0617538333333,-14.2151616666667,0 
-169.0617313333333,-14.2151580000000,0 
-169.0617338333333,-14.2151628333333,0 
-169.0617170000000,-14.2151461666667,0 
-169.0617130000000,-14.2151573333333,0 
-169.0617138333333,-14.2151588333333,0 
-169.0617213333333,-14.2151701666667,0 
-169.0617278333333,-14.2151726666667,0 
-169.0616988333333,-14.2151538333333,0 
-169.0617308333333,-14.2151676666667,0 
-169.0616906666667,-14.2151443333333,0 
-169.0617301666667,-14.2151770000000,0 
-169.0617111666667,-14.2151431666667,0 
-169.0616921666667,-14.2151393333333,0 
-169.0617426666667,-14.2151605000000,0 
-169.0617351666667,-14.2151663333333,0 
-169.0617263333333,-14.2151455000000,0 
-169.0617305000000,-14.2151343333333,0 
-169.0617051666667,-14.2151423333333,0 
-169.0617593333333,-14.2151556666667,0 
-169.0617001666667,-14.2151363333333,0 
-169.0617450000000,-14.2151463333333,0 
-169.0617368333333,-14.2151620000000,0 
-169.0617118333333,-14.2151501666667,0 
-169.0617251666667,-14.2151465000000,0 
-169.0617183333333,-14.2151543333333,0 
-169.0617325000000,-14.2151556666667,0 
-169.0617238333333,-14.2151575000000,0 
-169.0617240000000,-14.2151663333333,0 
-169.0617260000000,-14.2151553333333,0 
-169.0617370000000,-14.2151753333333,0 
-169.0617113333333,-14.2151523333333,0 
-169.0617148333333,-14.2151631666667,0 
-169.0617380000000,-14.2151623333333,0 
-169.0617345000000,-14.2151476666667,0 
-169.0617238333333,-14.2151580000000,0 
-169.0617141666667,-14.2151468333333,0 
-169.0617416666667,-14.2151596666667,0 
-169.0617331666667,-14.2151605000000,0 
-169.0617075000000,-14.2151538333333,0 
-169.0617325000000,-14.2151620000000,0 
-169.0617046666667,-14.2151518333333,0 
-169.0617161666667,-14.2151586666667,0 
-169.0617143333333,-14.2151641666667,0 
-169.0617260000000,-14.2151626666667,0 
-169.0616968333333,-14.2151550000000,0 
-169.0617105000000,-14.2151520000000,0 
-169.0616956666667,-14.2151485000000,0 
-169.0617118333333,-14.2151705000000,0 
-169.0616905000000,-14.2151745000000,0 
-169.0616863333333,-14.2151898333333,0 
-169.0616971666667,-14.2151986666667,0 
-169.0617005000000,-14.2152025000000,0 
-169.0616835000000,-14.2151911666667,0 
-169.0616543333333,-14.2151821666667,0 
-169.0616963333333,-14.2151935000000,0 
-169.0616713333333,-14.2151983333333,0 
-169.0617140000000,-14.2152005000000,0 
-169.0616601666667,-14.2151886666667,0 
-169.0617298333333,-14.2151936666667,0 
-169.0616643333333,-14.2151996666667,0 
-169.0616886666667,-14.2152026666667,0 
-169.0616700000000,-14.2152023333333,0 
-169.0616701666667,-14.2152056666667,0 
-169.0616840000000,-14.2152070000000,0 
-169.0616736666667,-14.2152066666667,0 
-169.0617071666667,-14.2152013333333,0 
-169.0616648333333,-14.2151986666667,0 
-169.0617108333333,-14.2152205000000,0 
-169.0616793333333,-14.2152200000000,0 
-169.0616943333333,-14.2152131666667,0 
-169.0617005000000,-14.2152153333333,0 
-169.0617026666667,-14.2151911666667,0 
-169.0617073333333,-14.2152033333333,0 
-169.0616756666667,-14.2151976666667,0 
-169.0617375000000,-14.2152281666667,0 
-169.0616793333333,-14.2152303333333,0 
-169.0616751666667,-14.2152243333333,0 
-169.0616658333333,-14.2152300000000,0 
-169.0616988333333,-14.2152576666667,0 
-169.0616805000000,-14.2152346666667,0 
-169.0616710000000,-14.2152451666667,0 
-169.0616645000000,-14.2152398333333,0 
-169.0616596666667,-14.2152365000000,0 
-169.0616598333333,-14.2152373333333,0 
-169.0616773333333,-14.2152356666667,0 
-169.0616655000000,-14.2152336666667,0 
-169.0616760000000,-14.2152301666667,0 
-169.0616761666667,-14.2152390000000,0 
-169.0616835000000,-14.2152536666667,0 
-169.0616800000000,-14.2152395000000,0 
-169.0616581666667,-14.2152445000000,0 
-169.0616733333333,-14.2152535000000,0 
-169.0616945000000,-14.2152673333333,0 
-169.0616768333333,-14.2152465000000,0 
-169.0616851666667,-14.2152350000000,0 
-169.0616975000000,-14.2152360000000,0 
-169.0616843333333,-14.2152355000000,0 
-169.0616943333333,-14.2152328333333,0 
-169.0616923333333,-14.2152360000000,0 
-169.0616858333333,-14.2152255000000,0 
-169.0616936666667,-14.2152281666667,0 
-169.0616993333333,-14.2152480000000,0 
-169.0617188333333,-14.2152500000000,0 
-169.0616973333333,-14.2152396666667,0 
-169.0616890000000,-14.2152248333333,0 
-169.0616801666667,-14.2152768333333,0 
-169.0616503333333,-14.2152735000000,0 
-169.0616555000000,-14.2152953333333,0 
-169.0616705000000,-14.2153215000000,0 
-169.0616350000000,-14.2153263333333,0 
-169.0616731666667,-14.2153575000000,0 
-169.0616346666667,-14.2153625000000,0 
-169.0616318333333,-14.2153788333333,0 
-169.0615990000000,-14.2153945000000,0 
-169.0616226666667,-14.2154181666667,0 
-169.0616105000000,-14.2154581666667,0 
-169.0615716666667,-14.2154468333333,0 
-169.0616138333333,-14.2155008333333,0 
-169.0616423333333,-14.2155103333333,0 
-169.0616563333333,-14.2155161666667,0 
-169.0616431666667,-14.2155326666667,0 
-169.0616556666667,-14.2155185000000,0 
-169.0616128333333,-14.2155026666667,0 
-169.0616520000000,-14.2155020000000,0 
-169.0616583333333,-14.2155025000000,0 
-169.0616533333333,-14.2154908333333,0 
-169.0617038333333,-14.2155165000000,0 
-169.0617045000000,-14.2154828333333,0 
-169.0617095000000,-14.2155058333333,0 
-169.0617126666667,-14.2154848333333,0 
-169.0617255000000,-14.2154795000000,0 
-169.0617523333333,-14.2154803333333,0 
-169.0617451666667,-14.2154598333333,0 
-169.0617408333333,-14.2154901666667,0 
-169.0617675000000,-14.2154441666667,0 
-169.0617045000000,-14.2154645000000,0 
-169.0617463333333,-14.2154691666667,0 
-169.0616988333333,-14.2154470000000,0 
-169.0617510000000,-14.2154718333333,0 
-169.0616826666667,-14.2154241666667,0 
-169.0617056666667,-14.2154710000000,0 
-169.0616913333333,-14.2154528333333,0 
-169.0617296666667,-14.2154660000000,0 
-169.0617191666667,-14.2154591666667,0 
-169.0617475000000,-14.2154766666667,0 
-169.0617301666667,-14.2154485000000,0 
-169.0617165000000,-14.2154498333333,0 
-169.0617540000000,-14.2154626666667,0 
-169.0617076666667,-14.2154445000000,0 
-169.0617438333333,-14.2154546666667,0 
-169.0617300000000,-14.2154556666667,0 
-169.0617033333333,-14.2154423333333,0 
-169.0617450000000,-14.2154655000000,0 
-169.0617068333333,-14.2154521666667,0 
-169.0617303333333,-14.2154656666667,0 
-169.0617038333333,-14.2154488333333,0 
-169.0617393333333,-14.2154555000000,0 
-169.0617388333333,-14.2154811666667,0 
-169.0617171666667,-14.2154671666667,0 
-169.0616945000000,-14.2154578333333,0 
-169.0617391666667,-14.2154731666667,0 
-169.0617063333333,-14.2154643333333,0 
-169.0617340000000,-14.2154426666667,0 
-169.0617171666667,-14.2154773333333,0 
-169.0617745000000,-14.2154358333333,0 
-169.0617133333333,-14.2154740000000,0 
-169.0617796666667,-14.2154900000000,0 
-169.0617578333333,-14.2154951666667,0 
-169.0617596666667,-14.2154786666667,0 
-169.0617681666667,-14.2154775000000,0 
-169.0617530000000,-14.2154515000000,0 
-169.0617668333333,-14.2154650000000,0 
-169.0617805000000,-14.2154725000000,0 
-169.0617805000000,-14.2154591666667,0 
-169.0617863333333,-14.2154575000000,0 
-169.0618071666667,-14.2154383333333,0 
-169.0617736666667,-14.2154306666667,0 
-169.0618136666667,-14.2154445000000,0 
-169.0618015000000,-14.2154263333333,0 
-169.0618181666667,-14.2154308333333,0 
-169.0618585000000,-14.2154300000000,0 
-169.0618236666667,-14.2154206666667,0 
-169.0618553333333,-14.2154591666667,0 
-169.0618286666667,-14.2153881666667,0 
-169.0618276666667,-14.2154543333333,0 
-169.0618300000000,-14.2154330000000,0 
-169.0618298333333,-14.2154721666667,0 
-169.0618148333333,-14.2154320000000,0 
-169.0618263333333,-14.2154526666667,0 
-169.0617870000000,-14.2154311666667,0 
-169.0618263333333,-14.2154410000000,0 
-169.0617710000000,-14.2154213333333,0 
-169.0618201666667,-14.2154525000000,0 
-169.0617895000000,-14.2154415000000,0 
-169.0618185000000,-14.2154145000000,0 
-169.0618200000000,-14.2154601666667,0 
-169.0618095000000,-14.2154143333333,0 
-169.0618058333333,-14.2154215000000,0 
-169.0617865000000,-14.2153893333333,0 
-169.0617755000000,-14.2154068333333,0 
-169.0617998333333,-14.2153788333333,0 
-169.0617223333333,-14.2153693333333,0 
-169.0617665000000,-14.2153893333333,0 
-169.0617611666667,-14.2153868333333,0 
-169.0617503333333,-14.2153846666667,0 
-169.0617351666667,-14.2153896666667,0 
-169.0617770000000,-14.2154188333333,0 
-169.0617630000000,-14.2153801666667,0 
-169.0617465000000,-14.2154096666667,0 
-169.0617525000000,-14.2154043333333,0 
-169.0617518333333,-14.2154095000000,0 
-169.0617368333333,-14.2153906666667,0 
-169.0617556666667,-14.2154446666667,0 
-169.0617585000000,-14.2154330000000,0 
-169.0617550000000,-14.2154311666667,0 
-169.0617301666667,-14.2154080000000,0 
-169.0617155000000,-14.2153941666667,0 
-169.0617528333333,-14.2154333333333,0 
-169.0617516666667,-14.2154348333333,0 
-169.0617333333333,-14.2154311666667,0 
-169.0617333333333,-14.2154346666667,0 
-169.0617326666667,-14.2154138333333,0 
-169.0617445000000,-14.2154386666667,0 
-169.0617438333333,-14.2154498333333,0 
-169.0617311666667,-14.2154388333333,0 
-169.0617556666667,-14.2154578333333,0 
-169.0617395000000,-14.2154270000000,0 
-169.0617098333333,-14.2154390000000,0 
-169.0617548333333,-14.2154638333333,0 
-169.0617433333333,-14.2154586666667,0 
-169.0617343333333,-14.2154553333333,0 
-169.0617413333333,-14.2154695000000,0 
-169.0617351666667,-14.2154400000000,0 
-169.0617660000000,-14.2154528333333,0 
-169.0617618333333,-14.2154501666667,0 
-169.0617570000000,-14.2154806666667,0 
-169.0618250000000,-14.2154901666667,0 
-169.0618065000000,-14.2154951666667,0 
-169.0618256666667,-14.2154756666667,0 
-169.0618328333333,-14.2155160000000,0 
-169.0618463333333,-14.2155143333333,0 
-169.0618211666667,-14.2154848333333,0 
-169.0618460000000,-14.2155041666667,0 
-169.0618088333333,-14.2154930000000,0 
-169.0618600000000,-14.2155146666667,0 
-169.0618160000000,-14.2154743333333,0 
-169.0618500000000,-14.2154975000000,0 
-169.0618306666667,-14.2154963333333,0 
-169.0617936666667,-14.2154770000000,0 
-169.0618105000000,-14.2154831666667,0 
-169.0617891666667,-14.2155006666667,0 
-169.0618190000000,-14.2154890000000,0 
-169.0617945000000,-14.2154961666667,0 
-169.0618051666667,-14.2154743333333,0 
-169.0617710000000,-14.2154383333333,0 
-169.0617848333333,-14.2154570000000,0 
-169.0617910000000,-14.2154735000000,0 
-169.0617905000000,-14.2154460000000,0 
-169.0617708333333,-14.2154281666667,0 
-169.0617820000000,-14.2154458333333,0 
-169.0618148333333,-14.2154638333333,0 
-169.0618113333333,-14.2154390000000,0 
-169.0618295000000,-14.2154746666667,0 
-169.0618161666667,-14.2154388333333,0 
-169.0618456666667,-14.2154693333333,0 
-169.0618061666667,-14.2154651666667,0 
-169.0618241666667,-14.2154781666667,0 
-169.0618050000000,-14.2154963333333,0 
-169.0618053333333,-14.2154900000000,0 
-169.0617961666667,-14.2155113333333,0 
-169.0618271666667,-14.2154991666667,0 
-169.0617900000000,-14.2155116666667,0 
-169.0618248333333,-14.2155218333333,0 
-169.0618306666667,-14.2155196666667,0 
-169.0618190000000,-14.2155090000000,0 
-169.0618018333333,-14.2155105000000,0 
-169.0618158333333,-14.2155313333333,0 
-169.0618128333333,-14.2155268333333,0 
-169.0618095000000,-14.2155155000000,0 
-169.0618060000000,-14.2155303333333,0 
-169.0618071666667,-14.2155340000000,0 
-169.0618228333333,-14.2155161666667,0 
-169.0618001666667,-14.2155328333333,0 
-169.0618096666667,-14.2155301666667,0 
-169.0618243333333,-14.2155266666667,0 
-169.0618301666667,-14.2155406666667,0 
-169.0618211666667,-14.2155286666667,0 
-169.0617923333333,-14.2155303333333,0 
-169.0618321666667,-14.2155295000000,0 
-169.0618115000000,-14.2155331666667,0 
-169.0618180000000,-14.2155520000000,0 
-169.0618111666667,-14.2155413333333,0 
-169.0618106666667,-14.2155295000000,0 
-169.0617936666667,-14.2155411666667,0 
-169.0618030000000,-14.2155603333333,0 
-169.0617891666667,-14.2155506666667,0 
-169.0617598333333,-14.2155495000000,0 
-169.0617265000000,-14.2155296666667,0 
-169.0617545000000,-14.2155463333333,0 
-169.0617498333333,-14.2155638333333,0 
-169.0617876666667,-14.2155525000000,0 
-169.0617543333333,-14.2155593333333,0 
-169.0617670000000,-14.2155676666667,0 
-169.0617391666667,-14.2155690000000,0 
-169.0617740000000,-14.2155711666667,0 
-169.0617778333333,-14.2156048333333,0 
-169.0617598333333,-14.2155898333333,0 
-169.0617831666667,-14.2155896666667,0 
-169.0617735000000,-14.2155803333333,0 
-169.0617731666667,-14.2155975000000,0 
-169.0617815000000,-14.2155835000000,0 
-169.0618033333333,-14.2156160000000,0 
-169.0617863333333,-14.2156095000000,0 
-169.0618143333333,-14.2156241666667,0 
-169.0618031666667,-14.2156183333333,0 
-169.0617908333333,-14.2156058333333,0 
-169.0618116666667,-14.2156290000000,0 
-169.0617731666667,-14.2156156666667,0 
-169.0617790000000,-14.2156126666667,0 
-169.0617868333333,-14.2156276666667,0 
-169.0617818333333,-14.2156156666667,0 
-169.0617790000000,-14.2156166666667,0 
-169.0617973333333,-14.2156266666667,0 
-169.0617865000000,-14.2156108333333,0 
-169.0617960000000,-14.2156373333333,0 
-169.0618243333333,-14.2156165000000,0 
-169.0617645000000,-14.2155890000000,0 
-169.0617763333333,-14.2156185000000,0 
-169.0617941666667,-14.2156066666667,0 
-169.0617561666667,-14.2155973333333,0 
-169.0617723333333,-14.2156020000000,0 
-169.0618080000000,-14.2156450000000,0 
-169.0618125000000,-14.2156395000000,0 
-169.0617725000000,-14.2156060000000,0 
-169.0617791666667,-14.2156128333333,0 
-169.0617951666667,-14.2156170000000,0 
-169.0617975000000,-14.2156306666667,0 
-169.0617908333333,-14.2156075000000,0 
-169.0617940000000,-14.2156171666667,0 
-169.0617746666667,-14.2156068333333,0 
-169.0618076666667,-14.2156170000000,0 
-169.0617758333333,-14.2156033333333,0 
-169.0618063333333,-14.2156236666667,0 
-169.0618148333333,-14.2156336666667,0 
-169.0617838333333,-14.2156256666667,0 
-169.0617768333333,-14.2156020000000,0 
-169.0617850000000,-14.2155993333333,0 
-169.0617825000000,-14.2156330000000,0 
-169.0618056666667,-14.2156233333333,0 
-169.0617835000000,-14.2156180000000,0 
-169.0617796666667,-14.2156235000000,0 
-169.0617935000000,-14.2156190000000,0 
-169.0617696666667,-14.2156206666667,0 
-169.0618131666667,-14.2156311666667,0 
-169.0617583333333,-14.2155950000000,0 
-169.0617981666667,-14.2156406666667,0 
-169.0617533333333,-14.2156013333333,0 
-169.0618075000000,-14.2156501666667,0 
-169.0617753333333,-14.2156495000000,0 
-169.0617886666667,-14.2156075000000,0 
-169.0617706666667,-14.2156516666667,0 
-169.0618030000000,-14.2156305000000,0 
-169.0617680000000,-14.2156473333333,0 
-169.0617693333333,-14.2156230000000,0 
-169.0617646666667,-14.2156290000000,0 
-169.0617690000000,-14.2156070000000,0 
-169.0617781666667,-14.2156563333333,0 
-169.0617711666667,-14.2156038333333,0 
-169.0617566666667,-14.2156358333333,0 
-169.0617996666667,-14.2156728333333,0 
-169.0617956666667,-14.2156823333333,0 
-169.0617623333333,-14.2156743333333,0 
-169.0617693333333,-14.2156590000000,0 
-169.0617908333333,-14.2156935000000,0 
-169.0618051666667,-14.2157135000000,0 
-169.0617853333333,-14.2156938333333,0 
-169.0617846666667,-14.2156851666667,0 
-169.0618473333333,-14.2157428333333,0 
-169.0618181666667,-14.2157285000000,0 
-169.0618473333333,-14.2157525000000,0 
-169.0618493333333,-14.2157445000000,0 
-169.0618726666667,-14.2157823333333,0 
-169.0618935000000,-14.2157820000000,0 
-169.0618646666667,-14.2157916666667,0 
-169.0618688333333,-14.2157613333333,0 
-169.0618363333333,-14.2157861666667,0 
-169.0618871666667,-14.2157923333333,0 
-169.0618370000000,-14.2157525000000,0 
-169.0618701666667,-14.2157746666667,0 
-169.0618341666667,-14.2157760000000,0 
-169.0618595000000,-14.2157596666667,0 
-169.0618490000000,-14.2157801666667,0 
-169.0618750000000,-14.2158028333333,0 
-169.0618516666667,-14.2157750000000,0 
-169.0618336666667,-14.2157593333333,0 
-169.0618346666667,-14.2157805000000,0 
-169.0618666666667,-14.2158021666667,0 
-169.0618466666667,-14.2157695000000,0 
-169.0618225000000,-14.2157526666667,0 
-169.0618488333333,-14.2157833333333,0 
-169.0618440000000,-14.2157718333333,0 
-169.0618128333333,-14.2157596666667,0 
-169.0618468333333,-14.2157723333333,0 
-169.0618191666667,-14.2157535000000,0 
-169.0618551666667,-14.2157821666667,0 
-169.0619030000000,-14.2158061666667,0 
-169.0618741666667,-14.2157965000000,0 
-169.0618838333333,-14.2157931666667,0 
-169.0618766666667,-14.2158123333333,0 
-169.0619030000000,-14.2158146666667,0 
-169.0618573333333,-14.2158028333333,0 
-169.0618893333333,-14.2158003333333,0 
-169.0618558333333,-14.2158176666667,0 
-169.0618891666667,-14.2158065000000,0 
-169.0618696666667,-14.2158165000000,0 
-169.0618516666667,-14.2158063333333,0 
-169.0618706666667,-14.2158260000000,0 
-169.0618483333333,-14.2158053333333,0 
-169.0618500000000,-14.2158265000000,0 
-169.0618951666667,-14.2158343333333,0 
-169.0618493333333,-14.2158146666667,0 
-169.0618533333333,-14.2158348333333,0 
-169.0618501666667,-14.2158270000000,0 
-169.0618475000000,-14.2158563333333,0 
-169.0618435000000,-14.2158385000000,0 
-169.0618238333333,-14.2158291666667,0 
-169.0618815000000,-14.2158751666667,0 
-169.0618468333333,-14.2158428333333,0 
-169.0618631666667,-14.2158790000000,0 
-169.0618373333333,-14.2158536666667,0 
-169.0618735000000,-14.2158693333333,0 
-169.0618340000000,-14.2158571666667,0 
-169.0618718333333,-14.2158595000000,0 
-169.0618445000000,-14.2158581666667,0 
-169.0619018333333,-14.2158855000000,0 
-169.0618416666667,-14.2158766666667,0 
-169.0618558333333,-14.2158815000000,0 
-169.0618490000000,-14.2158716666667,0 
-169.0618808333333,-14.2158813333333,0 
-169.0618396666667,-14.2158713333333,0 
-169.0618980000000,-14.2158951666667,0 
-169.0618553333333,-14.2158666666667,0 
-169.0618570000000,-14.2158665000000,0 
-169.0618626666667,-14.2158993333333,0 
-169.0618710000000,-14.2158845000000,0 
-169.0618576666667,-14.2158765000000,0 
-169.0618556666667,-14.2158900000000,0 
-169.0618841666667,-14.2158836666667,0 
-169.0618593333333,-14.2158848333333,0 
-169.0619208333333,-14.2159073333333,0 
-169.0618650000000,-14.2159071666667,0 
-169.0619018333333,-14.2159165000000,0 
-169.0618518333333,-14.2159015000000,0 
-169.0618866666667,-14.2159268333333,0 
-169.0618840000000,-14.2159355000000,0 
-169.0618575000000,-14.2159195000000,0 
-169.0618795000000,-14.2159316666667,0 
-169.0618565000000,-14.2159301666667,0 
-169.0618970000000,-14.2159386666667,0 
-169.0618510000000,-14.2159110000000,0 
-169.0618976666667,-14.2159471666667,0 
-169.0618620000000,-14.2159406666667,0 
-169.0618603333333,-14.2159265000000,0 
-169.0618860000000,-14.2159440000000,0 
-169.0618670000000,-14.2159415000000,0 
-169.0618573333333,-14.2159400000000,0 
-169.0618535000000,-14.2159383333333,0 
-169.0618680000000,-14.2159528333333,0 
-169.0618536666667,-14.2159671666667,0 
-169.0618578333333,-14.2159558333333,0 
-169.0618508333333,-14.2159696666667,0 
-169.0618296666667,-14.2159608333333,0 
-169.0618548333333,-14.2159876666667,0 
-169.0618803333333,-14.2159836666667,0 
-169.0618570000000,-14.2159791666667,0 
-169.0618755000000,-14.2159615000000,0 
-169.0618750000000,-14.2159805000000,0 
-169.0619016666667,-14.2160088333333,0 
-169.0618840000000,-14.2159663333333,0 
-169.0618996666667,-14.2160051666667,0 
-169.0619195000000,-14.2160053333333,0 
-169.0619255000000,-14.2159968333333,0 
-169.0619068333333,-14.2159706666667,0 
-169.0619203333333,-14.2159656666667,0 
-169.0619423333333,-14.2159798333333,0 
-169.0619725000000,-14.2159828333333,0 
-169.0619380000000,-14.2159335000000,0 
-169.0619635000000,-14.2159831666667,0 
-169.0619288333333,-14.2160053333333,0 
-169.0619333333333,-14.2160081666667,0 
-169.0618750000000,-14.2159888333333,0 
-169.0619071666667,-14.2159986666667,0 
-169.0618755000000,-14.2160130000000,0 
-169.0618831666667,-14.2160135000000,0 
-169.0618785000000,-14.2160126666667,0 
-169.0618765000000,-14.2160170000000,0 
-169.0618688333333,-14.2160208333333,0 
-169.0619188333333,-14.2160325000000,0 
-169.0619080000000,-14.2160290000000,0 
-169.0619401666667,-14.2160570000000,0 
-169.0619583333333,-14.2160423333333,0 
-169.0619418333333,-14.2160238333333,0 
-169.0619308333333,-14.2160420000000,0 
-169.0619201666667,-14.2160728333333,0 
-169.0619281666667,-14.2160608333333,0 
-169.0618896666667,-14.2160558333333,0 
-169.0618690000000,-14.2160586666667,0 
-169.0619093333333,-14.2160643333333,0 
-169.0618690000000,-14.2160518333333,0 
-169.0618786666667,-14.2160718333333,0 
-169.0618585000000,-14.2160521666667,0 
-169.0618610000000,-14.2160410000000,0 
-169.0618475000000,-14.2160526666667,0 
-169.0618588333333,-14.2160486666667,0 
-169.0618375000000,-14.2160550000000,0 
-169.0618413333333,-14.2160538333333,0 
-169.0618486666667,-14.2160730000000,0 
-169.0618548333333,-14.2160746666667,0 
-169.0618621666667,-14.2160813333333,0 
-169.0618546666667,-14.2160693333333,0 
-169.0619011666667,-14.2161068333333,0 
-169.0618803333333,-14.2160966666667,0 
-169.0618973333333,-14.2160856666667,0 
-169.0618730000000,-14.2161173333333,0 
-169.0618990000000,-14.2161216666667,0 
-169.0618916666667,-14.2161226666667,0 
-169.0618576666667,-14.2161135000000,0 
-169.0618880000000,-14.2161253333333,0 
-169.0618748333333,-14.2161290000000,0 
-169.0618681666667,-14.2161395000000,0 
-169.0618966666667,-14.2161580000000,0 
-169.0618875000000,-14.2161288333333,0 
-169.0619030000000,-14.2161533333333,0 
-169.0618876666667,-14.2161440000000,0 
-169.0619406666667,-14.2161565000000,0 
-169.0618828333333,-14.2161510000000,0 
-169.0618923333333,-14.2161708333333,0 
-169.0618476666667,-14.2161530000000,0 
-169.0618590000000,-14.2161495000000,0 
-169.0618798333333,-14.2161768333333,0 
-169.0618808333333,-14.2161695000000,0 
-169.0619123333333,-14.2161835000000,0 
-169.0619000000000,-14.2161768333333,0 
-169.0619046666667,-14.2161755000000,0 
-169.0619286666667,-14.2161921666667,0 
-169.0619296666667,-14.2161783333333,0 
-169.0619095000000,-14.2161846666667,0 
-169.0619585000000,-14.2161998333333,0 
-169.0619468333333,-14.2161835000000,0 
-169.0619420000000,-14.2161648333333,0 
-169.0619636666667,-14.2161791666667,0 
-169.0619481666667,-14.2161645000000,0 
-169.0619745000000,-14.2161665000000,0 
-169.0619638333333,-14.2161626666667,0 
-169.0619903333333,-14.2161470000000,0 
-169.0619738333333,-14.2161608333333,0 
-169.0619756666667,-14.2161471666667,0 
-169.0619903333333,-14.2161783333333,0 
-169.0619485000000,-14.2161831666667,0 
-169.0619843333333,-14.2162040000000,0 
-169.0619676666667,-14.2161951666667,0 
-169.0619646666667,-14.2162133333333,0 
-169.0619555000000,-14.2161945000000,0 
-169.0619310000000,-14.2162056666667,0 
-169.0619625000000,-14.2161968333333,0 
-169.0619435000000,-14.2162113333333,0 
-169.0619716666667,-14.2162091666667,0 
-169.0619371666667,-14.2162045000000,0 
-169.0619371666667,-14.2162180000000,0 
-169.0619701666667,-14.2162235000000,0 
-169.0619396666667,-14.2162248333333,0 
-169.0619805000000,-14.2162208333333,0 
-169.0619393333333,-14.2161876666667,0 
-169.0619988333333,-14.2162176666667,0 
-169.0619391666667,-14.2162230000000,0 
-169.0619525000000,-14.2162193333333,0 
-169.0619705000000,-14.2162343333333,0 
-169.0619538333333,-14.2162273333333,0 
-169.0619458333333,-14.2162118333333,0 
-169.0619688333333,-14.2162358333333,0 
-169.0619203333333,-14.2162360000000,0 
-169.0619418333333,-14.2162426666667,0 
-169.0619610000000,-14.2162620000000,0 
-169.0619280000000,-14.2162661666667,0 
-169.0619238333333,-14.2162538333333,0 
-169.0618916666667,-14.2162305000000,0 
-169.0618770000000,-14.2162288333333,0 
-169.0618975000000,-14.2162368333333,0 
-169.0618705000000,-14.2162286666667,0 
-169.0618750000000,-14.2162353333333,0 
-169.0618768333333,-14.2162365000000,0 
-169.0618665000000,-14.2162468333333,0 
-169.0618610000000,-14.2162428333333,0 
-169.0619036666667,-14.2162641666667,0 
-169.0619513333333,-14.2162636666667,0 
-169.0619588333333,-14.2162728333333,0 
-169.0619125000000,-14.2162548333333,0 
-169.0619058333333,-14.2162740000000,0 
-169.0619111666667,-14.2162480000000,0 
-169.0619040000000,-14.2162348333333,0 
-169.0619443333333,-14.2162195000000,0 
-169.0619366666667,-14.2161635000000,0 
-169.0619890000000,-14.2161835000000,0 
-169.0619710000000,-14.2161801666667,0 
-169.0619886666667,-14.2161316666667,0 
-169.0619755000000,-14.2161641666667,0 
-169.0619608333333,-14.2161751666667,0 
-169.0619686666667,-14.2161596666667,0 
-169.0619408333333,-14.2161666666667,0 
-169.0619753333333,-14.2161668333333,0 
-169.0619700000000,-14.2161766666667,0 
-169.0619536666667,-14.2161686666667,0 
-169.0619550000000,-14.2161783333333,0 
-169.0619535000000,-14.2161890000000,0 
-169.0619593333333,-14.2162023333333,0 
-169.0619235000000,-14.2161771666667,0 
-169.0619643333333,-14.2161851666667,0 
-169.0619311666667,-14.2161828333333,0 
-169.0619655000000,-14.2161766666667,0 
-169.0619415000000,-14.2161923333333,0 
-169.0619458333333,-14.2161711666667,0 
-169.0619141666667,-14.2161726666667,0 
-169.0619555000000,-14.2161908333333,0 
-169.0619256666667,-14.2161761666667,0 
-169.0619545000000,-14.2161820000000,0 
-169.0619206666667,-14.2161941666667,0 
-169.0619460000000,-14.2161998333333,0 
-169.0619178333333,-14.2161901666667,0 
-169.0619461666667,-14.2162035000000,0 
-169.0619070000000,-14.2161938333333,0 
-169.0619323333333,-14.2162010000000,0 
-169.0619540000000,-14.2162153333333,0 
-169.0619595000000,-14.2162181666667,0 
-169.0619578333333,-14.2162033333333,0 
-169.0619105000000,-14.2161763333333,0 
-169.0619295000000,-14.2161961666667,0 
-169.0619390000000,-14.2161885000000,0 
-169.0619566666667,-14.2162123333333,0 
-169.0619428333333,-14.2162020000000,0 
-169.0619231666667,-14.2161873333333,0 
-169.0619493333333,-14.2161966666667,0 
-169.0619113333333,-14.2161863333333,0 
-169.0619750000000,-14.2162036666667,0 
-169.0619283333333,-14.2161718333333,0 
-169.0619735000000,-14.2161896666667,0 
-169.0619328333333,-14.2161718333333,0 
-169.0619930000000,-14.2161611666667,0 
-169.0619288333333,-14.2161375000000,0 
-169.0619823333333,-14.2161590000000,0 
-169.0619606666667,-14.2161653333333,0 
-169.0619861666667,-14.2161488333333,0 
-169.0619471666667,-14.2161525000000,0 
-169.0619720000000,-14.2161506666667,0 
-169.0619635000000,-14.2161660000000,0 
-169.0619940000000,-14.2161420000000,0 
-169.0619660000000,-14.2161611666667,0 
-169.0619405000000,-14.2161298333333,0 
-169.0619506666667,-14.2161343333333,0 
-169.0619501666667,-14.2161185000000,0 
-169.0619671666667,-14.2161426666667,0 
-169.0619486666667,-14.2161395000000,0 
-169.0619586666667,-14.2161691666667,0 
-169.0619476666667,-14.2161883333333,0 
-169.0619925000000,-14.2161973333333,0 
-169.0619248333333,-14.2161720000000,0 
-169.0619656666667,-14.2161823333333,0 
-169.0619586666667,-14.2161668333333,0 
-169.0619786666667,-14.2161611666667,0 
-169.0619366666667,-14.2161423333333,0 
-169.0619666666667,-14.2161488333333,0 
-169.0619475000000,-14.2161735000000,0 
-169.0619808333333,-14.2161775000000,0 
-169.0619538333333,-14.2161901666667,0 
-169.0619730000000,-14.2161651666667,0 
-169.0619308333333,-14.2161685000000,0 
-169.0619510000000,-14.2161475000000,0 
-169.0619715000000,-14.2161765000000,0 
-169.0619555000000,-14.2161673333333,0 
-169.0619616666667,-14.2161915000000,0 
-169.0619211666667,-14.2161701666667,0 
-169.0619935000000,-14.2161846666667,0 
-169.0619551666667,-14.2161671666667,0 
-169.0619506666667,-14.2161521666667,0 
-169.0619551666667,-14.2161348333333,0 
-169.0619268333333,-14.2161353333333,0 
-169.0619571666667,-14.2161448333333,0 
-169.0619498333333,-14.2161376666667,0 
-169.0619661666667,-14.2161368333333,0 
-169.0619303333333,-14.2161448333333,0 
-169.0619303333333,-14.2161310000000,0 
-169.0619423333333,-14.2161371666667,0 
-169.0619368333333,-14.2161523333333,0 
-169.0619348333333,-14.2161438333333,0 
-169.0619618333333,-14.2161486666667,0 
-169.0619456666667,-14.2161608333333,0 
-169.0619558333333,-14.2161631666667,0 
-169.0619321666667,-14.2161623333333,0 
-169.0619405000000,-14.2161483333333,0 
-169.0619471666667,-14.2161776666667,0 
-169.0619580000000,-14.2161665000000,0 
-169.0619325000000,-14.2161798333333,0 
-169.0619335000000,-14.2161466666667,0 
-169.0619418333333,-14.2161848333333,0 
-169.0619398333333,-14.2161743333333,0 
-169.0619315000000,-14.2161630000000,0 
-169.0619408333333,-14.2161481666667,0 
-169.0619461666667,-14.2161510000000,0 
-169.0619256666667,-14.2161386666667,0 
-169.0619478333333,-14.2161326666667,0 
-169.0619340000000,-14.2161223333333,0 
-169.0619345000000,-14.2161295000000,0 
-169.0619378333333,-14.2161013333333,0 
-169.0619453333333,-14.2161088333333,0 
-169.0619713333333,-14.2161166666667,0 
-169.0619226666667,-14.2161143333333,0 
-169.0619555000000,-14.2161173333333,0 
-169.0619283333333,-14.2161063333333,0 
-169.0619408333333,-14.2161116666667,0 
-169.0619148333333,-14.2160926666667,0 
-169.0619066666667,-14.2160945000000,0 
-169.0619410000000,-14.2161065000000,0 
-169.0619016666667,-14.2161133333333,0 
-169.0619336666667,-14.2161221666667,0 
-169.0619405000000,-14.2161235000000,0 
-169.0619098333333,-14.2161168333333,0 
-169.0619591666667,-14.2161235000000,0 
-169.0619338333333,-14.2161191666667,0 
-169.0619415000000,-14.2161301666667,0 
-169.0619106666667,-14.2161321666667,0 
-169.0619370000000,-14.2161291666667,0 
-169.0619278333333,-14.2161413333333,0 
-169.0619263333333,-14.2161403333333,0 
-169.0619456666667,-14.2161545000000,0 
-169.0618925000000,-14.2161403333333,0 
-169.0618975000000,-14.2161246666667,0 
-169.0619218333333,-14.2161546666667,0 
-169.0619110000000,-14.2161553333333,0 
-169.0619020000000,-14.2161428333333,0 
-169.0618958333333,-14.2161495000000,0 
-169.0619111666667,-14.2161540000000,0 
-169.0618916666667,-14.2161650000000,0 
-169.0619090000000,-14.2161480000000,0 
-169.0618968333333,-14.2161438333333,0 
-169.0619216666667,-14.2161540000000,0 
-169.0619035000000,-14.2161375000000,0 
-169.0619083333333,-14.2161728333333,0 
-169.0619083333333,-14.2161528333333,0 
-169.0618890000000,-14.2161416666667,0 
-169.0618910000000,-14.2161478333333,0 
-169.0619118333333,-14.2161635000000,0 
-169.0619088333333,-14.2161668333333,0 
-169.0619161666667,-14.2161565000000,0 
-169.0619081666667,-14.2161628333333,0 
-169.0619110000000,-14.2161460000000,0 
-169.0618980000000,-14.2161463333333,0 
-169.0619360000000,-14.2161648333333,0 
-169.0618865000000,-14.2161408333333,0 
-169.0619306666667,-14.2161708333333,0 
-169.0618965000000,-14.2161615000000,0 
-169.0618973333333,-14.2161486666667,0 
-169.0619326666667,-14.2161740000000,0 
-169.0618966666667,-14.2161421666667,0 
-169.0619071666667,-14.2161706666667,0 
-169.0618983333333,-14.2161496666667,0 
-169.0618890000000,-14.2161636666667,0 
-169.0619183333333,-14.2161641666667,0 
-169.0619203333333,-14.2161568333333,0 
-169.0619075000000,-14.2161610000000,0 
-169.0619206666667,-14.2161686666667,0 
-169.0619265000000,-14.2161713333333,0 
-169.0619040000000,-14.2161605000000,0 
-169.0619218333333,-14.2161688333333,0 
-169.0619021666667,-14.2161463333333,0 
-169.0619546666667,-14.2161840000000,0 
-169.0618935000000,-14.2161390000000,0 
-169.0619161666667,-14.2161703333333,0 
-169.0619143333333,-14.2161551666667,0 
-169.0619296666667,-14.2161743333333,0 
-169.0619035000000,-14.2161520000000,0 
-169.0619443333333,-14.2161656666667,0 
-169.0619066666667,-14.2161481666667,0 
-169.0619430000000,-14.2161631666667,0 
-169.0618998333333,-14.2161478333333,0 
-169.0619485000000,-14.2161458333333,0 
-169.0619001666667,-14.2161560000000,0 
-169.0619266666667,-14.2161706666667,0 
-169.0619015000000,-14.2161541666667,0 
-169.0619060000000,-14.2161690000000,0 
-169.0619273333333,-14.2161658333333,0 
-169.0619293333333,-14.2161626666667,0 
-169.0619446666667,-14.2161658333333,0 
-169.0619135000000,-14.2161768333333,0 
-169.0619215000000,-14.2161758333333,0 
-169.0618945000000,-14.2161583333333,0 
-169.0619166666667,-14.2161598333333,0 
-169.0619231666667,-14.2161678333333,0 
-169.0619160000000,-14.2161588333333,0 
-169.0618958333333,-14.2161633333333,0 
-169.0619036666667,-14.2161690000000,0 
-169.0619198333333,-14.2161736666667,0 
-169.0618908333333,-14.2161555000000,0 
-169.0619025000000,-14.2161595000000,0 
-169.0619043333333,-14.2161483333333,0 
-169.0618948333333,-14.2161441666667,0 
-169.0619213333333,-14.2161555000000,0 
-169.0619081666667,-14.2161608333333,0 
-169.0619050000000,-14.2161466666667,0 
-169.0619196666667,-14.2161705000000,0 
-169.0618983333333,-14.2161626666667,0 
-169.0619465000000,-14.2161876666667,0 
-169.0618938333333,-14.2161475000000,0 
-169.0619291666667,-14.2161625000000,0 
-169.0618955000000,-14.2161548333333,0 
-169.0619411666667,-14.2161328333333,0 
-169.0618816666667,-14.2161350000000,0 
-169.0619296666667,-14.2161591666667,0 
-169.0619033333333,-14.2161651666667,0 
-169.0619041666667,-14.2161571666667,0 
-169.0619083333333,-14.2161583333333,0 
-169.0619270000000,-14.2161826666667,0 
-169.0618978333333,-14.2161546666667,0 
-169.0619335000000,-14.2161666666667,0 
-169.0619341666667,-14.2161701666667,0 
-169.0619243333333,-14.2161698333333,0 
-169.0619128333333,-14.2161583333333,0 
-169.0619006666667,-14.2161628333333,0 
-169.0619010000000,-14.2161956666667,0 
-169.0618535000000,-14.2161765000000,0 
-169.0618331666667,-14.2161830000000,0 
-169.0617958333333,-14.2161478333333,0 
-169.0618333333333,-14.2161790000000,0 
-169.0617776666667,-14.2161643333333,0 
-169.0618165000000,-14.2161943333333,0 
-169.0617928333333,-14.2162196666667,0 
-169.0617960000000,-14.2162136666667,0 
-169.0617535000000,-14.2162211666667,0 
-169.0617470000000,-14.2162023333333,0 
-169.0617318333333,-14.2161996666667,0 
-169.0617370000000,-14.2162241666667,0 
-169.0617241666667,-14.2162003333333,0 
-169.0617026666667,-14.2161935000000,0 
-169.0617111666667,-14.2161898333333,0 
-169.0617063333333,-14.2161736666667,0 
-169.0616925000000,-14.2161458333333,0 
-169.0617016666667,-14.2161445000000,0 
-169.0616863333333,-14.2161293333333,0 
-169.0617126666667,-14.2161283333333,0 
-169.0616810000000,-14.2161368333333,0 
-169.0616853333333,-14.2161270000000,0 
-169.0616911666667,-14.2161350000000,0 
-169.0616828333333,-14.2161373333333,0 
-169.0616898333333,-14.2161391666667,0 
-169.0616610000000,-14.2161345000000,0 
-169.0616661666667,-14.2161361666667,0 
-169.0616643333333,-14.2161358333333,0 
-169.0616811666667,-14.2161380000000,0 
-169.0616651666667,-14.2161441666667,0 
-169.0616753333333,-14.2161495000000,0 
-169.0616643333333,-14.2161393333333,0 
-169.0616710000000,-14.2161428333333,0 
-169.0616438333333,-14.2161031666667,0 
-169.0617005000000,-14.2161230000000,0 
-169.0616531666667,-14.2161221666667,0 
-169.0616833333333,-14.2161411666667,0 
-169.0616605000000,-14.2161298333333,0 
-169.0616858333333,-14.2161220000000,0 
-169.0616661666667,-14.2161071666667,0 
-169.0616655000000,-14.2160860000000,0 
-169.0616713333333,-14.2160785000000,0 
-169.0616600000000,-14.2160823333333,0 
-169.0616633333333,-14.2160875000000,0 
-169.0616646666667,-14.2160993333333,0 
-169.0616583333333,-14.2160908333333,0 
-169.0616633333333,-14.2160738333333,0 
-169.0616415000000,-14.2160820000000,0 
-169.0616696666667,-14.2160911666667,0 
-169.0616410000000,-14.2160855000000,0 
-169.0616900000000,-14.2160926666667,0 
-169.0616386666667,-14.2160980000000,0 
-169.0616578333333,-14.2161113333333,0 
-169.0616493333333,-14.2161133333333,0 
-169.0616266666667,-14.2161086666667,0 
-169.0616795000000,-14.2161193333333,0 
-169.0616261666667,-14.2161070000000,0 
-169.0616560000000,-14.2161165000000,0 
-169.0616295000000,-14.2161185000000,0 
-169.0616578333333,-14.2161373333333,0 
-169.0616398333333,-14.2161321666667,0 
-169.0616483333333,-14.2161311666667,0 
-169.0616601666667,-14.2161415000000,0 
-169.0616535000000,-14.2161451666667,0 
-169.0616436666667,-14.2161406666667,0 
-169.0616358333333,-14.2161431666667,0 
-169.0616261666667,-14.2161218333333,0 
-169.0616778333333,-14.2161430000000,0 
-169.0616428333333,-14.2161283333333,0 
-169.0616783333333,-14.2161353333333,0 
-169.0616066666667,-14.2161336666667,0 
-169.0616526666667,-14.2161371666667,0 
-169.0616063333333,-14.2161423333333,0 
-169.0616383333333,-14.2161685000000,0 
-169.0616103333333,-14.2161588333333,0 
-169.0616126666667,-14.2161303333333,0 
-169.0616115000000,-14.2161256666667,0 
-169.0616151666667,-14.2161301666667,0 
-169.0616043333333,-14.2161140000000,0 
-169.0616043333333,-14.2161295000000,0 
-169.0615781666667,-14.2161513333333,0 
-169.0615858333333,-14.2161441666667,0 
-169.0615985000000,-14.2161515000000,0 
-169.0615771666667,-14.2161441666667,0 
-169.0615660000000,-14.2161363333333,0 
-169.0615808333333,-14.2161478333333,0 
-169.0615875000000,-14.2161370000000,0 
-169.0615706666667,-14.2161288333333,0 
-169.0615956666667,-14.2161281666667,0 
-169.0615728333333,-14.2161243333333,0 
-169.0615925000000,-14.2161390000000,0 
-169.0615773333333,-14.2161288333333,0 
-169.0615940000000,-14.2161503333333,0 
-169.0616028333333,-14.2161486666667,0 
-169.0615895000000,-14.2161608333333,0 
-169.0615708333333,-14.2161531666667,0 
-169.0615960000000,-14.2161536666667,0 
-169.0615673333333,-14.2161550000000,0 
-169.0615938333333,-14.2161558333333,0 
-169.0615576666667,-14.2161556666667,0 
-169.0615930000000,-14.2161790000000,0 
-169.0615210000000,-14.2161618333333,0 
-169.0615623333333,-14.2161958333333,0 
-169.0615406666667,-14.2162250000000,0 
-169.0615153333333,-14.2162040000000,0 
-169.0615621666667,-14.2162330000000,0 
-169.0615301666667,-14.2162093333333,0 
-169.0615218333333,-14.2161943333333,0 
-169.0615281666667,-14.2161708333333,0 
-169.0614901666667,-14.2161716666667,0 
-169.0615336666667,-14.2161711666667,0 
-169.0615133333333,-14.2161713333333,0 
-169.0615280000000,-14.2161631666667,0 
-169.0615358333333,-14.2161590000000,0 
-169.0615163333333,-14.2161646666667,0 
-169.0615545000000,-14.2161738333333,0 
-169.0615105000000,-14.2161496666667,0 
-169.0615483333333,-14.2161716666667,0 
-169.0614945000000,-14.2161811666667,0 
-169.0615255000000,-14.2162050000000,0 
-169.0615113333333,-14.2161905000000,0 
-169.0614700000000,-14.2162136666667,0 
-169.0615008333333,-14.2162210000000,0 
-169.0614698333333,-14.2162278333333,0 
-169.0615130000000,-14.2162506666667,0 
-169.0614691666667,-14.2162553333333,0 
-169.0615250000000,-14.2162716666667,0 
-169.0614710000000,-14.2162473333333,0 
-169.0615371666667,-14.2162858333333,0 
-169.0614908333333,-14.2162610000000,0 
-169.0615050000000,-14.2162748333333,0 
-169.0615028333333,-14.2162693333333,0 
-169.0614940000000,-14.2162660000000,0 
-169.0615156666667,-14.2162826666667,0 
-169.0614505000000,-14.2162541666667,0 
-169.0614248333333,-14.2162390000000,0 
-169.0614353333333,-14.2162238333333,0 
-169.0614150000000,-14.2162198333333,0 
-169.0614085000000,-14.2161966666667,0 
-169.0614190000000,-14.2162065000000,0 
-169.0613911666667,-14.2161930000000,0 
-169.0613850000000,-14.2161941666667,0 
-169.0613855000000,-14.2161935000000,0 
-169.0613805000000,-14.2162011666667,0 
-169.0613878333333,-14.2162058333333,0 
-169.0613946666667,-14.2162088333333,0 
-169.0613850000000,-14.2162166666667,0 
-169.0613838333333,-14.2162105000000,0 
-169.0613625000000,-14.2162108333333,0 
-169.0613923333333,-14.2162193333333,0 
-169.0613925000000,-14.2162336666667,0 
-169.0613768333333,-14.2162295000000,0 
-169.0613843333333,-14.2162298333333,0 
-169.0613556666667,-14.2162230000000,0 
-169.0613665000000,-14.2162401666667,0 
-169.0613620000000,-14.2162535000000,0 
-169.0613493333333,-14.2162290000000,0 
-169.0613405000000,-14.2162475000000,0 
-169.0613646666667,-14.2162413333333,0 
-169.0613130000000,-14.2162436666667,0 
-169.0613625000000,-14.2162555000000,0 
-169.0613421666667,-14.2162370000000,0 
-169.0613301666667,-14.2162440000000,0 
-169.0613365000000,-14.2162400000000,0 
-169.0613135000000,-14.2162411666667,0 
-169.0613386666667,-14.2162426666667,0 
-169.0613128333333,-14.2162371666667,0 
-169.0613110000000,-14.2162336666667,0 
-169.0613048333333,-14.2162421666667,0 
-169.0613066666667,-14.2162518333333,0 
-169.0613223333333,-14.2162725000000,0 
-169.0613056666667,-14.2162420000000,0 
-169.0613011666667,-14.2162571666667,0 
-169.0613113333333,-14.2162600000000,0 
-169.0612910000000,-14.2162708333333,0 
-169.0613260000000,-14.2162731666667,0 
-169.0612895000000,-14.2162816666667,0 
-169.0612860000000,-14.2162641666667,0 
-169.0612955000000,-14.2162930000000,0 
-169.0612846666667,-14.2162765000000,0 
-169.0612983333333,-14.2163068333333,0 
-169.0612688333333,-14.2162731666667,0 
-169.0612876666667,-14.2162985000000,0 
-169.0613003333333,-14.2162931666667,0 
-169.0612676666667,-14.2162755000000,0 
-169.0612811666667,-14.2162831666667,0 
-169.0612760000000,-14.2162820000000,0 
-169.0612773333333,-14.2162931666667,0 
-169.0612686666667,-14.2162823333333,0 
-169.0612946666667,-14.2162950000000,0 
-169.0612570000000,-14.2162786666667,0 
-169.0612556666667,-14.2162776666667,0 
-169.0612701666667,-14.2162775000000,0 
-169.0612603333333,-14.2162611666667,0 
-169.0612613333333,-14.2162431666667,0 
-169.0612693333333,-14.2162470000000,0 
-169.0612360000000,-14.2162086666667,0 
-169.0612525000000,-14.2162116666667,0 
-169.0612286666667,-14.2161920000000,0 
-169.0612411666667,-14.2161875000000,0 
-169.0612510000000,-14.2161718333333,0 
-169.0612390000000,-14.2161755000000,0 
-169.0612406666667,-14.2161635000000,0 
-169.0612358333333,-14.2161731666667,0 
-169.0612200000000,-14.2161465000000,0 
-169.0612431666667,-14.2161446666667,0 
-169.0612358333333,-14.2161505000000,0 
-169.0612355000000,-14.2161538333333,0 
-169.0612413333333,-14.2161623333333,0 
-169.0612630000000,-14.2161680000000,0 
-169.0612528333333,-14.2161465000000,0 
-169.0612773333333,-14.2161433333333,0 
-169.0613181666667,-14.2161800000000,0 
-169.0613345000000,-14.2161560000000,0 
-169.0613398333333,-14.2161753333333,0 
-169.0613691666667,-14.2161718333333,0 
-169.0613575000000,-14.2161773333333,0 
-169.0613590000000,-14.2161830000000,0 
-169.0613573333333,-14.2161760000000,0 
-169.0613235000000,-14.2161815000000,0 
-169.0613391666667,-14.2161870000000,0 
-169.0612961666667,-14.2161791666667,0 
-169.0613206666667,-14.2161926666667,0 
-169.0612901666667,-14.2161845000000,0 
-169.0613036666667,-14.2161756666667,0 
-169.0613013333333,-14.2161708333333,0 
-169.0612958333333,-14.2161790000000,0 
-169.0612778333333,-14.2161663333333,0 
-169.0612990000000,-14.2161816666667,0 
-169.0612903333333,-14.2161898333333,0 
-169.0612788333333,-14.2161678333333,0 
-169.0613015000000,-14.2161940000000,0 
-169.0612673333333,-14.2161573333333,0 
-169.0613130000000,-14.2161973333333,0 
-169.0612711666667,-14.2161860000000,0 
-169.0612865000000,-14.2162050000000,0 
-169.0612551666667,-14.2161870000000,0 
-169.0612638333333,-14.2161866666667,0 
-169.0612623333333,-14.2161935000000,0 
-169.0612688333333,-14.2161918333333,0 
-169.0612448333333,-14.2161750000000,0 
-169.0612645000000,-14.2162100000000,0 
-169.0612773333333,-14.2162053333333,0 
-169.0612606666667,-14.2161643333333,0 
-169.0612785000000,-14.2161775000000,0 
-169.0612568333333,-14.2161736666667,0 
-169.0612773333333,-14.2161793333333,0 
-169.0612598333333,-14.2161723333333,0 
-169.0612726666667,-14.2161931666667,0 
-169.0612788333333,-14.2162040000000,0 
-169.0612658333333,-14.2161845000000,0 
-169.0612530000000,-14.2161650000000,0 
-169.0612961666667,-14.2161980000000,0 
-169.0612458333333,-14.2161690000000,0 
-169.0612858333333,-14.2162030000000,0 
-169.0612555000000,-14.2161886666667,0 
-169.0612791666667,-14.2161916666667,0 
-169.0612878333333,-14.2162058333333,0 
-169.0612781666667,-14.2162001666667,0 
-169.0612798333333,-14.2161971666667,0 
-169.0613010000000,-14.2162093333333,0 
-169.0613020000000,-14.2161845000000,0 
-169.0613126666667,-14.2161685000000,0 
-169.0613133333333,-14.2161873333333,0 
-169.0613268333333,-14.2161561666667,0 
-169.0612970000000,-14.2161548333333,0 
-169.0613153333333,-14.2161576666667,0 
-169.0613285000000,-14.2161523333333,0 
-169.0613278333333,-14.2161365000000,0 
-169.0613176666667,-14.2161395000000,0 
-169.0613540000000,-14.2161405000000,0 
-169.0613176666667,-14.2161268333333,0 
-169.0613428333333,-14.2161301666667,0 
-169.0613405000000,-14.2161216666667,0 
-169.0613431666667,-14.2161141666667,0 
-169.0613465000000,-14.2161108333333,0 
-169.0613331666667,-14.2161088333333,0 
-169.0613366666667,-14.2161045000000,0 
-169.0613403333333,-14.2161063333333,0 
-169.0613500000000,-14.2161095000000,0 
-169.0613345000000,-14.2160810000000,0 
-169.0613508333333,-14.2161313333333,0 
-169.0613493333333,-14.2161123333333,0 
-169.0613485000000,-14.2161018333333,0 
-169.0613380000000,-14.2161056666667,0 
-169.0613216666667,-14.2161035000000,0 
-169.0613061666667,-14.2161053333333,0 
-169.0613128333333,-14.2161090000000,0 
-169.0612861666667,-14.2160970000000,0 
-169.0612993333333,-14.2161045000000,0 
-169.0612920000000,-14.2161073333333,0 
-169.0612988333333,-14.2161053333333,0 
-169.0612821666667,-14.2161023333333,0 
-169.0612828333333,-14.2161065000000,0 
-169.0612613333333,-14.2161086666667,0 
-169.0612540000000,-14.2160981666667,0 
-169.0612446666667,-14.2161131666667,0 
-169.0612560000000,-14.2161198333333,0 
-169.0612306666667,-14.2161168333333,0 
-169.0612298333333,-14.2161116666667,0 
-169.0612313333333,-14.2161351666667,0 
-169.0612160000000,-14.2161523333333,0 
-169.0612401666667,-14.2161696666667,0 
-169.0612201666667,-14.2161631666667,0 
-169.0612236666667,-14.2161618333333,0 
-169.0612103333333,-14.2161736666667,0 
-169.0612071666667,-14.2161610000000,0 
-169.0612098333333,-14.2161965000000,0 
-169.0612148333333,-14.2161823333333,0 
-169.0612076666667,-14.2161848333333,0 
-169.0612093333333,-14.2162190000000,0 
-169.0612156666667,-14.2162153333333,0 
-169.0611706666667,-14.2161965000000,0 
-169.0611606666667,-14.2161860000000,0 
-169.0611461666667,-14.2162195000000,0 
-169.0611343333333,-14.2162105000000,0 
-169.0611443333333,-14.2162285000000,0 
-169.0610875000000,-14.2162001666667,0 
-169.0611296666667,-14.2162268333333,0 
-169.0610770000000,-14.2162158333333,0 
-169.0610996666667,-14.2162430000000,0 
-169.0610798333333,-14.2162340000000,0 
-169.0610956666667,-14.2162538333333,0 
-169.0610660000000,-14.2162280000000,0 
-169.0610868333333,-14.2162428333333,0 
-169.0610411666667,-14.2162026666667,0 
-169.0610756666667,-14.2162408333333,0 
-169.0610400000000,-14.2162298333333,0 
-169.0610550000000,-14.2162445000000,0 
-169.0610465000000,-14.2162348333333,0 
-169.0610245000000,-14.2162205000000,0 
-169.0610435000000,-14.2162335000000,0 
-169.0610073333333,-14.2162210000000,0 
-169.0610268333333,-14.2162351666667,0 
-169.0610268333333,-14.2162428333333,0 
-169.0610145000000,-14.2162405000000,0 
-169.0610070000000,-14.2162203333333,0 
-169.0610161666667,-14.2162468333333,0 
-169.0610506666667,-14.2162460000000,0 
-169.0610301666667,-14.2162411666667,0 
-169.0609918333333,-14.2162500000000,0 
-169.0610413333333,-14.2162851666667,0 
-169.0609920000000,-14.2162460000000,0 
-169.0610035000000,-14.2162420000000,0 
-169.0610115000000,-14.2162198333333,0 
-169.0609998333333,-14.2162246666667,0 
-169.0610181666667,-14.2162061666667,0 
-169.0609906666667,-14.2162120000000,0 
-169.0610146666667,-14.2162251666667,0 
-169.0610025000000,-14.2162065000000,0 
-169.0610241666667,-14.2162148333333,0 
-169.0610185000000,-14.2162035000000,0 
-169.0610145000000,-14.2161906666667,0 
-169.0610111666667,-14.2161770000000,0 
-169.0610356666667,-14.2161958333333,0 
-169.0610128333333,-14.2161706666667,0 
-169.0610248333333,-14.2161761666667,0 
-169.0610080000000,-14.2161953333333,0 
-169.0609966666667,-14.2162000000000,0 
-169.0610193333333,-14.2162375000000,0 
-169.0609981666667,-14.2161973333333,0 
-169.0610086666667,-14.2162445000000,0 
-169.0609851666667,-14.2162075000000,0 
-169.0610003333333,-14.2162418333333,0 
-169.0609940000000,-14.2162196666667,0 
-169.0610073333333,-14.2162521666667,0 
-169.0609908333333,-14.2162060000000,0 
-169.0609966666667,-14.2162511666667,0 
-169.0609715000000,-14.2162061666667,0 
-169.0609545000000,-14.2162186666667,0 
-169.0609233333333,-14.2162135000000,0 
-169.0609335000000,-14.2162531666667,0 
-169.0608898333333,-14.2161866666667,0 
-169.0609055000000,-14.2162396666667,0 
-169.0608631666667,-14.2162261666667,0 
-169.0608661666667,-14.2162558333333,0 
-169.0608633333333,-14.2162200000000,0 
-169.0608426666667,-14.2162173333333,0 
-169.0608691666667,-14.2162246666667,0 
-169.0608698333333,-14.2162428333333,0 
-169.0608490000000,-14.2162080000000,0 
-169.0608705000000,-14.2162416666667,0 
-169.0608583333333,-14.2162323333333,0 
-169.0608593333333,-14.2162553333333,0 
-169.0608416666667,-14.2162413333333,0 
-169.0608238333333,-14.2162568333333,0 
-169.0608401666667,-14.2162785000000,0 
-169.0608500000000,-14.2162773333333,0 
-169.0608341666667,-14.2162840000000,0 
-169.0608301666667,-14.2162665000000,0 
-169.0608003333333,-14.2162318333333,0 
-169.0608588333333,-14.2162425000000,0 
-169.0608263333333,-14.2161975000000,0 
-169.0608503333333,-14.2162101666667,0 
-169.0608171666667,-14.2162103333333,0 
-169.0608248333333,-14.2161998333333,0 
-169.0608266666667,-14.2161950000000,0 
-169.0608413333333,-14.2162116666667,0 
-169.0608588333333,-14.2162215000000,0 
-169.0608390000000,-14.2161905000000,0 
-169.0608378333333,-14.2162043333333,0 
-169.0608181666667,-14.2162183333333,0 
-169.0608100000000,-14.2162285000000,0 
-169.0607830000000,-14.2162643333333,0 
-169.0607790000000,-14.2162726666667,0 
-169.0607493333333,-14.2162795000000,0 
-169.0607636666667,-14.2162898333333,0 
-169.0607198333333,-14.2162820000000,0 
-169.0607398333333,-14.2162693333333,0 
-169.0607300000000,-14.2162700000000,0 
-169.0607161666667,-14.2162453333333,0 
-169.0607063333333,-14.2162410000000,0 
-169.0607038333333,-14.2162505000000,0 
-169.0607163333333,-14.2162520000000,0 
-169.0607228333333,-14.2162388333333,0 
-169.0606813333333,-14.2162418333333,0 
-169.0606926666667,-14.2162590000000,0 
-169.0606895000000,-14.2162655000000,0 
-169.0606753333333,-14.2162596666667,0 
-169.0606675000000,-14.2162680000000,0 
-169.0606836666667,-14.2162633333333,0 
-169.0606550000000,-14.2162633333333,0 
-169.0606811666667,-14.2162741666667,0 
-169.0606705000000,-14.2162951666667,0 
-169.0606655000000,-14.2162863333333,0 
-169.0606723333333,-14.2162971666667,0 
-169.0606605000000,-14.2162758333333,0 
-169.0606501666667,-14.2162618333333,0 
-169.0606446666667,-14.2162686666667,0 
-169.0606613333333,-14.2162656666667,0 
-169.0606538333333,-14.2162490000000,0 
-169.0606550000000,-14.2162485000000,0 
-169.0606610000000,-14.2162743333333,0 
-169.0606525000000,-14.2162451666667,0 
-169.0606433333333,-14.2162868333333,0 
-169.0606390000000,-14.2162405000000,0 
-169.0606106666667,-14.2162750000000,0 
-169.0605960000000,-14.2162681666667,0 
-169.0606188333333,-14.2162875000000,0 
-169.0605791666667,-14.2162538333333,0 
-169.0605971666667,-14.2162790000000,0 
-169.0605813333333,-14.2162605000000,0 
-169.0605633333333,-14.2162520000000,0 
-169.0605796666667,-14.2162658333333,0 
-169.0605736666667,-14.2162738333333,0 
-169.0605446666667,-14.2162578333333,0 
-169.0605658333333,-14.2162620000000,0 
-169.0605413333333,-14.2162513333333,0 
-169.0605623333333,-14.2162753333333,0 
-169.0605756666667,-14.2162856666667,0 
-169.0605423333333,-14.2162500000000,0 
-169.0605385000000,-14.2162600000000,0 
-169.0605658333333,-14.2162628333333,0 
-169.0605230000000,-14.2162398333333,0 
-169.0605638333333,-14.2162455000000,0 
-169.0605341666667,-14.2162453333333,0 
-169.0605230000000,-14.2162328333333,0 
-169.0605070000000,-14.2162515000000,0 
-169.0605018333333,-14.2162403333333,0 
-169.0604705000000,-14.2162195000000,0 
-169.0604876666667,-14.2162243333333,0 
-169.0604778333333,-14.2162360000000,0 
-169.0604991666667,-14.2162590000000,0 
-169.0604508333333,-14.2162241666667,0 
-169.0604703333333,-14.2162435000000,0 
-169.0604660000000,-14.2162428333333,0 
-169.0604826666667,-14.2162431666667,0 
-169.0604601666667,-14.2162403333333,0 
-169.0604690000000,-14.2162428333333,0 
-169.0604586666667,-14.2162613333333,0 
-169.0604753333333,-14.2162513333333,0 
-169.0604650000000,-14.2162296666667,0 
-169.0604660000000,-14.2162408333333,0 
-169.0604751666667,-14.2162460000000,0 
-169.0604930000000,-14.2162515000000,0 
-169.0604771666667,-14.2162410000000,0 
-169.0604923333333,-14.2162236666667,0 
-169.0604730000000,-14.2162230000000,0 
-169.0605426666667,-14.2162441666667,0 
-169.0604943333333,-14.2162430000000,0 
-169.0604950000000,-14.2162565000000,0 
-169.0604703333333,-14.2162481666667,0 
-169.0604688333333,-14.2162570000000,0 
-169.0604505000000,-14.2162588333333,0 
-169.0604763333333,-14.2162925000000,0 
-169.0604456666667,-14.2162420000000,0 
-169.0604495000000,-14.2162518333333,0 
-169.0604641666667,-14.2162688333333,0 
-169.0604515000000,-14.2162528333333,0 
-169.0604431666667,-14.2162525000000,0 
-169.0604763333333,-14.2162556666667,0 
-169.0604441666667,-14.2162540000000,0 
-169.0604560000000,-14.2162643333333,0 
-169.0604393333333,-14.2162518333333,0 
-169.0604515000000,-14.2162533333333,0 
-169.0604528333333,-14.2162718333333,0 
-169.0604483333333,-14.2162363333333,0 
-169.0604708333333,-14.2162431666667,0 
-169.0605133333333,-14.2162410000000,0 
-169.0605435000000,-14.2162431666667,0 
-169.0605091666667,-14.2162068333333,0 
-169.0604521666667,-14.2162376666667,0 
-169.0604560000000,-14.2163061666667,0 
-169.0604863333333,-14.2163346666667,0 
-169.0604708333333,-14.2163345000000,0 
-169.0604640000000,-14.2162830000000,0 
-169.0604666666667,-14.2163041666667,0 
-169.0604586666667,-14.2162711666667,0 
-169.0604670000000,-14.2162740000000,0 
-169.0604608333333,-14.2162405000000,0 
-169.0604428333333,-14.2162633333333,0 
-169.0604611666667,-14.2162605000000,0 
-169.0604306666667,-14.2162356666667,0 
-169.0604731666667,-14.2162486666667,0 
-169.0604438333333,-14.2162243333333,0 
-169.0604641666667,-14.2162331666667,0 
-169.0604416666667,-14.2162223333333,0 
-169.0604371666667,-14.2162305000000,0 
-169.0604450000000,-14.2162280000000,0 
-169.0604295000000,-14.2162268333333,0 
-169.0604155000000,-14.2162158333333,0 
-169.0604480000000,-14.2162600000000,0 
-169.0604168333333,-14.2162228333333,0 
-169.0604323333333,-14.2162421666667,0 
-169.0604385000000,-14.2162381666667,0 
-169.0604385000000,-14.2162095000000,0 
-169.0604200000000,-14.2162251666667,0 
-169.0604180000000,-14.2161993333333,0 
-169.0604193333333,-14.2162110000000,0 
-169.0604198333333,-14.2162075000000,0 
-169.0604173333333,-14.2162101666667,0 
-169.0604555000000,-14.2162048333333,0 
-169.0604603333333,-14.2161893333333,0 
-169.0604305000000,-14.2161858333333,0 
-169.0604260000000,-14.2162063333333,0 
-169.0604021666667,-14.2161776666667,0 
-169.0604053333333,-14.2161966666667,0 
-169.0603780000000,-14.2161960000000,0 
-169.0603800000000,-14.2162031666667,0 
-169.0603756666667,-14.2162083333333,0 
-169.0603883333333,-14.2162188333333,0 
-169.0603578333333,-14.2162073333333,0 
-169.0603886666667,-14.2162436666667,0 
-169.0603511666667,-14.2162286666667,0 
-169.0603561666667,-14.2162230000000,0 
-169.0603546666667,-14.2162173333333,0 
-169.0603586666667,-14.2162075000000,0 
-169.0603501666667,-14.2162341666667,0 
-169.0603361666667,-14.2161885000000,0 
-169.0603228333333,-14.2162188333333,0 
-169.0603343333333,-14.2162193333333,0 
-169.0603361666667,-14.2162455000000,0 
-169.0603243333333,-14.2162421666667,0 
-169.0603250000000,-14.2162403333333,0 
-169.0603351666667,-14.2162603333333,0 
-169.0603370000000,-14.2162631666667,0 
-169.0602993333333,-14.2162241666667,0 
-169.0603241666667,-14.2162698333333,0 
-169.0603178333333,-14.2162548333333,0 
-169.0603208333333,-14.2162820000000,0 
-169.0603081666667,-14.2162570000000,0 
-169.0603113333333,-14.2162833333333,0 
-169.0602775000000,-14.2162315000000,0 
-169.0603151666667,-14.2162700000000,0 
-169.0602990000000,-14.2162561666667,0 
-169.0602670000000,-14.2162273333333,0 
-169.0602958333333,-14.2162390000000,0 
-169.0602728333333,-14.2162155000000,0 
-169.0602838333333,-14.2162178333333,0 
-169.0602740000000,-14.2162123333333,0 
-169.0602551666667,-14.2161853333333,0 
-169.0602718333333,-14.2161781666667,0 
-169.0602471666667,-14.2161798333333,0 
-169.0602598333333,-14.2161936666667,0 
-169.0602503333333,-14.2161923333333,0 
-169.0602456666667,-14.2161758333333,0 
-169.0602400000000,-14.2161741666667,0 
-169.0602488333333,-14.2161901666667,0 
-169.0602480000000,-14.2161815000000,0 
-169.0602548333333,-14.2162035000000,0 
-169.0602391666667,-14.2161911666667,0 
-169.0602245000000,-14.2161968333333,0 
-169.0602341666667,-14.2161893333333,0 
-169.0602140000000,-14.2161628333333,0 
-169.0602403333333,-14.2162238333333,0 
-169.0602308333333,-14.2161830000000,0 
-169.0602371666667,-14.2162133333333,0 
-169.0602148333333,-14.2161773333333,0 
-169.0602118333333,-14.2161856666667,0 
-169.0602090000000,-14.2162065000000,0 
-169.0602013333333,-14.2161911666667,0 
-169.0602191666667,-14.2162040000000,0 
-169.0602176666667,-14.2162038333333,0 
-169.0602085000000,-14.2162016666667,0 
-169.0602191666667,-14.2161785000000,0 
-169.0602210000000,-14.2161963333333,0 
-169.0602170000000,-14.2161873333333,0 
-169.0602163333333,-14.2161856666667,0 
-169.0602115000000,-14.2161853333333,0 
-169.0602340000000,-14.2162048333333,0 
-169.0602105000000,-14.2161860000000,0 
-169.0602360000000,-14.2162165000000,0 
-169.0602096666667,-14.2161881666667,0 
-169.0602128333333,-14.2161960000000,0 
-169.0602191666667,-14.2162206666667,0 
-169.0602068333333,-14.2162171666667,0 
-169.0601955000000,-14.2162323333333,0 
-169.0601718333333,-14.2162250000000,0 
-169.0601761666667,-14.2162350000000,0 
-169.0601680000000,-14.2162330000000,0 
-169.0601668333333,-14.2162256666667,0 
-169.0601921666667,-14.2162176666667,0 
-169.0601641666667,-14.2161966666667,0 
-169.0601851666667,-14.2162251666667,0 
-169.0601723333333,-14.2162198333333,0 
-169.0601481666667,-14.2161985000000,0 
-169.0601773333333,-14.2162563333333,0 
-169.0601383333333,-14.2162155000000,0 
-169.0601735000000,-14.2162703333333,0 
-169.0601678333333,-14.2162733333333,0 
-169.0601663333333,-14.2162863333333,0 
-169.0601586666667,-14.2162636666667,0 
-169.0601746666667,-14.2162955000000,0 
-169.0601676666667,-14.2162706666667,0 
-169.0601361666667,-14.2162493333333,0 
-169.0601436666667,-14.2162603333333,0 
-169.0601745000000,-14.2163046666667,0 
-169.0601396666667,-14.2162550000000,0 
-169.0601558333333,-14.2162610000000,0 
-169.0601455000000,-14.2162630000000,0 
-169.0601668333333,-14.2162956666667,0 
-169.0601746666667,-14.2162953333333,0 
-169.0601706666667,-14.2162795000000,0 
-169.0601971666667,-14.2162941666667,0 
-169.0601480000000,-14.2162545000000,0 
-169.0601400000000,-14.2162371666667,0 
-169.0601385000000,-14.2162321666667,0 
-169.0601458333333,-14.2162360000000,0 
-169.0601420000000,-14.2162225000000,0 
-169.0601331666667,-14.2162150000000,0 
-169.0601363333333,-14.2162035000000,0 
-169.0601218333333,-14.2162065000000,0 
-169.0601316666667,-14.2162121666667,0 
-169.0601345000000,-14.2162525000000,0 
-169.0601405000000,-14.2162606666667,0 
-169.0601086666667,-14.2162538333333,0 
-169.0601330000000,-14.2162616666667,0 
-169.0601485000000,-14.2162771666667,0 
-169.0601351666667,-14.2162610000000,0 
-169.0601043333333,-14.2162236666667,0 
-169.0601350000000,-14.2162318333333,0 
-169.0601368333333,-14.2162366666667,0 
-169.0601075000000,-14.2162173333333,0 
-169.0601335000000,-14.2162256666667,0 
-169.0601353333333,-14.2162453333333,0 
-169.0601180000000,-14.2162171666667,0 
-169.0601256666667,-14.2162346666667,0 
-169.0601205000000,-14.2162185000000,0 
-169.0600966666667,-14.2162031666667,0 
-169.0600988333333,-14.2162098333333,0 
-169.0601185000000,-14.2162181666667,0 
-169.0601166666667,-14.2162326666667,0 
-169.0601020000000,-14.2162150000000,0 
-169.0600936666667,-14.2162190000000,0 
-169.0600820000000,-14.2162066666667,0 
-169.0601153333333,-14.2162280000000,0 
-169.0600950000000,-14.2162118333333,0 
-169.0601008333333,-14.2162160000000,0 
-169.0600980000000,-14.2162213333333,0 
-169.0600938333333,-14.2162166666667,0 
-169.0601138333333,-14.2162436666667,0 
-169.0601076666667,-14.2162513333333,0 
-169.0600800000000,-14.2162245000000,0 
-169.0601173333333,-14.2162528333333,0 
-169.0600900000000,-14.2162308333333,0 
-169.0601121666667,-14.2162556666667,0 
-169.0600781666667,-14.2162105000000,0 
-169.0600906666667,-14.2162391666667,0 
-169.0600915000000,-14.2162586666667,0 
-169.0600588333333,-14.2162441666667,0 
-169.0600576666667,-14.2162395000000,0 
-169.0600526666667,-14.2162455000000,0 
-169.0600690000000,-14.2162736666667,0 
-169.0600715000000,-14.2162830000000,0 
-169.0600400000000,-14.2162556666667,0 
-169.0600341666667,-14.2162665000000,0 
-169.0600336666667,-14.2162776666667,0 
-169.0600165000000,-14.2162626666667,0 
-169.0600151666667,-14.2162773333333,0 
-169.0600046666667,-14.2162575000000,0 
-169.0599743333333,-14.2162418333333,0 
-169.0599686666667,-14.2162285000000,0 
-169.0599470000000,-14.2162375000000,0 
-169.0599495000000,-14.2162356666667,0 
-169.0599560000000,-14.2162346666667,0 
-169.0599306666667,-14.2162470000000,0 
-169.0599493333333,-14.2162501666667,0 
-169.0599278333333,-14.2162535000000,0 
-169.0599141666667,-14.2162270000000,0 
-169.0599248333333,-14.2162483333333,0 
-169.0599191666667,-14.2162135000000,0 
-169.0599221666667,-14.2162188333333,0 
-169.0599246666667,-14.2162216666667,0 
-169.0599090000000,-14.2162080000000,0 
-169.0599235000000,-14.2162108333333,0 
-169.0598988333333,-14.2162075000000,0 
-169.0599133333333,-14.2162430000000,0 
-169.0598771666667,-14.2162223333333,0 
-169.0598941666667,-14.2162623333333,0 
-169.0598730000000,-14.2162595000000,0 
-169.0598696666667,-14.2162083333333,0 
-169.0598913333333,-14.2161940000000,0 
-169.0598975000000,-14.2161760000000,0 
-169.0599170000000,-14.2161968333333,0 
-169.0598823333333,-14.2161705000000,0 
-169.0598920000000,-14.2162063333333,0 
-169.0598713333333,-14.2161833333333,0 
-169.0598656666667,-14.2162026666667,0 
-169.0598463333333,-14.2162016666667,0 
-169.0598390000000,-14.2162081666667,0 
-169.0598500000000,-14.2162298333333,0 
-169.0598635000000,-14.2162376666667,0 
-169.0598288333333,-14.2162173333333,0 
-169.0598591666667,-14.2162366666667,0 
-169.0598220000000,-14.2162061666667,0 
-169.0598551666667,-14.2162380000000,0 
-169.0598260000000,-14.2162180000000,0 
-169.0598565000000,-14.2162506666667,0 
-169.0598275000000,-14.2162240000000,0 
-169.0598438333333,-14.2162206666667,0 
-169.0598253333333,-14.2162073333333,0 
-169.0598496666667,-14.2162251666667,0 
-169.0598135000000,-14.2162266666667,0 
-169.0598151666667,-14.2162451666667,0 
-169.0598356666667,-14.2162880000000,0 
-169.0598186666667,-14.2162678333333,0 
-169.0598106666667,-14.2162530000000,0 
-169.0597890000000,-14.2162248333333,0 
-169.0598068333333,-14.2162350000000,0 
-169.0597918333333,-14.2161931666667,0 
-169.0598005000000,-14.2161893333333,0 
-169.0598020000000,-14.2161690000000,0 
-169.0598186666667,-14.2161963333333,0 
-169.0597620000000,-14.2162100000000,0 
-169.0597870000000,-14.2162431666667,0 
-169.0597621666667,-14.2162240000000,0 
-169.0597890000000,-14.2162708333333,0 
-169.0597798333333,-14.2162796666667,0 
-169.0597611666667,-14.2162498333333,0 
-169.0598031666667,-14.2162953333333,0 
-169.0597721666667,-14.2162615000000,0 
-169.0597871666667,-14.2162890000000,0 
-169.0597596666667,-14.2162568333333,0 
-169.0597790000000,-14.2162828333333,0 
-169.0597545000000,-14.2162560000000,0 
-169.0597703333333,-14.2162600000000,0 
-169.0597298333333,-14.2162183333333,0 
-169.0597383333333,-14.2162385000000,0 
-169.0597451666667,-14.2162468333333,0 
-169.0597416666667,-14.2162683333333,0 
-169.0597540000000,-14.2162793333333,0 
-169.0597371666667,-14.2162701666667,0 
-169.0597318333333,-14.2162440000000,0 
-169.0597376666667,-14.2162743333333,0 
-169.0597088333333,-14.2162448333333,0 
-169.0596935000000,-14.2162193333333,0 
-169.0596936666667,-14.2162318333333,0 
-169.0596683333333,-14.2162283333333,0 
-169.0596743333333,-14.2162331666667,0 
-169.0596918333333,-14.2162615000000,0 
-169.0596961666667,-14.2162626666667,0 
-169.0596686666667,-14.2162431666667,0 
-169.0596683333333,-14.2162460000000,0 
-169.0596690000000,-14.2162443333333,0 
-169.0596576666667,-14.2162528333333,0 
-169.0596901666667,-14.2162833333333,0 
-169.0596710000000,-14.2162475000000,0 
-169.0596941666667,-14.2162876666667,0 
-169.0596660000000,-14.2162713333333,0 
-169.0596826666667,-14.2162806666667,0 
-169.0596443333333,-14.2162561666667,0 
-169.0596588333333,-14.2162500000000,0 
-169.0596668333333,-14.2162631666667,0 
-169.0596790000000,-14.2162801666667,0 
-169.0596461666667,-14.2162508333333,0 
-169.0596365000000,-14.2162486666667,0 
-169.0596703333333,-14.2162891666667,0 
-169.0596536666667,-14.2162713333333,0 
-169.0596611666667,-14.2162675000000,0 
-169.0596220000000,-14.2162256666667,0 
-169.0596490000000,-14.2162418333333,0 
-169.0596216666667,-14.2161988333333,0 
-169.0596356666667,-14.2161720000000,0 
-169.0596795000000,-14.2161968333333,0 
-169.0596461666667,-14.2161563333333,0 
-169.0596646666667,-14.2161690000000,0 
-169.0596711666667,-14.2161711666667,0 
-169.0596743333333,-14.2161713333333,0 
-169.0596991666667,-14.2161996666667,0 
-169.0596886666667,-14.2161891666667,0 
-169.0596803333333,-14.2161825000000,0 
-169.0597026666667,-14.2162001666667,0 
-169.0596916666667,-14.2161951666667,0 
-169.0596865000000,-14.2162035000000,0 
-169.0596813333333,-14.2161970000000,0 
-169.0596735000000,-14.2161875000000,0 
-169.0596683333333,-14.2161748333333,0 
-169.0597263333333,-14.2161885000000,0 
-169.0596633333333,-14.2161676666667,0 
-169.0597158333333,-14.2161833333333,0 
-169.0597100000000,-14.2161988333333,0 
-169.0597236666667,-14.2161935000000,0 
-169.0597160000000,-14.2161773333333,0 
-169.0597091666667,-14.2161636666667,0 
-169.0597403333333,-14.2161958333333,0 
-169.0597156666667,-14.2161613333333,0 
-169.0597431666667,-14.2161801666667,0 
-169.0597283333333,-14.2161650000000,0 
-169.0597366666667,-14.2161728333333,0 
-169.0597231666667,-14.2161653333333,0 
-169.0597553333333,-14.2161768333333,0 
-169.0597365000000,-14.2161798333333,0 
-169.0597230000000,-14.2161483333333,0 
-169.0597171666667,-14.2161708333333,0 
-169.0597260000000,-14.2161761666667,0 
-169.0597075000000,-14.2161668333333,0 
-169.0597205000000,-14.2161558333333,0 
-169.0596973333333,-14.2161356666667,0 
-169.0596893333333,-14.2161256666667,0 
-169.0596886666667,-14.2161156666667,0 
-169.0596695000000,-14.2160900000000,0 
-169.0596785000000,-14.2160888333333,0 
-169.0596576666667,-14.2160646666667,0 
-169.0596501666667,-14.2160481666667,0 
-169.0596481666667,-14.2160406666667,0 
-169.0596286666667,-14.2160113333333,0 
-169.0596313333333,-14.2160165000000,0 
-169.0596165000000,-14.2160010000000,0 
-169.0596188333333,-14.2159978333333,0 
-169.0595908333333,-14.2159960000000,0 
-169.0595795000000,-14.2160061666667,0 
-169.0595811666667,-14.2160188333333,0 
-169.0595573333333,-14.2160080000000,0 
-169.0595636666667,-14.2160260000000,0 
-169.0595578333333,-14.2160256666667,0 
-169.0595410000000,-14.2160125000000,0 
-169.0595558333333,-14.2160236666667,0 
-169.0595566666667,-14.2159908333333,0 
-169.0595956666667,-14.2159900000000,0 
-169.0595970000000,-14.2159843333333,0 
-169.0595520000000,-14.2159861666667,0 
-169.0595371666667,-14.2159865000000,0 
-169.0595216666667,-14.2159885000000,0 
-169.0595208333333,-14.2160180000000,0 
-169.0595246666667,-14.2160020000000,0 
-169.0595225000000,-14.2160245000000,0 
-169.0595170000000,-14.2160200000000,0 
-169.0595228333333,-14.2160106666667,0 
-169.0595075000000,-14.2160163333333,0 
-169.0595028333333,-14.2160366666667,0 
-169.0595066666667,-14.2160393333333,0 
-169.0594795000000,-14.2160230000000,0 
-169.0594971666667,-14.2160600000000,0 
-169.0594718333333,-14.2160265000000,0 
-169.0594920000000,-14.2160590000000,0 
-169.0594585000000,-14.2160380000000,0 
-169.0594740000000,-14.2160595000000,0 
-169.0594511666667,-14.2160488333333,0 
-169.0594661666667,-14.2160736666667,0 
-169.0594658333333,-14.2160655000000,0 
-169.0594515000000,-14.2160736666667,0 
-169.0594631666667,-14.2160738333333,0 
-169.0594610000000,-14.2160793333333,0 
-169.0594593333333,-14.2160723333333,0 
-169.0594766666667,-14.2160878333333,0 
-169.0594701666667,-14.2160925000000,0 
-169.0594881666667,-14.2161028333333,0 
-169.0594866666667,-14.2161075000000,0 
-169.0594918333333,-14.2161016666667,0 
-169.0595090000000,-14.2161360000000,0 
-169.0594960000000,-14.2161151666667,0 
-169.0595203333333,-14.2161426666667,0 
-169.0595221666667,-14.2161636666667,0 
-169.0595263333333,-14.2161383333333,0 
-169.0595496666667,-14.2161840000000,0 
-169.0595480000000,-14.2161718333333,0 
-169.0595485000000,-14.2161948333333,0 
-169.0595633333333,-14.2162095000000,0 
-169.0595648333333,-14.2162138333333,0 
-169.0595781666667,-14.2162315000000,0 
-169.0595711666667,-14.2162310000000,0 
-169.0596023333333,-14.2162518333333,0 
-169.0596016666667,-14.2162676666667,0 
-169.0596005000000,-14.2162770000000,0 
-169.0596180000000,-14.2162825000000,0 
-169.0596175000000,-14.2162906666667,0 
-169.0596406666667,-14.2163205000000,0 
-169.0596300000000,-14.2163048333333,0 
-169.0596696666667,-14.2163473333333,0 
-169.0596510000000,-14.2163393333333,0 
-169.0596873333333,-14.2163630000000,0 
-169.0596666666667,-14.2163513333333,0 
-169.0597151666667,-14.2163893333333,0 
-169.0596968333333,-14.2163761666667,0 
-169.0597400000000,-14.2164005000000,0 
-169.0597346666667,-14.2163946666667,0 
-169.0597728333333,-14.2164210000000,0 
-169.0597735000000,-14.2164195000000,0 
-169.0597848333333,-14.2164333333333,0 
-169.0597988333333,-14.2164461666667,0 
-169.0598261666667,-14.2164683333333,0 
-169.0598378333333,-14.2164705000000,0 
-169.0598453333333,-14.2164728333333,0 
-169.0598601666667,-14.2164886666667,0 
-169.0598626666667,-14.2164858333333,0 
-169.0598766666667,-14.2164991666667,0 
-169.0598773333333,-14.2165003333333,0 
-169.0598941666667,-14.2165111666667,0 
-169.0599135000000,-14.2165296666667,0 
-169.0599015000000,-14.2165180000000,0 
-169.0599333333333,-14.2165425000000,0 
-169.0599331666667,-14.2165420000000,0 
-169.0599468333333,-14.2165520000000,0 
-169.0599625000000,-14.2165733333333,0 
-169.0599558333333,-14.2165525000000,0 
-169.0599866666667,-14.2165773333333,0 
-169.0599925000000,-14.2165805000000,0 
-169.0599946666667,-14.2165736666667,0 
-169.0600140000000,-14.2165810000000,0 
-169.0600251666667,-14.2165836666667,0 
-169.0600248333333,-14.2165758333333,0 
-169.0600410000000,-14.2165826666667,0 
-169.0600485000000,-14.2165850000000,0 
-169.0600515000000,-14.2165798333333,0 
-169.0600570000000,-14.2165761666667,0 
-169.0600593333333,-14.2165808333333,0 
-169.0600755000000,-14.2165903333333,0 
-169.0600731666667,-14.2165921666667,0 
-169.0600825000000,-14.2165865000000,0 
-169.0600851666667,-14.2165951666667,0 
-169.0600998333333,-14.2166043333333,0 
-169.0600996666667,-14.2166031666667,0 
-169.0601110000000,-14.2166168333333,0 
-169.0601196666667,-14.2166258333333,0 
-169.0601358333333,-14.2166393333333,0 
-169.0601375000000,-14.2166483333333,0 
-169.0601548333333,-14.2166686666667,0 
-169.0601495000000,-14.2166680000000,0 
-169.0601688333333,-14.2166858333333,0 
-169.0601708333333,-14.2166903333333,0 
-169.0601953333333,-14.2167133333333,0 
-169.0601966666667,-14.2167136666667,0 
-169.0602118333333,-14.2167341666667,0 
-169.0602116666667,-14.2167373333333,0 
-169.0602418333333,-14.2167608333333,0 
-169.0602368333333,-14.2167513333333,0 
-169.0602526666667,-14.2167670000000,0 
-169.0602571666667,-14.2167723333333,0 
-169.0602630000000,-14.2167830000000,0 
-169.0602755000000,-14.2167960000000,0 
-169.0602838333333,-14.2167920000000,0 
-169.0603066666667,-14.2168130000000,0 
-169.0603061666667,-14.2168116666667,0 
-169.0603340000000,-14.2168388333333,0 
-169.0603303333333,-14.2168250000000,0 
-169.0603615000000,-14.2168561666667,0 
-169.0603588333333,-14.2168585000000,0 
-169.0603776666667,-14.2168785000000,0 
-169.0603806666667,-14.2168933333333,0 
-169.0603915000000,-14.2169001666667,0 
-169.0604078333333,-14.2169261666667,0 
-169.0604110000000,-14.2169343333333,0 
-169.0604261666667,-14.2169593333333,0 
-169.0604338333333,-14.2169770000000,0 
-169.0604405000000,-14.2169930000000,0 
-169.0604490000000,-14.2170061666667,0 
-169.0604576666667,-14.2170241666667,0 
-169.0604658333333,-14.2170340000000,0 
-169.0604730000000,-14.2170441666667,0 
-169.0604781666667,-14.2170665000000,0 
-169.0604910000000,-14.2170731666667,0 
-169.0604995000000,-14.2170928333333,0 
-169.0605060000000,-14.2170940000000,0 
-169.0605133333333,-14.2171171666667,0 
-169.0605238333333,-14.2171148333333,0 
-169.0605398333333,-14.2171418333333,0 
-169.0605456666667,-14.2171460000000,0 
-169.0605723333333,-14.2171746666667,0 
-169.0605658333333,-14.2171655000000,0 
-169.0606036666667,-14.2171928333333,0 
-169.0605915000000,-14.2172018333333,0 
-169.0606126666667,-14.2172110000000,0 
-169.0606260000000,-14.2172325000000,0 
-169.0606368333333,-14.2172285000000,0 
-169.0606583333333,-14.2172521666667,0 
-169.0606585000000,-14.2172485000000,0 
-169.0606820000000,-14.2172733333333,0 
-169.0606860000000,-14.2172748333333,0 
-169.0607041666667,-14.2172866666667,0 
-169.0607153333333,-14.2172943333333,0 
-169.0607211666667,-14.2173000000000,0 
-169.0607408333333,-14.2173138333333,0 
-169.0607545000000,-14.2173261666667,0 
-169.0607625000000,-14.2173268333333,0 
-169.0607813333333,-14.2173488333333,0 
-169.0607886666667,-14.2173556666667,0 
-169.0608046666667,-14.2173741666667,0 
-169.0608160000000,-14.2173893333333,0 
-169.0608325000000,-14.2174065000000,0 
-169.0608423333333,-14.2174163333333,0 
-169.0608645000000,-14.2174398333333,0 
-169.0608685000000,-14.2174463333333,0 
-169.0608920000000,-14.2174716666667,0 
-169.0609013333333,-14.2174758333333,0 
-169.0609183333333,-14.2175015000000,0 
-169.0609216666667,-14.2174988333333,0 
-169.0609425000000,-14.2175095000000,0 
-169.0609500000000,-14.2175273333333,0 
-169.0609566666667,-14.2175243333333,0 
-169.0609721666667,-14.2175400000000,0 
-169.0609828333333,-14.2175345000000,0 
-169.0609978333333,-14.2175576666667,0 
-169.0610158333333,-14.2175570000000,0 
-169.0610241666667,-14.2175710000000,0 
-169.0610320000000,-14.2175690000000,0 
-169.0610393333333,-14.2175751666667,0 
-169.0610708333333,-14.2176021666667,0 
-169.0610851666667,-14.2176123333333,0 
-169.0610970000000,-14.2176228333333,0 
-169.0611108333333,-14.2176355000000,0 
-169.0611250000000,-14.2176485000000,0 
-169.0611370000000,-14.2176590000000,0 
-169.0611496666667,-14.2176765000000,0 
-169.0611555000000,-14.2176853333333,0 
-169.0611756666667,-14.2176896666667,0 
-169.0611875000000,-14.2177066666667,0 
-169.0611978333333,-14.2177030000000,0 
-169.0612086666667,-14.2177230000000,0 
-169.0612220000000,-14.2177133333333,0 
-169.0612381666667,-14.2177378333333,0 
-169.0612410000000,-14.2177215000000,0 
-169.0612623333333,-14.2177441666667,0 
-169.0612796666667,-14.2177516666667,0 
-169.0612863333333,-14.2177411666667,0 
-169.0613083333333,-14.2177715000000,0 
-169.0613055000000,-14.2177765000000,0 
-169.0613223333333,-14.2177720000000,0 
-169.0613413333333,-14.2178008333333,0 
-169.0613473333333,-14.2177945000000,0 
-169.0613711666667,-14.2178170000000,0 
-169.0613805000000,-14.2178265000000,0 
-169.0613923333333,-14.2178241666667,0 
-169.0614100000000,-14.2178466666667,0 
-169.0614235000000,-14.2178413333333,0 
-169.0614433333333,-14.2178491666667,0 
-169.0614551666667,-14.2178543333333,0 
-169.0614718333333,-14.2178705000000,0 
-169.0614791666667,-14.2178756666667,0 
-169.0615000000000,-14.2178843333333,0 
-169.0615045000000,-14.2178943333333,0 
-169.0615233333333,-14.2179003333333,0 
-169.0615385000000,-14.2179078333333,0 
-169.0615485000000,-14.2179168333333,0 
-169.0615618333333,-14.2179171666667,0 
-169.0615831666667,-14.2179321666667,0 
-169.0615908333333,-14.2179381666667,0 
-169.0615906666667,-14.2179456666667,0 
-169.0616150000000,-14.2179560000000,0 
-169.0616240000000,-14.2179670000000,0 
-169.0616361666667,-14.2179753333333,0 
-169.0616555000000,-14.2179915000000,0 
-169.0616638333333,-14.2179935000000,0 
-169.0616801666667,-14.2180155000000,0 
-169.0616895000000,-14.2180165000000,0 
-169.0617026666667,-14.2180345000000,0 
-169.0617153333333,-14.2180480000000,0 
-169.0617301666667,-14.2180543333333,0 
-169.0617473333333,-14.2180703333333,0 
-169.0617506666667,-14.2180731666667,0 
-169.0617678333333,-14.2180823333333,0 
-169.0617805000000,-14.2180891666667,0 
-169.0617965000000,-14.2181060000000,0 
-169.0618098333333,-14.2181093333333,0 
-169.0618163333333,-14.2181241666667,0 
-169.0618241666667,-14.2181386666667,0 
-169.0618381666667,-14.2181393333333,0 
-169.0618428333333,-14.2181615000000,0 
-169.0618388333333,-14.2181691666667,0 
-169.0618430000000,-14.2181665000000,0 
-169.0618593333333,-14.2181951666667,0 
-169.0618645000000,-14.2181905000000,0 
-169.0618705000000,-14.2182010000000,0 
-169.0618883333333,-14.2182158333333,0 
-169.0619025000000,-14.2182318333333,0 
-169.0619131666667,-14.2182396666667,0 
-169.0619228333333,-14.2182486666667,0 
-169.0619473333333,-14.2182515000000,0 
-169.0619456666667,-14.2182586666667,0 
-169.0619723333333,-14.2182823333333,0 
-169.0619896666667,-14.2182646666667,0 
-169.0620113333333,-14.2182636666667,0 
-169.0620240000000,-14.2182658333333,0 
-169.0620448333333,-14.2182733333333,0 
-169.0620680000000,-14.2182840000000,0 
-169.0620901666667,-14.2182840000000,0 
-169.0621063333333,-14.2182926666667,0 
-169.0621261666667,-14.2182963333333,0 
-169.0621450000000,-14.2183068333333,0 
-169.0621641666667,-14.2183045000000,0 
-169.0621790000000,-14.2183223333333,0 
-169.0621933333333,-14.2183230000000,0 
-169.0622116666667,-14.2183211666667,0 
-169.0622305000000,-14.2183363333333,0 
-169.0622453333333,-14.2183386666667,0 
-169.0622766666667,-14.2183456666667,0 
-169.0622910000000,-14.2183460000000,0 
-169.0623106666667,-14.2183441666667,0 
</coordinates></LineString></Placemark></Document></kml>
