<kml><Document><Placemark>
<name>Testing</name>
<LineString><tessellate>1</tessellate>
<coordinates>
-168.6408843333333,-14.4652631666667,0 
-168.6408786666667,-14.4652700000000,0 
-168.6408726666667,-14.4652881666667,0 
-168.6408730000000,-14.4653073333333,0 
-168.6408985000000,-14.4652985000000,0 
-168.6409146666667,-14.4652995000000,0 
-168.6409291666667,-14.4653126666667,0 
-168.6409325000000,-14.4653073333333,0 
-168.6409470000000,-14.4653123333333,0 
-168.6409393333333,-14.4653045000000,0 
-168.6409480000000,-14.4653293333333,0 
-168.6409605000000,-14.4653560000000,0 
-168.6409596666667,-14.4653718333333,0 
-168.6409646666667,-14.4653845000000,0 
-168.6409666666667,-14.4654043333333,0 
-168.6409788333333,-14.4654328333333,0 
-168.6409848333333,-14.4654611666667,0 
-168.6409925000000,-14.4654861666667,0 
-168.6410085000000,-14.4655115000000,0 
-168.6410285000000,-14.4655431666667,0 
-168.6410351666667,-14.4655688333333,0 
-168.6410480000000,-14.4655970000000,0 
-168.6410361666667,-14.4656195000000,0 
-168.6410138333333,-14.4656093333333,0 
-168.6410360000000,-14.4656543333333,0 
-168.6410306666667,-14.4656651666667,0 
-168.6410191666667,-14.4656836666667,0 
-168.6410253333333,-14.4657015000000,0 
-168.6410216666667,-14.4656975000000,0 
-168.6409981666667,-14.4657026666667,0 
-168.6410136666667,-14.4657148333333,0 
-168.6410110000000,-14.4657110000000,0 
-168.6410060000000,-14.4657086666667,0 
-168.6410076666667,-14.4657238333333,0 
-168.6410213333333,-14.4657140000000,0 
-168.6410285000000,-14.4657216666667,0 
-168.6410355000000,-14.4657165000000,0 
-168.6410046666667,-14.4657225000000,0 
-168.6410293333333,-14.4657091666667,0 
-168.6410200000000,-14.4656975000000,0 
-168.6410225000000,-14.4657060000000,0 
-168.6410150000000,-14.4656996666667,0 
-168.6410125000000,-14.4657006666667,0 
-168.6410080000000,-14.4656958333333,0 
-168.6409971666667,-14.4656905000000,0 
-168.6410038333333,-14.4656795000000,0 
-168.6410140000000,-14.4656721666667,0 
-168.6410241666667,-14.4656473333333,0 
-168.6410245000000,-14.4656711666667,0 
-168.6410098333333,-14.4656486666667,0 
-168.6410368333333,-14.4656330000000,0 
-168.6410405000000,-14.4656085000000,0 
-168.6410500000000,-14.4655961666667,0 
-168.6410358333333,-14.4655888333333,0 
-168.6410518333333,-14.4655643333333,0 
-168.6410500000000,-14.4655406666667,0 
-168.6410475000000,-14.4655291666667,0 
-168.6410328333333,-14.4655025000000,0 
-168.6410211666667,-14.4654826666667,0 
-168.6410146666667,-14.4654778333333,0 
-168.6410018333333,-14.4654616666667,0 
-168.6410006666667,-14.4654460000000,0 
-168.6409951666667,-14.4654275000000,0 
-168.6409813333333,-14.4654400000000,0 
-168.6409770000000,-14.4654240000000,0 
-168.6409741666667,-14.4654033333333,0 
-168.6409756666667,-14.4653876666667,0 
-168.6409671666667,-14.4653965000000,0 
-168.6409681666667,-14.4653918333333,0 
-168.6409498333333,-14.4653783333333,0 
-168.6409485000000,-14.4653820000000,0 
-168.6409516666667,-14.4653865000000,0 
-168.6409503333333,-14.4653785000000,0 
-168.6409453333333,-14.4653913333333,0 
-168.6409381666667,-14.4653941666667,0 
-168.6409218333333,-14.4654018333333,0 
-168.6409268333333,-14.4654170000000,0 
-168.6409233333333,-14.4654090000000,0 
-168.6409181666667,-14.4654186666667,0 
-168.6409200000000,-14.4654275000000,0 
-168.6409098333333,-14.4654491666667,0 
-168.6409126666667,-14.4654516666667,0 
-168.6409048333333,-14.4654588333333,0 
-168.6409056666667,-14.4654648333333,0 
-168.6409031666667,-14.4654775000000,0 
-168.6409400000000,-14.4654988333333,0 
-168.6409171666667,-14.4655013333333,0 
-168.6409405000000,-14.4655088333333,0 
-168.6409578333333,-14.4655248333333,0 
-168.6409656666667,-14.4655311666667,0 
-168.6409613333333,-14.4655683333333,0 
-168.6409686666667,-14.4655996666667,0 
-168.6409700000000,-14.4656296666667,0 
-168.6409785000000,-14.4656428333333,0 
-168.6409650000000,-14.4656540000000,0 
-168.6409635000000,-14.4656703333333,0 
-168.6409513333333,-14.4656655000000,0 
-168.6409415000000,-14.4656755000000,0 
-168.6409366666667,-14.4656645000000,0 
-168.6409301666667,-14.4656603333333,0 
-168.6409188333333,-14.4656690000000,0 
-168.6409198333333,-14.4656541666667,0 
-168.6409196666667,-14.4656578333333,0 
-168.6408991666667,-14.4656526666667,0 
-168.6409020000000,-14.4656675000000,0 
-168.6408930000000,-14.4656755000000,0 
-168.6408710000000,-14.4656736666667,0 
-168.6408653333333,-14.4656851666667,0 
-168.6408666666667,-14.4657058333333,0 
-168.6408408333333,-14.4657025000000,0 
-168.6408393333333,-14.4657213333333,0 
-168.6408331666667,-14.4657155000000,0 
-168.6408405000000,-14.4657088333333,0 
-168.6407985000000,-14.4657378333333,0 
-168.6408188333333,-14.4657275000000,0 
-168.6408371666667,-14.4657741666667,0 
-168.6408086666667,-14.4657808333333,0 
-168.6407903333333,-14.4657855000000,0 
-168.6407800000000,-14.4657941666667,0 
-168.6407913333333,-14.4658276666667,0 
-168.6407710000000,-14.4658348333333,0 
-168.6407711666667,-14.4658610000000,0 
-168.6407608333333,-14.4658866666667,0 
-168.6407456666667,-14.4658745000000,0 
-168.6407390000000,-14.4659120000000,0 
-168.6407503333333,-14.4659116666667,0 
-168.6408286666667,-14.4659766666667,0 
-168.6407156666667,-14.4659583333333,0 
-168.6407021666667,-14.4659921666667,0 
-168.6407241666667,-14.4659790000000,0 
-168.6407111666667,-14.4659798333333,0 
-168.6407318333333,-14.4659875000000,0 
-168.6407353333333,-14.4659745000000,0 
-168.6407585000000,-14.4659923333333,0 
-168.6407710000000,-14.4659938333333,0 
-168.6407648333333,-14.4659811666667,0 
-168.6407708333333,-14.4660220000000,0 
-168.6407570000000,-14.4660033333333,0 
-168.6407555000000,-14.4660226666667,0 
-168.6407470000000,-14.4660241666667,0 
-168.6407511666667,-14.4660536666667,0 
-168.6407578333333,-14.4660631666667,0 
-168.6407563333333,-14.4660788333333,0 
-168.6407588333333,-14.4660986666667,0 
-168.6407336666667,-14.4660966666667,0 
-168.6407486666667,-14.4661076666667,0 
-168.6407453333333,-14.4661088333333,0 
-168.6407191666667,-14.4661223333333,0 
-168.6407230000000,-14.4661470000000,0 
-168.6407366666667,-14.4661696666667,0 
-168.6407245000000,-14.4661723333333,0 
-168.6407320000000,-14.4661638333333,0 
-168.6407656666667,-14.4662498333333,0 
-168.6407161666667,-14.4661915000000,0 
-168.6407041666667,-14.4661841666667,0 
-168.6407410000000,-14.4661808333333,0 
-168.6406976666667,-14.4662186666667,0 
-168.6406721666667,-14.4662140000000,0 
-168.6406553333333,-14.4661845000000,0 
-168.6406763333333,-14.4662116666667,0 
-168.6406703333333,-14.4662238333333,0 
-168.6406520000000,-14.4662408333333,0 
-168.6406541666667,-14.4662618333333,0 
-168.6406623333333,-14.4662655000000,0 
-168.6406548333333,-14.4662823333333,0 
-168.6406463333333,-14.4662901666667,0 
-168.6406541666667,-14.4662913333333,0 
-168.6406540000000,-14.4663115000000,0 
-168.6406595000000,-14.4663233333333,0 
-168.6406446666667,-14.4663411666667,0 
-168.6406398333333,-14.4663465000000,0 
-168.6406458333333,-14.4663505000000,0 
-168.6406071666667,-14.4663150000000,0 
-168.6406171666667,-14.4663828333333,0 
-168.6406576666667,-14.4663983333333,0 
-168.6406240000000,-14.4664150000000,0 
-168.6406153333333,-14.4664475000000,0 
-168.6406016666667,-14.4664466666667,0 
-168.6406258333333,-14.4664621666667,0 
-168.6406280000000,-14.4664773333333,0 
-168.6406228333333,-14.4665033333333,0 
-168.6406110000000,-14.4665200000000,0 
-168.6406585000000,-14.4665168333333,0 
-168.6406600000000,-14.4664988333333,0 
-168.6406230000000,-14.4665290000000,0 
-168.6406223333333,-14.4665000000000,0 
-168.6406276666667,-14.4665345000000,0 
-168.6406093333333,-14.4665695000000,0 
-168.6406353333333,-14.4665958333333,0 
-168.6406150000000,-14.4665756666667,0 
-168.6406080000000,-14.4665661666667,0 
-168.6405698333333,-14.4665891666667,0 
-168.6405820000000,-14.4665628333333,0 
-168.6406176666667,-14.4666206666667,0 
-168.6406188333333,-14.4665625000000,0 
-168.6405768333333,-14.4665998333333,0 
-168.6405706666667,-14.4665841666667,0 
-168.6405835000000,-14.4666240000000,0 
-168.6405790000000,-14.4666165000000,0 
-168.6406068333333,-14.4666586666667,0 
-168.6406358333333,-14.4666620000000,0 
-168.6405998333333,-14.4666645000000,0 
-168.6405933333333,-14.4666341666667,0 
-168.6405516666667,-14.4666293333333,0 
-168.6405691666667,-14.4666755000000,0 
-168.6405863333333,-14.4666653333333,0 
-168.6405748333333,-14.4666853333333,0 
-168.6405623333333,-14.4666976666667,0 
-168.6405735000000,-14.4666956666667,0 
-168.6405716666667,-14.4667278333333,0 
-168.6405780000000,-14.4667413333333,0 
-168.6405826666667,-14.4667353333333,0 
-168.6405751666667,-14.4667273333333,0 
-168.6405850000000,-14.4667328333333,0 
-168.6405615000000,-14.4667211666667,0 
-168.6405723333333,-14.4667293333333,0 
-168.6405511666667,-14.4667383333333,0 
-168.6405476666667,-14.4667611666667,0 
-168.6405438333333,-14.4667938333333,0 
-168.6405415000000,-14.4667413333333,0 
-168.6405328333333,-14.4667785000000,0 
-168.6405530000000,-14.4667936666667,0 
-168.6405376666667,-14.4667910000000,0 
-168.6405440000000,-14.4667805000000,0 
-168.6405256666667,-14.4667745000000,0 
-168.6405345000000,-14.4668050000000,0 
-168.6404313333333,-14.4668431666667,0 
-168.6405146666667,-14.4668463333333,0 
-168.6405226666667,-14.4668370000000,0 
-168.6405183333333,-14.4668716666667,0 
-168.6405003333333,-14.4668363333333,0 
-168.6405146666667,-14.4668228333333,0 
-168.6405251666667,-14.4668221666667,0 
-168.6405173333333,-14.4668348333333,0 
-168.6405108333333,-14.4668331666667,0 
-168.6405256666667,-14.4668241666667,0 
-168.6405035000000,-14.4668440000000,0 
-168.6404936666667,-14.4668331666667,0 
-168.6404826666667,-14.4668675000000,0 
-168.6404546666667,-14.4668590000000,0 
-168.6404850000000,-14.4668300000000,0 
-168.6404265000000,-14.4668103333333,0 
-168.6405073333333,-14.4668853333333,0 
-168.6405025000000,-14.4668333333333,0 
-168.6403975000000,-14.4669301666667,0 
-168.6404070000000,-14.4668361666667,0 
-168.6404231666667,-14.4668793333333,0 
-168.6404008333333,-14.4669065000000,0 
-168.6404486666667,-14.4668905000000,0 
-168.6404111666667,-14.4669081666667,0 
-168.6404146666667,-14.4669026666667,0 
-168.6403833333333,-14.4668880000000,0 
-168.6403553333333,-14.4668951666667,0 
-168.6403891666667,-14.4668513333333,0 
-168.6404148333333,-14.4668990000000,0 
-168.6404413333333,-14.4670016666667,0 
-168.6403180000000,-14.4668770000000,0 
-168.6403570000000,-14.4669113333333,0 
-168.6404051666667,-14.4669043333333,0 
-168.6403318333333,-14.4669365000000,0 
-168.6403521666667,-14.4669555000000,0 
-168.6402685000000,-14.4668823333333,0 
-168.6403171666667,-14.4669036666667,0 
-168.6402468333333,-14.4669748333333,0 
-168.6403775000000,-14.4669478333333,0 
-168.6402953333333,-14.4669803333333,0 
-168.6402775000000,-14.4669776666667,0 
-168.6402465000000,-14.4670171666667,0 
-168.6402501666667,-14.4670125000000,0 
-168.6402698333333,-14.4670705000000,0 
-168.6402456666667,-14.4670565000000,0 
-168.6402691666667,-14.4671241666667,0 
-168.6403033333333,-14.4670946666667,0 
-168.6402740000000,-14.4670758333333,0 
-168.6402803333333,-14.4671171666667,0 
-168.6402420000000,-14.4671350000000,0 
-168.6402385000000,-14.4671400000000,0 
-168.6402058333333,-14.4671550000000,0 
-168.6402640000000,-14.4671353333333,0 
-168.6402413333333,-14.4671506666667,0 
-168.6402405000000,-14.4671628333333,0 
-168.6402295000000,-14.4671225000000,0 
-168.6402271666667,-14.4671491666667,0 
-168.6401911666667,-14.4671763333333,0 
-168.6402000000000,-14.4671858333333,0 
-168.6401950000000,-14.4671623333333,0 
-168.6402003333333,-14.4672036666667,0 
-168.6401975000000,-14.4671941666667,0 
-168.6401810000000,-14.4671985000000,0 
-168.6401730000000,-14.4672283333333,0 
-168.6401838333333,-14.4671940000000,0 
-168.6401341666667,-14.4671883333333,0 
-168.6401480000000,-14.4672835000000,0 
-168.6401180000000,-14.4672506666667,0 
-168.6401880000000,-14.4672656666667,0 
-168.6400890000000,-14.4672993333333,0 
-168.6400765000000,-14.4673028333333,0 
-168.6400975000000,-14.4673336666667,0 
-168.6400968333333,-14.4673183333333,0 
-168.6400978333333,-14.4672821666667,0 
-168.6401468333333,-14.4673438333333,0 
-168.6400865000000,-14.4673091666667,0 
-168.6401161666667,-14.4673766666667,0 
-168.6400848333333,-14.4673271666667,0 
-168.6400595000000,-14.4673231666667,0 
-168.6400310000000,-14.4673458333333,0 
-168.6400890000000,-14.4673910000000,0 
-168.6400935000000,-14.4674236666667,0 
-168.6400625000000,-14.4673815000000,0 
-168.6400233333333,-14.4674433333333,0 
-168.6399950000000,-14.4674835000000,0 
-168.6400150000000,-14.4673606666667,0 
-168.6400366666667,-14.4674198333333,0 
-168.6400880000000,-14.4674488333333,0 
-168.6400335000000,-14.4674111666667,0 
-168.6400613333333,-14.4674678333333,0 
-168.6399903333333,-14.4674728333333,0 
-168.6399870000000,-14.4674478333333,0 
-168.6400548333333,-14.4675495000000,0 
-168.6400440000000,-14.4674645000000,0 
-168.6399990000000,-14.4674820000000,0 
-168.6400151666667,-14.4675061666667,0 
-168.6400455000000,-14.4675115000000,0 
-168.6399606666667,-14.4675153333333,0 
-168.6399496666667,-14.4674858333333,0 
-168.6400513333333,-14.4675745000000,0 
-168.6398926666667,-14.4674993333333,0 
-168.6399196666667,-14.4675531666667,0 
-168.6399106666667,-14.4675783333333,0 
-168.6399025000000,-14.4675280000000,0 
-168.6399381666667,-14.4675535000000,0 
-168.6399105000000,-14.4675111666667,0 
-168.6399111666667,-14.4675485000000,0 
-168.6398920000000,-14.4675311666667,0 
-168.6398535000000,-14.4675076666667,0 
-168.6399023333333,-14.4675441666667,0 
-168.6399725000000,-14.4675981666667,0 
-168.6399276666667,-14.4675886666667,0 
-168.6398255000000,-14.4675553333333,0 
-168.6398500000000,-14.4675376666667,0 
-168.6398790000000,-14.4676025000000,0 
-168.6397796666667,-14.4675928333333,0 
-168.6397756666667,-14.4675905000000,0 
-168.6398331666667,-14.4676001666667,0 
-168.6398761666667,-14.4676220000000,0 
-168.6398300000000,-14.4675910000000,0 
-168.6397891666667,-14.4675651666667,0 
-168.6397981666667,-14.4676565000000,0 
-168.6399151666667,-14.4675161666667,0 
-168.6398281666667,-14.4675511666667,0 
-168.6398540000000,-14.4675728333333,0 
-168.6399116666667,-14.4675506666667,0 
-168.6398690000000,-14.4675636666667,0 
-168.6398341666667,-14.4676063333333,0 
-168.6397793333333,-14.4676283333333,0 
-168.6398071666667,-14.4676235000000,0 
-168.6398390000000,-14.4676448333333,0 
-168.6398478333333,-14.4676215000000,0 
-168.6398928333333,-14.4676765000000,0 
-168.6397955000000,-14.4676730000000,0 
-168.6398291666667,-14.4677471666667,0 
-168.6398680000000,-14.4677590000000,0 
-168.6398051666667,-14.4677043333333,0 
-168.6398243333333,-14.4677380000000,0 
-168.6398561666667,-14.4677761666667,0 
-168.6397711666667,-14.4677603333333,0 
-168.6397418333333,-14.4677248333333,0 
-168.6397985000000,-14.4677705000000,0 
-168.6398330000000,-14.4678318333333,0 
-168.6397501666667,-14.4678050000000,0 
-168.6397130000000,-14.4678245000000,0 
-168.6397160000000,-14.4679251666667,0 
-168.6397253333333,-14.4678848333333,0 
-168.6397106666667,-14.4679860000000,0 
-168.6397785000000,-14.4680546666667,0 
-168.6396868333333,-14.4681115000000,0 
-168.6397221666667,-14.4681073333333,0 
-168.6397323333333,-14.4681481666667,0 
-168.6397925000000,-14.4681303333333,0 
-168.6398081666667,-14.4681936666667,0 
-168.6397678333333,-14.4682441666667,0 
-168.6396588333333,-14.4682235000000,0 
-168.6396773333333,-14.4682056666667,0 
-168.6397320000000,-14.4681710000000,0 
-168.6397226666667,-14.4681050000000,0 
-168.6396433333333,-14.4681580000000,0 
-168.6396838333333,-14.4681893333333,0 
-168.6396371666667,-14.4681491666667,0 
-168.6396783333333,-14.4682128333333,0 
-168.6395925000000,-14.4681825000000,0 
-168.6395560000000,-14.4681676666667,0 
-168.6395145000000,-14.4682785000000,0 
-168.6395011666667,-14.4682541666667,0 
-168.6395063333333,-14.4682225000000,0 
-168.6394290000000,-14.4682548333333,0 
-168.6394511666667,-14.4682676666667,0 
-168.6394131666667,-14.4682743333333,0 
-168.6394563333333,-14.4683278333333,0 
-168.6394155000000,-14.4682998333333,0 
-168.6394068333333,-14.4683021666667,0 
-168.6394283333333,-14.4682710000000,0 
-168.6394138333333,-14.4682173333333,0 
-168.6394735000000,-14.4682076666667,0 
-168.6394938333333,-14.4682471666667,0 
-168.6394556666667,-14.4681716666667,0 
-168.6393615000000,-14.4682668333333,0 
-168.6394110000000,-14.4682626666667,0 
-168.6393720000000,-14.4682643333333,0 
-168.6395010000000,-14.4683225000000,0 
-168.6394123333333,-14.4682811666667,0 
-168.6394476666667,-14.4682940000000,0 
-168.6394405000000,-14.4682501666667,0 
-168.6394648333333,-14.4682238333333,0 
-168.6394978333333,-14.4681483333333,0 
-168.6394038333333,-14.4681183333333,0 
-168.6394246666667,-14.4681998333333,0 
-168.6395156666667,-14.4681945000000,0 
-168.6394721666667,-14.4681380000000,0 
-168.6394856666667,-14.4681773333333,0 
-168.6393951666667,-14.4681373333333,0 
-168.6394448333333,-14.4681670000000,0 
-168.6395275000000,-14.4681806666667,0 
-168.6394871666667,-14.4681535000000,0 
-168.6394641666667,-14.4681333333333,0 
-168.6394766666667,-14.4680938333333,0 
-168.6394475000000,-14.4680765000000,0 
-168.6395203333333,-14.4681326666667,0 
-168.6395331666667,-14.4681318333333,0 
-168.6394276666667,-14.4680493333333,0 
-168.6395496666667,-14.4680965000000,0 
-168.6395320000000,-14.4681106666667,0 
-168.6394958333333,-14.4681198333333,0 
-168.6395566666667,-14.4681391666667,0 
-168.6395228333333,-14.4681836666667,0 
-168.6394171666667,-14.4681630000000,0 
-168.6394770000000,-14.4681643333333,0 
-168.6394945000000,-14.4681518333333,0 
-168.6394358333333,-14.4682110000000,0 
-168.6394455000000,-14.4681285000000,0 
-168.6393430000000,-14.4681311666667,0 
-168.6394181666667,-14.4681686666667,0 
-168.6394800000000,-14.4681675000000,0 
-168.6393733333333,-14.4682225000000,0 
-168.6393223333333,-14.4682883333333,0 
-168.6394160000000,-14.4682396666667,0 
-168.6394091666667,-14.4681978333333,0 
-168.6393803333333,-14.4681486666667,0 
-168.6393475000000,-14.4681650000000,0 
-168.6393373333333,-14.4682291666667,0 
-168.6392928333333,-14.4682356666667,0 
-168.6392886666667,-14.4682756666667,0 
-168.6393481666667,-14.4682285000000,0 
-168.6393505000000,-14.4681993333333,0 
-168.6392716666667,-14.4682616666667,0 
-168.6392440000000,-14.4682371666667,0 
-168.6391673333333,-14.4682683333333,0 
-168.6392653333333,-14.4683546666667,0 
-168.6391643333333,-14.4682575000000,0 
-168.6391873333333,-14.4682800000000,0 
-168.6392556666667,-14.4683206666667,0 
-168.6391755000000,-14.4682273333333,0 
-168.6391946666667,-14.4683061666667,0 
-168.6391716666667,-14.4683195000000,0 
-168.6391660000000,-14.4683235000000,0 
-168.6391263333333,-14.4683200000000,0 
-168.6391071666667,-14.4683251666667,0 
-168.6391620000000,-14.4683420000000,0 
-168.6391838333333,-14.4683515000000,0 
-168.6390720000000,-14.4683245000000,0 
-168.6391818333333,-14.4682895000000,0 
-168.6391461666667,-14.4682361666667,0 
-168.6392546666667,-14.4682603333333,0 
-168.6390708333333,-14.4681930000000,0 
-168.6391025000000,-14.4681883333333,0 
-168.6390706666667,-14.4681761666667,0 
-168.6392178333333,-14.4682121666667,0 
-168.6391475000000,-14.4682513333333,0 
-168.6390788333333,-14.4681383333333,0 
-168.6391510000000,-14.4681953333333,0 
-168.6392103333333,-14.4681698333333,0 
-168.6391503333333,-14.4682426666667,0 
-168.6391626666667,-14.4681980000000,0 
-168.6391981666667,-14.4682326666667,0 
-168.6391686666667,-14.4681841666667,0 
-168.6391568333333,-14.4682328333333,0 
-168.6392401666667,-14.4682586666667,0 
-168.6392081666667,-14.4681553333333,0 
-168.6392696666667,-14.4682356666667,0 
-168.6391791666667,-14.4682035000000,0 
-168.6392253333333,-14.4682323333333,0 
-168.6392250000000,-14.4682188333333,0 
-168.6392403333333,-14.4681711666667,0 
-168.6391655000000,-14.4681625000000,0 
-168.6392550000000,-14.4682665000000,0 
-168.6392025000000,-14.4681813333333,0 
-168.6392391666667,-14.4682351666667,0 
-168.6393225000000,-14.4683021666667,0 
-168.6393283333333,-14.4682361666667,0 
-168.6392986666667,-14.4682196666667,0 
-168.6392661666667,-14.4682296666667,0 
-168.6391863333333,-14.4681631666667,0 
-168.6392720000000,-14.4682570000000,0 
-168.6392796666667,-14.4682185000000,0 
-168.6392506666667,-14.4682770000000,0 
-168.6392993333333,-14.4682778333333,0 
-168.6392455000000,-14.4683745000000,0 
-168.6392968333333,-14.4683798333333,0 
-168.6392545000000,-14.4685878333333,0 
-168.6391711666667,-14.4685671666667,0 
-168.6389781666667,-14.4686850000000,0 
-168.6389073333333,-14.4687116666667,0 
-168.6389701666667,-14.4686123333333,0 
-168.6389333333333,-14.4686233333333,0 
-168.6388868333333,-14.4686460000000,0 
-168.6388021666667,-14.4688250000000,0 
-168.6389311666667,-14.4687456666667,0 
-168.6388710000000,-14.4688761666667,0 
-168.6388096666667,-14.4688855000000,0 
-168.6388831666667,-14.4688705000000,0 
-168.6388010000000,-14.4688103333333,0 
-168.6388260000000,-14.4688011666667,0 
-168.6388373333333,-14.4688093333333,0 
-168.6388541666667,-14.4687838333333,0 
-168.6388286666667,-14.4688023333333,0 
-168.6388896666667,-14.4689180000000,0 
-168.6389115000000,-14.4687841666667,0 
-168.6388263333333,-14.4688178333333,0 
-168.6388981666667,-14.4688900000000,0 
-168.6389100000000,-14.4689168333333,0 
-168.6388306666667,-14.4689130000000,0 
-168.6389261666667,-14.4688353333333,0 
-168.6389101666667,-14.4688888333333,0 
-168.6389458333333,-14.4688683333333,0 
-168.6389381666667,-14.4688013333333,0 
-168.6389360000000,-14.4687543333333,0 
-168.6390038333333,-14.4687805000000,0 
-168.6389033333333,-14.4688411666667,0 
-168.6389340000000,-14.4688515000000,0 
-168.6388926666667,-14.4687961666667,0 
-168.6389838333333,-14.4688465000000,0 
-168.6389046666667,-14.4687666666667,0 
-168.6390211666667,-14.4687461666667,0 
-168.6390695000000,-14.4688055000000,0 
-168.6390816666667,-14.4687796666667,0 
-168.6390378333333,-14.4687456666667,0 
-168.6391281666667,-14.4688258333333,0 
-168.6391186666667,-14.4687438333333,0 
-168.6390660000000,-14.4688443333333,0 
-168.6391058333333,-14.4688143333333,0 
-168.6390645000000,-14.4687145000000,0 
-168.6390846666667,-14.4688521666667,0 
-168.6390578333333,-14.4687485000000,0 
-168.6390261666667,-14.4687430000000,0 
-168.6390930000000,-14.4687616666667,0 
-168.6391335000000,-14.4688430000000,0 
-168.6390226666667,-14.4686820000000,0 
-168.6390766666667,-14.4686553333333,0 
-168.6390903333333,-14.4686581666667,0 
-168.6390943333333,-14.4687078333333,0 
-168.6390558333333,-14.4687673333333,0 
-168.6390131666667,-14.4687126666667,0 
-168.6390786666667,-14.4688091666667,0 
-168.6390556666667,-14.4686768333333,0 
-168.6391375000000,-14.4687568333333,0 
-168.6391021666667,-14.4687760000000,0 
-168.6390126666667,-14.4687216666667,0 
-168.6391008333333,-14.4687901666667,0 
-168.6390520000000,-14.4687093333333,0 
-168.6390451666667,-14.4687418333333,0 
-168.6389500000000,-14.4687403333333,0 
-168.6388563333333,-14.4686943333333,0 
-168.6389206666667,-14.4687601666667,0 
-168.6390188333333,-14.4686936666667,0 
-168.6389168333333,-14.4687420000000,0 
-168.6389956666667,-14.4687791666667,0 
-168.6389051666667,-14.4688335000000,0 
-168.6389356666667,-14.4687348333333,0 
-168.6389678333333,-14.4687871666667,0 
-168.6389450000000,-14.4687336666667,0 
-168.6388980000000,-14.4686806666667,0 
-168.6390010000000,-14.4687965000000,0 
-168.6389296666667,-14.4687743333333,0 
-168.6389440000000,-14.4688431666667,0 
-168.6389576666667,-14.4687096666667,0 
-168.6388995000000,-14.4687396666667,0 
-168.6390531666667,-14.4688131666667,0 
-168.6389793333333,-14.4687301666667,0 
-168.6389881666667,-14.4687348333333,0 
-168.6390658333333,-14.4687438333333,0 
-168.6390286666667,-14.4687383333333,0 
-168.6390000000000,-14.4687253333333,0 
-168.6390268333333,-14.4687295000000,0 
-168.6389771666667,-14.4687491666667,0 
-168.6389670000000,-14.4687253333333,0 
-168.6389751666667,-14.4688453333333,0 
-168.6388751666667,-14.4688318333333,0 
-168.6388855000000,-14.4687465000000,0 
-168.6388223333333,-14.4687516666667,0 
-168.6389051666667,-14.4688171666667,0 
-168.6388291666667,-14.4687416666667,0 
-168.6388561666667,-14.4687823333333,0 
-168.6387931666667,-14.4686785000000,0 
-168.6388663333333,-14.4688328333333,0 
-168.6388351666667,-14.4687603333333,0 
-168.6388648333333,-14.4687271666667,0 
-168.6387750000000,-14.4687506666667,0 
-168.6387495000000,-14.4687030000000,0 
-168.6387710000000,-14.4687673333333,0 
-168.6387713333333,-14.4688150000000,0 
-168.6387596666667,-14.4687848333333,0 
-168.6388846666667,-14.4686708333333,0 
-168.6389390000000,-14.4687091666667,0 
-168.6388741666667,-14.4687748333333,0 
-168.6389233333333,-14.4688280000000,0 
-168.6389168333333,-14.4686863333333,0 
-168.6388995000000,-14.4687745000000,0 
-168.6389355000000,-14.4687943333333,0 
-168.6389026666667,-14.4687636666667,0 
-168.6388955000000,-14.4686773333333,0 
-168.6388443333333,-14.4686698333333,0 
-168.6389500000000,-14.4687151666667,0 
-168.6388480000000,-14.4686940000000,0 
-168.6388876666667,-14.4687951666667,0 
-168.6389020000000,-14.4687300000000,0 
-168.6389601666667,-14.4687743333333,0 
-168.6389666666667,-14.4687676666667,0 
-168.6389326666667,-14.4687181666667,0 
-168.6388215000000,-14.4687120000000,0 
-168.6389546666667,-14.4687870000000,0 
-168.6388145000000,-14.4688366666667,0 
-168.6388836666667,-14.4688273333333,0 
-168.6388258333333,-14.4688405000000,0 
-168.6389035000000,-14.4688296666667,0 
-168.6388265000000,-14.4688428333333,0 
-168.6389111666667,-14.4688618333333,0 
-168.6389250000000,-14.4689205000000,0 
-168.6389296666667,-14.4688465000000,0 
-168.6389430000000,-14.4688388333333,0 
-168.6388633333333,-14.4688786666667,0 
-168.6388768333333,-14.4688665000000,0 
-168.6389418333333,-14.4688375000000,0 
-168.6388500000000,-14.4687921666667,0 
-168.6388751666667,-14.4688275000000,0 
-168.6388471666667,-14.4688370000000,0 
-168.6388516666667,-14.4688885000000,0 
-168.6388088333333,-14.4689391666667,0 
-168.6388126666667,-14.4689636666667,0 
-168.6388655000000,-14.4689625000000,0 
-168.6389061666667,-14.4690280000000,0 
-168.6388831666667,-14.4689393333333,0 
-168.6387900000000,-14.4689401666667,0 
-168.6388075000000,-14.4690123333333,0 
-168.6389173333333,-14.4689696666667,0 
-168.6388561666667,-14.4689013333333,0 
-168.6389638333333,-14.4689885000000,0 
-168.6388916666667,-14.4689291666667,0 
-168.6388328333333,-14.4688926666667,0 
-168.6389673333333,-14.4689278333333,0 
-168.6389360000000,-14.4688791666667,0 
-168.6388656666667,-14.4688526666667,0 
-168.6389313333333,-14.4687953333333,0 
-168.6389538333333,-14.4687903333333,0 
-168.6389500000000,-14.4687865000000,0 
-168.6388750000000,-14.4687725000000,0 
-168.6390103333333,-14.4686681666667,0 
-168.6389853333333,-14.4686255000000,0 
-168.6390251666667,-14.4686690000000,0 
-168.6389266666667,-14.4686661666667,0 
-168.6389303333333,-14.4686905000000,0 
-168.6389886666667,-14.4687065000000,0 
-168.6390010000000,-14.4687068333333,0 
-168.6389908333333,-14.4686746666667,0 
-168.6390258333333,-14.4687156666667,0 
-168.6389793333333,-14.4686381666667,0 
-168.6389948333333,-14.4686413333333,0 
-168.6390875000000,-14.4686720000000,0 
-168.6390016666667,-14.4686720000000,0 
-168.6390438333333,-14.4686176666667,0 
-168.6390558333333,-14.4686853333333,0 
-168.6390221666667,-14.4686396666667,0 
-168.6389741666667,-14.4686241666667,0 
-168.6389831666667,-14.4686805000000,0 
-168.6389970000000,-14.4687611666667,0 
-168.6389641666667,-14.4686981666667,0 
-168.6390388333333,-14.4686515000000,0 
-168.6389775000000,-14.4686436666667,0 
-168.6389453333333,-14.4687363333333,0 
-168.6390475000000,-14.4687758333333,0 
-168.6389020000000,-14.4687616666667,0 
-168.6390205000000,-14.4687375000000,0 
-168.6389505000000,-14.4687635000000,0 
-168.6389973333333,-14.4687115000000,0 
-168.6390631666667,-14.4688071666667,0 
-168.6389408333333,-14.4686960000000,0 
-168.6390468333333,-14.4687341666667,0 
-168.6389363333333,-14.4687503333333,0 
-168.6389778333333,-14.4687413333333,0 
-168.6388641666667,-14.4687648333333,0 
-168.6389793333333,-14.4686820000000,0 
-168.6390458333333,-14.4687781666667,0 
-168.6389813333333,-14.4686671666667,0 
-168.6390413333333,-14.4687846666667,0 
-168.6389658333333,-14.4687725000000,0 
-168.6389586666667,-14.4687578333333,0 
-168.6388738333333,-14.4688208333333,0 
-168.6389541666667,-14.4687916666667,0 
-168.6389386666667,-14.4687858333333,0 
-168.6390041666667,-14.4688058333333,0 
-168.6389985000000,-14.4688076666667,0 
-168.6390326666667,-14.4688276666667,0 
-168.6389288333333,-14.4687836666667,0 
-168.6389188333333,-14.4687400000000,0 
-168.6389953333333,-14.4688708333333,0 
-168.6389643333333,-14.4688213333333,0 
-168.6389281666667,-14.4689011666667,0 
-168.6389276666667,-14.4688830000000,0 
-168.6389068333333,-14.4687911666667,0 
-168.6389765000000,-14.4688261666667,0 
-168.6390288333333,-14.4688996666667,0 
-168.6389858333333,-14.4688150000000,0 
-168.6389465000000,-14.4687788333333,0 
-168.6389933333333,-14.4688118333333,0 
-168.6390445000000,-14.4688418333333,0 
-168.6390480000000,-14.4688120000000,0 
-168.6390530000000,-14.4688015000000,0 
-168.6389795000000,-14.4687910000000,0 
-168.6390606666667,-14.4688241666667,0 
-168.6390203333333,-14.4688018333333,0 
-168.6389235000000,-14.4687180000000,0 
-168.6389423333333,-14.4687430000000,0 
-168.6390186666667,-14.4687675000000,0 
-168.6389805000000,-14.4688043333333,0 
-168.6390021666667,-14.4687786666667,0 
-168.6390240000000,-14.4687841666667,0 
-168.6390170000000,-14.4687626666667,0 
-168.6390038333333,-14.4687825000000,0 
-168.6390321666667,-14.4688266666667,0 
-168.6389351666667,-14.4687796666667,0 
-168.6389393333333,-14.4687793333333,0 
-168.6390896666667,-14.4688093333333,0 
-168.6389606666667,-14.4688245000000,0 
-168.6389098333333,-14.4687311666667,0 
-168.6389986666667,-14.4688568333333,0 
-168.6389176666667,-14.4686983333333,0 
-168.6389895000000,-14.4688030000000,0 
-168.6390390000000,-14.4687351666667,0 
-168.6390411666667,-14.4686920000000,0 
-168.6390808333333,-14.4687211666667,0 
-168.6390521666667,-14.4687398333333,0 
-168.6390175000000,-14.4687423333333,0 
-168.6390955000000,-14.4687546666667,0 
-168.6389771666667,-14.4687321666667,0 
-168.6389546666667,-14.4687008333333,0 
-168.6389760000000,-14.4686983333333,0 
-168.6389976666667,-14.4687741666667,0 
-168.6390216666667,-14.4688393333333,0 
-168.6390128333333,-14.4687416666667,0 
-168.6389446666667,-14.4687700000000,0 
-168.6390130000000,-14.4687355000000,0 
-168.6390058333333,-14.4687626666667,0 
-168.6390458333333,-14.4688355000000,0 
-168.6389623333333,-14.4688068333333,0 
-168.6389506666667,-14.4686960000000,0 
-168.6390555000000,-14.4688056666667,0 
-168.6389300000000,-14.4688531666667,0 
-168.6388945000000,-14.4687096666667,0 
-168.6389143333333,-14.4687420000000,0 
-168.6389663333333,-14.4686986666667,0 
-168.6390051666667,-14.4687346666667,0 
-168.6389776666667,-14.4687096666667,0 
-168.6389901666667,-14.4686828333333,0 
-168.6390051666667,-14.4687445000000,0 
-168.6390341666667,-14.4687828333333,0 
-168.6389761666667,-14.4686868333333,0 
-168.6389638333333,-14.4687026666667,0 
-168.6389160000000,-14.4687766666667,0 
-168.6389595000000,-14.4687901666667,0 
-168.6388526666667,-14.4687531666667,0 
-168.6388938333333,-14.4687590000000,0 
-168.6389975000000,-14.4688265000000,0 
-168.6389791666667,-14.4687881666667,0 
-168.6388978333333,-14.4687506666667,0 
-168.6389513333333,-14.4687536666667,0 
-168.6389943333333,-14.4688086666667,0 
-168.6389423333333,-14.4688563333333,0 
-168.6388425000000,-14.4687345000000,0 
-168.6388858333333,-14.4688401666667,0 
-168.6388758333333,-14.4688898333333,0 
-168.6388576666667,-14.4688135000000,0 
-168.6389286666667,-14.4688265000000,0 
-168.6388796666667,-14.4687668333333,0 
-168.6389498333333,-14.4688581666667,0 
-168.6388860000000,-14.4688036666667,0 
-168.6388555000000,-14.4688046666667,0 
-168.6388695000000,-14.4689110000000,0 
-168.6388671666667,-14.4689270000000,0 
-168.6388136666667,-14.4688745000000,0 
-168.6389216666667,-14.4688700000000,0 
-168.6389191666667,-14.4688453333333,0 
-168.6389031666667,-14.4688448333333,0 
-168.6388650000000,-14.4688390000000,0 
-168.6388856666667,-14.4688098333333,0 
-168.6388325000000,-14.4687826666667,0 
-168.6389036666667,-14.4688420000000,0 
-168.6388493333333,-14.4687736666667,0 
-168.6389328333333,-14.4688205000000,0 
-168.6389020000000,-14.4688676666667,0 
-168.6388363333333,-14.4688458333333,0 
-168.6388983333333,-14.4689050000000,0 
-168.6387998333333,-14.4688141666667,0 
-168.6387766666667,-14.4688970000000,0 
-168.6387670000000,-14.4688118333333,0 
-168.6388228333333,-14.4688218333333,0 
-168.6389380000000,-14.4689346666667,0 
-168.6388365000000,-14.4688781666667,0 
-168.6388440000000,-14.4689088333333,0 
-168.6388110000000,-14.4688663333333,0 
-168.6388280000000,-14.4688303333333,0 
-168.6388340000000,-14.4688006666667,0 
-168.6388703333333,-14.4688356666667,0 
-168.6389258333333,-14.4688163333333,0 
-168.6388310000000,-14.4688055000000,0 
-168.6388841666667,-14.4689468333333,0 
-168.6389256666667,-14.4688805000000,0 
-168.6388723333333,-14.4688516666667,0 
-168.6388560000000,-14.4688620000000,0 
-168.6389075000000,-14.4688600000000,0 
-168.6388708333333,-14.4688575000000,0 
-168.6388903333333,-14.4689090000000,0 
-168.6388343333333,-14.4688658333333,0 
-168.6388605000000,-14.4688480000000,0 
-168.6389130000000,-14.4687986666667,0 
-168.6389380000000,-14.4688108333333,0 
-168.6388988333333,-14.4687916666667,0 
-168.6388993333333,-14.4688298333333,0 
-168.6388731666667,-14.4688036666667,0 
-168.6389115000000,-14.4688311666667,0 
-168.6389295000000,-14.4687975000000,0 
-168.6388621666667,-14.4688636666667,0 
-168.6389130000000,-14.4688513333333,0 
-168.6388525000000,-14.4688666666667,0 
-168.6388331666667,-14.4688500000000,0 
-168.6389243333333,-14.4688685000000,0 
-168.6389161666667,-14.4688796666667,0 
-168.6389206666667,-14.4688900000000,0 
-168.6388515000000,-14.4688418333333,0 
-168.6389246666667,-14.4688171666667,0 
-168.6389703333333,-14.4688965000000,0 
-168.6389406666667,-14.4688440000000,0 
-168.6388878333333,-14.4688341666667,0 
-168.6388848333333,-14.4688446666667,0 
-168.6389023333333,-14.4688095000000,0 
-168.6389135000000,-14.4688608333333,0 
-168.6389055000000,-14.4688200000000,0 
-168.6388176666667,-14.4688246666667,0 
-168.6389400000000,-14.4688643333333,0 
-168.6389168333333,-14.4688175000000,0 
-168.6389491666667,-14.4688295000000,0 
-168.6389628333333,-14.4688568333333,0 
-168.6388871666667,-14.4688333333333,0 
-168.6389063333333,-14.4688128333333,0 
-168.6389411666667,-14.4688946666667,0 
-168.6388891666667,-14.4688510000000,0 
-168.6388831666667,-14.4688975000000,0 
-168.6388765000000,-14.4688948333333,0 
-168.6388960000000,-14.4689060000000,0 
-168.6388716666667,-14.4689086666667,0 
-168.6389115000000,-14.4689648333333,0 
-168.6388385000000,-14.4688920000000,0 
-168.6389073333333,-14.4689565000000,0 
-168.6388148333333,-14.4689843333333,0 
-168.6389536666667,-14.4689846666667,0 
-168.6389140000000,-14.4689916666667,0 
-168.6389518333333,-14.4689656666667,0 
-168.6388566666667,-14.4689818333333,0 
-168.6388803333333,-14.4689978333333,0 
-168.6389351666667,-14.4689073333333,0 
-168.6389726666667,-14.4689211666667,0 
-168.6389295000000,-14.4689015000000,0 
-168.6389580000000,-14.4689226666667,0 
-168.6388630000000,-14.4688940000000,0 
-168.6389458333333,-14.4689093333333,0 
-168.6389371666667,-14.4689065000000,0 
-168.6389155000000,-14.4689435000000,0 
-168.6388603333333,-14.4688781666667,0 
-168.6388868333333,-14.4688901666667,0 
-168.6389756666667,-14.4688956666667,0 
-168.6388863333333,-14.4689175000000,0 
-168.6388493333333,-14.4688606666667,0 
-168.6389535000000,-14.4689221666667,0 
-168.6388883333333,-14.4688963333333,0 
-168.6388721666667,-14.4688665000000,0 
-168.6389093333333,-14.4689096666667,0 
-168.6389508333333,-14.4689088333333,0 
-168.6389706666667,-14.4689280000000,0 
-168.6389871666667,-14.4689583333333,0 
-168.6389151666667,-14.4688753333333,0 
-168.6389871666667,-14.4689311666667,0 
-168.6389211666667,-14.4689163333333,0 
-168.6389676666667,-14.4688166666667,0 
-168.6389378333333,-14.4689156666667,0 
-168.6388270000000,-14.4689260000000,0 
-168.6388980000000,-14.4689711666667,0 
-168.6388435000000,-14.4688976666667,0 
-168.6388936666667,-14.4688726666667,0 
-168.6389308333333,-14.4688520000000,0 
-168.6389391666667,-14.4688426666667,0 
-168.6388363333333,-14.4688283333333,0 
-168.6388243333333,-14.4688726666667,0 
-168.6389341666667,-14.4688886666667,0 
-168.6389275000000,-14.4688413333333,0 
-168.6389211666667,-14.4688325000000,0 
-168.6389086666667,-14.4688445000000,0 
-168.6389771666667,-14.4688296666667,0 
-168.6388501666667,-14.4687805000000,0 
-168.6389196666667,-14.4687970000000,0 
-168.6388828333333,-14.4688526666667,0 
-168.6388833333333,-14.4688873333333,0 
-168.6388206666667,-14.4688406666667,0 
-168.6388708333333,-14.4689175000000,0 
-168.6388088333333,-14.4688298333333,0 
-168.6388703333333,-14.4688931666667,0 
-168.6388811666667,-14.4689073333333,0 
-168.6389390000000,-14.4689360000000,0 
-168.6389456666667,-14.4689543333333,0 
-168.6388725000000,-14.4688980000000,0 
-168.6388493333333,-14.4688625000000,0 
-168.6389476666667,-14.4689345000000,0 
-168.6387923333333,-14.4688621666667,0 
-168.6388090000000,-14.4688818333333,0 
-168.6388896666667,-14.4689410000000,0 
-168.6387851666667,-14.4688496666667,0 
-168.6388538333333,-14.4688566666667,0 
-168.6388893333333,-14.4688155000000,0 
-168.6388523333333,-14.4688980000000,0 
-168.6387891666667,-14.4689485000000,0 
-168.6389001666667,-14.4689800000000,0 
-168.6387546666667,-14.4688785000000,0 
-168.6388181666667,-14.4689280000000,0 
-168.6388500000000,-14.4689538333333,0 
-168.6387221666667,-14.4688531666667,0 
-168.6388296666667,-14.4689023333333,0 
-168.6387151666667,-14.4688346666667,0 
-168.6388100000000,-14.4688521666667,0 
-168.6387881666667,-14.4688965000000,0 
-168.6387820000000,-14.4689076666667,0 
-168.6388333333333,-14.4689511666667,0 
-168.6388081666667,-14.4689466666667,0 
-168.6387301666667,-14.4689298333333,0 
-168.6388581666667,-14.4689081666667,0 
-168.6388033333333,-14.4689733333333,0 
-168.6388620000000,-14.4689610000000,0 
-168.6388261666667,-14.4689598333333,0 
-168.6387583333333,-14.4688618333333,0 
-168.6387686666667,-14.4689406666667,0 
-168.6389003333333,-14.4689880000000,0 
-168.6387543333333,-14.4688920000000,0 
-168.6387583333333,-14.4689228333333,0 
-168.6388780000000,-14.4689525000000,0 
-168.6388023333333,-14.4688968333333,0 
-168.6389008333333,-14.4689193333333,0 
-168.6387405000000,-14.4688948333333,0 
-168.6388861666667,-14.4689360000000,0 
-168.6388553333333,-14.4689305000000,0 
-168.6387640000000,-14.4688793333333,0 
-168.6388296666667,-14.4689501666667,0 
-168.6388363333333,-14.4688715000000,0 
-168.6388685000000,-14.4690113333333,0 
-168.6387873333333,-14.4690598333333,0 
-168.6388793333333,-14.4689606666667,0 
-168.6387930000000,-14.4689220000000,0 
-168.6388018333333,-14.4690730000000,0 
-168.6388408333333,-14.4690858333333,0 
-168.6388455000000,-14.4690578333333,0 
-168.6388298333333,-14.4690210000000,0 
-168.6387795000000,-14.4691190000000,0 
-168.6387711666667,-14.4690756666667,0 
-168.6387571666667,-14.4690728333333,0 
-168.6387555000000,-14.4690800000000,0 
-168.6387525000000,-14.4690655000000,0 
-168.6388096666667,-14.4690991666667,0 
-168.6387671666667,-14.4690410000000,0 
-168.6388011666667,-14.4690660000000,0 
-168.6387756666667,-14.4690410000000,0 
-168.6387493333333,-14.4690333333333,0 
-168.6386886666667,-14.4691045000000,0 
-168.6387813333333,-14.4691516666667,0 
-168.6387703333333,-14.4690695000000,0 
-168.6387295000000,-14.4690488333333,0 
-168.6387425000000,-14.4689641666667,0 
-168.6387261666667,-14.4690083333333,0 
-168.6388488333333,-14.4691381666667,0 
-168.6387170000000,-14.4690441666667,0 
-168.6387801666667,-14.4690256666667,0 
-168.6388385000000,-14.4689855000000,0 
-168.6387530000000,-14.4689260000000,0 
-168.6388180000000,-14.4689688333333,0 
-168.6387641666667,-14.4689851666667,0 
-168.6388106666667,-14.4690238333333,0 
-168.6387168333333,-14.4689528333333,0 
-168.6388635000000,-14.4690596666667,0 
-168.6387823333333,-14.4688896666667,0 
-168.6387373333333,-14.4689500000000,0 
-168.6386756666667,-14.4689026666667,0 
-168.6388011666667,-14.4689135000000,0 
-168.6386658333333,-14.4689228333333,0 
-168.6388128333333,-14.4690296666667,0 
-168.6387653333333,-14.4690568333333,0 
-168.6387773333333,-14.4690215000000,0 
-168.6387970000000,-14.4689798333333,0 
-168.6387151666667,-14.4690363333333,0 
-168.6386741666667,-14.4690063333333,0 
-168.6387128333333,-14.4690225000000,0 
-168.6387191666667,-14.4689861666667,0 
-168.6387281666667,-14.4690501666667,0 
-168.6387195000000,-14.4690165000000,0 
-168.6387748333333,-14.4690948333333,0 
-168.6386993333333,-14.4690785000000,0 
-168.6387271666667,-14.4689836666667,0 
-168.6387068333333,-14.4689810000000,0 
-168.6388135000000,-14.4690871666667,0 
-168.6387198333333,-14.4689751666667,0 
-168.6386270000000,-14.4690633333333,0 
-168.6387440000000,-14.4690581666667,0 
-168.6387543333333,-14.4690568333333,0 
-168.6387531666667,-14.4690325000000,0 
-168.6386495000000,-14.4691328333333,0 
-168.6388083333333,-14.4690381666667,0 
-168.6387663333333,-14.4690828333333,0 
-168.6387916666667,-14.4689956666667,0 
-168.6387060000000,-14.4690386666667,0 
-168.6387185000000,-14.4690766666667,0 
-168.6387538333333,-14.4690765000000,0 
-168.6387073333333,-14.4690165000000,0 
-168.6387018333333,-14.4690741666667,0 
-168.6387158333333,-14.4690235000000,0 
-168.6387166666667,-14.4690883333333,0 
-168.6387411666667,-14.4689998333333,0 
-168.6387781666667,-14.4690513333333,0 
-168.6386745000000,-14.4689968333333,0 
-168.6386623333333,-14.4690185000000,0 
-168.6387371666667,-14.4691201666667,0 
-168.6387503333333,-14.4689903333333,0 
-168.6387410000000,-14.4690368333333,0 
-168.6387805000000,-14.4690826666667,0 
-168.6387216666667,-14.4689946666667,0 
-168.6388226666667,-14.4690503333333,0 
-168.6387066666667,-14.4690236666667,0 
-168.6387873333333,-14.4690253333333,0 
-168.6388271666667,-14.4690140000000,0 
-168.6387431666667,-14.4689275000000,0 
-168.6388355000000,-14.4689905000000,0 
-168.6388293333333,-14.4689641666667,0 
-168.6387923333333,-14.4690163333333,0 
-168.6387030000000,-14.4690193333333,0 
-168.6387553333333,-14.4690391666667,0 
-168.6387833333333,-14.4690335000000,0 
-168.6386636666667,-14.4690256666667,0 
-168.6386198333333,-14.4690938333333,0 
-168.6387250000000,-14.4690766666667,0 
-168.6386920000000,-14.4690715000000,0 
-168.6387168333333,-14.4691010000000,0 
-168.6387136666667,-14.4691100000000,0 
-168.6386138333333,-14.4690401666667,0 
-168.6387055000000,-14.4691028333333,0 
-168.6386346666667,-14.4690873333333,0 
-168.6386678333333,-14.4689833333333,0 
-168.6386480000000,-14.4689850000000,0 
-168.6386320000000,-14.4690446666667,0 
-168.6387130000000,-14.4690921666667,0 
-168.6386746666667,-14.4690236666667,0 
-168.6387138333333,-14.4690005000000,0 
-168.6386741666667,-14.4690290000000,0 
-168.6387323333333,-14.4691168333333,0 
-168.6387000000000,-14.4690500000000,0 
-168.6387246666667,-14.4691490000000,0 
-168.6387191666667,-14.4691128333333,0 
-168.6385783333333,-14.4691150000000,0 
-168.6386801666667,-14.4691278333333,0 
-168.6385425000000,-14.4691366666667,0 
-168.6386245000000,-14.4690956666667,0 
-168.6385816666667,-14.4690348333333,0 
-168.6386133333333,-14.4691610000000,0 
-168.6385840000000,-14.4691610000000,0 
-168.6386160000000,-14.4690883333333,0 
-168.6386435000000,-14.4691291666667,0 
-168.6386170000000,-14.4690931666667,0 
-168.6385838333333,-14.4691541666667,0 
-168.6386010000000,-14.4690416666667,0 
-168.6386623333333,-14.4690608333333,0 
-168.6385323333333,-14.4691675000000,0 
-168.6385535000000,-14.4690580000000,0 
-168.6386275000000,-14.4691015000000,0 
-168.6386641666667,-14.4690503333333,0 
-168.6386740000000,-14.4691568333333,0 
-168.6386966666667,-14.4691221666667,0 
-168.6385765000000,-14.4691521666667,0 
-168.6385836666667,-14.4690133333333,0 
-168.6386461666667,-14.4690643333333,0 
-168.6386525000000,-14.4690835000000,0 
-168.6385735000000,-14.4689851666667,0 
-168.6386896666667,-14.4690200000000,0 
-168.6386026666667,-14.4690163333333,0 
-168.6385913333333,-14.4691043333333,0 
-168.6385801666667,-14.4691323333333,0 
-168.6385481666667,-14.4690981666667,0 
-168.6385086666667,-14.4691061666667,0 
-168.6385645000000,-14.4690756666667,0 
-168.6386185000000,-14.4690423333333,0 
-168.6385835000000,-14.4690396666667,0 
-168.6385525000000,-14.4690015000000,0 
-168.6386103333333,-14.4690376666667,0 
-168.6386520000000,-14.4690780000000,0 
-168.6385715000000,-14.4690440000000,0 
-168.6386711666667,-14.4690871666667,0 
-168.6386255000000,-14.4690460000000,0 
-168.6385406666667,-14.4690918333333,0 
-168.6385978333333,-14.4690548333333,0 
-168.6385538333333,-14.4691285000000,0 
-168.6385766666667,-14.4691368333333,0 
-168.6386460000000,-14.4691478333333,0 
-168.6385730000000,-14.4691023333333,0 
-168.6385693333333,-14.4691366666667,0 
-168.6386363333333,-14.4691175000000,0 
-168.6386556666667,-14.4691316666667,0 
-168.6385365000000,-14.4690683333333,0 
-168.6386585000000,-14.4691676666667,0 
-168.6385258333333,-14.4691208333333,0 
-168.6386215000000,-14.4691036666667,0 
-168.6386193333333,-14.4691750000000,0 
-168.6386746666667,-14.4691285000000,0 
-168.6386045000000,-14.4691225000000,0 
-168.6386171666667,-14.4691058333333,0 
-168.6385430000000,-14.4691625000000,0 
-168.6386501666667,-14.4691088333333,0 
-168.6386580000000,-14.4690958333333,0 
-168.6386351666667,-14.4690220000000,0 
-168.6385478333333,-14.4690891666667,0 
-168.6385715000000,-14.4690120000000,0 
-168.6385580000000,-14.4691598333333,0 
-168.6386210000000,-14.4691026666667,0 
-168.6385421666667,-14.4690621666667,0 
-168.6384981666667,-14.4691036666667,0 
-168.6385500000000,-14.4690518333333,0 
-168.6385286666667,-14.4690221666667,0 
-168.6384198333333,-14.4690753333333,0 
-168.6384460000000,-14.4690690000000,0 
-168.6384883333333,-14.4691755000000,0 
-168.6384878333333,-14.4691870000000,0 
-168.6384120000000,-14.4691851666667,0 
-168.6384345000000,-14.4691551666667,0 
-168.6384446666667,-14.4691963333333,0 
-168.6384443333333,-14.4692305000000,0 
-168.6384936666667,-14.4692860000000,0 
-168.6384531666667,-14.4692793333333,0 
-168.6384088333333,-14.4692915000000,0 
-168.6383926666667,-14.4692575000000,0 
-168.6384688333333,-14.4692743333333,0 
-168.6385158333333,-14.4693175000000,0 
-168.6384193333333,-14.4692255000000,0 
-168.6385093333333,-14.4693075000000,0 
-168.6384073333333,-14.4691906666667,0 
-168.6385073333333,-14.4692286666667,0 
-168.6384336666667,-14.4692310000000,0 
-168.6383856666667,-14.4692371666667,0 
-168.6383961666667,-14.4692143333333,0 
-168.6384903333333,-14.4693153333333,0 
-168.6385190000000,-14.4692626666667,0 
-168.6384771666667,-14.4693833333333,0 
-168.6384050000000,-14.4693228333333,0 
-168.6384255000000,-14.4692698333333,0 
-168.6384651666667,-14.4693883333333,0 
-168.6384110000000,-14.4694231666667,0 
-168.6384805000000,-14.4694123333333,0 
-168.6383765000000,-14.4693065000000,0 
-168.6384128333333,-14.4693516666667,0 
-168.6384520000000,-14.4693863333333,0 
-168.6384993333333,-14.4693111666667,0 
-168.6385326666667,-14.4694335000000,0 
-168.6385270000000,-14.4693958333333,0 
-168.6384851666667,-14.4694036666667,0 
-168.6385175000000,-14.4693685000000,0 
-168.6384995000000,-14.4693638333333,0 
-168.6384600000000,-14.4692805000000,0 
-168.6384326666667,-14.4693276666667,0 
-168.6383255000000,-14.4693145000000,0 
-168.6384623333333,-14.4693936666667,0 
-168.6384701666667,-14.4693466666667,0 
-168.6384048333333,-14.4693018333333,0 
-168.6382905000000,-14.4692501666667,0 
-168.6383246666667,-14.4692600000000,0 
-168.6384056666667,-14.4693150000000,0 
-168.6384358333333,-14.4693480000000,0 
-168.6383135000000,-14.4693243333333,0 
-168.6383553333333,-14.4693073333333,0 
-168.6383288333333,-14.4692715000000,0 
-168.6382718333333,-14.4693298333333,0 
-168.6382930000000,-14.4692986666667,0 
-168.6383138333333,-14.4692931666667,0 
-168.6382943333333,-14.4693375000000,0 
-168.6382760000000,-14.4693528333333,0 
-168.6382033333333,-14.4693910000000,0 
-168.6382390000000,-14.4693975000000,0 
-168.6382581666667,-14.4692820000000,0 
-168.6383485000000,-14.4693343333333,0 
-168.6381948333333,-14.4692366666667,0 
-168.6383216666667,-14.4693401666667,0 
-168.6382735000000,-14.4692426666667,0 
-168.6382873333333,-14.4692221666667,0 
-168.6382640000000,-14.4692303333333,0 
-168.6382813333333,-14.4693196666667,0 
-168.6383083333333,-14.4693428333333,0 
-168.6382588333333,-14.4693901666667,0 
-168.6381938333333,-14.4693280000000,0 
-168.6382635000000,-14.4693186666667,0 
-168.6383035000000,-14.4693065000000,0 
-168.6381846666667,-14.4692573333333,0 
-168.6382630000000,-14.4693428333333,0 
-168.6383351666667,-14.4693830000000,0 
-168.6381776666667,-14.4692395000000,0 
-168.6383195000000,-14.4692910000000,0 
-168.6383188333333,-14.4692776666667,0 
-168.6382050000000,-14.4693243333333,0 
-168.6381776666667,-14.4692975000000,0 
-168.6381816666667,-14.4692988333333,0 
-168.6382301666667,-14.4693891666667,0 
-168.6383165000000,-14.4693056666667,0 
-168.6382941666667,-14.4693010000000,0 
-168.6382670000000,-14.4693683333333,0 
-168.6382520000000,-14.4693111666667,0 
-168.6381903333333,-14.4692928333333,0 
-168.6382911666667,-14.4693421666667,0 
-168.6382491666667,-14.4693815000000,0 
-168.6382040000000,-14.4693551666667,0 
-168.6382923333333,-14.4694193333333,0 
-168.6382645000000,-14.4693763333333,0 
-168.6381706666667,-14.4694418333333,0 
-168.6383058333333,-14.4694458333333,0 
-168.6382016666667,-14.4694340000000,0 
-168.6383353333333,-14.4694546666667,0 
-168.6383153333333,-14.4694310000000,0 
-168.6382860000000,-14.4693895000000,0 
-168.6382026666667,-14.4693265000000,0 
-168.6382170000000,-14.4693603333333,0 
-168.6382861666667,-14.4693855000000,0 
-168.6382460000000,-14.4693785000000,0 
-168.6383118333333,-14.4693953333333,0 
-168.6382638333333,-14.4694470000000,0 
-168.6382735000000,-14.4693993333333,0 
-168.6383346666667,-14.4694546666667,0 
-168.6383546666667,-14.4693336666667,0 
-168.6382610000000,-14.4694080000000,0 
-168.6383048333333,-14.4693978333333,0 
-168.6382456666667,-14.4694231666667,0 
-168.6383020000000,-14.4693480000000,0 
-168.6383328333333,-14.4694151666667,0 
-168.6382860000000,-14.4694236666667,0 
-168.6382616666667,-14.4693810000000,0 
-168.6383598333333,-14.4694931666667,0 
-168.6383331666667,-14.4694948333333,0 
-168.6382543333333,-14.4694125000000,0 
-168.6382605000000,-14.4694323333333,0 
-168.6382241666667,-14.4694986666667,0 
-168.6383270000000,-14.4694698333333,0 
-168.6382758333333,-14.4694688333333,0 
-168.6382300000000,-14.4694510000000,0 
-168.6382535000000,-14.4694575000000,0 
-168.6381825000000,-14.4694166666667,0 
-168.6381421666667,-14.4693848333333,0 
-168.6381973333333,-14.4694006666667,0 
-168.6381468333333,-14.4694123333333,0 
-168.6381535000000,-14.4693686666667,0 
-168.6382933333333,-14.4694381666667,0 
-168.6381615000000,-14.4693530000000,0 
-168.6381781666667,-14.4693181666667,0 
-168.6381611666667,-14.4693533333333,0 
-168.6381670000000,-14.4693523333333,0 
-168.6382396666667,-14.4694241666667,0 
-168.6382838333333,-14.4692953333333,0 
-168.6382420000000,-14.4694035000000,0 
-168.6381950000000,-14.4693766666667,0 
-168.6382411666667,-14.4694156666667,0 
-168.6382740000000,-14.4693806666667,0 
-168.6381265000000,-14.4693391666667,0 
-168.6382338333333,-14.4693831666667,0 
-168.6381370000000,-14.4693028333333,0 
-168.6382533333333,-14.4694016666667,0 
-168.6381905000000,-14.4693398333333,0 
-168.6382538333333,-14.4693283333333,0 
-168.6382321666667,-14.4693208333333,0 
-168.6381105000000,-14.4693570000000,0 
-168.6381496666667,-14.4694458333333,0 
-168.6381633333333,-14.4694476666667,0 
-168.6381011666667,-14.4694836666667,0 
-168.6381918333333,-14.4695040000000,0 
-168.6381155000000,-14.4693750000000,0 
-168.6381550000000,-14.4694293333333,0 
-168.6381228333333,-14.4694175000000,0 
-168.6381473333333,-14.4694363333333,0 
-168.6381556666667,-14.4694471666667,0 
-168.6380980000000,-14.4694271666667,0 
-168.6381608333333,-14.4693886666667,0 
-168.6382090000000,-14.4694651666667,0 
-168.6380958333333,-14.4694218333333,0 
-168.6381605000000,-14.4694690000000,0 
-168.6381188333333,-14.4694946666667,0 
-168.6382233333333,-14.4695163333333,0 
-168.6381578333333,-14.4694483333333,0 
-168.6381996666667,-14.4694625000000,0 
-168.6381245000000,-14.4695483333333,0 
-168.6380995000000,-14.4695003333333,0 
-168.6381523333333,-14.4694578333333,0 
-168.6381948333333,-14.4695903333333,0 
-168.6380028333333,-14.4694331666667,0 
-168.6380040000000,-14.4695800000000,0 
-168.6380996666667,-14.4695816666667,0 
-168.6381086666667,-14.4695031666667,0 
-168.6380701666667,-14.4695073333333,0 
-168.6380703333333,-14.4694681666667,0 
-168.6380711666667,-14.4694926666667,0 
-168.6380395000000,-14.4695081666667,0 
-168.6380411666667,-14.4694558333333,0 
-168.6380760000000,-14.4695040000000,0 
-168.6380743333333,-14.4694990000000,0 
-168.6380645000000,-14.4694920000000,0 
-168.6380418333333,-14.4693990000000,0 
-168.6379833333333,-14.4694003333333,0 
-168.6380735000000,-14.4694656666667,0 
-168.6380815000000,-14.4694733333333,0 
-168.6380811666667,-14.4694830000000,0 
-168.6379880000000,-14.4694203333333,0 
-168.6380305000000,-14.4694985000000,0 
-168.6380081666667,-14.4694351666667,0 
-168.6379680000000,-14.4694250000000,0 
-168.6381015000000,-14.4695135000000,0 
-168.6380873333333,-14.4694520000000,0 
-168.6379611666667,-14.4693988333333,0 
-168.6380086666667,-14.4694633333333,0 
-168.6380606666667,-14.4694273333333,0 
-168.6379915000000,-14.4694465000000,0 
-168.6379688333333,-14.4694308333333,0 
-168.6379791666667,-14.4695120000000,0 
-168.6378858333333,-14.4694615000000,0 
-168.6379076666667,-14.4694818333333,0 
-168.6379115000000,-14.4693723333333,0 
-168.6379200000000,-14.4693940000000,0 
-168.6379215000000,-14.4694226666667,0 
-168.6380278333333,-14.4695503333333,0 
-168.6379566666667,-14.4694386666667,0 
-168.6380386666667,-14.4695271666667,0 
-168.6379396666667,-14.4694521666667,0 
-168.6378656666667,-14.4694773333333,0 
-168.6379156666667,-14.4695286666667,0 
-168.6379173333333,-14.4694890000000,0 
-168.6379338333333,-14.4695425000000,0 
-168.6379955000000,-14.4695010000000,0 
-168.6379451666667,-14.4694781666667,0 
-168.6379686666667,-14.4694595000000,0 
-168.6379726666667,-14.4694995000000,0 
-168.6379613333333,-14.4694875000000,0 
-168.6378868333333,-14.4694818333333,0 
-168.6379438333333,-14.4695286666667,0 
-168.6379518333333,-14.4695856666667,0 
-168.6379343333333,-14.4695150000000,0 
-168.6379151666667,-14.4695096666667,0 
-168.6379193333333,-14.4694678333333,0 
-168.6379433333333,-14.4694861666667,0 
-168.6380058333333,-14.4695360000000,0 
-168.6379548333333,-14.4694883333333,0 
-168.6380013333333,-14.4694830000000,0 
-168.6379345000000,-14.4694831666667,0 
-168.6379395000000,-14.4695031666667,0 
-168.6379465000000,-14.4695266666667,0 
-168.6379031666667,-14.4695048333333,0 
-168.6379700000000,-14.4695703333333,0 
-168.6380396666667,-14.4696336666667,0 
-168.6379683333333,-14.4695183333333,0 
-168.6379900000000,-14.4695996666667,0 
-168.6379848333333,-14.4695741666667,0 
-168.6378918333333,-14.4696473333333,0 
-168.6380260000000,-14.4695900000000,0 
-168.6379903333333,-14.4695715000000,0 
-168.6379016666667,-14.4696110000000,0 
-168.6379183333333,-14.4696631666667,0 
-168.6379976666667,-14.4696433333333,0 
-168.6379670000000,-14.4696670000000,0 
-168.6380275000000,-14.4696963333333,0 
-168.6380473333333,-14.4696690000000,0 
-168.6380318333333,-14.4695785000000,0 
-168.6380608333333,-14.4695853333333,0 
-168.6380666666667,-14.4695933333333,0 
-168.6379266666667,-14.4695811666667,0 
-168.6380140000000,-14.4696520000000,0 
-168.6378485000000,-14.4696223333333,0 
-168.6379383333333,-14.4696425000000,0 
-168.6379473333333,-14.4696138333333,0 
-168.6379131666667,-14.4696088333333,0 
-168.6379855000000,-14.4696383333333,0 
-168.6379415000000,-14.4696306666667,0 
-168.6379295000000,-14.4696473333333,0 
-168.6379315000000,-14.4695938333333,0 
-168.6379200000000,-14.4695610000000,0 
-168.6378750000000,-14.4696260000000,0 
-168.6378606666667,-14.4696565000000,0 
-168.6379230000000,-14.4695951666667,0 
-168.6379111666667,-14.4695808333333,0 
-168.6378566666667,-14.4696030000000,0 
-168.6379736666667,-14.4695931666667,0 
-168.6378820000000,-14.4695593333333,0 
-168.6378701666667,-14.4696176666667,0 
-168.6377840000000,-14.4695475000000,0 
-168.6378651666667,-14.4694961666667,0 
-168.6378546666667,-14.4695813333333,0 
-168.6378541666667,-14.4695176666667,0 
-168.6378671666667,-14.4695691666667,0 
-168.6378415000000,-14.4695780000000,0 
-168.6378675000000,-14.4695885000000,0 
-168.6379270000000,-14.4695836666667,0 
-168.6378805000000,-14.4695746666667,0 
-168.6379376666667,-14.4695325000000,0 
-168.6379421666667,-14.4695315000000,0 
-168.6379000000000,-14.4695465000000,0 
-168.6378113333333,-14.4695496666667,0 
-168.6378078333333,-14.4695420000000,0 
-168.6378288333333,-14.4694836666667,0 
-168.6379288333333,-14.4694380000000,0 
-168.6378470000000,-14.4695100000000,0 
-168.6379043333333,-14.4695113333333,0 
-168.6379020000000,-14.4695041666667,0 
-168.6378918333333,-14.4695373333333,0 
-168.6378543333333,-14.4695328333333,0 
-168.6378080000000,-14.4694910000000,0 
-168.6378921666667,-14.4695066666667,0 
-168.6378598333333,-14.4694445000000,0 
-168.6379355000000,-14.4694438333333,0 
-168.6378853333333,-14.4694575000000,0 
-168.6379095000000,-14.4694588333333,0 
-168.6378265000000,-14.4694398333333,0 
-168.6377891666667,-14.4694073333333,0 
-168.6378566666667,-14.4694740000000,0 
-168.6378716666667,-14.4694516666667,0 
-168.6378630000000,-14.4694921666667,0 
-168.6379140000000,-14.4694421666667,0 
-168.6378725000000,-14.4693866666667,0 
-168.6379205000000,-14.4694786666667,0 
-168.6377970000000,-14.4694160000000,0 
-168.6378415000000,-14.4694840000000,0 
-168.6378581666667,-14.4694545000000,0 
-168.6377870000000,-14.4694321666667,0 
-168.6378668333333,-14.4694790000000,0 
-168.6378940000000,-14.4694380000000,0 
-168.6379350000000,-14.4694118333333,0 
-168.6379280000000,-14.4694388333333,0 
-168.6379230000000,-14.4694901666667,0 
-168.6378935000000,-14.4694885000000,0 
-168.6379608333333,-14.4695233333333,0 
-168.6378316666667,-14.4694116666667,0 
-168.6379295000000,-14.4695820000000,0 
-168.6378858333333,-14.4695761666667,0 
-168.6378538333333,-14.4695611666667,0 
-168.6377971666667,-14.4694351666667,0 
-168.6379466666667,-14.4695726666667,0 
-168.6379001666667,-14.4695500000000,0 
-168.6379220000000,-14.4695420000000,0 
-168.6378270000000,-14.4696298333333,0 
-168.6379110000000,-14.4695913333333,0 
-168.6378591666667,-14.4694883333333,0 
-168.6378771666667,-14.4694585000000,0 
-168.6378921666667,-14.4694916666667,0 
-168.6379111666667,-14.4695331666667,0 
-168.6379815000000,-14.4694880000000,0 
-168.6379135000000,-14.4695268333333,0 
-168.6378931666667,-14.4695276666667,0 
-168.6378553333333,-14.4695705000000,0 
-168.6380031666667,-14.4695485000000,0 
-168.6379971666667,-14.4695853333333,0 
-168.6379801666667,-14.4695658333333,0 
-168.6379340000000,-14.4695531666667,0 
-168.6379171666667,-14.4695205000000,0 
-168.6380336666667,-14.4696230000000,0 
-168.6379540000000,-14.4695953333333,0 
-168.6378976666667,-14.4695596666667,0 
-168.6380145000000,-14.4696566666667,0 
-168.6380515000000,-14.4695710000000,0 
-168.6379911666667,-14.4696353333333,0 
-168.6379833333333,-14.4696215000000,0 
-168.6379198333333,-14.4696206666667,0 
-168.6379355000000,-14.4696503333333,0 
-168.6379078333333,-14.4696411666667,0 
-168.6379860000000,-14.4695373333333,0 
-168.6378745000000,-14.4695863333333,0 
-168.6379351666667,-14.4695408333333,0 
-168.6380423333333,-14.4695283333333,0 
-168.6380131666667,-14.4696246666667,0 
-168.6379676666667,-14.4696465000000,0 
-168.6380141666667,-14.4696318333333,0 
-168.6379451666667,-14.4695866666667,0 
-168.6379028333333,-14.4695760000000,0 
-168.6379723333333,-14.4696048333333,0 
-168.6379938333333,-14.4696593333333,0 
-168.6379270000000,-14.4695851666667,0 
-168.6379651666667,-14.4696596666667,0 
-168.6379581666667,-14.4696700000000,0 
-168.6379191666667,-14.4697058333333,0 
-168.6378785000000,-14.4696896666667,0 
-168.6379750000000,-14.4695998333333,0 
-168.6379613333333,-14.4695520000000,0 
-168.6379888333333,-14.4696638333333,0 
-168.6378970000000,-14.4696065000000,0 
-168.6379656666667,-14.4696823333333,0 
-168.6379441666667,-14.4696645000000,0 
-168.6379708333333,-14.4696905000000,0 
-168.6378061666667,-14.4696138333333,0 
-168.6378883333333,-14.4696851666667,0 
-168.6378525000000,-14.4697050000000,0 
-168.6379021666667,-14.4696543333333,0 
-168.6377870000000,-14.4695245000000,0 
-168.6378111666667,-14.4696450000000,0 
-168.6378948333333,-14.4695450000000,0 
-168.6378591666667,-14.4695946666667,0 
-168.6377716666667,-14.4694973333333,0 
-168.6377610000000,-14.4695183333333,0 
-168.6378066666667,-14.4695906666667,0 
-168.6377968333333,-14.4695666666667,0 
-168.6378846666667,-14.4695925000000,0 
-168.6377778333333,-14.4695553333333,0 
-168.6378718333333,-14.4695528333333,0 
-168.6377368333333,-14.4695716666667,0 
-168.6378183333333,-14.4696548333333,0 
-168.6379066666667,-14.4695438333333,0 
-168.6377451666667,-14.4696336666667,0 
-168.6378695000000,-14.4696431666667,0 
-168.6378443333333,-14.4695646666667,0 
-168.6378043333333,-14.4695995000000,0 
-168.6377925000000,-14.4695135000000,0 
-168.6378368333333,-14.4695703333333,0 
-168.6378410000000,-14.4695460000000,0 
-168.6378593333333,-14.4695511666667,0 
-168.6377776666667,-14.4695995000000,0 
-168.6378090000000,-14.4695795000000,0 
-168.6378970000000,-14.4695901666667,0 
-168.6378581666667,-14.4695806666667,0 
-168.6378468333333,-14.4695610000000,0 
-168.6378398333333,-14.4696263333333,0 
-168.6377846666667,-14.4696008333333,0 
-168.6377575000000,-14.4696686666667,0 
-168.6377566666667,-14.4696558333333,0 
-168.6378063333333,-14.4696551666667,0 
-168.6377680000000,-14.4696230000000,0 
-168.6377216666667,-14.4696976666667,0 
-168.6377488333333,-14.4695950000000,0 
-168.6377595000000,-14.4696650000000,0 
-168.6377003333333,-14.4696406666667,0 
-168.6377126666667,-14.4696200000000,0 
-168.6376235000000,-14.4696185000000,0 
-168.6377600000000,-14.4696716666667,0 
-168.6377616666667,-14.4696156666667,0 
-168.6376710000000,-14.4695656666667,0 
-168.6377096666667,-14.4697176666667,0 
-168.6376128333333,-14.4696786666667,0 
-168.6376946666667,-14.4697155000000,0 
-168.6376581666667,-14.4697056666667,0 
-168.6376421666667,-14.4696903333333,0 
-168.6375958333333,-14.4696453333333,0 
-168.6376251666667,-14.4696516666667,0 
-168.6376363333333,-14.4696143333333,0 
-168.6377061666667,-14.4696615000000,0 
-168.6377265000000,-14.4696941666667,0 
-168.6376485000000,-14.4696638333333,0 
-168.6376485000000,-14.4697030000000,0 
-168.6376610000000,-14.4696858333333,0 
-168.6376531666667,-14.4696548333333,0 
-168.6376011666667,-14.4696051666667,0 
-168.6376795000000,-14.4697233333333,0 
-168.6376655000000,-14.4696826666667,0 
-168.6374941666667,-14.4698053333333,0 
-168.6374610000000,-14.4697780000000,0 
-168.6374586666667,-14.4697543333333,0 
-168.6374306666667,-14.4698016666667,0 
-168.6375445000000,-14.4698140000000,0 
-168.6374638333333,-14.4698350000000,0 
-168.6374656666667,-14.4698285000000,0 
-168.6374613333333,-14.4698235000000,0 
-168.6374286666667,-14.4698073333333,0 
-168.6374556666667,-14.4697890000000,0 
-168.6374390000000,-14.4698938333333,0 
-168.6374076666667,-14.4697295000000,0 
-168.6375116666667,-14.4698918333333,0 
-168.6373498333333,-14.4698375000000,0 
-168.6373966666667,-14.4697791666667,0 
-168.6374898333333,-14.4697966666667,0 
-168.6374471666667,-14.4698035000000,0 
-168.6373403333333,-14.4698148333333,0 
-168.6373553333333,-14.4697073333333,0 
-168.6374475000000,-14.4697055000000,0 
-168.6373968333333,-14.4697710000000,0 
-168.6374096666667,-14.4697875000000,0 
-168.6373226666667,-14.4695535000000,0 
-168.6374453333333,-14.4696213333333,0 
-168.6374560000000,-14.4696541666667,0 
-168.6373561666667,-14.4695403333333,0 
-168.6373888333333,-14.4695801666667,0 
-168.6374886666667,-14.4696560000000,0 
-168.6374173333333,-14.4695326666667,0 
-168.6374836666667,-14.4696236666667,0 
-168.6373423333333,-14.4695953333333,0 
-168.6374046666667,-14.4696066666667,0 
-168.6373983333333,-14.4695836666667,0 
-168.6374311666667,-14.4696320000000,0 
-168.6373686666667,-14.4695946666667,0 
-168.6373203333333,-14.4696611666667,0 
-168.6374420000000,-14.4696263333333,0 
-168.6374625000000,-14.4696305000000,0 
-168.6374431666667,-14.4695963333333,0 
-168.6374430000000,-14.4696488333333,0 
-168.6374331666667,-14.4695980000000,0 
-168.6373691666667,-14.4697090000000,0 
-168.6374091666667,-14.4696141666667,0 
-168.6374025000000,-14.4695941666667,0 
-168.6373208333333,-14.4695988333333,0 
-168.6373608333333,-14.4696375000000,0 
-168.6373623333333,-14.4697191666667,0 
-168.6371888333333,-14.4696963333333,0 
-168.6372646666667,-14.4697880000000,0 
-168.6371616666667,-14.4697938333333,0 
-168.6372190000000,-14.4698956666667,0 
-168.6371991666667,-14.4698085000000,0 
-168.6371993333333,-14.4698048333333,0 
-168.6371781666667,-14.4698148333333,0 
-168.6372698333333,-14.4699025000000,0 
-168.6371141666667,-14.4698666666667,0 
-168.6371223333333,-14.4698090000000,0 
-168.6371738333333,-14.4698895000000,0 
-168.6370976666667,-14.4698653333333,0 
-168.6371651666667,-14.4698933333333,0 
-168.6371323333333,-14.4698453333333,0 
-168.6370740000000,-14.4697910000000,0 
-168.6371360000000,-14.4698610000000,0 
-168.6371748333333,-14.4698388333333,0 
-168.6371408333333,-14.4698245000000,0 
-168.6370588333333,-14.4697685000000,0 
-168.6370801666667,-14.4699035000000,0 
-168.6370568333333,-14.4698220000000,0 
-168.6370395000000,-14.4698793333333,0 
-168.6370561666667,-14.4698866666667,0 
-168.6369788333333,-14.4698541666667,0 
-168.6370350000000,-14.4698770000000,0 
-168.6370668333333,-14.4698565000000,0 
-168.6370526666667,-14.4698555000000,0 
-168.6370820000000,-14.4697501666667,0 
-168.6369850000000,-14.4697778333333,0 
-168.6369748333333,-14.4698038333333,0 
-168.6369878333333,-14.4697733333333,0 
-168.6370056666667,-14.4696818333333,0 
-168.6369516666667,-14.4697161666667,0 
-168.6369928333333,-14.4697810000000,0 
-168.6368928333333,-14.4696903333333,0 
-168.6369288333333,-14.4696691666667,0 
-168.6369308333333,-14.4697023333333,0 
-168.6368711666667,-14.4695821666667,0 
-168.6369670000000,-14.4696068333333,0 
-168.6369965000000,-14.4696126666667,0 
-168.6368605000000,-14.4696486666667,0 
-168.6369591666667,-14.4696770000000,0 
-168.6368721666667,-14.4696545000000,0 
-168.6368063333333,-14.4697210000000,0 
-168.6369281666667,-14.4696095000000,0 
-168.6369135000000,-14.4697525000000,0 
-168.6368026666667,-14.4697195000000,0 
-168.6368640000000,-14.4696531666667,0 
-168.6368390000000,-14.4697678333333,0 
-168.6368295000000,-14.4696710000000,0 
-168.6368370000000,-14.4696766666667,0 
-168.6368425000000,-14.4696388333333,0 
-168.6368531666667,-14.4695166666667,0 
-168.6368050000000,-14.4695135000000,0 
-168.6367053333333,-14.4695458333333,0 
-168.6367916666667,-14.4695775000000,0 
-168.6366725000000,-14.4695843333333,0 
-168.6366546666667,-14.4695175000000,0 
-168.6366536666667,-14.4695396666667,0 
-168.6367061666667,-14.4695261666667,0 
-168.6367356666667,-14.4696261666667,0 
-168.6366855000000,-14.4695680000000,0 
-168.6366738333333,-14.4695663333333,0 
-168.6366933333333,-14.4695693333333,0 
-168.6366983333333,-14.4695765000000,0 
-168.6368143333333,-14.4696156666667,0 
-168.6368993333333,-14.4695858333333,0 
-168.6369428333333,-14.4695256666667,0 
-168.6369678333333,-14.4695148333333,0 
-168.6369993333333,-14.4694783333333,0 
-168.6369581666667,-14.4695088333333,0 
-168.6370180000000,-14.4695755000000,0 
-168.6370288333333,-14.4694636666667,0 
-168.6370231666667,-14.4694896666667,0 
-168.6369941666667,-14.4695116666667,0 
-168.6368913333333,-14.4695551666667,0 
-168.6370226666667,-14.4695101666667,0 
-168.6368975000000,-14.4694590000000,0 
-168.6370303333333,-14.4693880000000,0 
-168.6369273333333,-14.4694578333333,0 
-168.6369200000000,-14.4694733333333,0 
-168.6369986666667,-14.4694271666667,0 
-168.6369706666667,-14.4695060000000,0 
-168.6370136666667,-14.4694033333333,0 
-168.6369560000000,-14.4694835000000,0 
-168.6369745000000,-14.4694371666667,0 
-168.6368926666667,-14.4694948333333,0 
-168.6368860000000,-14.4694618333333,0 
-168.6369311666667,-14.4694741666667,0 
-168.6369426666667,-14.4694143333333,0 
-168.6370380000000,-14.4695248333333,0 
-168.6370146666667,-14.4695980000000,0 
-168.6369493333333,-14.4696096666667,0 
-168.6369520000000,-14.4695243333333,0 
-168.6370165000000,-14.4695228333333,0 
-168.6370270000000,-14.4695638333333,0 
-168.6369826666667,-14.4696278333333,0 
-168.6368918333333,-14.4695816666667,0 
-168.6368753333333,-14.4696475000000,0 
-168.6367996666667,-14.4696343333333,0 
-168.6368728333333,-14.4695261666667,0 
-168.6369165000000,-14.4695813333333,0 
-168.6368443333333,-14.4696041666667,0 
-168.6368031666667,-14.4696775000000,0 
-168.6368208333333,-14.4697295000000,0 
-168.6365468333333,-14.4697985000000,0 
-168.6365383333333,-14.4698140000000,0 
-168.6366323333333,-14.4698735000000,0 
-168.6366490000000,-14.4698441666667,0 
-168.6366283333333,-14.4697988333333,0 
-168.6366206666667,-14.4698101666667,0 
-168.6366851666667,-14.4697690000000,0 
-168.6367075000000,-14.4698161666667,0 
-168.6367108333333,-14.4698115000000,0 
-168.6366260000000,-14.4697328333333,0 
-168.6366141666667,-14.4697235000000,0 
-168.6367543333333,-14.4696535000000,0 
-168.6366096666667,-14.4697353333333,0 
-168.6366116666667,-14.4696388333333,0 
-168.6366303333333,-14.4696421666667,0 
-168.6366983333333,-14.4697073333333,0 
-168.6367091666667,-14.4697020000000,0 
-168.6366703333333,-14.4696740000000,0 
-168.6366318333333,-14.4696541666667,0 
-168.6366403333333,-14.4696953333333,0 
-168.6365861666667,-14.4697485000000,0 
-168.6367063333333,-14.4696181666667,0 
-168.6366623333333,-14.4697173333333,0 
-168.6366796666667,-14.4697231666667,0 
-168.6365211666667,-14.4695410000000,0 
-168.6364363333333,-14.4696296666667,0 
-168.6364591666667,-14.4696335000000,0 
-168.6364271666667,-14.4695925000000,0 
-168.6363846666667,-14.4696743333333,0 
-168.6364021666667,-14.4696878333333,0 
-168.6363881666667,-14.4696183333333,0 
-168.6364333333333,-14.4696730000000,0 
-168.6364295000000,-14.4696731666667,0 
-168.6363831666667,-14.4695975000000,0 
-168.6363730000000,-14.4696271666667,0 
-168.6365041666667,-14.4697173333333,0 
-168.6364228333333,-14.4696880000000,0 
-168.6363708333333,-14.4696456666667,0 
-168.6364408333333,-14.4697603333333,0 
-168.6364826666667,-14.4696790000000,0 
-168.6363765000000,-14.4695998333333,0 
-168.6364605000000,-14.4696578333333,0 
-168.6364520000000,-14.4696233333333,0 
-168.6364606666667,-14.4697008333333,0 
-168.6363918333333,-14.4696868333333,0 
-168.6364148333333,-14.4696235000000,0 
-168.6364108333333,-14.4696428333333,0 
-168.6364291666667,-14.4697135000000,0 
-168.6364688333333,-14.4697553333333,0 
-168.6363720000000,-14.4697105000000,0 
-168.6363381666667,-14.4697161666667,0 
-168.6363553333333,-14.4697488333333,0 
-168.6363410000000,-14.4697001666667,0 
-168.6363760000000,-14.4697376666667,0 
-168.6363520000000,-14.4697253333333,0 
-168.6362916666667,-14.4696733333333,0 
-168.6363038333333,-14.4696778333333,0 
-168.6362511666667,-14.4696263333333,0 
-168.6362776666667,-14.4696210000000,0 
-168.6363185000000,-14.4696201666667,0 
-168.6362701666667,-14.4696333333333,0 
-168.6361688333333,-14.4697090000000,0 
-168.6359458333333,-14.4697626666667,0 
-168.6356386666667,-14.4697850000000,0 
-168.6356265000000,-14.4698576666667,0 
-168.6355391666667,-14.4699158333333,0 
-168.6354556666667,-14.4698926666667,0 
-168.6354666666667,-14.4699220000000,0 
-168.6355265000000,-14.4699111666667,0 
-168.6354838333333,-14.4699403333333,0 
-168.6354081666667,-14.4698741666667,0 
-168.6354243333333,-14.4698935000000,0 
-168.6353605000000,-14.4698491666667,0 
-168.6353511666667,-14.4698608333333,0 
-168.6353401666667,-14.4698350000000,0 
-168.6353466666667,-14.4698951666667,0 
-168.6353251666667,-14.4698718333333,0 
-168.6353063333333,-14.4698485000000,0 
-168.6353340000000,-14.4698921666667,0 
-168.6353073333333,-14.4698695000000,0 
-168.6352968333333,-14.4698171666667,0 
-168.6353353333333,-14.4697880000000,0 
-168.6353095000000,-14.4697450000000,0 
-168.6353145000000,-14.4697591666667,0 
-168.6352708333333,-14.4697756666667,0 
-168.6352580000000,-14.4698031666667,0 
-168.6352271666667,-14.4697543333333,0 
-168.6353051666667,-14.4697656666667,0 
-168.6352088333333,-14.4697625000000,0 
-168.6352211666667,-14.4697490000000,0 
-168.6352595000000,-14.4698070000000,0 
-168.6351660000000,-14.4698456666667,0 
-168.6352823333333,-14.4698405000000,0 
-168.6352550000000,-14.4698143333333,0 
-168.6352811666667,-14.4698481666667,0 
-168.6352446666667,-14.4698613333333,0 
-168.6351350000000,-14.4698563333333,0 
-168.6351183333333,-14.4699393333333,0 
-168.6351436666667,-14.4699420000000,0 
-168.6350773333333,-14.4699181666667,0 
-168.6351461666667,-14.4698496666667,0 
-168.6350986666667,-14.4698401666667,0 
-168.6351293333333,-14.4698903333333,0 
-168.6350671666667,-14.4697890000000,0 
-168.6350485000000,-14.4699588333333,0 
-168.6350870000000,-14.4698331666667,0 
-168.6350708333333,-14.4698270000000,0 
-168.6349330000000,-14.4699338333333,0 
-168.6349688333333,-14.4700240000000,0 
-168.6349650000000,-14.4700271666667,0 
-168.6349870000000,-14.4699746666667,0 
-168.6349991666667,-14.4699250000000,0 
-168.6349348333333,-14.4699843333333,0 
-168.6349601666667,-14.4701005000000,0 
-168.6348933333333,-14.4699728333333,0 
-168.6349515000000,-14.4700565000000,0 
-168.6348356666667,-14.4700336666667,0 
-168.6349015000000,-14.4700690000000,0 
-168.6348673333333,-14.4700561666667,0 
-168.6348286666667,-14.4700965000000,0 
-168.6348308333333,-14.4700840000000,0 
-168.6348123333333,-14.4700903333333,0 
-168.6348350000000,-14.4701385000000,0 
-168.6348103333333,-14.4701196666667,0 
-168.6348198333333,-14.4700521666667,0 
-168.6348641666667,-14.4701361666667,0 
-168.6348406666667,-14.4700581666667,0 
-168.6348821666667,-14.4701038333333,0 
-168.6348680000000,-14.4700781666667,0 
-168.6349168333333,-14.4701231666667,0 
-168.6348628333333,-14.4700660000000,0 
-168.6348083333333,-14.4700693333333,0 
-168.6349185000000,-14.4701006666667,0 
-168.6347828333333,-14.4701258333333,0 
-168.6347958333333,-14.4700640000000,0 
-168.6348675000000,-14.4700650000000,0 
-168.6348420000000,-14.4701750000000,0 
-168.6348751666667,-14.4701223333333,0 
-168.6347198333333,-14.4701016666667,0 
-168.6347670000000,-14.4701553333333,0 
-168.6348256666667,-14.4701993333333,0 
-168.6347775000000,-14.4701901666667,0 
-168.6347768333333,-14.4702381666667,0 
-168.6347400000000,-14.4701976666667,0 
-168.6347621666667,-14.4702130000000,0 
-168.6347021666667,-14.4702396666667,0 
-168.6348496666667,-14.4703330000000,0 
-168.6347468333333,-14.4703221666667,0 
-168.6347310000000,-14.4702643333333,0 
-168.6348313333333,-14.4703641666667,0 
-168.6348085000000,-14.4702781666667,0 
-168.6348186666667,-14.4702660000000,0 
-168.6347825000000,-14.4704066666667,0 
-168.6347746666667,-14.4704206666667,0 
-168.6347336666667,-14.4704625000000,0 
-168.6347638333333,-14.4703921666667,0 
-168.6346503333333,-14.4703825000000,0 
-168.6347263333333,-14.4703778333333,0 
-168.6346578333333,-14.4703770000000,0 
-168.6347800000000,-14.4704480000000,0 
-168.6347298333333,-14.4704190000000,0 
-168.6347236666667,-14.4704215000000,0 
-168.6346951666667,-14.4704200000000,0 
-168.6346195000000,-14.4704391666667,0 
-168.6346533333333,-14.4705055000000,0 
-168.6347566666667,-14.4704650000000,0 
-168.6346663333333,-14.4705410000000,0 
-168.6346536666667,-14.4705516666667,0 
-168.6346936666667,-14.4705065000000,0 
-168.6346031666667,-14.4704713333333,0 
-168.6346258333333,-14.4705151666667,0 
-168.6345341666667,-14.4704741666667,0 
-168.6346276666667,-14.4705206666667,0 
-168.6346616666667,-14.4705460000000,0 
-168.6345533333333,-14.4706470000000,0 
-168.6345875000000,-14.4706056666667,0 
-168.6345413333333,-14.4705343333333,0 
-168.6345643333333,-14.4705976666667,0 
-168.6345518333333,-14.4705915000000,0 
-168.6345768333333,-14.4705996666667,0 
-168.6347066666667,-14.4705653333333,0 
-168.6345893333333,-14.4705860000000,0 
-168.6345830000000,-14.4706838333333,0 
-168.6345748333333,-14.4706416666667,0 
-168.6345850000000,-14.4706673333333,0 
-168.6345963333333,-14.4706718333333,0 
-168.6346593333333,-14.4706695000000,0 
-168.6346511666667,-14.4706556666667,0 
-168.6346126666667,-14.4706415000000,0 
-168.6346405000000,-14.4705303333333,0 
-168.6346150000000,-14.4705236666667,0 
-168.6346116666667,-14.4705231666667,0 
-168.6345576666667,-14.4705196666667,0 
-168.6344875000000,-14.4705313333333,0 
-168.6344610000000,-14.4705781666667,0 
-168.6345111666667,-14.4705605000000,0 
-168.6344955000000,-14.4705720000000,0 
-168.6344813333333,-14.4705058333333,0 
-168.6345601666667,-14.4706538333333,0 
-168.6345485000000,-14.4705870000000,0 
-168.6345031666667,-14.4706698333333,0 
-168.6345326666667,-14.4706425000000,0 
-168.6344601666667,-14.4705930000000,0 
-168.6345128333333,-14.4706628333333,0 
-168.6344590000000,-14.4707300000000,0 
-168.6344700000000,-14.4706723333333,0 
-168.6345253333333,-14.4706088333333,0 
-168.6345728333333,-14.4707255000000,0 
-168.6345496666667,-14.4705816666667,0 
-168.6345191666667,-14.4706760000000,0 
-168.6344955000000,-14.4706948333333,0 
-168.6345370000000,-14.4706176666667,0 
-168.6344963333333,-14.4706891666667,0 
-168.6344261666667,-14.4707230000000,0 
-168.6344285000000,-14.4706806666667,0 
-168.6344340000000,-14.4707611666667,0 
-168.6345041666667,-14.4707118333333,0 
-168.6345380000000,-14.4707663333333,0 
-168.6345245000000,-14.4707671666667,0 
-168.6345150000000,-14.4706716666667,0 
-168.6344053333333,-14.4706495000000,0 
-168.6343641666667,-14.4706033333333,0 
-168.6344121666667,-14.4706510000000,0 
-168.6344623333333,-14.4706253333333,0 
-168.6343093333333,-14.4706133333333,0 
-168.6343531666667,-14.4706201666667,0 
-168.6343300000000,-14.4706103333333,0 
-168.6343550000000,-14.4705748333333,0 
-168.6342951666667,-14.4705978333333,0 
-168.6342876666667,-14.4705941666667,0 
-168.6342906666667,-14.4705905000000,0 
-168.6343528333333,-14.4705633333333,0 
-168.6343410000000,-14.4705563333333,0 
-168.6342611666667,-14.4706340000000,0 
-168.6343413333333,-14.4706528333333,0 
-168.6342871666667,-14.4706775000000,0 
-168.6342468333333,-14.4705730000000,0 
-168.6342338333333,-14.4706161666667,0 
-168.6342436666667,-14.4705516666667,0 
-168.6343866666667,-14.4706391666667,0 
-168.6342305000000,-14.4706703333333,0 
-168.6343170000000,-14.4706346666667,0 
-168.6342945000000,-14.4707233333333,0 
-168.6342223333333,-14.4706816666667,0 
-168.6341330000000,-14.4706306666667,0 
-168.6341748333333,-14.4707488333333,0 
-168.6342140000000,-14.4706770000000,0 
-168.6341815000000,-14.4707066666667,0 
-168.6341798333333,-14.4706718333333,0 
-168.6340920000000,-14.4707430000000,0 
-168.6340381666667,-14.4707950000000,0 
-168.6341158333333,-14.4707483333333,0 
-168.6340776666667,-14.4707760000000,0 
-168.6340638333333,-14.4707278333333,0 
-168.6340761666667,-14.4706908333333,0 
-168.6341495000000,-14.4706538333333,0 
-168.6340796666667,-14.4707280000000,0 
-168.6340980000000,-14.4707631666667,0 
-168.6341168333333,-14.4707276666667,0 
-168.6341086666667,-14.4707570000000,0 
-168.6341403333333,-14.4707768333333,0 
-168.6341335000000,-14.4707166666667,0 
-168.6341353333333,-14.4707288333333,0 
-168.6340708333333,-14.4707435000000,0 
-168.6340501666667,-14.4707291666667,0 
-168.6340130000000,-14.4707475000000,0 
-168.6341051666667,-14.4707753333333,0 
-168.6340565000000,-14.4708051666667,0 
-168.6339853333333,-14.4707821666667,0 
-168.6340340000000,-14.4707928333333,0 
-168.6340063333333,-14.4707416666667,0 
-168.6340278333333,-14.4707790000000,0 
-168.6340246666667,-14.4707436666667,0 
-168.6340063333333,-14.4707365000000,0 
-168.6339795000000,-14.4707501666667,0 
-168.6340171666667,-14.4707201666667,0 
-168.6339835000000,-14.4707340000000,0 
-168.6340420000000,-14.4707740000000,0 
-168.6340188333333,-14.4707131666667,0 
-168.6340316666667,-14.4707271666667,0 
-168.6339945000000,-14.4707443333333,0 
-168.6339966666667,-14.4707245000000,0 
-168.6340381666667,-14.4707198333333,0 
-168.6340686666667,-14.4707443333333,0 
-168.6339401666667,-14.4707070000000,0 
-168.6340556666667,-14.4707183333333,0 
-168.6340143333333,-14.4707395000000,0 
-168.6340051666667,-14.4707866666667,0 
-168.6339480000000,-14.4707461666667,0 
-168.6339818333333,-14.4707636666667,0 
-168.6339790000000,-14.4707693333333,0 
-168.6339831666667,-14.4707736666667,0 
-168.6339716666667,-14.4707160000000,0 
-168.6339298333333,-14.4707638333333,0 
-168.6339620000000,-14.4707600000000,0 
-168.6340036666667,-14.4707533333333,0 
-168.6339176666667,-14.4707551666667,0 
-168.6339615000000,-14.4708471666667,0 
-168.6339553333333,-14.4708311666667,0 
-168.6339438333333,-14.4708485000000,0 
-168.6339918333333,-14.4708685000000,0 
-168.6339320000000,-14.4708456666667,0 
-168.6338895000000,-14.4709031666667,0 
-168.6338881666667,-14.4709211666667,0 
-168.6339553333333,-14.4709251666667,0 
-168.6339126666667,-14.4708965000000,0 
-168.6339096666667,-14.4708845000000,0 
-168.6339040000000,-14.4709241666667,0 
-168.6338688333333,-14.4709183333333,0 
-168.6338438333333,-14.4708890000000,0 
-168.6338461666667,-14.4708805000000,0 
-168.6339010000000,-14.4708238333333,0 
-168.6339156666667,-14.4708281666667,0 
-168.6339053333333,-14.4709355000000,0 
-168.6338650000000,-14.4709328333333,0 
-168.6338581666667,-14.4709026666667,0 
-168.6338631666667,-14.4709583333333,0 
-168.6338078333333,-14.4709965000000,0 
-168.6338523333333,-14.4709425000000,0 
-168.6338870000000,-14.4709535000000,0 
-168.6339230000000,-14.4709080000000,0 
-168.6337706666667,-14.4709488333333,0 
-168.6338145000000,-14.4710040000000,0 
-168.6338618333333,-14.4710063333333,0 
-168.6338063333333,-14.4709833333333,0 
-168.6338920000000,-14.4709256666667,0 
-168.6338100000000,-14.4709583333333,0 
-168.6338811666667,-14.4710553333333,0 
-168.6338765000000,-14.4710201666667,0 
-168.6338910000000,-14.4710426666667,0 
-168.6337516666667,-14.4709565000000,0 
-168.6337491666667,-14.4709188333333,0 
-168.6338055000000,-14.4709545000000,0 
-168.6337263333333,-14.4708885000000,0 
-168.6337201666667,-14.4709265000000,0 
-168.6337140000000,-14.4708848333333,0 
-168.6337223333333,-14.4709421666667,0 
-168.6336933333333,-14.4709115000000,0 
-168.6337878333333,-14.4709478333333,0 
-168.6337910000000,-14.4708685000000,0 
-168.6337666666667,-14.4708720000000,0 
-168.6336683333333,-14.4708553333333,0 
-168.6337035000000,-14.4708920000000,0 
-168.6337391666667,-14.4709203333333,0 
-168.6336016666667,-14.4709086666667,0 
-168.6337065000000,-14.4709383333333,0 
-168.6336568333333,-14.4709288333333,0 
-168.6337003333333,-14.4709381666667,0 
-168.6336948333333,-14.4709098333333,0 
-168.6337215000000,-14.4709648333333,0 
-168.6336978333333,-14.4709940000000,0 
-168.6336973333333,-14.4710486666667,0 
-168.6336801666667,-14.4710036666667,0 
-168.6336351666667,-14.4709685000000,0 
-168.6336636666667,-14.4710143333333,0 
-168.6336255000000,-14.4709780000000,0 
-168.6336556666667,-14.4709900000000,0 
-168.6336401666667,-14.4710113333333,0 
-168.6336778333333,-14.4710260000000,0 
-168.6336453333333,-14.4710036666667,0 
-168.6336521666667,-14.4710931666667,0 
-168.6336523333333,-14.4710293333333,0 
-168.6336143333333,-14.4710206666667,0 
-168.6335778333333,-14.4710240000000,0 
-168.6336551666667,-14.4710015000000,0 
-168.6335866666667,-14.4710151666667,0 
-168.6335830000000,-14.4710413333333,0 
-168.6335765000000,-14.4710421666667,0 
-168.6335898333333,-14.4710411666667,0 
-168.6335731666667,-14.4710441666667,0 
-168.6335578333333,-14.4710443333333,0 
-168.6335741666667,-14.4710361666667,0 
-168.6336085000000,-14.4711075000000,0 
-168.6335755000000,-14.4710598333333,0 
-168.6335776666667,-14.4710760000000,0 
-168.6336103333333,-14.4711253333333,0 
-168.6336086666667,-14.4710760000000,0 
-168.6336136666667,-14.4711221666667,0 
-168.6336108333333,-14.4711410000000,0 
-168.6335835000000,-14.4711201666667,0 
-168.6336013333333,-14.4711265000000,0 
-168.6335526666667,-14.4711096666667,0 
-168.6335573333333,-14.4711550000000,0 
-168.6336233333333,-14.4711960000000,0 
-168.6336125000000,-14.4711876666667,0 
-168.6336446666667,-14.4711485000000,0 
-168.6336295000000,-14.4712458333333,0 
-168.6335230000000,-14.4712623333333,0 
-168.6335156666667,-14.4711625000000,0 
-168.6336143333333,-14.4712423333333,0 
-168.6336078333333,-14.4712615000000,0 
-168.6336231666667,-14.4712438333333,0 
-168.6335235000000,-14.4711776666667,0 
-168.6335313333333,-14.4711831666667,0 
-168.6334908333333,-14.4711523333333,0 
-168.6334490000000,-14.4711978333333,0 
-168.6334360000000,-14.4712048333333,0 
-168.6334548333333,-14.4712540000000,0 
-168.6334295000000,-14.4712808333333,0 
-168.6334640000000,-14.4712358333333,0 
-168.6335066666667,-14.4712880000000,0 
-168.6335130000000,-14.4713156666667,0 
-168.6334420000000,-14.4712558333333,0 
-168.6334238333333,-14.4712945000000,0 
-168.6333811666667,-14.4713248333333,0 
-168.6334341666667,-14.4713235000000,0 
-168.6334398333333,-14.4712845000000,0 
-168.6334100000000,-14.4713213333333,0 
-168.6334145000000,-14.4713228333333,0 
-168.6334061666667,-14.4713278333333,0 
-168.6333348333333,-14.4712758333333,0 
-168.6333421666667,-14.4712648333333,0 
-168.6333293333333,-14.4712666666667,0 
-168.6333486666667,-14.4712628333333,0 
-168.6333400000000,-14.4712768333333,0 
-168.6333143333333,-14.4712375000000,0 
-168.6332808333333,-14.4712848333333,0 
-168.6333361666667,-14.4712710000000,0 
-168.6332403333333,-14.4712386666667,0 
-168.6332793333333,-14.4712316666667,0 
-168.6332660000000,-14.4711643333333,0 
-168.6332461666667,-14.4712415000000,0 
-168.6332486666667,-14.4712111666667,0 
-168.6332200000000,-14.4712521666667,0 
-168.6331686666667,-14.4711663333333,0 
-168.6331576666667,-14.4711426666667,0 
-168.6332070000000,-14.4712160000000,0 
-168.6331888333333,-14.4711855000000,0 
-168.6331568333333,-14.4711975000000,0 
-168.6331421666667,-14.4712071666667,0 
-168.6331293333333,-14.4712155000000,0 
-168.6331473333333,-14.4711968333333,0 
-168.6331508333333,-14.4712078333333,0 
-168.6331708333333,-14.4711925000000,0 
-168.6332281666667,-14.4712415000000,0 
-168.6331736666667,-14.4712386666667,0 
-168.6331621666667,-14.4712423333333,0 
-168.6332076666667,-14.4712160000000,0 
-168.6331750000000,-14.4711343333333,0 
-168.6331226666667,-14.4712076666667,0 
-168.6331270000000,-14.4712231666667,0 
-168.6331161666667,-14.4711855000000,0 
-168.6331590000000,-14.4712011666667,0 
-168.6331381666667,-14.4711793333333,0 
-168.6331283333333,-14.4711931666667,0 
-168.6331211666667,-14.4711501666667,0 
-168.6330708333333,-14.4711218333333,0 
-168.6330360000000,-14.4711588333333,0 
-168.6330355000000,-14.4711148333333,0 
-168.6330358333333,-14.4711463333333,0 
-168.6330143333333,-14.4710966666667,0 
-168.6330381666667,-14.4711323333333,0 
-168.6330775000000,-14.4711571666667,0 
-168.6330668333333,-14.4711261666667,0 
-168.6330848333333,-14.4711235000000,0 
-168.6330465000000,-14.4712110000000,0 
-168.6330158333333,-14.4712145000000,0 
-168.6330163333333,-14.4712235000000,0 
-168.6330353333333,-14.4712363333333,0 
-168.6330493333333,-14.4711805000000,0 
-168.6330730000000,-14.4713001666667,0 
-168.6330345000000,-14.4712961666667,0 
-168.6330136666667,-14.4712423333333,0 
-168.6330593333333,-14.4713030000000,0 
-168.6330375000000,-14.4712688333333,0 
-168.6330000000000,-14.4712978333333,0 
-168.6330200000000,-14.4712953333333,0 
-168.6330070000000,-14.4712881666667,0 
-168.6330120000000,-14.4713138333333,0 
-168.6329933333333,-14.4712510000000,0 
-168.6330001666667,-14.4713000000000,0 
-168.6329991666667,-14.4713181666667,0 
-168.6330113333333,-14.4713273333333,0 
-168.6330058333333,-14.4713495000000,0 
-168.6330133333333,-14.4713610000000,0 
-168.6329886666667,-14.4713218333333,0 
-168.6329621666667,-14.4713518333333,0 
-168.6329673333333,-14.4713455000000,0 
-168.6329391666667,-14.4713386666667,0 
-168.6329691666667,-14.4713468333333,0 
-168.6329218333333,-14.4713461666667,0 
-168.6330030000000,-14.4713318333333,0 
-168.6329700000000,-14.4713871666667,0 
-168.6329670000000,-14.4714226666667,0 
-168.6329623333333,-14.4714510000000,0 
-168.6329660000000,-14.4715280000000,0 
-168.6329868333333,-14.4715108333333,0 
-168.6329570000000,-14.4715120000000,0 
-168.6329581666667,-14.4715178333333,0 
-168.6329001666667,-14.4714805000000,0 
-168.6329368333333,-14.4713758333333,0 
-168.6329825000000,-14.4713340000000,0 
-168.6329836666667,-14.4714370000000,0 
-168.6328956666667,-14.4714311666667,0 
-168.6328700000000,-14.4714628333333,0 
-168.6329343333333,-14.4714310000000,0 
-168.6328765000000,-14.4714106666667,0 
-168.6328900000000,-14.4714021666667,0 
-168.6329058333333,-14.4714223333333,0 
-168.6328978333333,-14.4714135000000,0 
-168.6328715000000,-14.4714235000000,0 
-168.6328736666667,-14.4714140000000,0 
-168.6328826666667,-14.4714048333333,0 
-168.6328495000000,-14.4714100000000,0 
-168.6328246666667,-14.4714111666667,0 
-168.6328608333333,-14.4714006666667,0 
-168.6328726666667,-14.4713791666667,0 
-168.6328686666667,-14.4713946666667,0 
-168.6329025000000,-14.4714131666667,0 
-168.6328705000000,-14.4714196666667,0 
-168.6328448333333,-14.4714450000000,0 
-168.6328081666667,-14.4714426666667,0 
-168.6327671666667,-14.4713913333333,0 
-168.6327726666667,-14.4713978333333,0 
-168.6327123333333,-14.4715056666667,0 
-168.6327546666667,-14.4713873333333,0 
-168.6327101666667,-14.4714671666667,0 
-168.6327125000000,-14.4714151666667,0 
-168.6327521666667,-14.4714175000000,0 
-168.6327601666667,-14.4713948333333,0 
-168.6327238333333,-14.4713840000000,0 
-168.6327483333333,-14.4714285000000,0 
-168.6327378333333,-14.4714136666667,0 
-168.6327800000000,-14.4714255000000,0 
-168.6327820000000,-14.4714325000000,0 
-168.6327958333333,-14.4714466666667,0 
-168.6327993333333,-14.4714665000000,0 
-168.6327925000000,-14.4714910000000,0 
-168.6327858333333,-14.4714946666667,0 
-168.6327230000000,-14.4714738333333,0 
-168.6327420000000,-14.4713903333333,0 
-168.6326960000000,-14.4714480000000,0 
-168.6327713333333,-14.4714525000000,0 
-168.6327558333333,-14.4714541666667,0 
-168.6327473333333,-14.4714525000000,0 
-168.6328415000000,-14.4714998333333,0 
-168.6327808333333,-14.4714730000000,0 
-168.6328136666667,-14.4714926666667,0 
-168.6328261666667,-14.4714885000000,0 
-168.6327821666667,-14.4714520000000,0 
-168.6328365000000,-14.4715136666667,0 
-168.6328375000000,-14.4714753333333,0 
-168.6328551666667,-14.4715238333333,0 
-168.6328093333333,-14.4715276666667,0 
-168.6327656666667,-14.4715573333333,0 
-168.6328221666667,-14.4715168333333,0 
-168.6328105000000,-14.4715265000000,0 
-168.6328340000000,-14.4715058333333,0 
-168.6328193333333,-14.4715208333333,0 
-168.6328103333333,-14.4714468333333,0 
-168.6327711666667,-14.4715640000000,0 
-168.6327763333333,-14.4715886666667,0 
-168.6328301666667,-14.4716511666667,0 
-168.6327828333333,-14.4716161666667,0 
-168.6328293333333,-14.4716203333333,0 
-168.6327820000000,-14.4716420000000,0 
-168.6327881666667,-14.4715816666667,0 
-168.6327643333333,-14.4716055000000,0 
-168.6327331666667,-14.4715630000000,0 
-168.6328130000000,-14.4715688333333,0 
-168.6328548333333,-14.4715498333333,0 
-168.6327148333333,-14.4715293333333,0 
-168.6327346666667,-14.4715543333333,0 
-168.6326860000000,-14.4716028333333,0 
-168.6327178333333,-14.4716251666667,0 
-168.6327476666667,-14.4716085000000,0 
-168.6327105000000,-14.4716060000000,0 
-168.6327710000000,-14.4715378333333,0 
-168.6327390000000,-14.4716346666667,0 
-168.6326408333333,-14.4716051666667,0 
-168.6326841666667,-14.4715506666667,0 
-168.6326376666667,-14.4715028333333,0 
-168.6326343333333,-14.4714991666667,0 
-168.6326068333333,-14.4714941666667,0 
-168.6325980000000,-14.4715116666667,0 
-168.6325255000000,-14.4715355000000,0 
-168.6325383333333,-14.4715675000000,0 
-168.6325623333333,-14.4715938333333,0 
-168.6325465000000,-14.4716161666667,0 
-168.6325376666667,-14.4716448333333,0 
-168.6324700000000,-14.4715788333333,0 
-168.6325316666667,-14.4716768333333,0 
-168.6325316666667,-14.4716475000000,0 
-168.6325481666667,-14.4716603333333,0 
-168.6325005000000,-14.4716691666667,0 
-168.6325088333333,-14.4716316666667,0 
-168.6325005000000,-14.4716126666667,0 
-168.6325228333333,-14.4715925000000,0 
-168.6325973333333,-14.4716371666667,0 
-168.6325411666667,-14.4716171666667,0 
-168.6325690000000,-14.4715975000000,0 
-168.6325316666667,-14.4716050000000,0 
-168.6325730000000,-14.4716170000000,0 
-168.6325888333333,-14.4716346666667,0 
-168.6325088333333,-14.4715906666667,0 
-168.6324766666667,-14.4715725000000,0 
-168.6324138333333,-14.4715780000000,0 
-168.6324456666667,-14.4715371666667,0 
-168.6324733333333,-14.4715868333333,0 
-168.6324475000000,-14.4716128333333,0 
-168.6324965000000,-14.4716228333333,0 
-168.6324268333333,-14.4716653333333,0 
-168.6324423333333,-14.4717016666667,0 
-168.6324575000000,-14.4716795000000,0 
-168.6324351666667,-14.4717175000000,0 
-168.6324276666667,-14.4717086666667,0 
-168.6324308333333,-14.4716833333333,0 
-168.6324470000000,-14.4716573333333,0 
-168.6323660000000,-14.4716075000000,0 
-168.6323970000000,-14.4715875000000,0 
-168.6324368333333,-14.4715905000000,0 
-168.6324356666667,-14.4716243333333,0 
-168.6324535000000,-14.4716218333333,0 
-168.6324208333333,-14.4716495000000,0 
-168.6324040000000,-14.4716801666667,0 
-168.6324130000000,-14.4716953333333,0 
-168.6323538333333,-14.4716190000000,0 
-168.6323671666667,-14.4716275000000,0 
-168.6323500000000,-14.4716246666667,0 
-168.6323728333333,-14.4716268333333,0 
-168.6323281666667,-14.4716326666667,0 
-168.6323513333333,-14.4716223333333,0 
-168.6323748333333,-14.4716580000000,0 
-168.6323858333333,-14.4716766666667,0 
-168.6323545000000,-14.4716646666667,0 
-168.6323580000000,-14.4716676666667,0 
-168.6323535000000,-14.4716713333333,0 
-168.6324153333333,-14.4716516666667,0 
-168.6323446666667,-14.4717016666667,0 
-168.6323528333333,-14.4717250000000,0 
-168.6323400000000,-14.4717161666667,0 
-168.6323215000000,-14.4717063333333,0 
-168.6323278333333,-14.4717108333333,0 
-168.6323436666667,-14.4716916666667,0 
-168.6323318333333,-14.4717540000000,0 
-168.6323383333333,-14.4717728333333,0 
-168.6322906666667,-14.4717920000000,0 
-168.6323098333333,-14.4718320000000,0 
-168.6323001666667,-14.4718250000000,0 
-168.6322940000000,-14.4718443333333,0 
-168.6323348333333,-14.4718288333333,0 
-168.6323268333333,-14.4718248333333,0 
-168.6322930000000,-14.4717920000000,0 
-168.6322851666667,-14.4717885000000,0 
-168.6322813333333,-14.4717556666667,0 
-168.6322985000000,-14.4716946666667,0 
-168.6323473333333,-14.4717750000000,0 
-168.6323415000000,-14.4717335000000,0 
-168.6323541666667,-14.4717625000000,0 
-168.6323325000000,-14.4717466666667,0 
-168.6323298333333,-14.4717630000000,0 
-168.6323270000000,-14.4717511666667,0 
-168.6323861666667,-14.4717266666667,0 
-168.6323231666667,-14.4717953333333,0 
-168.6323345000000,-14.4717973333333,0 
-168.6323380000000,-14.4718030000000,0 
-168.6323178333333,-14.4717976666667,0 
-168.6322905000000,-14.4718030000000,0 
-168.6322626666667,-14.4718200000000,0 
-168.6322751666667,-14.4718210000000,0 
-168.6322951666667,-14.4718375000000,0 
-168.6322831666667,-14.4718373333333,0 
-168.6322810000000,-14.4718261666667,0 
-168.6322913333333,-14.4718128333333,0 
-168.6322960000000,-14.4718276666667,0 
-168.6323115000000,-14.4718365000000,0 
-168.6322973333333,-14.4718615000000,0 
-168.6322440000000,-14.4718696666667,0 
-168.6322471666667,-14.4719036666667,0 
-168.6322460000000,-14.4719276666667,0 
-168.6323023333333,-14.4719703333333,0 
-168.6323145000000,-14.4719341666667,0 
-168.6323063333333,-14.4719385000000,0 
-168.6323353333333,-14.4719648333333,0 
-168.6322326666667,-14.4718955000000,0 
-168.6322366666667,-14.4719295000000,0 
-168.6322556666667,-14.4719475000000,0 
-168.6321895000000,-14.4719970000000,0 
-168.6321538333333,-14.4720025000000,0 
-168.6321728333333,-14.4719718333333,0 
-168.6321928333333,-14.4719876666667,0 
-168.6321738333333,-14.4719560000000,0 
-168.6322086666667,-14.4719473333333,0 
-168.6322565000000,-14.4719693333333,0 
-168.6322325000000,-14.4719926666667,0 
-168.6321638333333,-14.4719320000000,0 
-168.6321503333333,-14.4719051666667,0 
-168.6321418333333,-14.4719046666667,0 
-168.6321093333333,-14.4719246666667,0 
-168.6321913333333,-14.4721150000000,0 
-168.6322801666667,-14.4721073333333,0 
-168.6323373333333,-14.4720360000000,0 
-168.6323406666667,-14.4720410000000,0 
-168.6323533333333,-14.4720510000000,0 
-168.6323611666667,-14.4720750000000,0 
-168.6324235000000,-14.4721103333333,0 
-168.6324773333333,-14.4721611666667,0 
-168.6324796666667,-14.4722108333333,0 
-168.6324710000000,-14.4722115000000,0 
-168.6324741666667,-14.4721926666667,0 
-168.6324736666667,-14.4721466666667,0 
-168.6325205000000,-14.4722230000000,0 
-168.6324658333333,-14.4722446666667,0 
-168.6324575000000,-14.4722551666667,0 
-168.6325356666667,-14.4722466666667,0 
-168.6325110000000,-14.4722465000000,0 
-168.6325116666667,-14.4722596666667,0 
-168.6325248333333,-14.4722636666667,0 
-168.6325115000000,-14.4722608333333,0 
-168.6324911666667,-14.4722168333333,0 
-168.6324841666667,-14.4722346666667,0 
-168.6324875000000,-14.4721936666667,0 
-168.6325355000000,-14.4721968333333,0 
-168.6325171666667,-14.4721436666667,0 
-168.6325075000000,-14.4721720000000,0 
-168.6325060000000,-14.4721810000000,0 
-168.6325398333333,-14.4721620000000,0 
-168.6325650000000,-14.4721776666667,0 
-168.6325495000000,-14.4721841666667,0 
-168.6325566666667,-14.4721471666667,0 
-168.6325978333333,-14.4721265000000,0 
-168.6325901666667,-14.4721078333333,0 
-168.6325993333333,-14.4720795000000,0 
-168.6326193333333,-14.4720526666667,0 
-168.6326211666667,-14.4720543333333,0 
-168.6326635000000,-14.4720446666667,0 
-168.6326335000000,-14.4720310000000,0 
-168.6326443333333,-14.4720175000000,0 
-168.6326405000000,-14.4720066666667,0 
-168.6326618333333,-14.4719591666667,0 
-168.6326390000000,-14.4719676666667,0 
-168.6326505000000,-14.4719551666667,0 
-168.6326831666667,-14.4719285000000,0 
-168.6326525000000,-14.4719098333333,0 
-168.6326780000000,-14.4719053333333,0 
-168.6326798333333,-14.4718696666667,0 
-168.6326900000000,-14.4718376666667,0 
-168.6326885000000,-14.4718161666667,0 
-168.6326903333333,-14.4717813333333,0 
-168.6326748333333,-14.4717718333333,0 
-168.6326766666667,-14.4717620000000,0 
-168.6326678333333,-14.4717536666667,0 
-168.6326271666667,-14.4716986666667,0 
-168.6326101666667,-14.4716535000000,0 
-168.6326333333333,-14.4716936666667,0 
-168.6326215000000,-14.4717036666667,0 
-168.6325978333333,-14.4716741666667,0 
-168.6325805000000,-14.4716798333333,0 
-168.6325821666667,-14.4716945000000,0 
-168.6325650000000,-14.4716756666667,0 
-168.6325611666667,-14.4716908333333,0 
-168.6325473333333,-14.4716911666667,0 
</coordinates></LineString></Placemark></Document></kml>
