cell_id,west,south,east,north,occurrence_count
gh8-00000,-169.9962615966797,-14.27999496459961,-169.99591827392578,-14.279823303222656,60506
gh8-00001,-169.99832153320312,-14.66451644897461,-169.99797821044922,-14.664344787597656,47785
gh8-00002,-170.70453643798828,-14.335956573486328,-170.70419311523438,-14.335784912109375,2531
gh8-00003,-169.60830688476562,-14.168758392333984,-169.60796356201172,-14.168586730957031,2440
gh8-00004,-169.50084686279297,-14.257678985595703,-169.50050354003906,-14.25750732421875,2375
gh8-00005,-169.67628479003906,-14.184722900390625,-169.67594146728516,-14.184551239013672,2365
gh8-00006,-169.62718963623047,-14.181289672851562,-169.62684631347656,-14.18111801147461,2353
gh8-00007,-169.41810607910156,-14.227294921875,-169.41776275634766,-14.227123260498047,2344
gh8-00008,-169.50599670410156,-14.246692657470703,-169.50565338134766,-14.24652099609375,2300
gh8-00009,-170.56411743164062,-14.285659790039062,-170.56377410888672,-14.28548812866211,2283
gh8-00010,-169.5132064819336,-14.217510223388672,-169.5128631591797,-14.217338562011719,2183
gh8-00011,-169.44076538085938,-14.212532043457031,-169.44042205810547,-14.212360382080078,2157
gh8-00012,-170.72891235351562,-14.351234436035156,-170.72856903076172,-14.351062774658203,2117
gh8-00013,-169.47509765625,-14.262657165527344,-169.4747543334961,-14.26248550415039,2104
gh8-00014,-170.57201385498047,-14.246177673339844,-170.57167053222656,-14.24600601196289,2027
gh8-00015,-169.62444305419922,-14.163780212402344,-169.6240997314453,-14.16360855102539,2020
gh8-00016,-169.64984893798828,-14.177513122558594,-169.64950561523438,-14.17734146118164,1997
gh8-00017,-170.75054168701172,-14.360332489013672,-170.7501983642578,-14.360160827636719,1957
gh8-00018,-169.6611785888672,-14.18661117553711,-169.66083526611328,-14.186439514160156,1951
gh8-00019,-170.76358795166016,-14.365997314453125,-170.76324462890625,-14.365825653076172,1937
gh8-00020,-169.67456817626953,-14.157943725585938,-169.67422485351562,-14.157772064208984,1926
gh8-00021,-170.8319091796875,-14.328231811523438,-170.8315658569336,-14.328060150146484,1879
gh8-00022,-170.69320678710938,-14.311408996582031,-170.69286346435547,-14.311237335205078,1838
gh8-00023,-170.63793182373047,-14.28445816040039,-170.63758850097656,-14.284286499023438,1831
gh8-00024,-170.6894302368164,-14.25201416015625,-170.6890869140625,-14.251842498779297,1744
gh8-00025,-170.6238555908203,-14.251842498779297,-170.6235122680664,-14.251670837402344,1737
gh8-00026,-169.49020385742188,-14.214763641357422,-169.48986053466797,-14.214591979980469,1689
gh8-00027,-169.4469451904297,-14.251327514648438,-169.44660186767578,-14.251155853271484,1685
gh8-00028,-170.83740234375,-14.316043853759766,-170.8370590209961,-14.315872192382812,1610
gh8-00029,-169.68589782714844,-14.171676635742188,-169.68555450439453,-14.171504974365234,1604
gh8-00030,-170.56171417236328,-14.267635345458984,-170.56137084960938,-14.267463684082031,1563
gh8-00031,-170.6063461303711,-14.256305694580078,-170.6060028076172,-14.256134033203125,1559
gh8-00032,-169.68212127685547,-14.173908233642578,-169.68177795410156,-14.173736572265625,1555
gh8-00033,-170.65269470214844,-14.253730773925781,-170.65235137939453,-14.253559112548828,1543
gh8-00034,-170.78075408935547,-14.291839599609375,-170.78041076660156,-14.291667938232422,1513
gh8-00035,-170.6073760986328,-14.277935028076172,-170.6070327758789,-14.277763366699219,1499
gh8-00036,-170.78899383544922,-14.342994689941406,-170.7886505126953,-14.342823028564453,1484
gh8-00037,-170.6564712524414,-14.315528869628906,-170.6561279296875,-14.315357208251953,1391
gh8-00038,-169.46823120117188,-14.214763641357422,-169.46788787841797,-14.214591979980469,1375
gh8-00039,-170.71208953857422,-14.260597229003906,-170.7117462158203,-14.260425567626953,1358
gh8-00040,-170.7282257080078,-14.283256530761719,-170.7278823852539,-14.283084869384766,1331
gh8-00041,-170.75946807861328,-14.28995132446289,-170.75912475585938,-14.289779663085938,1295
gh8-00042,-170.66951751708984,-14.278450012207031,-170.66917419433594,-14.278278350830078,1149
gh8-00043,-169.60796356201172,-14.186439514160156,-169.6076202392578,-14.186267852783203,1129
gh8-00044,-170.7931137084961,-14.291324615478516,-170.7927703857422,-14.291152954101562,1004
gh8-00045,-170.6952667236328,-14.297332763671875,-170.6949234008789,-14.297161102294922,848
gh8-00046,-169.61929321289062,-14.158458709716797,-169.61894989013672,-14.158287048339844,733
gh8-00047,-169.4692611694336,-14.239139556884766,-169.4689178466797,-14.238967895507812,654
gh8-00048,-169.4472885131836,-14.251327514648438,-169.4469451904297,-14.251155853271484,577
gh8-00049,-169.64881896972656,-14.173736572265625,-169.64847564697266,-14.173564910888672,564
gh8-00050,-169.6556854248047,-14.16463851928711,-169.65534210205078,-14.164466857910156,560
gh8-00051,-169.6560287475586,-14.16463851928711,-169.6556854248047,-14.164466857910156,526
gh8-00052,-169.41913604736328,-14.247207641601562,-169.41879272460938,-14.24703598022461,467
gh8-00053,-169.6900177001953,-14.17013168334961,-169.6896743774414,-14.169960021972656,421
gh8-00054,-170.67020416259766,-14.280166625976562,-170.66986083984375,-14.27999496459961,413
gh8-00055,-170.6842803955078,-14.273643493652344,-170.6839370727539,-14.27347183227539,350
gh8-00056,-169.68658447265625,-14.16910171508789,-169.68624114990234,-14.168930053710938,338
gh8-00057,-170.6060028076172,-14.256477355957031,-170.60565948486328,-14.256305694580078,330
gh8-00058,-169.4747543334961,-14.214420318603516,-169.4744110107422,-14.214248657226562,317
gh8-00059,-170.8202362060547,-14.332695007324219,-170.81989288330078,-14.332523345947266,308
gh8-00060,-169.66564178466797,-14.161720275878906,-169.66529846191406,-14.161548614501953,288
gh8-00061,-169.6900177001953,-14.160003662109375,-169.6896743774414,-14.159832000732422,288
gh8-00062,-169.42153930664062,-14.214420318603516,-169.42119598388672,-14.214248657226562,276
gh8-00063,-169.46582794189453,-14.212703704833984,-169.46548461914062,-14.212532043457031,271
gh8-00064,-170.83431243896484,-14.30917739868164,-170.83396911621094,-14.309005737304688,269
gh8-00065,-170.771484375,-14.290294647216797,-170.7711410522461,-14.290122985839844,268
gh8-00066,-170.75294494628906,-14.364452362060547,-170.75260162353516,-14.364280700683594,252
gh8-00067,-169.68006134033203,-14.160003662109375,-169.67971801757812,-14.159832000732422,248
gh8-00068,-170.6118392944336,-14.253215789794922,-170.6114959716797,-14.253044128417969,247
gh8-00069,-170.5575942993164,-14.277420043945312,-170.5572509765625,-14.27724838256836,246
gh8-00070,-169.63817596435547,-14.172019958496094,-169.63783264160156,-14.17184829711914,244
gh8-00071,-169.64195251464844,-14.173393249511719,-169.64160919189453,-14.173221588134766,241
gh8-00072,-169.46239471435547,-14.250297546386719,-169.46205139160156,-14.250125885009766,241
gh8-00073,-170.6719207763672,-14.32342529296875,-170.67157745361328,-14.323253631591797,240
gh8-00074,-169.68109130859375,-14.18111801147461,-169.68074798583984,-14.180946350097656,236
gh8-00075,-169.47853088378906,-14.213733673095703,-169.47818756103516,-14.21356201171875,235
gh8-00076,-169.66049194335938,-14.18661117553711,-169.66014862060547,-14.186439514160156,228
gh8-00077,-170.81645965576172,-14.301109313964844,-170.8161163330078,-14.30093765258789,228
gh8-00078,-170.71895599365234,-14.33938980102539,-170.71861267089844,-14.339218139648438,224
gh8-00079,-170.73474884033203,-14.359817504882812,-170.73440551757812,-14.35964584350586,222
gh8-00080,-169.62238311767578,-14.189014434814453,-169.62203979492188,-14.1888427734375,219
gh8-00081,-169.4696044921875,-14.21407699584961,-169.4692611694336,-14.213905334472656,217
gh8-00082,-170.5950164794922,-14.284286499023438,-170.59467315673828,-14.284114837646484,215
gh8-00083,-170.7656478881836,-14.362907409667969,-170.7653045654297,-14.362735748291016,214
gh8-00084,-170.6678009033203,-14.322052001953125,-170.6674575805664,-14.321880340576172,211
gh8-00085,-170.69732666015625,-14.32119369506836,-170.69698333740234,-14.321022033691406,208
gh8-00086,-170.57819366455078,-14.301109313964844,-170.57785034179688,-14.30093765258789,206
gh8-00087,-169.44316864013672,-14.212360382080078,-169.4428253173828,-14.212188720703125,205
gh8-00088,-170.76221466064453,-14.364452362060547,-170.76187133789062,-14.364280700683594,204
gh8-00089,-170.6894302368164,-14.247379302978516,-170.6890869140625,-14.247207641601562,203
gh8-00090,-170.8319091796875,-14.329948425292969,-170.8315658569336,-14.329776763916016,203
gh8-00091,-169.62684631347656,-14.181461334228516,-169.62650299072266,-14.181289672851562,202
gh8-00092,-169.41879272460938,-14.242572784423828,-169.41844940185547,-14.242401123046875,201
gh8-00093,-169.4205093383789,-14.25750732421875,-169.420166015625,-14.257335662841797,199
gh8-00094,-169.7003173828125,-14.200000762939453,-169.6999740600586,-14.1998291015625,199
gh8-00095,-169.47338104248047,-14.213733673095703,-169.47303771972656,-14.21356201171875,198
gh8-00096,-169.65911865234375,-14.16412353515625,-169.65877532958984,-14.163951873779297,197
gh8-00097,-170.51433563232422,-14.277591705322266,-170.5139923095703,-14.277420043945312,197
gh8-00098,-169.61620330810547,-14.191932678222656,-169.61585998535156,-14.191761016845703,196
gh8-00099,-170.66951751708984,-14.236221313476562,-170.66917419433594,-14.23604965209961,196
gh8-00100,-169.41879272460938,-14.248237609863281,-169.41844940185547,-14.248065948486328,195
gh8-00101,-169.50942993164062,-14.2437744140625,-169.50908660888672,-14.243602752685547,195
gh8-00102,-170.81096649169922,-14.294929504394531,-170.8106231689453,-14.294757843017578,195
gh8-00103,-170.74951171875,-14.360160827636719,-170.7491683959961,-14.359989166259766,195
gh8-00104,-169.41741943359375,-14.231929779052734,-169.41707611083984,-14.231758117675781,194
gh8-00105,-169.45621490478516,-14.249954223632812,-169.45587158203125,-14.24978256225586,194
gh8-00106,-170.68634033203125,-14.304027557373047,-170.68599700927734,-14.303855895996094,194
gh8-00107,-170.69698333740234,-14.320507049560547,-170.69664001464844,-14.320335388183594,194
gh8-00108,-170.83465576171875,-14.326858520507812,-170.83431243896484,-14.32668685913086,194
gh8-00109,-169.44660186767578,-14.25149917602539,-169.44625854492188,-14.251327514648438,193
gh8-00110,-170.80547332763672,-14.291839599609375,-170.8051300048828,-14.291667938232422,193
gh8-00111,-169.44316864013672,-14.254589080810547,-169.4428253173828,-14.254417419433594,192
gh8-00112,-169.62615966796875,-14.165153503417969,-169.62581634521484,-14.164981842041016,192
gh8-00113,-170.80169677734375,-14.291152954101562,-170.80135345458984,-14.29098129272461,191
gh8-00114,-169.6512222290039,-14.164466857910156,-169.65087890625,-14.164295196533203,190
gh8-00115,-170.55313110351562,-14.275703430175781,-170.55278778076172,-14.275531768798828,188
gh8-00116,-170.76290130615234,-14.363594055175781,-170.76255798339844,-14.363422393798828,188
gh8-00117,-170.62763214111328,-14.248237609863281,-170.62728881835938,-14.248065948486328,186
gh8-00118,-170.63552856445312,-14.283256530761719,-170.63518524169922,-14.283084869384766,186
gh8-00119,-169.4699478149414,-14.21407699584961,-169.4696044921875,-14.213905334472656,185
gh8-00120,-169.63268280029297,-14.164466857910156,-169.63233947753906,-14.164295196533203,185
gh8-00121,-169.68658447265625,-14.168243408203125,-169.68624114990234,-14.168071746826172,185
gh8-00122,-170.69320678710938,-14.311065673828125,-170.69286346435547,-14.310894012451172,185
gh8-00123,-170.7872772216797,-14.359817504882812,-170.78693389892578,-14.35964584350586,185
gh8-00124,-170.55828094482422,-14.259223937988281,-170.5579376220703,-14.259052276611328,184
gh8-00125,-170.57132720947266,-14.299736022949219,-170.57098388671875,-14.299564361572266,184
gh8-00126,-170.78933715820312,-14.347972869873047,-170.78899383544922,-14.347801208496094,184
gh8-00127,-169.41673278808594,-14.218196868896484,-169.41638946533203,-14.218025207519531,183
gh8-00128,-170.56617736816406,-14.273300170898438,-170.56583404541016,-14.273128509521484,183
gh8-00129,-170.56411743164062,-14.28548812866211,-170.56377410888672,-14.285316467285156,183
gh8-00130,-170.75157165527344,-14.361190795898438,-170.75122833251953,-14.361019134521484,183
gh8-00131,-170.69835662841797,-14.253215789794922,-170.69801330566406,-14.253044128417969,182
gh8-00132,-169.48436737060547,-14.214935302734375,-169.48402404785156,-14.214763641357422,181
gh8-00133,-169.6460723876953,-14.164981842041016,-169.6457290649414,-14.164810180664062,181
gh8-00134,-170.71998596191406,-14.346084594726562,-170.71964263916016,-14.34591293334961,181
gh8-00135,-169.61997985839844,-14.15811538696289,-169.61963653564453,-14.157943725585938,180
gh8-00136,-169.67422485351562,-14.187126159667969,-169.67388153076172,-14.186954498291016,180
gh8-00137,-169.48711395263672,-14.276390075683594,-169.4867706298828,-14.27621841430664,180
gh8-00138,-170.77560424804688,-14.367027282714844,-170.77526092529297,-14.36685562133789,180
gh8-00139,-169.50942993164062,-14.244117736816406,-169.50908660888672,-14.243946075439453,179
gh8-00140,-170.58712005615234,-14.250469207763672,-170.58677673339844,-14.250297546386719,179
gh8-00141,-170.64273834228516,-14.25149917602539,-170.64239501953125,-14.251327514648438,179
gh8-00142,-170.71380615234375,-14.262657165527344,-170.71346282958984,-14.26248550415039,179
gh8-00143,-169.47200775146484,-14.213218688964844,-169.47166442871094,-14.21304702758789,178
gh8-00144,-169.60796356201172,-14.161720275878906,-169.6076202392578,-14.161548614501953,178
gh8-00145,-169.63645935058594,-14.17236328125,-169.63611602783203,-14.172191619873047,178
gh8-00146,-169.66392517089844,-14.162750244140625,-169.66358184814453,-14.162578582763672,177
gh8-00147,-169.48848724365234,-14.2767333984375,-169.48814392089844,-14.276561737060547,177
gh8-00148,-170.59879302978516,-14.283428192138672,-170.59844970703125,-14.283256530761719,177
gh8-00149,-169.50702667236328,-14.245834350585938,-169.50668334960938,-14.245662689208984,176
gh8-00150,-169.50050354003906,-14.259910583496094,-169.50016021728516,-14.25973892211914,176
gh8-00151,-170.5792236328125,-14.246349334716797,-170.5788803100586,-14.246177673339844,176
gh8-00152,-170.62419891357422,-14.251842498779297,-170.6238555908203,-14.251670837402344,176
gh8-00153,-170.66917419433594,-14.321880340576172,-170.66883087158203,-14.321708679199219,176
gh8-00154,-170.72341918945312,-14.271926879882812,-170.72307586669922,-14.27175521850586,176
gh8-00155,-170.80272674560547,-14.292526245117188,-170.80238342285156,-14.292354583740234,176
gh8-00156,-170.73062896728516,-14.355182647705078,-170.73028564453125,-14.355010986328125,176
gh8-00157,-169.63680267333984,-14.161033630371094,-169.63645935058594,-14.16086196899414,175
gh8-00158,-170.63621520996094,-14.281539916992188,-170.63587188720703,-14.281368255615234,175
gh8-00159,-170.76770782470703,-14.28720474243164,-170.76736450195312,-14.287033081054688,174
gh8-00160,-170.80341339111328,-14.334754943847656,-170.80307006835938,-14.334583282470703,174
gh8-00161,-170.57476043701172,-14.245662689208984,-170.5744171142578,-14.245491027832031,173
gh8-00162,-169.41776275634766,-14.22403335571289,-169.41741943359375,-14.223861694335938,172
gh8-00163,-169.50428009033203,-14.213218688964844,-169.50393676757812,-14.21304702758789,172
gh8-00164,-170.7162094116211,-14.266090393066406,-170.7158660888672,-14.265918731689453,172
gh8-00165,-170.69320678710938,-14.309005737304688,-170.69286346435547,-14.308834075927734,172
gh8-00166,-170.81989288330078,-14.298877716064453,-170.81954956054688,-14.2987060546875,172
gh8-00167,-169.61929321289062,-14.157600402832031,-169.61894989013672,-14.157428741455078,171
gh8-00168,-170.68084716796875,-14.242916107177734,-170.68050384521484,-14.242744445800781,171
gh8-00169,-169.6776580810547,-14.183349609375,-169.67731475830078,-14.183177947998047,170
gh8-00170,-170.76461791992188,-14.362907409667969,-170.76427459716797,-14.362735748291016,170
gh8-00171,-169.43286895751953,-14.256820678710938,-169.43252563476562,-14.256649017333984,169
gh8-00172,-169.60281372070312,-14.183177947998047,-169.60247039794922,-14.183006286621094,169
gh8-00173,-169.6240997314453,-14.184894561767578,-169.6237564086914,-14.184722900390625,169
gh8-00174,-170.7059097290039,-14.261112213134766,-170.70556640625,-14.260940551757812,169
gh8-00175,-170.73406219482422,-14.282569885253906,-170.7337188720703,-14.282398223876953,169
gh8-00176,-170.74848175048828,-14.290637969970703,-170.74813842773438,-14.29046630859375,169
gh8-00177,-170.74848175048828,-14.360847473144531,-170.74813842773438,-14.360675811767578,169
gh8-00178,-169.68074798583984,-14.151935577392578,-169.68040466308594,-14.151763916015625,168
gh8-00179,-169.68246459960938,-14.15914535522461,-169.68212127685547,-14.158973693847656,168
gh8-00180,-170.67157745361328,-14.233474731445312,-170.67123413085938,-14.23330307006836,168
gh8-00181,-170.69320678710938,-14.308834075927734,-170.69286346435547,-14.308662414550781,168
gh8-00182,-169.62787628173828,-14.17562484741211,-169.62753295898438,-14.175453186035156,167
gh8-00183,-169.62787628173828,-14.179401397705078,-169.62753295898438,-14.179229736328125,167
gh8-00184,-169.67491149902344,-14.157600402832031,-169.67456817626953,-14.157428741455078,167
gh8-00185,-169.67559814453125,-14.158458709716797,-169.67525482177734,-14.158287048339844,167
gh8-00186,-169.4369888305664,-14.21133041381836,-169.4366455078125,-14.211158752441406,166
gh8-00187,-169.67525482177734,-14.185752868652344,-169.67491149902344,-14.18558120727539,166
gh8-00188,-170.81199645996094,-14.152278900146484,-170.81165313720703,-14.152107238769531,166
gh8-00189,-170.6125259399414,-14.250984191894531,-170.6121826171875,-14.250812530517578,166
gh8-00190,-170.6451416015625,-14.247722625732422,-170.6447982788086,-14.247550964355469,166
gh8-00191,-170.7876205444336,-14.355354309082031,-170.7872772216797,-14.355182647705078,166
gh8-00192,-169.60830688476562,-14.171161651611328,-169.60796356201172,-14.170989990234375,165
gh8-00193,-169.62444305419922,-14.163093566894531,-169.6240997314453,-14.162921905517578,165
gh8-00194,-169.50119018554688,-14.258537292480469,-169.50084686279297,-14.258365631103516,165
gh8-00195,-170.63861846923828,-14.248409271240234,-170.63827514648438,-14.248237609863281,165
gh8-00196,-170.63793182373047,-14.281883239746094,-170.63758850097656,-14.28171157836914,165
gh8-00197,-170.83740234375,-14.31467056274414,-170.8370590209961,-14.314498901367188,165
gh8-00198,-170.76255798339844,-14.370803833007812,-170.76221466064453,-14.37063217163086,165
gh8-00199,-170.81989288330078,-14.332866668701172,-170.81954956054688,-14.332695007324219,165
gh8-00200,-169.60830688476562,-14.157257080078125,-169.60796356201172,-14.157085418701172,164
gh8-00201,-169.63783264160156,-14.161205291748047,-169.63748931884766,-14.161033630371094,164
gh8-00202,-170.58643341064453,-14.249610900878906,-170.58609008789062,-14.249439239501953,164
gh8-00203,-170.8380889892578,-14.31793212890625,-170.8377456665039,-14.317760467529297,164
gh8-00204,-169.65259552001953,-14.181461334228516,-169.65225219726562,-14.181289672851562,163
gh8-00205,-170.63827514648438,-14.285831451416016,-170.63793182373047,-14.285659790039062,163
gh8-00206,-170.6224822998047,-14.294586181640625,-170.62213897705078,-14.294414520263672,163
gh8-00207,-170.58059692382812,-14.24600601196289,-170.58025360107422,-14.245834350585938,162
gh8-00208,-170.66848754882812,-14.246692657470703,-170.66814422607422,-14.24652099609375,162
gh8-00209,-170.82229614257812,-14.299392700195312,-170.82195281982422,-14.29922103881836,162
gh8-00210,-169.6285629272461,-14.165840148925781,-169.6282196044922,-14.165668487548828,161
gh8-00211,-170.74848175048828,-14.360504150390625,-170.74813842773438,-14.360332489013672,161
gh8-00212,-169.4483184814453,-14.210987091064453,-169.4479751586914,-14.2108154296875,160
gh8-00213,-169.68589782714844,-14.15536880493164,-169.68555450439453,-14.155197143554688,160
gh8-00214,-170.81439971923828,-14.300251007080078,-170.81405639648438,-14.300079345703125,160
gh8-00215,-170.7220458984375,-14.34762954711914,-170.7217025756836,-14.347457885742188,160
gh8-00216,-169.45724487304688,-14.249954223632812,-169.45690155029297,-14.24978256225586,159
gh8-00217,-170.00003814697266,-14.990158081054688,-169.99969482421875,-14.989986419677734,159
gh8-00218,-170.771484375,-14.367542266845703,-170.7711410522461,-14.36737060546875,159
gh8-00219,-170.82881927490234,-14.33218002319336,-170.82847595214844,-14.332008361816406,159
gh8-00220,-169.68109130859375,-14.175968170166016,-169.68074798583984,-14.175796508789062,158
gh8-00221,-169.48368072509766,-14.272956848144531,-169.48333740234375,-14.272785186767578,158
gh8-00222,-170.64617156982422,-14.248580932617188,-170.6458282470703,-14.248409271240234,158
gh8-00223,-170.65269470214844,-14.244804382324219,-170.65235137939453,-14.244632720947266,158
gh8-00224,-170.64926147460938,-14.29046630859375,-170.64891815185547,-14.290294647216797,158
gh8-00225,-170.69320678710938,-14.313125610351562,-170.69286346435547,-14.31295394897461,158
gh8-00226,-170.78933715820312,-14.343681335449219,-170.78899383544922,-14.343509674072266,158
gh8-00227,-169.4476318359375,-14.250469207763672,-169.4472885131836,-14.250297546386719,157
gh8-00228,-169.49535369873047,-14.271583557128906,-169.49501037597656,-14.271411895751953,157
gh8-00229,-170.61046600341797,-14.254589080810547,-170.61012268066406,-14.254417419433594,157
gh8-00230,-170.62179565429688,-14.277763366699219,-170.62145233154297,-14.277591705322266,157
gh8-00231,-170.6502914428711,-14.313125610351562,-170.6499481201172,-14.31295394897461,157
gh8-00232,-170.76358795166016,-14.364795684814453,-170.76324462890625,-14.3646240234375,157
gh8-00233,-169.49981689453125,-14.261798858642578,-169.49947357177734,-14.261627197265625,156
gh8-00234,-170.59226989746094,-14.255790710449219,-170.59192657470703,-14.255619049072266,156
gh8-00235,-170.61080932617188,-14.25252914428711,-170.61046600341797,-14.252357482910156,156
gh8-00236,-169.4414520263672,-14.21133041381836,-169.44110870361328,-14.211158752441406,155
gh8-00237,-169.41913604736328,-14.24102783203125,-169.41879272460938,-14.240856170654297,155
gh8-00238,-169.5197296142578,-14.231586456298828,-169.5193862915039,-14.231414794921875,155
gh8-00239,-169.50016021728516,-14.261798858642578,-169.49981689453125,-14.261627197265625,155
gh8-00240,-170.57098388671875,-14.24703598022461,-170.57064056396484,-14.246864318847656,155
gh8-00241,-170.56137084960938,-14.262313842773438,-170.56102752685547,-14.262142181396484,155
gh8-00242,-170.8095932006836,-14.280166625976562,-170.8092498779297,-14.27999496459961,155
gh8-00243,-170.80135345458984,-14.336471557617188,-170.80101013183594,-14.336299896240234,155
gh8-00244,-169.6282196044922,-14.175453186035156,-169.62787628173828,-14.175281524658203,154
gh8-00245,-169.62203979492188,-14.187297821044922,-169.62169647216797,-14.187126159667969,154
gh8-00246,-170.56583404541016,-14.296131134033203,-170.56549072265625,-14.29595947265625,154
gh8-00247,-170.6169891357422,-14.298534393310547,-170.61664581298828,-14.298362731933594,154
gh8-00248,-170.694580078125,-14.327201843261719,-170.6942367553711,-14.327030181884766,154
gh8-00249,-170.6732940673828,-14.237594604492188,-170.6729507446289,-14.237422943115234,153
gh8-00250,-170.60909271240234,-14.253902435302734,-170.60874938964844,-14.253730773925781,153
gh8-00251,-170.7447052001953,-14.289436340332031,-170.7443618774414,-14.289264678955078,153
gh8-00252,-170.83087921142578,-14.308490753173828,-170.83053588867188,-14.308319091796875,153
gh8-00253,-170.80890655517578,-14.332351684570312,-170.80856323242188,-14.33218002319336,153
gh8-00254,-170.78624725341797,-14.353981018066406,-170.78590393066406,-14.353809356689453,153
gh8-00255,-169.41879272460938,-14.243602752685547,-169.41844940185547,-14.243431091308594,152
gh8-00256,-169.41879272460938,-14.249439239501953,-169.41844940185547,-14.249267578125,152
gh8-00257,-169.62615966796875,-14.18283462524414,-169.62581634521484,-14.182662963867188,152
gh8-00258,-170.65475463867188,-14.29372787475586,-170.65441131591797,-14.293556213378906,152
gh8-00259,-170.73989868164062,-14.276561737060547,-170.73955535888672,-14.276390075683594,152
gh8-00260,-170.80718994140625,-14.335098266601562,-170.80684661865234,-14.33492660522461,152
gh8-00261,-169.41741943359375,-14.230728149414062,-169.41707611083984,-14.23055648803711,151
gh8-00262,-169.50496673583984,-14.249095916748047,-169.50462341308594,-14.248924255371094,151
gh8-00263,-170.5785369873047,-14.277591705322266,-170.57819366455078,-14.277420043945312,151
gh8-00264,-170.6070327758789,-14.277763366699219,-170.606689453125,-14.277591705322266,151
gh8-00265,-170.84186553955078,-14.325313568115234,-170.84152221679688,-14.325141906738281,151
gh8-00266,-170.76290130615234,-14.37063217163086,-170.76255798339844,-14.370460510253906,151
gh8-00267,-169.61002349853516,-14.151935577392578,-169.60968017578125,-14.151763916015625,150
gh8-00268,-169.617919921875,-14.153995513916016,-169.6175765991211,-14.153823852539062,150
gh8-00269,-169.50393676757812,-14.24978256225586,-169.50359344482422,-14.249610900878906,150
gh8-00270,-170.6678009033203,-14.32291030883789,-170.6674575805664,-14.322738647460938,150
gh8-00271,-170.70659637451172,-14.260597229003906,-170.7062530517578,-14.260425567626953,150
gh8-00272,-170.70247650146484,-14.335613250732422,-170.70213317871094,-14.335441589355469,150
gh8-00273,-170.70453643798828,-14.335784912109375,-170.70419311523438,-14.335613250732422,150
gh8-00274,-170.74642181396484,-14.362735748291016,-170.74607849121094,-14.362564086914062,150
gh8-00275,-170.7666778564453,-14.362907409667969,-170.7663345336914,-14.362735748291016,150
gh8-00276,-170.77903747558594,-14.363079071044922,-170.77869415283203,-14.362907409667969,150
gh8-00277,-169.60830688476562,-14.155197143554688,-169.60796356201172,-14.155025482177734,149
gh8-00278,-170.50643920898438,-14.25750732421875,-170.50609588623047,-14.257335662841797,149
gh8-00279,-170.72444915771484,-14.281196594238281,-170.72410583496094,-14.281024932861328,149
gh8-00280,-170.7333755493164,-14.280853271484375,-170.7330322265625,-14.280681610107422,149
gh8-00281,-170.76908111572266,-14.288578033447266,-170.76873779296875,-14.288406372070312,149
gh8-00282,-170.82332611083984,-14.300765991210938,-170.82298278808594,-14.300594329833984,149
gh8-00283,-169.6343994140625,-14.161548614501953,-169.6340560913086,-14.161376953125,148
gh8-00284,-170.7000732421875,-14.22780990600586,-170.6997299194336,-14.227638244628906,148
gh8-00285,-170.67054748535156,-14.323768615722656,-170.67020416259766,-14.323596954345703,148
gh8-00286,-170.70968627929688,-14.260597229003906,-170.70934295654297,-14.260425567626953,148
gh8-00287,-170.7886505126953,-14.34213638305664,-170.7883071899414,-14.341964721679688,148
gh8-00288,-169.4634246826172,-14.212017059326172,-169.46308135986328,-14.211845397949219,147
gh8-00289,-169.65808868408203,-14.184207916259766,-169.65774536132812,-14.184036254882812,147
gh8-00290,-169.68177795410156,-14.174938201904297,-169.68143463134766,-14.174766540527344,147
gh8-00291,-170.67089080810547,-14.245319366455078,-170.67054748535156,-14.245147705078125,147
gh8-00292,-170.65406799316406,-14.293556213378906,-170.65372467041016,-14.293384552001953,147
gh8-00293,-170.76702117919922,-14.363422393798828,-170.7666778564453,-14.363250732421875,147
gh8-00294,-170.76255798339844,-14.364795684814453,-170.76221466064453,-14.3646240234375,147
gh8-00295,-169.42188262939453,-14.214935302734375,-169.42153930664062,-14.214763641357422,146
gh8-00296,-169.4692611694336,-14.214420318603516,-169.4689178466797,-14.214248657226562,146
gh8-00297,-169.48265075683594,-14.214591979980469,-169.48230743408203,-14.214420318603516,146
gh8-00298,-169.61929321289062,-14.190559387207031,-169.61894989013672,-14.190387725830078,146
gh8-00299,-169.64950561523438,-14.177684783935547,-169.64916229248047,-14.177513122558594,146
gh8-00300,-170.57613372802734,-14.276390075683594,-170.57579040527344,-14.27621841430664,146
gh8-00301,-170.8147430419922,-14.27999496459961,-170.81439971923828,-14.279823303222656,146
gh8-00302,-170.8380889892578,-14.317588806152344,-170.8377456665039,-14.31741714477539,146
gh8-00303,-170.75122833251953,-14.361019134521484,-170.75088500976562,-14.360847473144531,146
gh8-00304,-170.75260162353516,-14.3646240234375,-170.75225830078125,-14.364452362060547,146
gh8-00305,-169.47853088378906,-14.214763641357422,-169.47818756103516,-14.214591979980469,145
gh8-00306,-169.51560974121094,-14.237594604492188,-169.51526641845703,-14.237422943115234,145
gh8-00307,-169.52007293701172,-14.223346710205078,-169.5197296142578,-14.223175048828125,145
gh8-00308,-169.62203979492188,-14.187469482421875,-169.62169647216797,-14.187297821044922,145
gh8-00309,-169.6780014038086,-14.153308868408203,-169.6776580810547,-14.15313720703125,145
gh8-00310,-169.67971801757812,-14.15811538696289,-169.67937469482422,-14.157943725585938,145
gh8-00311,-170.5950164794922,-14.281883239746094,-170.59467315673828,-14.28171157836914,145
gh8-00312,-170.6729507446289,-14.24703598022461,-170.672607421875,-14.246864318847656,145
gh8-00313,-170.77388763427734,-14.291496276855469,-170.77354431152344,-14.291324615478516,145
gh8-00314,-170.71861267089844,-14.343509674072266,-170.71826934814453,-14.343338012695312,145
gh8-00315,-170.78968048095703,-14.341449737548828,-170.78933715820312,-14.341278076171875,145
gh8-00316,-170.80890655517578,-14.33218002319336,-170.80856323242188,-14.332008361816406,145
gh8-00317,-169.4198226928711,-14.24154281616211,-169.4194793701172,-14.241371154785156,144
gh8-00318,-169.5193862915039,-14.23055648803711,-169.51904296875,-14.230384826660156,144
gh8-00319,-169.68177795410156,-14.174079895019531,-169.68143463134766,-14.173908233642578,144
gh8-00320,-170.6128692626953,-14.272785186767578,-170.6125259399414,-14.272613525390625,144
gh8-00321,-170.72067260742188,-14.342823028564453,-170.72032928466797,-14.3426513671875,144
gh8-00322,-170.76221466064453,-14.365997314453125,-170.76187133789062,-14.365825653076172,144
gh8-00323,-170.78659057617188,-14.358787536621094,-170.78624725341797,-14.35861587524414,144
gh8-00324,-170.5620574951172,-14.264202117919922,-170.56171417236328,-14.264030456542969,143
gh8-00325,-170.63175201416016,-14.283256530761719,-170.63140869140625,-14.283084869384766,143
gh8-00326,-170.74024200439453,-14.289608001708984,-170.73989868164062,-14.289436340332031,143
gh8-00327,-170.77526092529297,-14.363079071044922,-170.77491760253906,-14.362907409667969,143
gh8-00328,-169.5083999633789,-14.21356201171875,-169.508056640625,-14.213390350341797,142
gh8-00329,-169.51080322265625,-14.21407699584961,-169.51045989990234,-14.213905334472656,142
gh8-00330,-169.64881896972656,-14.176311492919922,-169.64847564697266,-14.176139831542969,142
gh8-00331,-170.67089080810547,-14.229869842529297,-170.67054748535156,-14.229698181152344,142
gh8-00332,-170.67569732666016,-14.239826202392578,-170.67535400390625,-14.239654541015625,142
gh8-00333,-170.68119049072266,-14.301109313964844,-170.68084716796875,-14.30093765258789,142
gh8-00334,-170.7213592529297,-14.34762954711914,-170.72101593017578,-14.347457885742188,142
gh8-00335,-170.74848175048828,-14.361019134521484,-170.74813842773438,-14.360847473144531,142
gh8-00336,-170.7886505126953,-14.349861145019531,-170.7883071899414,-14.349689483642578,142
gh8-00337,-170.78659057617188,-14.354496002197266,-170.78624725341797,-14.354324340820312,142
gh8-00338,-169.45209503173828,-14.209270477294922,-169.45175170898438,-14.209098815917969,141
gh8-00339,-169.67662811279297,-14.185237884521484,-169.67628479003906,-14.185066223144531,141
gh8-00340,-170.75672149658203,-14.288749694824219,-170.75637817382812,-14.288578033447266,141
gh8-00341,-170.83568572998047,-14.326515197753906,-170.83534240722656,-14.326343536376953,141
gh8-00342,-169.6340560913086,-14.161720275878906,-169.6337127685547,-14.161548614501953,140
gh8-00343,-169.68692779541016,-14.173736572265625,-169.68658447265625,-14.173564910888672,140
gh8-00344,-170.56034088134766,-14.29595947265625,-170.55999755859375,-14.295787811279297,140
gh8-00345,-170.76152801513672,-14.287033081054688,-170.7611846923828,-14.286861419677734,140
gh8-00346,-170.71964263916016,-14.344196319580078,-170.71929931640625,-14.344024658203125,140
gh8-00347,-170.75260162353516,-14.363937377929688,-170.75225830078125,-14.363765716552734,140
gh8-00348,-170.76187133789062,-14.36410903930664,-170.76152801513672,-14.363937377929688,140
gh8-00349,-170.62213897705078,-14.24652099609375,-170.62179565429688,-14.246349334716797,139
gh8-00350,-170.61767578125,-14.274158477783203,-170.6173324584961,-14.27398681640625,139
gh8-00351,-170.76255798339844,-14.364280700683594,-170.76221466064453,-14.36410903930664,139
gh8-00352,-169.51904296875,-14.228668212890625,-169.5186996459961,-14.228496551513672,138
gh8-00353,-169.60830688476562,-14.161376953125,-169.60796356201172,-14.161205291748047,138
gh8-00354,-169.60281372070312,-14.181976318359375,-169.60247039794922,-14.181804656982422,138
gh8-00355,-170.59432983398438,-14.25201416015625,-170.59398651123047,-14.251842498779297,138
gh8-00356,-170.8150863647461,-14.299049377441406,-170.8147430419922,-14.298877716064453,138
gh8-00357,-170.76358795166016,-14.363422393798828,-170.76324462890625,-14.363250732421875,138
gh8-00358,-170.76770782470703,-14.363594055175781,-170.76736450195312,-14.363422393798828,138
gh8-00359,-170.76255798339844,-14.366683959960938,-170.76221466064453,-14.366512298583984,138
gh8-00360,-170.79105377197266,-14.34041976928711,-170.79071044921875,-14.340248107910156,138
gh8-00361,-169.68555450439453,-14.171504974365234,-169.68521118164062,-14.171333312988281,137
gh8-00362,-170.8480453491211,-14.322738647460938,-170.8477020263672,-14.322566986083984,137
gh8-00363,-170.79208374023438,-14.33990478515625,-170.79174041748047,-14.339733123779297,137
gh8-00364,-169.6124267578125,-14.148674011230469,-169.6120834350586,-14.148502349853516,136
gh8-00365,-169.4963836669922,-14.269866943359375,-169.49604034423828,-14.269695281982422,136
gh8-00366,-170.6612777709961,-14.244976043701172,-170.6609344482422,-14.244804382324219,136
gh8-00367,-169.41844940185547,-14.21630859375,-169.41810607910156,-14.216136932373047,135
gh8-00368,-169.41810607910156,-14.228324890136719,-169.41776275634766,-14.228153228759766,135
gh8-00369,-169.66461181640625,-14.162921905517578,-169.66426849365234,-14.162750244140625,135
gh8-00370,-170.50643920898438,-14.274673461914062,-170.50609588623047,-14.27450180053711,135
gh8-00371,-170.7330322265625,-14.281024932861328,-170.7326889038086,-14.280853271484375,135
gh8-00372,-170.7000732421875,-14.300079345703125,-170.6997299194336,-14.299907684326172,135
gh8-00373,-170.76839447021484,-14.36410903930664,-170.76805114746094,-14.363937377929688,135
gh8-00374,-170.78693389892578,-14.356212615966797,-170.78659057617188,-14.356040954589844,135
gh8-00375,-169.41810607910156,-14.215621948242188,-169.41776275634766,-14.215450286865234,134
gh8-00376,-169.42840576171875,-14.209613800048828,-169.42806243896484,-14.209442138671875,134
gh8-00377,-169.41879272460938,-14.243087768554688,-169.41844940185547,-14.242916107177734,134
gh8-00378,-169.6560287475586,-14.164295196533203,-169.6556854248047,-14.16412353515625,134
gh8-00379,-169.45690155029297,-14.24978256225586,-169.45655822753906,-14.249610900878906,134
gh8-00380,-169.48333740234375,-14.272613525390625,-169.48299407958984,-14.272441864013672,134
gh8-00381,-170.6619644165039,-14.244804382324219,-170.66162109375,-14.244632720947266,134
gh8-00382,-170.67535400390625,-14.293212890625,-170.67501068115234,-14.293041229248047,134
gh8-00383,-170.6729507446289,-14.325141906738281,-170.672607421875,-14.324970245361328,134
gh8-00384,-170.69629669189453,-14.320335388183594,-170.69595336914062,-14.32016372680664,134
gh8-00385,-170.79483032226562,-14.292011260986328,-170.79448699951172,-14.291839599609375,134
gh8-00386,-170.75054168701172,-14.360504150390625,-170.7501983642578,-14.360332489013672,134
gh8-00387,-170.80615997314453,-14.335613250732422,-170.80581665039062,-14.335441589355469,134
gh8-00388,-169.49844360351562,-14.265403747558594,-169.49810028076172,-14.26523208618164,133
gh8-00389,-170.5730438232422,-14.246864318847656,-170.57270050048828,-14.246692657470703,133
gh8-00390,-170.5462646484375,-14.286689758300781,-170.5459213256836,-14.286518096923828,133
gh8-00391,-170.62522888183594,-14.247722625732422,-170.62488555908203,-14.247550964355469,133
gh8-00392,-170.62007904052734,-14.300594329833984,-170.61973571777344,-14.300422668457031,133
gh8-00393,-170.70384979248047,-14.258193969726562,-170.70350646972656,-14.25802230834961,133
gh8-00394,-170.7821273803711,-14.2877197265625,-170.7817840576172,-14.287548065185547,133
gh8-00395,-170.80066680908203,-14.29046630859375,-170.80032348632812,-14.290294647216797,133
gh8-00396,-170.804443359375,-14.291839599609375,-170.8041000366211,-14.291667938232422,133
gh8-00397,-170.81336975097656,-14.298019409179688,-170.81302642822266,-14.297847747802734,133
gh8-00398,-170.76290130615234,-14.368743896484375,-170.76255798339844,-14.368572235107422,133
gh8-00399,-169.60693359375,-14.161033630371094,-169.6065902709961,-14.16086196899414,132
gh8-00400,-169.60796356201172,-14.167900085449219,-169.6076202392578,-14.167728424072266,132
gh8-00401,-169.50153350830078,-14.256820678710938,-169.50119018554688,-14.256649017333984,132
gh8-00402,-170.60771942138672,-14.278106689453125,-170.6073760986328,-14.277935028076172,132
gh8-00403,-170.63861846923828,-14.286174774169922,-170.63827514648438,-14.286003112792969,132
gh8-00404,-169.4208526611328,-14.258537292480469,-169.4205093383789,-14.258365631103516,131
gh8-00405,-169.4579315185547,-14.2108154296875,-169.45758819580078,-14.210643768310547,131
gh8-00406,-169.617919921875,-14.154682159423828,-169.6175765991211,-14.154510498046875,131
gh8-00407,-169.65534210205078,-14.165153503417969,-169.65499877929688,-14.164981842041016,131
gh8-00408,-170.5620574951172,-14.249610900878906,-170.56171417236328,-14.249439239501953,131
gh8-00409,-170.76221466064453,-14.286689758300781,-170.76187133789062,-14.286518096923828,131
gh8-00410,-170.78590393066406,-14.360160827636719,-170.78556060791016,-14.359989166259766,131
gh8-00411,-169.47406768798828,-14.214420318603516,-169.47372436523438,-14.214248657226562,130
gh8-00412,-169.65293884277344,-14.164981842041016,-169.65259552001953,-14.164810180664062,130
gh8-00413,-169.4919204711914,-14.27621841430664,-169.4915771484375,-14.276046752929688,130
gh8-00414,-170.54489135742188,-14.279136657714844,-170.54454803466797,-14.27896499633789,130
gh8-00415,-170.80307006835938,-14.292011260986328,-170.80272674560547,-14.291839599609375,130
gh8-00416,-170.83534240722656,-14.310379028320312,-170.83499908447266,-14.31020736694336,130
gh8-00417,-170.7659912109375,-14.362564086914062,-170.7656478881836,-14.36239242553711,130
gh8-00418,-169.4260025024414,-14.262142181396484,-169.4256591796875,-14.261970520019531,129
gh8-00419,-169.49329376220703,-14.21579360961914,-169.49295043945312,-14.215621948242188,129
gh8-00420,-169.66461181640625,-14.162063598632812,-169.66426849365234,-14.16189193725586,129
gh8-00421,-169.4696044921875,-14.254932403564453,-169.4692611694336,-14.2547607421875,129
gh8-00422,-170.5462646484375,-14.277076721191406,-170.5459213256836,-14.276905059814453,129
gh8-00423,-170.66917419433594,-14.240341186523438,-170.66883087158203,-14.240169525146484,129
gh8-00424,-170.6774139404297,-14.240684509277344,-170.67707061767578,-14.24051284790039,129
gh8-00425,-170.8267593383789,-14.357242584228516,-170.826416015625,-14.357070922851562,129
gh8-00426,-169.5186996459961,-14.23055648803711,-169.5183563232422,-14.230384826660156,128
gh8-00427,-169.60796356201172,-14.15811538696289,-169.6076202392578,-14.157943725585938,128
gh8-00428,-169.66838836669922,-14.187984466552734,-169.6680450439453,-14.187812805175781,128
gh8-00429,-169.47784423828125,-14.265403747558594,-169.47750091552734,-14.26523208618164,128
gh8-00430,-169.50084686279297,-14.256305694580078,-169.50050354003906,-14.256134033203125,128
gh8-00431,-170.76839447021484,-14.3646240234375,-170.76805114746094,-14.364452362060547,128
gh8-00432,-169.4253158569336,-14.21030044555664,-169.4249725341797,-14.210128784179688,127
gh8-00433,-169.45037841796875,-14.24978256225586,-169.45003509521484,-14.249610900878906,127
gh8-00434,-169.4799041748047,-14.21304702758789,-169.47956085205078,-14.212875366210938,127
gh8-00435,-169.61997985839844,-14.161376953125,-169.61963653564453,-14.161205291748047,127
gh8-00436,-170.80135345458984,-14.290294647216797,-170.80101013183594,-14.290122985839844,127
gh8-00437,-170.81233978271484,-14.29595947265625,-170.81199645996094,-14.295787811279297,127
gh8-00438,-170.81954956054688,-14.300079345703125,-170.81920623779297,-14.299907684326172,127
gh8-00439,-170.80272674560547,-14.335441589355469,-170.80238342285156,-14.335269927978516,127
gh8-00440,-169.6453857421875,-14.165668487548828,-169.6450424194336,-14.165496826171875,126
gh8-00441,-170.55381774902344,-14.276390075683594,-170.55347442626953,-14.27621841430664,126
gh8-00442,-170.72444915771484,-14.280853271484375,-170.72410583496094,-14.280681610107422,126
gh8-00443,-170.76290130615234,-14.366168975830078,-170.76255798339844,-14.365997314453125,126
gh8-00444,-170.76324462890625,-14.366683959960938,-170.76290130615234,-14.366512298583984,126
gh8-00445,-170.79586029052734,-14.335956573486328,-170.79551696777344,-14.335784912109375,126
gh8-00446,-170.78453063964844,-14.359130859375,-170.78418731689453,-14.358959197998047,126
gh8-00447,-169.45964813232422,-14.212017059326172,-169.4593048095703,-14.211845397949219,125
gh8-00448,-169.65877532958984,-14.163951873779297,-169.65843200683594,-14.163780212402344,125
gh8-00449,-170.60874938964844,-14.27947998046875,-170.60840606689453,-14.279308319091797,125
gh8-00450,-170.8095932006836,-14.293899536132812,-170.8092498779297,-14.29372787475586,125
gh8-00451,-170.83019256591797,-14.30643081665039,-170.82984924316406,-14.306259155273438,125
gh8-00452,-170.8322525024414,-14.309520721435547,-170.8319091796875,-14.309349060058594,125
gh8-00453,-170.69904327392578,-14.331836700439453,-170.69869995117188,-14.3316650390625,125
gh8-00454,-170.78899383544922,-14.345569610595703,-170.7886505126953,-14.34539794921875,125
gh8-00455,-169.64195251464844,-14.172534942626953,-169.64160919189453,-14.17236328125,124
gh8-00456,-169.6625518798828,-14.185924530029297,-169.6622085571289,-14.185752868652344,124
gh8-00457,-169.4754409790039,-14.263172149658203,-169.47509765625,-14.26300048828125,124
gh8-00458,-170.66539764404297,-14.28548812866211,-170.66505432128906,-14.285316467285156,124
gh8-00459,-170.69011688232422,-14.253044128417969,-170.6897735595703,-14.252872467041016,124
gh8-00460,-170.76839447021484,-14.364795684814453,-170.76805114746094,-14.3646240234375,124
gh8-00461,-169.63851928710938,-14.16189193725586,-169.63817596435547,-14.161720275878906,123
gh8-00462,-169.64881896972656,-14.165325164794922,-169.64847564697266,-14.165153503417969,123
gh8-00463,-169.6343994140625,-14.174251556396484,-169.6340560913086,-14.174079895019531,123
gh8-00464,-169.6831512451172,-14.160175323486328,-169.68280792236328,-14.160003662109375,123
gh8-00465,-169.49295043945312,-14.275703430175781,-169.49260711669922,-14.275531768798828,123
gh8-00466,-169.5083999633789,-14.2437744140625,-169.508056640625,-14.243602752685547,123
gh8-00467,-170.54283142089844,-14.280681610107422,-170.54248809814453,-14.280509948730469,123
gh8-00468,-170.56377410888672,-14.29922103881836,-170.5634307861328,-14.299049377441406,123
gh8-00469,-170.65750122070312,-14.250297546386719,-170.65715789794922,-14.250125885009766,123
gh8-00470,-170.81199645996094,-14.295787811279297,-170.81165313720703,-14.295616149902344,123
gh8-00471,-169.43252563476562,-14.210128784179688,-169.43218231201172,-14.209957122802734,122
gh8-00472,-169.46067810058594,-14.211673736572266,-169.46033477783203,-14.211502075195312,122
gh8-00473,-169.4696044921875,-14.254074096679688,-169.4692611694336,-14.253902435302734,122
gh8-00474,-169.50428009033203,-14.252357482910156,-169.50393676757812,-14.252185821533203,122
gh8-00475,-170.5895233154297,-14.280166625976562,-170.58917999267578,-14.27999496459961,122
gh8-00476,-170.61630249023438,-14.273643493652344,-170.61595916748047,-14.27347183227539,122
gh8-00477,-170.79071044921875,-14.289436340332031,-170.79036712646484,-14.289264678955078,122
gh8-00478,-170.80650329589844,-14.292182922363281,-170.80615997314453,-14.292011260986328,122
gh8-00479,-170.76873779296875,-14.365825653076172,-170.76839447021484,-14.365653991699219,122
gh8-00480,-170.83568572998047,-14.326858520507812,-170.83534240722656,-14.32668685913086,122
gh8-00481,-169.41810607910156,-14.24978256225586,-169.41776275634766,-14.249610900878906,121
gh8-00482,-169.64435577392578,-14.16463851928711,-169.64401245117188,-14.164466857910156,121
gh8-00483,-169.67937469482422,-14.179744720458984,-169.6790313720703,-14.179573059082031,121
gh8-00484,-170.54901123046875,-14.278621673583984,-170.54866790771484,-14.278450012207031,121
gh8-00485,-170.56137084960938,-14.248065948486328,-170.56102752685547,-14.247894287109375,121
gh8-00486,-170.5788803100586,-14.24703598022461,-170.5785369873047,-14.246864318847656,121
gh8-00487,-170.57373046875,-14.29922103881836,-170.5733871459961,-14.299049377441406,121
gh8-00488,-170.6619644165039,-14.246177673339844,-170.66162109375,-14.24600601196289,121
gh8-00489,-170.7762908935547,-14.291152954101562,-170.77594757080078,-14.29098129272461,121
gh8-00490,-170.80787658691406,-14.36136245727539,-170.80753326416016,-14.361190795898438,121
gh8-00491,-169.66838836669922,-14.160003662109375,-169.6680450439453,-14.159832000732422,120
gh8-00492,-169.47063446044922,-14.25527572631836,-169.4702911376953,-14.255104064941406,120
gh8-00493,-169.50462341308594,-14.249095916748047,-169.50428009033203,-14.248924255371094,120
gh8-00494,-170.54832458496094,-14.27621841430664,-170.54798126220703,-14.276046752929688,120
gh8-00495,-170.628662109375,-14.283771514892578,-170.6283187866211,-14.283599853515625,120
gh8-00496,-170.77423095703125,-14.292182922363281,-170.77388763427734,-14.292011260986328,120
gh8-00497,-170.76393127441406,-14.363250732421875,-170.76358795166016,-14.363079071044922,120
gh8-00498,-170.80169677734375,-14.334068298339844,-170.80135345458984,-14.33389663696289,120
gh8-00499,-169.4527816772461,-14.208927154541016,-169.4524383544922,-14.208755493164062,119
gh8-00500,-169.4424819946289,-14.254074096679688,-169.442138671875,-14.253902435302734,119
gh8-00501,-169.60865020751953,-14.189014434814453,-169.60830688476562,-14.1888427734375,119
gh8-00502,-170.51055908203125,-14.27621841430664,-170.51021575927734,-14.276046752929688,119
gh8-00503,-170.5466079711914,-14.27999496459961,-170.5462646484375,-14.279823303222656,119
gh8-00504,-170.64136505126953,-14.25149917602539,-170.64102172851562,-14.251327514648438,119
gh8-00505,-170.6458282470703,-14.252872467041016,-170.6454849243164,-14.252700805664062,119
gh8-00506,-170.67913055419922,-14.24154281616211,-170.6787872314453,-14.241371154785156,119
gh8-00507,-170.67432403564453,-14.286003112792969,-170.67398071289062,-14.285831451416016,119
gh8-00508,-170.6787872314453,-14.302139282226562,-170.6784439086914,-14.30196762084961,119
gh8-00509,-170.65200805664062,-14.314498901367188,-170.65166473388672,-14.314327239990234,119
gh8-00510,-170.75843811035156,-14.290122985839844,-170.75809478759766,-14.28995132446289,119
gh8-00511,-170.69664001464844,-14.33115005493164,-170.69629669189453,-14.330978393554688,119
gh8-00512,-170.78384399414062,-14.364795684814453,-170.78350067138672,-14.3646240234375,119
gh8-00513,-169.48402404785156,-14.214763641357422,-169.48368072509766,-14.214591979980469,118
gh8-00514,-169.6186065673828,-14.1558837890625,-169.6182632446289,-14.155712127685547,118
gh8-00515,-169.50119018554688,-14.258880615234375,-169.50084686279297,-14.258708953857422,118
gh8-00516,-170.80101013183594,-14.289608001708984,-170.80066680908203,-14.289436340332031,118
gh8-00517,-170.75088500976562,-14.35964584350586,-170.75054168701172,-14.359474182128906,118
gh8-00518,-170.63209533691406,-14.887161254882812,-170.63175201416016,-14.88698959350586,118
gh8-00519,-169.4253158569336,-14.209785461425781,-169.4249725341797,-14.209613800048828,117
gh8-00520,-169.617919921875,-14.152107238769531,-169.6175765991211,-14.151935577392578,117
gh8-00521,-169.61997985839844,-14.160003662109375,-169.61963653564453,-14.159832000732422,117
gh8-00522,-170.56102752685547,-14.27999496459961,-170.56068420410156,-14.279823303222656,117
gh8-00523,-170.67535400390625,-14.295101165771484,-170.67501068115234,-14.294929504394531,117
gh8-00524,-170.771484375,-14.266605377197266,-170.7711410522461,-14.266433715820312,117
gh8-00525,-170.83740234375,-14.315185546875,-170.8370590209961,-14.315013885498047,117
gh8-00526,-170.76255798339844,-14.3646240234375,-170.76221466064453,-14.364452362060547,117
gh8-00527,-169.5022201538086,-14.215450286865234,-169.5018768310547,-14.215278625488281,116
gh8-00528,-169.51457977294922,-14.21905517578125,-169.5142364501953,-14.218883514404297,116
gh8-00529,-169.64881896972656,-14.176826477050781,-169.64847564697266,-14.176654815673828,116
gh8-00530,-169.6622085571289,-14.18661117553711,-169.661865234375,-14.186439514160156,116
gh8-00531,-169.6790313720703,-14.152793884277344,-169.6786880493164,-14.15262222290039,116
gh8-00532,-169.68521118164062,-14.170818328857422,-169.68486785888672,-14.170646667480469,116
gh8-00533,-169.4915771484375,-14.276561737060547,-169.4912338256836,-14.276390075683594,116
gh8-00534,-170.71929931640625,-14.26900863647461,-170.71895599365234,-14.268836975097656,116
gh8-00535,-170.8095932006836,-14.281539916992188,-170.8092498779297,-14.281368255615234,116
gh8-00536,-170.80032348632812,-14.28995132446289,-170.79998016357422,-14.289779663085938,116
gh8-00537,-170.72959899902344,-14.353466033935547,-170.72925567626953,-14.353294372558594,116
gh8-00538,-169.41673278808594,-14.217681884765625,-169.41638946533203,-14.217510223388672,115
gh8-00539,-169.47750091552734,-14.212875366210938,-169.47715759277344,-14.212703704833984,115
gh8-00540,-169.49913024902344,-14.215278625488281,-169.49878692626953,-14.215106964111328,115
gh8-00541,-169.60418701171875,-14.189014434814453,-169.60384368896484,-14.1888427734375,115
gh8-00542,-169.63268280029297,-14.164295196533203,-169.63233947753906,-14.16412353515625,115
gh8-00543,-169.63817596435547,-14.162406921386719,-169.63783264160156,-14.162235260009766,115
gh8-00544,-169.51560974121094,-14.23879623413086,-169.51526641845703,-14.238624572753906,115
gh8-00545,-170.56446075439453,-14.245662689208984,-170.56411743164062,-14.245491027832031,115
gh8-00546,-170.60806274414062,-14.2547607421875,-170.60771942138672,-14.254589080810547,115
gh8-00547,-170.60565948486328,-14.274330139160156,-170.60531616210938,-14.274158477783203,115
gh8-00548,-170.66883087158203,-14.239654541015625,-170.66848754882812,-14.239482879638672,115
gh8-00549,-170.77972412109375,-14.362220764160156,-170.77938079833984,-14.362049102783203,115
gh8-00550,-169.42222595214844,-14.214935302734375,-169.42188262939453,-14.214763641357422,114
gh8-00551,-170.58162689208984,-14.250125885009766,-170.58128356933594,-14.249954223632812,114
gh8-00552,-170.6722640991211,-14.246177673339844,-170.6719207763672,-14.24600601196289,114
gh8-00553,-170.73440551757812,-14.358959197998047,-170.73406219482422,-14.358787536621094,114
gh8-00554,-170.76290130615234,-14.367027282714844,-170.76255798339844,-14.36685562133789,114
gh8-00555,-170.77251434326172,-14.364795684814453,-170.7721710205078,-14.3646240234375,114
gh8-00556,-169.4205093383789,-14.256305694580078,-169.420166015625,-14.256134033203125,113
gh8-00557,-169.48780059814453,-14.214591979980469,-169.48745727539062,-14.214420318603516,113
gh8-00558,-169.65259552001953,-14.181289672851562,-169.65225219726562,-14.18111801147461,113
gh8-00559,-169.68692779541016,-14.162578582763672,-169.68658447265625,-14.162406921386719,113
gh8-00560,-170.67123413085938,-14.245319366455078,-170.67089080810547,-14.245147705078125,113
gh8-00561,-170.73200225830078,-14.280853271484375,-170.73165893554688,-14.280681610107422,113
gh8-00562,-170.76427459716797,-14.36239242553711,-170.76393127441406,-14.362220764160156,113
gh8-00563,-170.76393127441406,-14.366168975830078,-170.76358795166016,-14.365997314453125,113
gh8-00564,-169.41879272460938,-14.245147705078125,-169.41844940185547,-14.244976043701172,112
gh8-00565,-169.4922637939453,-14.215106964111328,-169.4919204711914,-14.214935302734375,112
gh8-00566,-169.66976165771484,-14.159660339355469,-169.66941833496094,-14.159488677978516,112
gh8-00567,-169.68006134033203,-14.178199768066406,-169.67971801757812,-14.178028106689453,112
gh8-00568,-169.6735382080078,-14.187641143798828,-169.6731948852539,-14.187469482421875,112
gh8-00569,-169.4977569580078,-14.2657470703125,-169.4974136352539,-14.265575408935547,112
gh8-00570,-169.4974136352539,-14.267807006835938,-169.4970703125,-14.267635345458984,112
gh8-00571,-170.57201385498047,-14.24600601196289,-170.57167053222656,-14.245834350585938,112
gh8-00572,-170.58849334716797,-14.25750732421875,-170.58815002441406,-14.257335662841797,112
gh8-00573,-170.58094024658203,-14.301109313964844,-170.58059692382812,-14.30093765258789,112
gh8-00574,-170.606689453125,-14.283428192138672,-170.6063461303711,-14.283256530761719,112
gh8-00575,-170.63793182373047,-14.283771514892578,-170.63758850097656,-14.283599853515625,112
gh8-00576,-170.64823150634766,-14.311408996582031,-170.64788818359375,-14.311237335205078,112
gh8-00577,-170.68737030029297,-14.246177673339844,-170.68702697753906,-14.24600601196289,112
gh8-00578,-170.81096649169922,-14.280681610107422,-170.8106231689453,-14.280509948730469,112
gh8-00579,-170.76152801513672,-14.364280700683594,-170.7611846923828,-14.36410903930664,112
gh8-00580,-169.44488525390625,-14.212532043457031,-169.44454193115234,-14.212360382080078,111
gh8-00581,-169.41913604736328,-14.23776626586914,-169.41879272460938,-14.237594604492188,111
gh8-00582,-169.61654663085938,-14.150047302246094,-169.61620330810547,-14.14987564086914,111
gh8-00583,-169.48986053466797,-14.214591979980469,-169.48951721191406,-14.214420318603516,111
gh8-00584,-169.60693359375,-14.175796508789062,-169.6065902709961,-14.17562484741211,111
gh8-00585,-169.6292495727539,-14.165668487548828,-169.62890625,-14.165496826171875,111
gh8-00586,-169.66014862060547,-14.18008804321289,-169.65980529785156,-14.179916381835938,111
gh8-00587,-169.67731475830078,-14.153308868408203,-169.67697143554688,-14.15313720703125,111
gh8-00588,-170.74264526367188,-14.288921356201172,-170.74230194091797,-14.288749694824219,111
gh8-00589,-170.70144653320312,-14.33441162109375,-170.70110321044922,-14.334239959716797,111
gh8-00590,-170.77526092529297,-14.366340637207031,-170.77491760253906,-14.366168975830078,111
gh8-00591,-170.77251434326172,-14.369945526123047,-170.7721710205078,-14.369773864746094,111
gh8-00592,-169.41879272460938,-14.23553466796875,-169.41844940185547,-14.235363006591797,110
gh8-00593,-169.60556030273438,-14.181976318359375,-169.60521697998047,-14.181804656982422,110
gh8-00594,-169.6282196044922,-14.177684783935547,-169.62787628173828,-14.177513122558594,110
gh8-00595,-170.65269470214844,-14.255447387695312,-170.65235137939453,-14.25527572631836,110
gh8-00596,-170.66608428955078,-14.245834350585938,-170.66574096679688,-14.245662689208984,110
gh8-00597,-170.66436767578125,-14.246864318847656,-170.66402435302734,-14.246692657470703,110
gh8-00598,-170.66539764404297,-14.246692657470703,-170.66505432128906,-14.24652099609375,110
gh8-00599,-170.78453063964844,-14.287376403808594,-170.78418731689453,-14.28720474243164,110
gh8-00600,-170.80547332763672,-14.291496276855469,-170.8051300048828,-14.291324615478516,110
gh8-00601,-170.76805114746094,-14.363250732421875,-170.76770782470703,-14.363079071044922,110
gh8-00602,-170.79517364501953,-14.335098266601562,-170.79483032226562,-14.33492660522461,110
gh8-00603,-170.7876205444336,-14.35689926147461,-170.7872772216797,-14.356727600097656,110
gh8-00604,-169.44557189941406,-14.2108154296875,-169.44522857666016,-14.210643768310547,109
gh8-00605,-169.6725082397461,-14.158973693847656,-169.6721649169922,-14.158802032470703,109
gh8-00606,-169.48230743408203,-14.268836975097656,-169.48196411132812,-14.268665313720703,109
gh8-00607,-169.49363708496094,-14.27398681640625,-169.49329376220703,-14.273815155029297,109
gh8-00608,-170.59398651123047,-14.281196594238281,-170.59364318847656,-14.281024932861328,109
gh8-00609,-170.66265106201172,-14.246692657470703,-170.6623077392578,-14.24652099609375,109
gh8-00610,-170.74024200439453,-14.288578033447266,-170.73989868164062,-14.288406372070312,109
gh8-00611,-170.78418731689453,-14.28720474243164,-170.78384399414062,-14.287033081054688,109
gh8-00612,-170.80204010009766,-14.291152954101562,-170.80169677734375,-14.29098129272461,109
gh8-00613,-170.82401275634766,-14.301109313964844,-170.82366943359375,-14.30093765258789,109
gh8-00614,-170.84598541259766,-14.318103790283203,-170.84564208984375,-14.31793212890625,109
gh8-00615,-170.75363159179688,-14.368057250976562,-170.75328826904297,-14.36788558959961,109
gh8-00616,-170.76324462890625,-14.363594055175781,-170.76290130615234,-14.363422393798828,109
gh8-00617,-170.7608413696289,-14.364795684814453,-170.760498046875,-14.3646240234375,109
gh8-00618,-170.80890655517578,-14.33389663696289,-170.80856323242188,-14.333724975585938,109
gh8-00619,-169.45690155029297,-14.210643768310547,-169.45655822753906,-14.210472106933594,108
gh8-00620,-169.6076202392578,-14.16463851928711,-169.6072769165039,-14.164466857910156,108
gh8-00621,-169.6282196044922,-14.16635513305664,-169.62787628173828,-14.166183471679688,108
gh8-00622,-169.61036682128906,-14.192962646484375,-169.61002349853516,-14.192790985107422,108
gh8-00623,-170.5634307861328,-14.269695281982422,-170.5630874633789,-14.269523620605469,108
gh8-00624,-170.68359375,-14.266777038574219,-170.6832504272461,-14.266605377197266,108
gh8-00625,-170.6008529663086,-14.286518096923828,-170.6005096435547,-14.286346435546875,108
gh8-00626,-170.70178985595703,-14.253902435302734,-170.70144653320312,-14.253730773925781,108
gh8-00627,-170.79998016357422,-14.289093017578125,-170.7996368408203,-14.288921356201172,108
gh8-00628,-170.76358795166016,-14.36513900756836,-170.76324462890625,-14.364967346191406,108
gh8-00629,-170.78384399414062,-14.359474182128906,-170.78350067138672,-14.359302520751953,108
gh8-00630,-170.8257293701172,-14.332695007324219,-170.82538604736328,-14.332523345947266,108
gh8-00631,-169.44385528564453,-14.253730773925781,-169.44351196289062,-14.253559112548828,107
gh8-00632,-169.5197296142578,-14.23004150390625,-169.5193862915039,-14.229869842529297,107
gh8-00633,-169.60350036621094,-14.1888427734375,-169.60315704345703,-14.188671112060547,107
gh8-00634,-169.6673583984375,-14.162063598632812,-169.6670150756836,-14.16189193725586,107
gh8-00635,-169.66495513916016,-14.163265228271484,-169.66461181640625,-14.163093566894531,107
gh8-00636,-170.69595336914062,-14.23055648803711,-170.69561004638672,-14.230384826660156,107
gh8-00637,-170.51502227783203,-14.279651641845703,-170.51467895507812,-14.27947998046875,107
gh8-00638,-170.57682037353516,-14.300422668457031,-170.57647705078125,-14.300251007080078,107
gh8-00639,-170.6114959716797,-14.272441864013672,-170.61115264892578,-14.272270202636719,107
gh8-00640,-169.41844940185547,-14.234333038330078,-169.41810607910156,-14.234161376953125,106
gh8-00641,-169.51217651367188,-14.24154281616211,-169.51183319091797,-14.241371154785156,106
gh8-00642,-170.66951751708984,-14.234161376953125,-170.66917419433594,-14.233989715576172,106
gh8-00643,-170.53939819335938,-14.275016784667969,-170.53905487060547,-14.274845123291016,106
gh8-00644,-170.5411148071289,-14.280509948730469,-170.540771484375,-14.280338287353516,106
gh8-00645,-170.66986083984375,-14.243602752685547,-170.66951751708984,-14.243431091308594,106
gh8-00646,-170.6671142578125,-14.246692657470703,-170.6667709350586,-14.24652099609375,106
gh8-00647,-170.68359375,-14.245834350585938,-170.6832504272461,-14.245662689208984,106
gh8-00648,-170.65235137939453,-14.314842224121094,-170.65200805664062,-14.31467056274414,106
gh8-00649,-170.8092498779297,-14.27896499633789,-170.80890655517578,-14.278793334960938,106
gh8-00650,-170.82813262939453,-14.30694580078125,-170.82778930664062,-14.306774139404297,106
gh8-00651,-170.70213317871094,-14.336128234863281,-170.70178985595703,-14.335956573486328,106
gh8-00652,-170.76221466064453,-14.369087219238281,-170.76187133789062,-14.368915557861328,106
gh8-00653,-170.79036712646484,-14.340248107910156,-170.79002380371094,-14.340076446533203,106
gh8-00654,-170.8041000366211,-14.338359832763672,-170.8037567138672,-14.338188171386719,106
gh8-00655,-170.66917419433594,-14.23604965209961,-170.66883087158203,-14.235877990722656,105
gh8-00656,-170.540771484375,-14.271926879882812,-170.5404281616211,-14.27175521850586,105
gh8-00657,-170.61561584472656,-14.274158477783203,-170.61527252197266,-14.27398681640625,105
gh8-00658,-170.72994232177734,-14.255447387695312,-170.72959899902344,-14.25527572631836,105
gh8-00659,-170.76187133789062,-14.372177124023438,-170.76152801513672,-14.372005462646484,105
gh8-00660,-170.76221466064453,-14.371833801269531,-170.76187133789062,-14.371662139892578,105
gh8-00661,-170.79620361328125,-14.335784912109375,-170.79586029052734,-14.335613250732422,105
gh8-00662,-170.8260726928711,-14.332008361816406,-170.8257293701172,-14.331836700439453,105
gh8-00663,-169.60865020751953,-14.166698455810547,-169.60830688476562,-14.166526794433594,104
gh8-00664,-169.68727111816406,-14.169788360595703,-169.68692779541016,-14.16961669921875,104
gh8-00665,-170.56034088134766,-14.295616149902344,-170.55999755859375,-14.29544448852539,104
gh8-00666,-170.67466735839844,-14.29819107055664,-170.67432403564453,-14.298019409179688,104
gh8-00667,-170.72341918945312,-14.272270202636719,-170.72307586669922,-14.272098541259766,104
gh8-00668,-170.72959899902344,-14.282054901123047,-170.72925567626953,-14.281883239746094,104
gh8-00669,-170.80032348632812,-14.291152954101562,-170.79998016357422,-14.29098129272461,104
gh8-00670,-170.76187133789062,-14.364795684814453,-170.76152801513672,-14.3646240234375,104
gh8-00671,-169.49329376220703,-14.216136932373047,-169.49295043945312,-14.215965270996094,103
gh8-00672,-169.6295928955078,-14.165668487548828,-169.6292495727539,-14.165496826171875,103
gh8-00673,-170.66951751708984,-14.238109588623047,-170.66917419433594,-14.237937927246094,103
gh8-00674,-170.54523468017578,-14.29046630859375,-170.54489135742188,-14.290294647216797,103
gh8-00675,-170.59776306152344,-14.30419921875,-170.59741973876953,-14.304027557373047,103
gh8-00676,-170.64239501953125,-14.310894012451172,-170.64205169677734,-14.310722351074219,103
gh8-00677,-170.66162109375,-14.319648742675781,-170.6612777709961,-14.319477081298828,103
gh8-00678,-170.78041076660156,-14.292869567871094,-170.78006744384766,-14.29269790649414,103
gh8-00679,-170.8147430419922,-14.282569885253906,-170.81439971923828,-14.282398223876953,103
gh8-00680,-170.70899963378906,-14.337158203125,-170.70865631103516,-14.336986541748047,103
gh8-00681,-169.45175170898438,-14.2108154296875,-169.45140838623047,-14.210643768310547,102
gh8-00682,-169.50153350830078,-14.216136932373047,-169.50119018554688,-14.215965270996094,102
gh8-00683,-169.62547302246094,-14.164981842041016,-169.62512969970703,-14.164810180664062,102
gh8-00684,-169.61620330810547,-14.191761016845703,-169.61585998535156,-14.19158935546875,102
gh8-00685,-169.6831512451172,-14.175281524658203,-169.68280792236328,-14.17510986328125,102
gh8-00686,-170.6458282470703,-14.225921630859375,-170.6454849243164,-14.225749969482422,102
gh8-00687,-170.57201385498047,-14.247379302978516,-170.57167053222656,-14.247207641601562,102
gh8-00688,-170.66814422607422,-14.246692657470703,-170.6678009033203,-14.24652099609375,102
gh8-00689,-170.79105377197266,-14.289436340332031,-170.79071044921875,-14.289264678955078,102
gh8-00690,-170.8092498779297,-14.294414520263672,-170.80890655517578,-14.294242858886719,102
gh8-00691,-170.77972412109375,-14.365310668945312,-170.77938079833984,-14.36513900756836,102
gh8-00692,-169.67044830322266,-14.1888427734375,-169.67010498046875,-14.188671112060547,101
gh8-00693,-169.68761444091797,-14.16360855102539,-169.68727111816406,-14.163436889648438,101
gh8-00694,-170.59398651123047,-14.255790710449219,-170.59364318847656,-14.255619049072266,101
gh8-00695,-170.66951751708984,-14.240684509277344,-170.66917419433594,-14.24051284790039,101
gh8-00696,-170.67604064941406,-14.239311218261719,-170.67569732666016,-14.239139556884766,101
gh8-00697,-170.7388687133789,-14.278278350830078,-170.738525390625,-14.278106689453125,101
gh8-00698,-170.69766998291016,-14.32291030883789,-170.69732666015625,-14.322738647460938,101
gh8-00699,-170.8092498779297,-14.278278350830078,-170.80890655517578,-14.278106689453125,101
gh8-00700,-170.84598541259766,-14.321537017822266,-170.84564208984375,-14.321365356445312,101
gh8-00701,-170.70419311523438,-14.336471557617188,-170.70384979248047,-14.336299896240234,101
gh8-00702,-170.81886291503906,-14.334239959716797,-170.81851959228516,-14.334068298339844,101
gh8-00703,-169.61002349853516,-14.191417694091797,-169.60968017578125,-14.191246032714844,100
gh8-00704,-169.6841812133789,-14.153995513916016,-169.683837890625,-14.153823852539062,100
gh8-00705,-170.67054748535156,-14.231586456298828,-170.67020416259766,-14.231414794921875,100
gh8-00706,-170.62454223632812,-14.295272827148438,-170.62419891357422,-14.295101165771484,100
gh8-00707,-170.59913635253906,-14.305400848388672,-170.59879302978516,-14.305229187011719,100
gh8-00708,-170.6781005859375,-14.283771514892578,-170.6777572631836,-14.283599853515625,100
gh8-00709,-170.7992935180664,-14.288406372070312,-170.7989501953125,-14.28823471069336,100
gh8-00710,-170.78659057617188,-14.35586929321289,-170.78624725341797,-14.355697631835938,100
gh8-00711,-169.49913024902344,-14.21682357788086,-169.49878692626953,-14.216651916503906,99
gh8-00712,-169.68006134033203,-14.18008804321289,-169.67971801757812,-14.179916381835938,99
gh8-00713,-170.69629669189453,-14.23055648803711,-170.69595336914062,-14.230384826660156,99
gh8-00714,-170.562744140625,-14.253215789794922,-170.5624008178711,-14.253044128417969,99
gh8-00715,-170.5963897705078,-14.253902435302734,-170.5960464477539,-14.253730773925781,99
gh8-00716,-170.65784454345703,-14.24978256225586,-170.65750122070312,-14.249610900878906,99
gh8-00717,-170.6554412841797,-14.293556213378906,-170.65509796142578,-14.293384552001953,99
gh8-00718,-170.6667709350586,-14.322223663330078,-170.6664276123047,-14.322052001953125,99
gh8-00719,-170.75191497802734,-14.292526245117188,-170.75157165527344,-14.292354583740234,99
gh8-00720,-170.7711410522461,-14.290122985839844,-170.7707977294922,-14.28995132446289,99
gh8-00721,-170.79345703125,-14.292354583740234,-170.7931137084961,-14.292182922363281,99
gh8-00722,-170.7821273803711,-14.360332489013672,-170.7817840576172,-14.360160827636719,99
gh8-00723,-170.63278198242188,-14.877204895019531,-170.63243865966797,-14.877033233642578,99
gh8-00724,-169.49604034423828,-14.215965270996094,-169.49569702148438,-14.21579360961914,98
gh8-00725,-169.52899932861328,-14.232616424560547,-169.52865600585938,-14.232444763183594,98
gh8-00726,-169.50599670410156,-14.247207641601562,-169.50565338134766,-14.24703598022461,98
gh8-00727,-170.54798126220703,-14.277420043945312,-170.54763793945312,-14.27724838256836,98
gh8-00728,-170.68222045898438,-14.30196762084961,-170.68187713623047,-14.301795959472656,98
gh8-00729,-170.71758270263672,-14.26797866821289,-170.7172393798828,-14.267807006835938,98
gh8-00730,-170.73715209960938,-14.280166625976562,-170.73680877685547,-14.27999496459961,98
gh8-00731,-170.73097229003906,-14.356555938720703,-170.73062896728516,-14.35638427734375,98
gh8-00732,-170.76290130615234,-14.363937377929688,-170.76255798339844,-14.363765716552734,98
gh8-00733,-170.80821990966797,-14.327716827392578,-170.80787658691406,-14.327545166015625,98
gh8-00734,-169.42943572998047,-14.210472106933594,-169.42909240722656,-14.21030044555664,97
gh8-00735,-169.43012237548828,-14.210987091064453,-169.42977905273438,-14.2108154296875,97
gh8-00736,-169.43561553955078,-14.212532043457031,-169.43527221679688,-14.212360382080078,97
gh8-00737,-169.68143463134766,-14.173564910888672,-169.68109130859375,-14.173393249511719,97
gh8-00738,-170.55828094482422,-14.25527572631836,-170.5579376220703,-14.255104064941406,97
gh8-00739,-170.62522888183594,-14.248065948486328,-170.62488555908203,-14.247894287109375,97
gh8-00740,-170.6238555908203,-14.255447387695312,-170.6235122680664,-14.25527572631836,97
gh8-00741,-170.61973571777344,-14.299564361572266,-170.61939239501953,-14.299392700195312,97
gh8-00742,-170.67535400390625,-14.287376403808594,-170.67501068115234,-14.28720474243164,97
gh8-00743,-170.76255798339844,-14.365482330322266,-170.76221466064453,-14.365310668945312,97
gh8-00744,-170.77423095703125,-14.365310668945312,-170.77388763427734,-14.36513900756836,97
gh8-00745,-169.48848724365234,-14.214420318603516,-169.48814392089844,-14.214248657226562,96
gh8-00746,-169.50016021728516,-14.216651916503906,-169.49981689453125,-14.216480255126953,96
gh8-00747,-169.60693359375,-14.184551239013672,-169.6065902709961,-14.184379577636719,96
gh8-00748,-169.62066650390625,-14.18832778930664,-169.62032318115234,-14.188156127929688,96
gh8-00749,-169.66529846191406,-14.163265228271484,-169.66495513916016,-14.163093566894531,96
gh8-00750,-169.49947357177734,-14.26300048828125,-169.49913024902344,-14.262828826904297,96
gh8-00751,-170.67638397216797,-14.291839599609375,-170.67604064941406,-14.291667938232422,96
gh8-00752,-169.51766967773438,-14.233646392822266,-169.51732635498047,-14.233474731445312,95
gh8-00753,-170.64720153808594,-14.225578308105469,-170.64685821533203,-14.225406646728516,95
gh8-00754,-170.51639556884766,-14.279308319091797,-170.51605224609375,-14.279136657714844,95
gh8-00755,-170.57270050048828,-14.298019409179688,-170.57235717773438,-14.297847747802734,95
gh8-00756,-170.58094024658203,-14.303512573242188,-170.58059692382812,-14.303340911865234,95
gh8-00757,-170.61492919921875,-14.274158477783203,-170.61458587646484,-14.27398681640625,95
gh8-00758,-170.65887451171875,-14.250469207763672,-170.65853118896484,-14.250297546386719,95
gh8-00759,-170.6722640991211,-14.249954223632812,-170.6719207763672,-14.24978256225586,95
gh8-00760,-170.66471099853516,-14.292526245117188,-170.66436767578125,-14.292354583740234,95
gh8-00761,-170.67466735839844,-14.294757843017578,-170.67432403564453,-14.294586181640625,95
gh8-00762,-170.77457427978516,-14.373035430908203,-170.77423095703125,-14.37286376953125,95
gh8-00763,-169.6831512451172,-14.164295196533203,-169.68280792236328,-14.16412353515625,94
gh8-00764,-169.47235107421875,-14.258193969726562,-169.47200775146484,-14.25802230834961,94
gh8-00765,-169.50599670410156,-14.24703598022461,-169.50565338134766,-14.246864318847656,94
gh8-00766,-169.51492309570312,-14.239482879638672,-169.51457977294922,-14.239311218261719,94
gh8-00767,-170.65509796142578,-14.315013885498047,-170.65475463867188,-14.314842224121094,94
gh8-00768,-170.7762908935547,-14.291667938232422,-170.77594757080078,-14.291496276855469,94
gh8-00769,-170.72101593017578,-14.343338012695312,-170.72067260742188,-14.34316635131836,94
gh8-00770,-170.76873779296875,-14.364452362060547,-170.76839447021484,-14.364280700683594,94
gh8-00771,-170.79448699951172,-14.33664321899414,-170.7941436767578,-14.336471557617188,94
gh8-00772,-170.81165313720703,-14.329090118408203,-170.81130981445312,-14.32891845703125,94
gh8-00773,-170.80787658691406,-14.335441589355469,-170.80753326416016,-14.335269927978516,94
gh8-00774,-170.7817840576172,-14.364452362060547,-170.78144073486328,-14.364280700683594,94
gh8-00775,-169.4912338256836,-14.276046752929688,-169.4908905029297,-14.275875091552734,93
gh8-00776,-170.5685806274414,-14.245147705078125,-170.5682373046875,-14.244976043701172,93
gh8-00777,-170.58094024658203,-14.245491027832031,-170.58059692382812,-14.245319366455078,93
gh8-00778,-170.58849334716797,-14.258708953857422,-170.58815002441406,-14.258537292480469,93
gh8-00779,-170.67501068115234,-14.295787811279297,-170.67466735839844,-14.295616149902344,93
gh8-00780,-170.77354431152344,-14.292011260986328,-170.77320098876953,-14.291839599609375,93
gh8-00781,-170.8047866821289,-14.292354583740234,-170.804443359375,-14.292182922363281,93
gh8-00782,-170.6942367553711,-14.328231811523438,-170.6938934326172,-14.328060150146484,93
gh8-00783,-170.75225830078125,-14.363937377929688,-170.75191497802734,-14.363765716552734,93
gh8-00784,-170.7769775390625,-14.369945526123047,-170.7766342163086,-14.369773864746094,93
gh8-00785,-169.4198226928711,-14.238967895507812,-169.4194793701172,-14.23879623413086,92
gh8-00786,-169.61071014404297,-14.151935577392578,-169.61036682128906,-14.151763916015625,92
gh8-00787,-169.62032318115234,-14.189186096191406,-169.61997985839844,-14.189014434814453,92
gh8-00788,-169.65396881103516,-14.165153503417969,-169.65362548828125,-14.164981842041016,92
gh8-00789,-170.66848754882812,-14.237422943115234,-170.66814422607422,-14.237251281738281,92
gh8-00790,-170.5455780029297,-14.282569885253906,-170.54523468017578,-14.282398223876953,92
gh8-00791,-170.62145233154297,-14.280166625976562,-170.62110900878906,-14.27999496459961,92
gh8-00792,-170.63724517822266,-14.299049377441406,-170.63690185546875,-14.298877716064453,92
gh8-00793,-170.64205169677734,-14.28823471069336,-170.64170837402344,-14.288063049316406,92
gh8-00794,-170.78075408935547,-14.288063049316406,-170.78041076660156,-14.287891387939453,92
gh8-00795,-170.83053588867188,-14.30694580078125,-170.83019256591797,-14.306774139404297,92
gh8-00796,-170.7886505126953,-14.353294372558594,-170.7883071899414,-14.35312271118164,92
gh8-00797,-169.43389892578125,-14.212017059326172,-169.43355560302734,-14.211845397949219,91
gh8-00798,-169.6175765991211,-14.156227111816406,-169.6172332763672,-14.156055450439453,91
gh8-00799,-169.67525482177734,-14.186782836914062,-169.67491149902344,-14.18661117553711,91
gh8-00800,-170.54180145263672,-14.280509948730469,-170.5414581298828,-14.280338287353516,91
gh8-00801,-170.6619644165039,-14.245147705078125,-170.66162109375,-14.244976043701172,91
gh8-00802,-170.81439971923828,-14.283943176269531,-170.81405639648438,-14.283771514892578,91
gh8-00803,-170.81130981445312,-14.330291748046875,-170.81096649169922,-14.330120086669922,91
gh8-00804,-170.10337829589844,-14.05649185180664,-170.10303497314453,-14.056320190429688,90
gh8-00805,-169.41879272460938,-14.24051284790039,-169.41844940185547,-14.240341186523438,90
gh8-00806,-170.5356216430664,-14.27896499633789,-170.5352783203125,-14.278793334960938,90
gh8-00807,-170.76702117919922,-14.363250732421875,-170.7666778564453,-14.363079071044922,90
gh8-00808,-169.4799041748047,-14.214420318603516,-169.47956085205078,-14.214248657226562,89
gh8-00809,-169.6515655517578,-14.179229736328125,-169.6512222290039,-14.179058074951172,89
gh8-00810,-169.4857406616211,-14.274158477783203,-169.4853973388672,-14.27398681640625,89
gh8-00811,-170.56377410888672,-14.28445816040039,-170.5634307861328,-14.284286499023438,89
gh8-00812,-170.59913635253906,-14.254589080810547,-170.59879302978516,-14.254417419433594,89
gh8-00813,-170.60840606689453,-14.280166625976562,-170.60806274414062,-14.27999496459961,89
gh8-00814,-170.73577880859375,-14.278278350830078,-170.73543548583984,-14.278106689453125,89
gh8-00815,-170.76358795166016,-14.362735748291016,-170.76324462890625,-14.362564086914062,89
gh8-00816,-169.41741943359375,-14.219226837158203,-169.41707611083984,-14.21905517578125,88
gh8-00817,-169.4637680053711,-14.212703704833984,-169.4634246826172,-14.212532043457031,88
gh8-00818,-169.51766967773438,-14.23604965209961,-169.51732635498047,-14.235877990722656,88
gh8-00819,-169.60933685302734,-14.159832000732422,-169.60899353027344,-14.159660339355469,88
gh8-00820,-169.47132110595703,-14.258193969726562,-169.47097778320312,-14.25802230834961,88
gh8-00821,-170.56720733642578,-14.295272827148438,-170.56686401367188,-14.295101165771484,88
gh8-00822,-170.61561584472656,-14.275360107421875,-170.61527252197266,-14.275188446044922,88
gh8-00823,-170.66917419433594,-14.247379302978516,-170.66883087158203,-14.247207641601562,88
gh8-00824,-170.65956115722656,-14.292526245117188,-170.65921783447266,-14.292354583740234,88
gh8-00825,-170.80169677734375,-14.291839599609375,-170.80135345458984,-14.291667938232422,88
gh8-00826,-169.51801300048828,-14.232616424560547,-169.51766967773438,-14.232444763183594,87
gh8-00827,-169.60899353027344,-14.168071746826172,-169.60865020751953,-14.167900085449219,87
gh8-00828,-169.6776580810547,-14.158802032470703,-169.67731475830078,-14.15863037109375,87
gh8-00829,-169.68006134033203,-14.157943725585938,-169.67971801757812,-14.157772064208984,87
gh8-00830,-170.67123413085938,-14.229698181152344,-170.67089080810547,-14.22952651977539,87
gh8-00831,-170.60462951660156,-14.254932403564453,-170.60428619384766,-14.2547607421875,87
gh8-00832,-170.66951751708984,-14.247894287109375,-170.66917419433594,-14.247722625732422,87
gh8-00833,-170.77388763427734,-14.292526245117188,-170.77354431152344,-14.292354583740234,87
gh8-00834,-170.79242706298828,-14.290122985839844,-170.79208374023438,-14.28995132446289,87
gh8-00835,-169.42256927490234,-14.259567260742188,-169.42222595214844,-14.259395599365234,86
gh8-00836,-169.50496673583984,-14.248409271240234,-169.50462341308594,-14.248237609863281,86
gh8-00837,-170.65475463867188,-14.31467056274414,-170.65441131591797,-14.314498901367188,86
gh8-00838,-170.72410583496094,-14.277763366699219,-170.72376251220703,-14.277591705322266,86
gh8-00839,-170.70419311523438,-14.323081970214844,-170.70384979248047,-14.32291030883789,86
gh8-00840,-170.73543548583984,-14.283256530761719,-170.73509216308594,-14.283084869384766,86
gh8-00841,-170.83293914794922,-14.327030181884766,-170.8325958251953,-14.326858520507812,86
gh8-00842,-170.77526092529297,-14.373207092285156,-170.77491760253906,-14.373035430908203,86
gh8-00843,-169.4359588623047,-14.25802230834961,-169.43561553955078,-14.257850646972656,85
gh8-00844,-169.51595306396484,-14.237594604492188,-169.51560974121094,-14.237422943115234,85
gh8-00845,-170.53836822509766,-14.277420043945312,-170.53802490234375,-14.27724838256836,85
gh8-00846,-170.59432983398438,-14.256134033203125,-170.59398651123047,-14.255962371826172,85
gh8-00847,-170.57235717773438,-14.274330139160156,-170.57201385498047,-14.274158477783203,85
gh8-00848,-170.53939819335938,-14.283084869384766,-170.53905487060547,-14.282913208007812,85
gh8-00849,-170.59913635253906,-14.24978256225586,-170.59879302978516,-14.249610900878906,85
gh8-00850,-170.6283187866211,-14.255962371826172,-170.6279754638672,-14.255790710449219,85
gh8-00851,-170.74230194091797,-14.289264678955078,-170.74195861816406,-14.289093017578125,85
gh8-00852,-169.4205093383789,-14.254417419433594,-169.420166015625,-14.25424575805664,84
gh8-00853,-169.51698303222656,-14.23501968383789,-169.51663970947266,-14.234848022460938,84
gh8-00854,-170.56480407714844,-14.271240234375,-170.56446075439453,-14.271068572998047,84
gh8-00855,-170.53768157958984,-14.285316467285156,-170.53733825683594,-14.285144805908203,84
gh8-00856,-170.64651489257812,-14.247207641601562,-170.64617156982422,-14.24703598022461,84
gh8-00857,-170.66951751708984,-14.241886138916016,-170.66917419433594,-14.241714477539062,84
gh8-00858,-170.6451416015625,-14.312782287597656,-170.6447982788086,-14.312610626220703,84
gh8-00859,-170.7447052001953,-14.290809631347656,-170.7443618774414,-14.290637969970703,84
gh8-00860,-170.81336975097656,-14.280166625976562,-170.81302642822266,-14.27999496459961,84
gh8-00861,-170.79002380371094,-14.289264678955078,-170.78968048095703,-14.289093017578125,84
gh8-00862,-170.10337829589844,-14.0570068359375,-170.10303497314453,-14.056835174560547,83
gh8-00863,-170.50540924072266,-14.273300170898438,-170.50506591796875,-14.273128509521484,83
gh8-00864,-170.67020416259766,-14.236221313476562,-170.66986083984375,-14.23604965209961,83
gh8-00865,-170.5854034423828,-14.24875259399414,-170.5850601196289,-14.248580932617188,83
gh8-00866,-170.60840606689453,-14.281539916992188,-170.60806274414062,-14.281368255615234,83
gh8-00867,-170.66883087158203,-14.24600601196289,-170.66848754882812,-14.245834350585938,83
gh8-00868,-170.67707061767578,-14.28823471069336,-170.67672729492188,-14.288063049316406,83
gh8-00869,-170.64273834228516,-14.309520721435547,-170.64239501953125,-14.309349060058594,83
gh8-00870,-170.68771362304688,-14.307117462158203,-170.68737030029297,-14.30694580078125,83
gh8-00871,-169.41741943359375,-14.229869842529297,-169.41707611083984,-14.229698181152344,82
gh8-00872,-170.66917419433594,-14.237937927246094,-170.66883087158203,-14.23776626586914,82
gh8-00873,-170.67432403564453,-14.284801483154297,-170.67398071289062,-14.284629821777344,82
gh8-00874,-170.7330322265625,-14.282054901123047,-170.7326889038086,-14.281883239746094,82
gh8-00875,-170.80032348632812,-14.330120086669922,-170.79998016357422,-14.329948425292969,82
gh8-00876,-169.5197296142578,-14.224205017089844,-169.5193862915039,-14.22403335571289,81
gh8-00877,-169.464111328125,-14.25201416015625,-169.4637680053711,-14.251842498779297,81
gh8-00878,-169.5142364501953,-14.239826202392578,-169.5138931274414,-14.239654541015625,81
gh8-00879,-170.54901123046875,-14.279823303222656,-170.54866790771484,-14.279651641845703,81
gh8-00880,-170.5740737915039,-14.245491027832031,-170.57373046875,-14.245319366455078,81
gh8-00881,-170.67054748535156,-14.243087768554688,-170.67020416259766,-14.242916107177734,81
gh8-00882,-170.66402435302734,-14.247550964355469,-170.66368103027344,-14.247379302978516,81
gh8-00883,-170.6674575805664,-14.247207641601562,-170.6671142578125,-14.24703598022461,81
gh8-00884,-170.67123413085938,-14.24875259399414,-170.67089080810547,-14.248580932617188,81
gh8-00885,-170.6732940673828,-14.29098129272461,-170.6729507446289,-14.290809631347656,81
gh8-00886,-170.7388687133789,-14.364795684814453,-170.738525390625,-14.3646240234375,81
gh8-00887,-170.80753326416016,-14.335269927978516,-170.80718994140625,-14.335098266601562,81
gh8-00888,-169.42359924316406,-14.212017059326172,-169.42325592041016,-14.211845397949219,80
gh8-00889,-170.59158325195312,-14.254417419433594,-170.59123992919922,-14.25424575805664,80
gh8-00890,-170.66574096679688,-14.246692657470703,-170.66539764404297,-14.24652099609375,80
gh8-00891,-170.63655853271484,-14.282569885253906,-170.63621520996094,-14.282398223876953,80
gh8-00892,-170.7598114013672,-14.290637969970703,-170.75946807861328,-14.29046630859375,80
gh8-00893,-170.81336975097656,-14.28274154663086,-170.81302642822266,-14.282569885253906,80
gh8-00894,-170.79551696777344,-14.337501525878906,-170.79517364501953,-14.337329864501953,80
gh8-00895,-170.50918579101562,-14.276561737060547,-170.50884246826172,-14.276390075683594,79
gh8-00896,-170.5678939819336,-14.272956848144531,-170.5675506591797,-14.272785186767578,79
gh8-00897,-170.57544708251953,-14.275188446044922,-170.57510375976562,-14.275016784667969,79
gh8-00898,-170.6224822998047,-14.25527572631836,-170.62213897705078,-14.255104064941406,79
gh8-00899,-170.59844970703125,-14.283256530761719,-170.59810638427734,-14.283084869384766,79
gh8-00900,-170.6774139404297,-14.288406372070312,-170.67707061767578,-14.28823471069336,79
gh8-00901,-170.77800750732422,-14.36136245727539,-170.7776641845703,-14.361190795898438,79
gh8-00902,-170.78006744384766,-14.36410903930664,-170.77972412109375,-14.363937377929688,79
gh8-00903,-169.49054718017578,-14.21407699584961,-169.49020385742188,-14.213905334472656,78
gh8-00904,-169.68074798583984,-14.174766540527344,-169.68040466308594,-14.17459487915039,78
gh8-00905,-170.67054748535156,-14.237079620361328,-170.67020416259766,-14.236907958984375,78
gh8-00906,-170.69766998291016,-14.229011535644531,-170.69732666015625,-14.228839874267578,78
gh8-00907,-170.6118392944336,-14.272785186767578,-170.6114959716797,-14.272613525390625,78
gh8-00908,-170.6787872314453,-14.289608001708984,-170.6784439086914,-14.289436340332031,78
gh8-00909,-170.64067840576172,-14.305400848388672,-170.6403350830078,-14.305229187011719,78
gh8-00910,-170.68462371826172,-14.312095642089844,-170.6842803955078,-14.31192398071289,78
gh8-00911,-170.7168960571289,-14.338703155517578,-170.716552734375,-14.338531494140625,78
gh8-00912,-170.53871154785156,-14.278621673583984,-170.53836822509766,-14.278450012207031,77
gh8-00913,-170.67535400390625,-14.294757843017578,-170.67501068115234,-14.294586181640625,77
gh8-00914,-170.64170837402344,-14.307289123535156,-170.64136505126953,-14.307117462158203,77
gh8-00915,-170.804443359375,-14.292526245117188,-170.8041000366211,-14.292354583740234,77
gh8-00916,-170.73406219482422,-14.360160827636719,-170.7337188720703,-14.359989166259766,77
gh8-00917,-169.48333740234375,-14.215106964111328,-169.48299407958984,-14.214935302734375,76
gh8-00918,-169.6065902709961,-14.192962646484375,-169.6062469482422,-14.192790985107422,76
gh8-00919,-170.56446075439453,-14.270381927490234,-170.56411743164062,-14.270210266113281,76
gh8-00920,-170.59982299804688,-14.250984191894531,-170.59947967529297,-14.250812530517578,76
gh8-00921,-170.67157745361328,-14.245491027832031,-170.67123413085938,-14.245319366455078,76
gh8-00922,-170.77903747558594,-14.368743896484375,-170.77869415283203,-14.368572235107422,76
gh8-00923,-169.68040466308594,-14.152107238769531,-169.68006134033203,-14.151935577392578,75
gh8-00924,-170.6348419189453,-14.288406372070312,-170.6344985961914,-14.28823471069336,75
gh8-00925,-170.67432403564453,-14.286346435546875,-170.67398071289062,-14.286174774169922,75
gh8-00926,-170.67432403564453,-14.287033081054688,-170.67398071289062,-14.286861419677734,75
gh8-00927,-170.67466735839844,-14.296989440917969,-170.67432403564453,-14.296817779541016,75
gh8-00928,-170.71964263916016,-14.270553588867188,-170.71929931640625,-14.270381927490234,75
gh8-00929,-170.7217025756836,-14.272270202636719,-170.7213592529297,-14.272098541259766,75
gh8-00930,-170.84426879882812,-14.319648742675781,-170.84392547607422,-14.319477081298828,75
gh8-00931,-170.7817840576172,-14.359817504882812,-170.78144073486328,-14.35964584350586,75
gh8-00932,-170.7718276977539,-14.366168975830078,-170.771484375,-14.365997314453125,75
gh8-00933,-169.50393676757812,-14.214420318603516,-169.50359344482422,-14.214248657226562,74
gh8-00934,-169.6065902709961,-14.162063598632812,-169.6062469482422,-14.16189193725586,74
gh8-00935,-169.63577270507812,-14.173736572265625,-169.63542938232422,-14.173564910888672,74
gh8-00936,-170.5455780029297,-14.283943176269531,-170.54523468017578,-14.283771514892578,74
gh8-00937,-170.60874938964844,-14.271240234375,-170.60840606689453,-14.271068572998047,74
gh8-00938,-170.66951751708984,-14.24428939819336,-170.66917419433594,-14.244117736816406,74
gh8-00939,-170.67089080810547,-14.244117736816406,-170.67054748535156,-14.243946075439453,74
gh8-00940,-170.65750122070312,-14.293899536132812,-170.65715789794922,-14.29372787475586,74
gh8-00941,-170.67432403564453,-14.285144805908203,-170.67398071289062,-14.28497314453125,74
gh8-00942,-170.67569732666016,-14.29046630859375,-170.67535400390625,-14.290294647216797,74
gh8-00943,-170.6774139404297,-14.300765991210938,-170.67707061767578,-14.300594329833984,74
gh8-00944,-170.81096649169922,-14.296989440917969,-170.8106231689453,-14.296817779541016,74
gh8-00945,-170.7000732421875,-14.327888488769531,-170.6997299194336,-14.327716827392578,74
gh8-00946,-170.7501983642578,-14.359989166259766,-170.7498550415039,-14.359817504882812,74
gh8-00947,-170.7876205444336,-14.361190795898438,-170.7872772216797,-14.361019134521484,74
gh8-00948,-169.453125,-14.21030044555664,-169.4527816772461,-14.210128784179688,73
gh8-00949,-169.67628479003906,-14.18558120727539,-169.67594146728516,-14.185409545898438,73
gh8-00950,-170.56137084960938,-14.280338287353516,-170.56102752685547,-14.280166625976562,73
gh8-00951,-170.66986083984375,-14.247379302978516,-170.66951751708984,-14.247207641601562,73
gh8-00952,-169.68109130859375,-14.176311492919922,-169.68074798583984,-14.176139831542969,72
gh8-00953,-170.5359649658203,-14.278450012207031,-170.5356216430664,-14.278278350830078,72
gh8-00954,-170.5950164794922,-14.28171157836914,-170.59467315673828,-14.281539916992188,72
gh8-00955,-170.67466735839844,-14.284286499023438,-170.67432403564453,-14.284114837646484,72
gh8-00956,-169.41810607910156,-14.244117736816406,-169.41776275634766,-14.243946075439453,71
gh8-00957,-169.67731475830078,-14.153480529785156,-169.67697143554688,-14.153308868408203,71
gh8-00958,-170.54763793945312,-14.279136657714844,-170.54729461669922,-14.27896499633789,71
gh8-00959,-170.62763214111328,-14.25424575805664,-170.62728881835938,-14.254074096679688,71
gh8-00960,-170.68016052246094,-14.242744445800781,-170.67981719970703,-14.242572784423828,71
gh8-00961,-170.67707061767578,-14.28995132446289,-170.67672729492188,-14.289779663085938,71
gh8-00962,-169.44042205810547,-14.210643768310547,-169.44007873535156,-14.210472106933594,70
gh8-00963,-170.62042236328125,-14.274158477783203,-170.62007904052734,-14.27398681640625,70
gh8-00964,-169.41810607910156,-14.219226837158203,-169.41776275634766,-14.21905517578125,69
gh8-00965,-169.6117401123047,-14.148502349853516,-169.61139678955078,-14.148330688476562,69
gh8-00966,-169.67697143554688,-14.183692932128906,-169.67662811279297,-14.183521270751953,69
gh8-00967,-170.67054748535156,-14.235706329345703,-170.67020416259766,-14.23553466796875,69
gh8-00968,-170.6121826171875,-14.27621841430664,-170.6118392944336,-14.276046752929688,69
gh8-00969,-170.67054748535156,-14.242572784423828,-170.67020416259766,-14.242401123046875,69
gh8-00970,-169.60899353027344,-14.15811538696289,-169.60865020751953,-14.157943725585938,68
gh8-00971,-170.59295654296875,-14.303512573242188,-170.59261322021484,-14.303340911865234,68
gh8-00972,-170.59364318847656,-14.307289123535156,-170.59329986572266,-14.307117462158203,68
gh8-00973,-170.67432403564453,-14.249095916748047,-170.67398071289062,-14.248924255371094,68
gh8-00974,-170.67604064941406,-14.287891387939453,-170.67569732666016,-14.2877197265625,68
gh8-00975,-170.67569732666016,-14.292354583740234,-170.67535400390625,-14.292182922363281,68
gh8-00976,-170.68119049072266,-14.301624298095703,-170.68084716796875,-14.30145263671875,68
gh8-00977,-170.69801330566406,-14.323081970214844,-170.69766998291016,-14.32291030883789,68
gh8-00978,-170.7766342163086,-14.291152954101562,-170.7762908935547,-14.29098129272461,68
gh8-00979,-170.8102798461914,-14.332866668701172,-170.8099365234375,-14.332695007324219,68
gh8-00980,-169.61071014404297,-14.154853820800781,-169.61036682128906,-14.154682159423828,67
gh8-00981,-169.6285629272461,-14.178028106689453,-169.6282196044922,-14.1778564453125,67
gh8-00982,-170.67466735839844,-14.291324615478516,-170.67432403564453,-14.291152954101562,67
gh8-00983,-170.53630828857422,-14.2822265625,-170.5359649658203,-14.282054901123047,66
gh8-00984,-170.67054748535156,-14.238452911376953,-170.67020416259766,-14.23828125,66
gh8-00985,-170.67398071289062,-14.29046630859375,-170.67363739013672,-14.290294647216797,66
gh8-00986,-170.67672729492188,-14.289608001708984,-170.67638397216797,-14.289436340332031,66
gh8-00987,-170.8260726928711,-14.302997589111328,-170.8257293701172,-14.302825927734375,66
gh8-00988,-170.58746337890625,-14.27947998046875,-170.58712005615234,-14.279308319091797,65
gh8-00989,-170.5455780029297,-14.285316467285156,-170.54523468017578,-14.285144805908203,65
gh8-00990,-170.6781005859375,-14.288406372070312,-170.6777572631836,-14.28823471069336,65
gh8-00991,-170.7611846923828,-14.372177124023438,-170.7608413696289,-14.372005462646484,65
gh8-00992,-170.81130981445312,-14.327888488769531,-170.81096649169922,-14.327716827392578,65
gh8-00993,-170.81336975097656,-14.333038330078125,-170.81302642822266,-14.332866668701172,65
gh8-00994,-169.51217651367188,-14.217166900634766,-169.51183319091797,-14.216995239257812,64
gh8-00995,-170.66883087158203,-14.238452911376953,-170.66848754882812,-14.23828125,64
gh8-00996,-170.5565643310547,-14.292869567871094,-170.55622100830078,-14.29269790649414,63
gh8-00997,-170.75912475585938,-14.2877197265625,-170.75878143310547,-14.287548065185547,63
gh8-00998,-170.81783294677734,-14.299564361572266,-170.81748962402344,-14.299392700195312,63
gh8-00999,-170.82298278808594,-14.301624298095703,-170.82263946533203,-14.30145263671875,63
gh8-01000,-169.5138931274414,-14.219226837158203,-169.5135498046875,-14.21905517578125,62
gh8-01001,-169.52899932861328,-14.232444763183594,-169.52865600585938,-14.23227310180664,62
gh8-01002,-170.6121826171875,-14.25252914428711,-170.6118392944336,-14.252357482910156,62
gh8-01003,-170.66402435302734,-14.285831451416016,-170.66368103027344,-14.285659790039062,62
gh8-01004,-170.67466735839844,-14.296302795410156,-170.67432403564453,-14.296131134033203,62
gh8-01005,-170.64205169677734,-14.306259155273438,-170.64170837402344,-14.306087493896484,62
gh8-01006,-170.80032348632812,-14.290809631347656,-170.79998016357422,-14.290637969970703,61
gh8-01007,-170.66539764404297,-14.29046630859375,-170.66505432128906,-14.290294647216797,60
gh8-01008,-170.6777572631836,-14.289779663085938,-170.6774139404297,-14.289608001708984,60
gh8-01009,-170.70110321044922,-14.334068298339844,-170.7007598876953,-14.33389663696289,60
gh8-01010,-169.41844940185547,-14.22454833984375,-169.41810607910156,-14.224376678466797,59
gh8-01011,-169.46067810058594,-14.249954223632812,-169.46033477783203,-14.24978256225586,59
gh8-01012,-170.67020416259766,-14.232959747314453,-170.66986083984375,-14.2327880859375,59
gh8-01013,-170.55999755859375,-14.260940551757812,-170.55965423583984,-14.26076889038086,59
gh8-01014,-170.67363739013672,-14.247550964355469,-170.6732940673828,-14.247379302978516,59
gh8-01015,-170.65853118896484,-14.293212890625,-170.65818786621094,-14.293041229248047,59
gh8-01016,-170.5078125,-14.274673461914062,-170.5074691772461,-14.27450180053711,58
gh8-01017,-170.69766998291016,-14.23004150390625,-170.69732666015625,-14.229869842529297,58
gh8-01018,-170.5469512939453,-14.280166625976562,-170.5466079711914,-14.27999496459961,58
gh8-01019,-170.67054748535156,-14.244461059570312,-170.67020416259766,-14.24428939819336,58
gh8-01020,-170.65269470214844,-14.314842224121094,-170.65235137939453,-14.31467056274414,58
gh8-01021,-170.69835662841797,-14.252700805664062,-170.69801330566406,-14.25252914428711,58
gh8-01022,-170.60016632080078,-14.285316467285156,-170.59982299804688,-14.285144805908203,57
gh8-01023,-170.67398071289062,-14.29098129272461,-170.67363739013672,-14.290809631347656,57
gh8-01024,-169.5293426513672,-14.232444763183594,-169.52899932861328,-14.23227310180664,55
gh8-01025,-170.50540924072266,-14.264373779296875,-170.50506591796875,-14.264202117919922,55
gh8-01026,-170.5630874633789,-14.250812530517578,-170.562744140625,-14.250640869140625,55
gh8-01027,-170.7007598876953,-14.253902435302734,-170.7004165649414,-14.253730773925781,55
gh8-01028,-170.6619644165039,-14.24703598022461,-170.66162109375,-14.246864318847656,54
gh8-01029,-169.6831512451172,-14.163093566894531,-169.68280792236328,-14.162921905517578,53
gh8-01030,-170.53905487060547,-14.286689758300781,-170.53871154785156,-14.286518096923828,53
gh8-01031,-170.5462646484375,-14.286346435546875,-170.5459213256836,-14.286174774169922,53
gh8-01032,-170.68119049072266,-14.281883239746094,-170.68084716796875,-14.28171157836914,53
gh8-01033,-170.55004119873047,-14.278621673583984,-170.54969787597656,-14.278450012207031,52
gh8-01034,-170.57579040527344,-14.275188446044922,-170.57544708251953,-14.275016784667969,52
gh8-01035,-170.56411743164062,-14.286518096923828,-170.56377410888672,-14.286346435546875,52
gh8-01036,-170.67604064941406,-14.292182922363281,-170.67569732666016,-14.292011260986328,52
gh8-01037,-170.75706481933594,-14.288921356201172,-170.75672149658203,-14.288749694824219,52
gh8-01038,-169.47132110595703,-14.258365631103516,-169.47097778320312,-14.258193969726562,51
gh8-01039,-170.00072479248047,-14.495601654052734,-170.00038146972656,-14.495429992675781,51
gh8-01040,-170.5730438232422,-14.271583557128906,-170.57270050048828,-14.271411895751953,51
gh8-01041,-170.82881927490234,-14.305744171142578,-170.82847595214844,-14.305572509765625,51
gh8-01042,-170.77526092529297,-14.383163452148438,-170.77491760253906,-14.382991790771484,51
gh8-01043,-170.10337829589844,-14.056320190429688,-170.10303497314453,-14.056148529052734,49
gh8-01044,-170.68084716796875,-14.288578033447266,-170.68050384521484,-14.288406372070312,49
gh8-01045,-169.5293426513672,-14.23227310180664,-169.52899932861328,-14.232101440429688,48
gh8-01046,-170.67604064941406,-14.290122985839844,-170.67569732666016,-14.28995132446289,48
gh8-01047,-170.67707061767578,-14.289264678955078,-170.67672729492188,-14.289093017578125,48
gh8-01048,-170.8099365234375,-14.278450012207031,-170.8095932006836,-14.278278350830078,48
gh8-01049,-170.80032348632812,-14.333381652832031,-170.79998016357422,-14.333209991455078,48
gh8-01050,-170.67054748535156,-14.247894287109375,-170.67020416259766,-14.247722625732422,47
gh8-01051,-170.73131561279297,-14.355182647705078,-170.73097229003906,-14.355010986328125,47
gh8-01052,-170.7000732421875,-14.312095642089844,-170.6997299194336,-14.31192398071289,46
gh8-01053,-170.5634307861328,-14.245491027832031,-170.5630874633789,-14.245319366455078,45
gh8-01054,-170.55965423583984,-14.255619049072266,-170.55931091308594,-14.255447387695312,45
gh8-01055,-170.63072204589844,-14.281539916992188,-170.63037872314453,-14.281368255615234,45
gh8-01056,-170.72444915771484,-14.278450012207031,-170.72410583496094,-14.278278350830078,45
gh8-01057,-170.7000732421875,-14.310035705566406,-170.6997299194336,-14.309864044189453,45
gh8-01058,-170.00003814697266,-14.000015258789062,-169.99969482421875,-14,44
gh8-01059,-170.56686401367188,-14.245147705078125,-170.56652069091797,-14.244976043701172,44
gh8-01060,-170.562744140625,-14.254589080810547,-170.5624008178711,-14.254417419433594,44
gh8-01061,-169.51183319091797,-14.2437744140625,-169.51148986816406,-14.243602752685547,42
gh8-01062,-170.81645965576172,-14.2987060546875,-170.8161163330078,-14.298534393310547,42
gh8-01063,-170.66814422607422,-14.24652099609375,-170.6678009033203,-14.246349334716797,41
gh8-01064,-170.78075408935547,-14.28823471069336,-170.78041076660156,-14.288063049316406,41
gh8-01065,-170.69664001464844,-14.273815155029297,-170.69629669189453,-14.273643493652344,39
gh8-01066,-170.69904327392578,-14.339561462402344,-170.69869995117188,-14.33938980102539,38
gh8-01067,-170.80890655517578,-14.327201843261719,-170.80856323242188,-14.327030181884766,37
gh8-01068,-169.10018920898438,-14.217510223388672,-169.09984588623047,-14.217338562011719,36
gh8-01069,-170.75809478759766,-14.288749694824219,-170.75775146484375,-14.288578033447266,36
gh8-01070,-170.72582244873047,-14.28274154663086,-170.72547912597656,-14.282569885253906,35
gh8-01071,-170.78109741210938,-14.360160827636719,-170.78075408935547,-14.359989166259766,35
gh8-01072,-169.1008758544922,-14.218368530273438,-169.10053253173828,-14.218196868896484,34
gh8-01073,-169.4977569580078,-14.143009185791016,-169.4974136352539,-14.142837524414062,33
gh8-01074,-170.00038146972656,-14.494571685791016,-170.00003814697266,-14.494400024414062,33
gh8-01075,-170.68565368652344,-14.273643493652344,-170.68531036376953,-14.27347183227539,33
gh8-01076,-170.76427459716797,-14.366168975830078,-170.76393127441406,-14.365997314453125,33
gh8-01077,-170.81233978271484,-14.327373504638672,-170.81199645996094,-14.327201843261719,33
gh8-01078,-169.53414916992188,-14.21030044555664,-169.53380584716797,-14.210128784179688,32
gh8-01079,-170.32825469970703,-14.349174499511719,-170.32791137695312,-14.349002838134766,32
gh8-01080,-170.76324462890625,-14.365825653076172,-170.76290130615234,-14.365653991699219,32
gh8-01081,-169.53380584716797,-14.210128784179688,-169.53346252441406,-14.209957122802734,31
gh8-01082,-169.04457092285156,-14.21030044555664,-169.04422760009766,-14.210128784179688,30
gh8-01083,-169.53243255615234,-14.209785461425781,-169.53208923339844,-14.209613800048828,30
gh8-01084,-169.53346252441406,-14.209957122802734,-169.53311920166016,-14.209785461425781,30
gh8-01085,-170.0020980834961,-14.499034881591797,-170.0017547607422,-14.498863220214844,30
gh8-01086,-170.73577880859375,-14.198627471923828,-170.73543548583984,-14.198455810546875,30
gh8-01087,-170.7938003540039,-14.335098266601562,-170.79345703125,-14.33492660522461,30
gh8-01088,-169.05040740966797,-14.193649291992188,-169.05006408691406,-14.193477630615234,29
gh8-01089,-169.53243255615234,-14.209957122802734,-169.53208923339844,-14.209785461425781,29
gh8-01090,-170.00038146972656,-14.494915008544922,-170.00003814697266,-14.494743347167969,29
gh8-01091,-170.7323455810547,-14.20309066772461,-170.73200225830078,-14.202919006347656,29
gh8-01092,-170.73440551757812,-14.200172424316406,-170.73406219482422,-14.200000762939453,29
gh8-01093,-169.68624114990234,-14.174423217773438,-169.68589782714844,-14.174251556396484,28
gh8-01094,-169.4970703125,-14.251155853271484,-169.4967269897461,-14.250984191894531,28
gh8-01095,-170.88340759277344,-14.350032806396484,-170.88306427001953,-14.349861145019531,28
gh8-01096,-170.10303497314453,-14.056320190429688,-170.10269165039062,-14.056148529052734,27
gh8-01097,-169.04972076416016,-14.1943359375,-169.04937744140625,-14.194164276123047,27
gh8-01098,-169.0462875366211,-14.210472106933594,-169.0459442138672,-14.21030044555664,27
gh8-01099,-169.53277587890625,-14.209613800048828,-169.53243255615234,-14.209442138671875,27
gh8-01100,-169.52865600585938,-14.2327880859375,-169.52831268310547,-14.232616424560547,27
gh8-01101,-170.59432983398438,-14.280166625976562,-170.59398651123047,-14.27999496459961,27
gh8-01102,-170.69355010986328,-14.308319091796875,-170.69320678710938,-14.308147430419922,27
gh8-01103,-170.64067840576172,-14.878406524658203,-170.6403350830078,-14.87823486328125,27
gh8-01104,-171,-14.000015258789062,-170.99979400634766,-14,26
gh8-01105,-169.5293426513672,-14.208927154541016,-169.52899932861328,-14.208755493164062,26
gh8-01106,-169.53277587890625,-14.208240509033203,-169.53243255615234,-14.20806884765625,26
gh8-01107,-169.5358657836914,-14.234848022460938,-169.5355224609375,-14.234676361083984,26
gh8-01108,-170.13221740722656,-14.271068572998047,-170.13187408447266,-14.270896911621094,26
gh8-01109,-170.0031280517578,-14.499549865722656,-170.0027847290039,-14.499378204345703,26
gh8-01110,-170.58231353759766,-14.273815155029297,-170.58197021484375,-14.273643493652344,26
gh8-01111,-170.10406494140625,-14.056835174560547,-170.10372161865234,-14.056663513183594,25
gh8-01112,-169.0462875366211,-14.21030044555664,-169.0459442138672,-14.210128784179688,25
gh8-01113,-169.0473175048828,-14.206695556640625,-169.0469741821289,-14.206523895263672,25
gh8-01114,-169.53449249267578,-14.210472106933594,-169.53414916992188,-14.21030044555664,25
gh8-01115,-169.66461181640625,-14.09219741821289,-169.66426849365234,-14.092025756835938,25
gh8-01116,-170.00141143798828,-14.498176574707031,-170.00106811523438,-14.498004913330078,25
gh8-01117,-170.66814422607422,-14.280338287353516,-170.6678009033203,-14.280166625976562,25
gh8-01118,-170.68153381347656,-14.280166625976562,-170.68119049072266,-14.27999496459961,25
gh8-01119,-170.66505432128906,-14.286346435546875,-170.66471099853516,-14.286174774169922,25
gh8-01120,-170.68050384521484,-14.289436340332031,-170.68016052246094,-14.289264678955078,25
gh8-01121,-169.41810607910156,-14.227466583251953,-169.41776275634766,-14.227294921875,24
gh8-01122,-169.53311920166016,-14.231758117675781,-169.53277587890625,-14.231586456298828,24
gh8-01123,-169.65431213378906,-14.177684783935547,-169.65396881103516,-14.177513122558594,24
gh8-01124,-170.00141143798828,-14.497489929199219,-170.00106811523438,-14.497318267822266,24
gh8-01125,-170.00244140625,-14.49920654296875,-170.0020980834961,-14.499034881591797,24
gh8-01126,-170.68771362304688,-14.276561737060547,-170.68737030029297,-14.276390075683594,24
gh8-01127,-169.04972076416016,-14.194679260253906,-169.04937744140625,-14.194507598876953,23
gh8-01128,-169.53105926513672,-14.210128784179688,-169.5307159423828,-14.209957122802734,23
gh8-01129,-169.53140258789062,-14.210128784179688,-169.53105926513672,-14.209957122802734,23
gh8-01130,-169.64916229248047,-14.175968170166016,-169.64881896972656,-14.175796508789062,23
gh8-01131,-169.67525482177734,-14.158458709716797,-169.67491149902344,-14.158287048339844,23
gh8-01132,-170.00038146972656,-14.495086669921875,-170.00003814697266,-14.494915008544922,23
gh8-01133,-170.32791137695312,-14.34865951538086,-170.32756805419922,-14.348487854003906,23
gh8-01134,-170.10303497314453,-14.0570068359375,-170.10269165039062,-14.056835174560547,22
gh8-01135,-169.52899932861328,-14.20858383178711,-169.52865600585938,-14.208412170410156,22
gh8-01136,-170.6231689453125,-14.245147705078125,-170.6228256225586,-14.244976043701172,22
gh8-01137,-170.61630249023438,-14.283084869384766,-170.61595916748047,-14.282913208007812,22
gh8-01138,-170.10337829589844,-14.057178497314453,-170.10303497314453,-14.0570068359375,21
gh8-01139,-169.04972076416016,-14.204463958740234,-169.04937744140625,-14.204292297363281,21
gh8-01140,-169.52899932861328,-14.207038879394531,-169.52865600585938,-14.206867218017578,21
gh8-01141,-170.00072479248047,-14.495429992675781,-170.00038146972656,-14.495258331298828,21
gh8-01142,-170.00106811523438,-14.495601654052734,-170.00072479248047,-14.495429992675781,21
gh8-01143,-170.0017547607422,-14.498519897460938,-170.00141143798828,-14.498348236083984,21
gh8-01144,-170.0031280517578,-14.49972152709961,-170.0027847290039,-14.499549865722656,21
gh8-01145,-170.32791137695312,-14.347286224365234,-170.32756805419922,-14.347114562988281,21
gh8-01146,-170.5016326904297,-14.281539916992188,-170.50128936767578,-14.281368255615234,21
gh8-01147,-170.5019760131836,-14.281539916992188,-170.5016326904297,-14.281368255615234,21
gh8-01148,-170.60531616210938,-14.256820678710938,-170.60497283935547,-14.256649017333984,21
gh8-01149,-170.72479248046875,-14.28720474243164,-170.72444915771484,-14.287033081054688,21
gh8-01150,-169.0459442138672,-14.20806884765625,-169.04560089111328,-14.207897186279297,20
gh8-01151,-169.66461181640625,-14.092369079589844,-169.66426849365234,-14.09219741821289,20
gh8-01152,-169.65396881103516,-14.178199768066406,-169.65362548828125,-14.178028106689453,20
gh8-01153,-170.0020980834961,-14.49920654296875,-170.0017547607422,-14.499034881591797,20
gh8-01154,-170.56720733642578,-14.212703704833984,-170.56686401367188,-14.212532043457031,20
gh8-01155,-170.64685821533203,-14.288406372070312,-170.64651489257812,-14.28823471069336,20
gh8-01156,-170.70899963378906,-14.333038330078125,-170.70865631103516,-14.332866668701172,20
gh8-01157,-170.10578155517578,-14.058551788330078,-170.10543823242188,-14.058380126953125,19
gh8-01158,-169.05040740966797,-14.193477630615234,-169.05006408691406,-14.193305969238281,19
gh8-01159,-169.04937744140625,-14.198970794677734,-169.04903411865234,-14.198799133300781,19
gh8-01160,-169.0462875366211,-14.207897186279297,-169.0459442138672,-14.207725524902344,19
gh8-01161,-169.04422760009766,-14.210472106933594,-169.04388427734375,-14.21030044555664,19
gh8-01162,-169.0469741821289,-14.212360382080078,-169.046630859375,-14.212188720703125,19
gh8-01163,-169.06002044677734,-14.21630859375,-169.05967712402344,-14.216136932373047,19
gh8-01164,-169.44110870361328,-14.212532043457031,-169.44076538085938,-14.212360382080078,19
gh8-01165,-169.53174591064453,-14.210128784179688,-169.53140258789062,-14.209957122802734,19
gh8-01166,-169.53346252441406,-14.232101440429688,-169.53311920166016,-14.231929779052734,19
gh8-01167,-170.0027847290039,-14.499378204345703,-170.00244140625,-14.49920654296875,19
gh8-01168,-170.00347137451172,-14.49972152709961,-170.0031280517578,-14.499549865722656,19
gh8-01169,-170.32928466796875,-14.337329864501953,-170.32894134521484,-14.337158203125,19
gh8-01170,-170.32825469970703,-14.349002838134766,-170.32791137695312,-14.348831176757812,19
gh8-01171,-170.6667709350586,-14.27450180053711,-170.6664276123047,-14.274330139160156,19
gh8-01172,-170.650634765625,-14.288578033447266,-170.6502914428711,-14.288406372070312,19
gh8-01173,-170.69114685058594,-14.308662414550781,-170.69080352783203,-14.308490753173828,19
gh8-01174,-169.04937744140625,-14.19485092163086,-169.04903411865234,-14.194679260253906,18
gh8-01175,-169.04903411865234,-14.196224212646484,-169.04869079589844,-14.196052551269531,18
gh8-01176,-169.04457092285156,-14.210472106933594,-169.04422760009766,-14.21030044555664,18
gh8-01177,-169.0462875366211,-14.210987091064453,-169.0459442138672,-14.2108154296875,18
gh8-01178,-169.05967712402344,-14.215965270996094,-169.05933380126953,-14.21579360961914,18
gh8-01179,-169.4366455078125,-14.225749969482422,-169.4363021850586,-14.225578308105469,18
gh8-01180,-169.530029296875,-14.209957122802734,-169.5296859741211,-14.209785461425781,18
gh8-01181,-169.53311920166016,-14.209442138671875,-169.53277587890625,-14.209270477294922,18
gh8-01182,-169.60830688476562,-14.168586730957031,-169.60796356201172,-14.168415069580078,18
gh8-01183,-170.00141143798828,-14.497661590576172,-170.00106811523438,-14.497489929199219,18
gh8-01184,-170.00244140625,-14.499378204345703,-170.0020980834961,-14.49920654296875,18
gh8-01185,-170.32928466796875,-14.336986541748047,-170.32894134521484,-14.336814880371094,18
gh8-01186,-170.32928466796875,-14.337158203125,-170.32894134521484,-14.336986541748047,18
gh8-01187,-170.73440551757812,-14.1998291015625,-170.73406219482422,-14.199657440185547,18
gh8-01188,-170.7337188720703,-14.201889038085938,-170.7333755493164,-14.201717376708984,18
gh8-01189,-170.8267593383789,-14.280338287353516,-170.826416015625,-14.280166625976562,18
gh8-01190,-170.8260726928711,-14.329605102539062,-170.8257293701172,-14.32943344116211,18
gh8-01191,-170.10303497314453,-14.056148529052734,-170.10269165039062,-14.055976867675781,17
gh8-01192,-170.10372161865234,-14.057178497314453,-170.10337829589844,-14.0570068359375,17
gh8-01193,-170.10475158691406,-14.057350158691406,-170.10440826416016,-14.057178497314453,17
gh8-01194,-169.04937744140625,-14.195022583007812,-169.04903411865234,-14.19485092163086,17
gh8-01195,-169.04903411865234,-14.195709228515625,-169.04869079589844,-14.195537567138672,17
gh8-01196,-169.04903411865234,-14.196052551269531,-169.04869079589844,-14.195880889892578,17
gh8-01197,-169.04903411865234,-14.196910858154297,-169.04869079589844,-14.196739196777344,17
gh8-01198,-169.04972076416016,-14.204120635986328,-169.04937744140625,-14.203948974609375,17
gh8-01199,-169.0469741821289,-14.212188720703125,-169.046630859375,-14.212017059326172,17
gh8-01200,-169.52899932861328,-14.208755493164062,-169.52865600585938,-14.20858383178711,17
gh8-01201,-169.53346252441406,-14.210128784179688,-169.53311920166016,-14.209957122802734,17
gh8-01202,-170.0017547607422,-14.498348236083984,-170.00141143798828,-14.498176574707031,17
gh8-01203,-170.00347137451172,-14.499893188476562,-170.0031280517578,-14.49972152709961,17
gh8-01204,-170.06698608398438,-14.533367156982422,-170.06664276123047,-14.533195495605469,17
gh8-01205,-170.32825469970703,-14.349346160888672,-170.32791137695312,-14.349174499511719,17
gh8-01206,-170.68119049072266,-14.288921356201172,-170.68084716796875,-14.288749694824219,17
gh8-01207,-170.69904327392578,-14.273300170898438,-170.69869995117188,-14.273128509521484,17
gh8-01208,-170.78659057617188,-14.340763092041016,-170.78624725341797,-14.340591430664062,17
gh8-01209,-169.04937744140625,-14.204978942871094,-169.04903411865234,-14.20480728149414,16
gh8-01210,-169.04972076416016,-14.203948974609375,-169.04937744140625,-14.203777313232422,16
gh8-01211,-169.04525756835938,-14.209270477294922,-169.04491424560547,-14.209098815917969,16
gh8-01212,-169.04800415039062,-14.206008911132812,-169.04766082763672,-14.20583724975586,16
gh8-01213,-169.0469741821289,-14.211845397949219,-169.046630859375,-14.211673736572266,16
gh8-01214,-169.05933380126953,-14.21030044555664,-169.05899047851562,-14.210128784179688,16
gh8-01215,-169.53311920166016,-14.208755493164062,-169.53277587890625,-14.20858383178711,16
gh8-01216,-170.0020980834961,-14.49869155883789,-170.0017547607422,-14.498519897460938,16
gh8-01217,-170.32825469970703,-14.345054626464844,-170.32791137695312,-14.34488296508789,16
gh8-01218,-170.65818786621094,-14.28995132446289,-170.65784454345703,-14.289779663085938,16
gh8-01219,-170.66574096679688,-14.32943344116211,-170.66539764404297,-14.329261779785156,16
gh8-01220,-170.75225830078125,-14.359130859375,-170.75191497802734,-14.358959197998047,16
gh8-01221,-170.7666778564453,-14.366683959960938,-170.7663345336914,-14.366512298583984,16
gh8-01222,-170.10578155517578,-14.058380126953125,-170.10543823242188,-14.058208465576172,15
gh8-01223,-169.05006408691406,-14.203433990478516,-169.04972076416016,-14.203262329101562,15
gh8-01224,-169.0462875366211,-14.207725524902344,-169.0459442138672,-14.20755386352539,15
gh8-01225,-169.0462875366211,-14.210643768310547,-169.0459442138672,-14.210472106933594,15
gh8-01226,-169.0469741821289,-14.207038879394531,-169.046630859375,-14.206867218017578,15
gh8-01227,-169.0469741821289,-14.212017059326172,-169.046630859375,-14.211845397949219,15
gh8-01228,-169.04834747314453,-14.214763641357422,-169.04800415039062,-14.214591979980469,15
gh8-01229,-169.53277587890625,-14.209442138671875,-169.53243255615234,-14.209270477294922,15
gh8-01230,-169.66426849365234,-14.09219741821289,-169.66392517089844,-14.092025756835938,15
gh8-01231,-170.00141143798828,-14.497318267822266,-170.00106811523438,-14.497146606445312,15
gh8-01232,-170.32825469970703,-14.343509674072266,-170.32791137695312,-14.343338012695312,15
gh8-01233,-170.32791137695312,-14.347457885742188,-170.32756805419922,-14.347286224365234,15
gh8-01234,-170.32791137695312,-14.348831176757812,-170.32756805419922,-14.34865951538086,15
gh8-01235,-170.73440551757812,-14.200515747070312,-170.73406219482422,-14.20034408569336,15
gh8-01236,-170.64823150634766,-14.323081970214844,-170.64788818359375,-14.32291030883789,15
gh8-01237,-170.10440826416016,-14.057178497314453,-170.10406494140625,-14.0570068359375,14
gh8-01238,-169.05006408691406,-14.194164276123047,-169.04972076416016,-14.193992614746094,14
gh8-01239,-169.04903411865234,-14.196395874023438,-169.04869079589844,-14.196224212646484,14
gh8-01240,-169.04903411865234,-14.205150604248047,-169.04869079589844,-14.204978942871094,14
gh8-01241,-169.04972076416016,-14.204292297363281,-169.04937744140625,-14.204120635986328,14
gh8-01242,-169.04800415039062,-14.214763641357422,-169.04766082763672,-14.214591979980469,14
gh8-01243,-169.52899932861328,-14.206867218017578,-169.52865600585938,-14.206695556640625,14
gh8-01244,-169.53380584716797,-14.21030044555664,-169.53346252441406,-14.210128784179688,14
gh8-01245,-169.51629638671875,-14.232616424560547,-169.51595306396484,-14.232444763183594,14
gh8-01246,-169.53414916992188,-14.232959747314453,-169.53380584716797,-14.2327880859375,14
gh8-01247,-170.00106811523438,-14.49594497680664,-170.00072479248047,-14.495773315429688,14
gh8-01248,-170.0020980834961,-14.498863220214844,-170.0017547607422,-14.49869155883789,14
gh8-01249,-170.58265686035156,-14.25149917602539,-170.58231353759766,-14.251327514648438,14
gh8-01250,-170.6777572631836,-14.275016784667969,-170.6774139404297,-14.274845123291016,14
gh8-01251,-170.62969207763672,-14.2877197265625,-170.6293487548828,-14.287548065185547,14
gh8-01252,-170.6568145751953,-14.291667938232422,-170.6564712524414,-14.291496276855469,14
gh8-01253,-170.6784439086914,-14.287033081054688,-170.6781005859375,-14.286861419677734,14
gh8-01254,-170.64788818359375,-14.323253631591797,-170.64754486083984,-14.323081970214844,14
gh8-01255,-170.6678009033203,-14.32943344116211,-170.6674575805664,-14.329261779785156,14
gh8-01256,-170.10406494140625,-14.057178497314453,-170.10372161865234,-14.0570068359375,13
gh8-01257,-170.10440826416016,-14.057350158691406,-170.10406494140625,-14.057178497314453,13
gh8-01258,-169.04903411865234,-14.195365905761719,-169.04869079589844,-14.195194244384766,13
gh8-01259,-169.05006408691406,-14.203777313232422,-169.04972076416016,-14.203605651855469,13
gh8-01260,-169.04903411865234,-14.205493927001953,-169.04869079589844,-14.205322265625,13
gh8-01261,-169.0469741821289,-14.206867218017578,-169.046630859375,-14.206695556640625,13
gh8-01262,-169.0957260131836,-14.218711853027344,-169.0953826904297,-14.21854019165039,13
gh8-01263,-169.5307159423828,-14.210128784179688,-169.5303726196289,-14.209957122802734,13
gh8-01264,-169.53277587890625,-14.209785461425781,-169.53243255615234,-14.209613800048828,13
gh8-01265,-169.53311920166016,-14.208412170410156,-169.53277587890625,-14.208240509033203,13
gh8-01266,-169.52865600585938,-14.23330307006836,-169.52831268310547,-14.233131408691406,13
gh8-01267,-169.65259552001953,-14.179401397705078,-169.65225219726562,-14.179229736328125,13
gh8-01268,-170.00106811523438,-14.496631622314453,-170.00072479248047,-14.4964599609375,13
gh8-01269,-170.32825469970703,-14.346084594726562,-170.32791137695312,-14.34591293334961,13
gh8-01270,-170.60771942138672,-14.277935028076172,-170.6073760986328,-14.277763366699219,13
gh8-01271,-170.6678009033203,-14.278106689453125,-170.6674575805664,-14.277935028076172,13
gh8-01272,-170.67707061767578,-14.275875091552734,-170.67672729492188,-14.275703430175781,13
gh8-01273,-170.68119049072266,-14.278278350830078,-170.68084716796875,-14.278106689453125,13
gh8-01274,-170.6678009033203,-14.296131134033203,-170.6674575805664,-14.29595947265625,13
gh8-01275,-170.70350646972656,-14.32342529296875,-170.70316314697266,-14.323253631591797,13
gh8-01276,-170.7326889038086,-14.325828552246094,-170.7323455810547,-14.32565689086914,13
gh8-01277,-170.7114028930664,-14.335441589355469,-170.7110595703125,-14.335269927978516,13
gh8-01278,-170.78659057617188,-14.342308044433594,-170.78624725341797,-14.34213638305664,13
gh8-01279,-170.10440826416016,-14.0570068359375,-170.10406494140625,-14.056835174560547,12
gh8-01280,-169.04972076416016,-14.194507598876953,-169.04937744140625,-14.1943359375,12
gh8-01281,-169.05006408691406,-14.203605651855469,-169.04972076416016,-14.203433990478516,12
gh8-01282,-169.04491424560547,-14.209785461425781,-169.04457092285156,-14.209613800048828,12
gh8-01283,-169.04834747314453,-14.206008911132812,-169.04800415039062,-14.20583724975586,12
gh8-01284,-169.0473175048828,-14.212532043457031,-169.0469741821289,-14.212360382080078,12
gh8-01285,-169.06002044677734,-14.210128784179688,-169.05967712402344,-14.209957122802734,12
gh8-01286,-169.06002044677734,-14.215278625488281,-169.05967712402344,-14.215106964111328,12
gh8-01287,-169.52899932861328,-14.20755386352539,-169.52865600585938,-14.207382202148438,12
gh8-01288,-169.5303726196289,-14.209957122802734,-169.530029296875,-14.209785461425781,12
gh8-01289,-169.53243255615234,-14.209613800048828,-169.53208923339844,-14.209442138671875,12
gh8-01290,-169.53311920166016,-14.231586456298828,-169.53277587890625,-14.231414794921875,12
gh8-01291,-169.65259552001953,-14.177513122558594,-169.65225219726562,-14.17734146118164,12
gh8-01292,-170.00003814697266,-14.494400024414062,-169.99969482421875,-14.49422836303711,12
gh8-01293,-170.00106811523438,-14.495773315429688,-170.00072479248047,-14.495601654052734,12
gh8-01294,-170.00381469726562,-14.499893188476562,-170.00347137451172,-14.49972152709961,12
gh8-01295,-170.00415802001953,-14.500579833984375,-170.00381469726562,-14.500408172607422,12
gh8-01296,-170.32894134521484,-14.338188171386719,-170.32859802246094,-14.338016510009766,12
gh8-01297,-170.32825469970703,-14.343681335449219,-170.32791137695312,-14.343509674072266,12
gh8-01298,-170.32825469970703,-14.345226287841797,-170.32791137695312,-14.345054626464844,12
gh8-01299,-170.32825469970703,-14.34539794921875,-170.32791137695312,-14.345226287841797,12
gh8-01300,-170.32791137695312,-14.347114562988281,-170.32756805419922,-14.346942901611328,12
gh8-01301,-170.7326889038086,-14.202747344970703,-170.7323455810547,-14.20257568359375,12
gh8-01302,-170.67707061767578,-14.270553588867188,-170.67672729492188,-14.270381927490234,12
gh8-01303,-170.67672729492188,-14.275531768798828,-170.67638397216797,-14.275360107421875,12
gh8-01304,-170.64754486083984,-14.324455261230469,-170.64720153808594,-14.324283599853516,12
gh8-01305,-170.72994232177734,-14.26900863647461,-170.72959899902344,-14.268836975097656,12
gh8-01306,-170.77594757080078,-14.272098541259766,-170.77560424804688,-14.271926879882812,12
gh8-01307,-170.77011108398438,-14.3701171875,-170.76976776123047,-14.369945526123047,12
gh8-01308,-170.76290130615234,-14.371662139892578,-170.76255798339844,-14.371490478515625,12
gh8-01309,-170.7938003540039,-14.335269927978516,-170.79345703125,-14.335098266601562,12
gh8-01310,-170.77285766601562,-14.37784194946289,-170.77251434326172,-14.377670288085938,12
gh8-01311,-169.05006408691406,-14.193992614746094,-169.04972076416016,-14.19382095336914,11
gh8-01312,-169.05040740966797,-14.193992614746094,-169.05006408691406,-14.19382095336914,11
gh8-01313,-169.04903411865234,-14.196739196777344,-169.04869079589844,-14.19656753540039,11
gh8-01314,-169.04869079589844,-14.197254180908203,-169.04834747314453,-14.19708251953125,11
gh8-01315,-169.04937744140625,-14.204635620117188,-169.04903411865234,-14.204463958740234,11
gh8-01316,-169.04560089111328,-14.20858383178711,-169.04525756835938,-14.208412170410156,11
gh8-01317,-169.0459442138672,-14.21030044555664,-169.04560089111328,-14.210128784179688,11
gh8-01318,-169.0462875366211,-14.2108154296875,-169.0459442138672,-14.210643768310547,11
gh8-01319,-169.046630859375,-14.2108154296875,-169.0462875366211,-14.210643768310547,11
gh8-01320,-169.0459442138672,-14.210987091064453,-169.04560089111328,-14.2108154296875,11
gh8-01321,-169.046630859375,-14.210987091064453,-169.0462875366211,-14.2108154296875,11
gh8-01322,-169.046630859375,-14.21133041381836,-169.0462875366211,-14.211158752441406,11
gh8-01323,-169.0469741821289,-14.211673736572266,-169.046630859375,-14.211502075195312,11
gh8-01324,-169.06173706054688,-14.21356201171875,-169.06139373779297,-14.213390350341797,11
gh8-01325,-169.5293426513672,-14.209098815917969,-169.52899932861328,-14.208927154541016,11
gh8-01326,-169.53311920166016,-14.209270477294922,-169.53277587890625,-14.209098815917969,11
gh8-01327,-169.53414916992188,-14.233131408691406,-169.53380584716797,-14.232959747314453,11
gh8-01328,-169.6560287475586,-14.163265228271484,-169.6556854248047,-14.163093566894531,11
gh8-01329,-169.6501922607422,-14.177513122558594,-169.64984893798828,-14.17734146118164,11
gh8-01330,-170.00141143798828,-14.497146606445312,-170.00106811523438,-14.49697494506836,11
gh8-01331,-170.32791137695312,-14.344367980957031,-170.32756805419922,-14.344196319580078,11
gh8-01332,-170.32791137695312,-14.344711303710938,-170.32756805419922,-14.344539642333984,11
gh8-01333,-170.32825469970703,-14.34488296508789,-170.32791137695312,-14.344711303710938,11
gh8-01334,-170.32791137695312,-14.348487854003906,-170.32756805419922,-14.348316192626953,11
gh8-01335,-170.7333755493164,-14.202232360839844,-170.7330322265625,-14.20206069946289,11
gh8-01336,-170.606689453125,-14.30145263671875,-170.6063461303711,-14.301280975341797,11
gh8-01337,-170.66986083984375,-14.326000213623047,-170.66951751708984,-14.325828552246094,11
gh8-01338,-170.76393127441406,-14.368915557861328,-170.76358795166016,-14.368743896484375,11
gh8-01339,-170.7886505126953,-14.336814880371094,-170.7883071899414,-14.33664321899414,11
gh8-01340,-170.77835083007812,-14.358444213867188,-170.77800750732422,-14.358272552490234,11
gh8-01341,-169.05075073242188,-14.193134307861328,-169.05040740966797,-14.192962646484375,10
gh8-01342,-169.04937744140625,-14.198627471923828,-169.04903411865234,-14.198455810546875,10
gh8-01343,-169.04972076416016,-14.200687408447266,-169.04937744140625,-14.200515747070312,10
gh8-01344,-169.04937744140625,-14.20480728149414,-169.04903411865234,-14.204635620117188,10
gh8-01345,-169.05006408691406,-14.203262329101562,-169.04972076416016,-14.20309066772461,10
gh8-01346,-169.046630859375,-14.20755386352539,-169.0462875366211,-14.207382202148438,10
gh8-01347,-169.04491424560547,-14.209613800048828,-169.04457092285156,-14.209442138671875,10
gh8-01348,-169.046630859375,-14.211158752441406,-169.0462875366211,-14.210987091064453,10
gh8-01349,-169.04869079589844,-14.206008911132812,-169.04834747314453,-14.20583724975586,10
gh8-01350,-169.04766082763672,-14.213733673095703,-169.0473175048828,-14.21356201171875,10
gh8-01351,-169.04766082763672,-14.214248657226562,-169.0473175048828,-14.21407699584961,10
gh8-01352,-169.06208038330078,-14.212188720703125,-169.06173706054688,-14.212017059326172,10
gh8-01353,-169.06002044677734,-14.215106964111328,-169.05967712402344,-14.214935302734375,10
gh8-01354,-169.06002044677734,-14.215450286865234,-169.05967712402344,-14.215278625488281,10
gh8-01355,-169.06036376953125,-14.21579360961914,-169.06002044677734,-14.215621948242188,10
gh8-01356,-169.06173706054688,-14.215965270996094,-169.06139373779297,-14.21579360961914,10
gh8-01357,-169.06002044677734,-14.216480255126953,-169.05967712402344,-14.21630859375,10
gh8-01358,-169.52899932861328,-14.207382202148438,-169.52865600585938,-14.207210540771484,10
gh8-01359,-169.52899932861328,-14.207725524902344,-169.52865600585938,-14.20755386352539,10
gh8-01360,-169.52899932861328,-14.20806884765625,-169.52865600585938,-14.207897186279297,10
gh8-01361,-169.53208923339844,-14.210128784179688,-169.53174591064453,-14.209957122802734,10
gh8-01362,-169.53346252441406,-14.23227310180664,-169.53311920166016,-14.232101440429688,10
gh8-01363,-169.5355224609375,-14.234161376953125,-169.5351791381836,-14.233989715576172,10
gh8-01364,-169.65465545654297,-14.178714752197266,-169.65431213378906,-14.178543090820312,10
gh8-01365,-169.6834945678711,-14.183349609375,-169.6831512451172,-14.183177947998047,10
gh8-01366,-169.7270965576172,-14.154853820800781,-169.72675323486328,-14.154682159423828,10
gh8-01367,-170.05016326904297,-14.352092742919922,-170.04981994628906,-14.351921081542969,10
gh8-01368,-170.00106811523438,-14.49697494506836,-170.00072479248047,-14.496803283691406,10
gh8-01369,-170.0017547607422,-14.498176574707031,-170.00141143798828,-14.498004913330078,10
gh8-01370,-170.00381469726562,-14.500236511230469,-170.00347137451172,-14.500064849853516,10
gh8-01371,-170.32997131347656,-14.336128234863281,-170.32962799072266,-14.335956573486328,10
gh8-01372,-170.32962799072266,-14.33664321899414,-170.32928466796875,-14.336471557617188,10
gh8-01373,-170.32825469970703,-14.345569610595703,-170.32791137695312,-14.34539794921875,10
gh8-01374,-170.73577880859375,-14.198455810546875,-170.73543548583984,-14.198284149169922,10
gh8-01375,-170.73406219482422,-14.201030731201172,-170.7337188720703,-14.200859069824219,10
gh8-01376,-170.73406219482422,-14.201717376708984,-170.7337188720703,-14.201545715332031,10
gh8-01377,-170.63724517822266,-14.280338287353516,-170.63690185546875,-14.280166625976562,10
gh8-01378,-170.68119049072266,-14.277935028076172,-170.68084716796875,-14.277763366699219,10
gh8-01379,-170.6444549560547,-14.292869567871094,-170.64411163330078,-14.29269790649414,10
gh8-01380,-170.67501068115234,-14.284286499023438,-170.67466735839844,-14.284114837646484,10
gh8-01381,-170.67947387695312,-14.282569885253906,-170.67913055419922,-14.282398223876953,10
gh8-01382,-170.70110321044922,-14.27947998046875,-170.7007598876953,-14.279308319091797,10
gh8-01383,-170.72032928466797,-14.270038604736328,-170.71998596191406,-14.269866943359375,10
gh8-01384,-170.78968048095703,-14.337329864501953,-170.78933715820312,-14.337158203125,10
gh8-01385,-169.68624114990234,-14.007740020751953,-169.68589782714844,-14.007568359375,9
gh8-01386,-170.10440826416016,-14.056835174560547,-170.10406494140625,-14.056663513183594,9
gh8-01387,-170.1071548461914,-14.06026840209961,-170.1068115234375,-14.060096740722656,9
gh8-01388,-169.05040740966797,-14.19382095336914,-169.05006408691406,-14.193649291992188,9
gh8-01389,-169.04972076416016,-14.200172424316406,-169.04937744140625,-14.200000762939453,9
gh8-01390,-169.046630859375,-14.207382202148438,-169.0462875366211,-14.207210540771484,9
gh8-01391,-169.0459442138672,-14.210128784179688,-169.04560089111328,-14.209957122802734,9
gh8-01392,-169.0459442138672,-14.211502075195312,-169.04560089111328,-14.21133041381836,9
gh8-01393,-169.04766082763672,-14.213390350341797,-169.0473175048828,-14.213218688964844,9
gh8-01394,-169.04766082763672,-14.21356201171875,-169.0473175048828,-14.213390350341797,9
gh8-01395,-169.04766082763672,-14.213905334472656,-169.0473175048828,-14.213733673095703,9
gh8-01396,-169.04766082763672,-14.214591979980469,-169.0473175048828,-14.214420318603516,9
gh8-01397,-169.06208038330078,-14.212360382080078,-169.06173706054688,-14.212188720703125,9
gh8-01398,-169.0627670288086,-14.214763641357422,-169.0624237060547,-14.214591979980469,9
gh8-01399,-169.06585693359375,-14.212188720703125,-169.06551361083984,-14.212017059326172,9
gh8-01400,-169.53140258789062,-14.208412170410156,-169.53105926513672,-14.208240509033203,9
gh8-01401,-169.53311920166016,-14.209098815917969,-169.53277587890625,-14.208927154541016,9
gh8-01402,-169.53311920166016,-14.231929779052734,-169.53277587890625,-14.231758117675781,9
gh8-01403,-169.5358657836914,-14.234333038330078,-169.5355224609375,-14.234161376953125,9
gh8-01404,-169.49981689453125,-14.293212890625,-169.49947357177734,-14.293041229248047,9
gh8-01405,-170.00003814697266,-14.333381652832031,-169.99969482421875,-14.333209991455078,9
gh8-01406,-170.0017547607422,-14.497833251953125,-170.00141143798828,-14.497661590576172,9
gh8-01407,-170.00381469726562,-14.500064849853516,-170.00347137451172,-14.499893188476562,9
gh8-01408,-170.32928466796875,-14.337501525878906,-170.32894134521484,-14.337329864501953,9
gh8-01409,-170.32825469970703,-14.341278076171875,-170.32791137695312,-14.341106414794922,9
gh8-01410,-170.32825469970703,-14.341793060302734,-170.32791137695312,-14.341621398925781,9
gh8-01411,-170.32791137695312,-14.343852996826172,-170.32756805419922,-14.343681335449219,9
gh8-01412,-170.32825469970703,-14.346256256103516,-170.32791137695312,-14.346084594726562,9
gh8-01413,-170.32825469970703,-14.346771240234375,-170.32791137695312,-14.346599578857422,9
gh8-01414,-170.32791137695312,-14.349517822265625,-170.32756805419922,-14.349346160888672,9
gh8-01415,-170.58677673339844,-14.260082244873047,-170.58643341064453,-14.259910583496094,9
gh8-01416,-170.6612777709961,-14.245834350585938,-170.6609344482422,-14.245662689208984,9
gh8-01417,-170.67913055419922,-14.291324615478516,-170.6787872314453,-14.291152954101562,9
gh8-01418,-170.75191497802734,-14.35861587524414,-170.75157165527344,-14.358444213867188,9
gh8-01419,-170.10372161865234,-14.05649185180664,-170.10337829589844,-14.056320190429688,8
gh8-01420,-170.1068115234375,-14.059925079345703,-170.1064682006836,-14.05975341796875,8
gh8-01421,-169.05040740966797,-14.193134307861328,-169.05006408691406,-14.192962646484375,8
gh8-01422,-169.05006408691406,-14.1943359375,-169.04972076416016,-14.194164276123047,8
gh8-01423,-169.04903411865234,-14.195537567138672,-169.04869079589844,-14.195365905761719,8
gh8-01424,-169.04937744140625,-14.198799133300781,-169.04903411865234,-14.198627471923828,8
gh8-01425,-169.04937744140625,-14.199142456054688,-169.04903411865234,-14.198970794677734,8
gh8-01426,-169.04937744140625,-14.199485778808594,-169.04903411865234,-14.19931411743164,8
gh8-01427,-169.04972076416016,-14.200515747070312,-169.04937744140625,-14.20034408569336,8
gh8-01428,-169.046630859375,-14.207038879394531,-169.0462875366211,-14.206867218017578,8
gh8-01429,-169.046630859375,-14.207210540771484,-169.0462875366211,-14.207038879394531,8
gh8-01430,-169.04525756835938,-14.209442138671875,-169.04491424560547,-14.209270477294922,8
gh8-01431,-169.046630859375,-14.209957122802734,-169.0462875366211,-14.209785461425781,8
gh8-01432,-169.0459442138672,-14.21133041381836,-169.04560089111328,-14.211158752441406,8
gh8-01433,-169.0462875366211,-14.211158752441406,-169.0459442138672,-14.210987091064453,8
gh8-01434,-169.04560089111328,-14.212017059326172,-169.04525756835938,-14.211845397949219,8
gh8-01435,-169.04766082763672,-14.206352233886719,-169.0473175048828,-14.206180572509766,8
gh8-01436,-169.04903411865234,-14.205665588378906,-169.04869079589844,-14.205493927001953,8
gh8-01437,-169.04766082763672,-14.214420318603516,-169.0473175048828,-14.214248657226562,8
gh8-01438,-169.05967712402344,-14.214935302734375,-169.05933380126953,-14.214763641357422,8
gh8-01439,-169.06002044677734,-14.214935302734375,-169.05967712402344,-14.214763641357422,8
gh8-01440,-169.05967712402344,-14.215278625488281,-169.05933380126953,-14.215106964111328,8
gh8-01441,-169.05967712402344,-14.21579360961914,-169.05933380126953,-14.215621948242188,8
gh8-01442,-169.06002044677734,-14.216136932373047,-169.05967712402344,-14.215965270996094,8
gh8-01443,-169.06036376953125,-14.21630859375,-169.06002044677734,-14.216136932373047,8
gh8-01444,-169.06070709228516,-14.214763641357422,-169.06036376953125,-14.214591979980469,8
gh8-01445,-169.06173706054688,-14.214591979980469,-169.06139373779297,-14.214420318603516,8
gh8-01446,-169.06173706054688,-14.214935302734375,-169.06139373779297,-14.214763641357422,8
gh8-01447,-169.06208038330078,-14.213905334472656,-169.06173706054688,-14.213733673095703,8
gh8-01448,-169.06173706054688,-14.21630859375,-169.06139373779297,-14.216136932373047,8
gh8-01449,-169.06173706054688,-14.216480255126953,-169.06139373779297,-14.21630859375,8
gh8-01450,-169.52831268310547,-14.196052551269531,-169.52796936035156,-14.195880889892578,8
gh8-01451,-169.53311920166016,-14.208240509033203,-169.53277587890625,-14.20806884765625,8
gh8-01452,-169.53311920166016,-14.20858383178711,-169.53277587890625,-14.208412170410156,8
gh8-01453,-169.53311920166016,-14.209785461425781,-169.53277587890625,-14.209613800048828,8
gh8-01454,-169.53414916992188,-14.210472106933594,-169.53380584716797,-14.21030044555664,8
gh8-01455,-169.50016021728516,-14.23004150390625,-169.49981689453125,-14.229869842529297,8
gh8-01456,-169.5293426513672,-14.232616424560547,-169.52899932861328,-14.232444763183594,8
gh8-01457,-169.53243255615234,-14.231071472167969,-169.53208923339844,-14.230899810791016,8
gh8-01458,-169.5355224609375,-14.234504699707031,-169.5351791381836,-14.234333038330078,8
gh8-01459,-169.5362091064453,-14.235191345214844,-169.5358657836914,-14.23501968383789,8
gh8-01460,-169.66426849365234,-14.092369079589844,-169.66392517089844,-14.09219741821289,8
gh8-01461,-169.49844360351562,-14.291496276855469,-169.49810028076172,-14.291324615478516,8
gh8-01462,-169.50016021728516,-14.293384552001953,-169.49981689453125,-14.293212890625,8
gh8-01463,-170.00072479248047,-14.495258331298828,-170.00038146972656,-14.495086669921875,8
gh8-01464,-170.00106811523438,-14.4964599609375,-170.00072479248047,-14.496288299560547,8
gh8-01465,-170.00415802001953,-14.500236511230469,-170.00381469726562,-14.500064849853516,8
gh8-01466,-170.00415802001953,-14.500408172607422,-170.00381469726562,-14.500236511230469,8
gh8-01467,-170.32928466796875,-14.336814880371094,-170.32894134521484,-14.33664321899414,8
gh8-01468,-170.32962799072266,-14.336814880371094,-170.32928466796875,-14.33664321899414,8
gh8-01469,-170.32894134521484,-14.338359832763672,-170.32859802246094,-14.338188171386719,8
gh8-01470,-170.32825469970703,-14.341621398925781,-170.32791137695312,-14.341449737548828,8
gh8-01471,-170.32791137695312,-14.344539642333984,-170.32756805419922,-14.344367980957031,8
gh8-01472,-170.32825469970703,-14.34591293334961,-170.32791137695312,-14.345741271972656,8
gh8-01473,-170.32791137695312,-14.34762954711914,-170.32756805419922,-14.347457885742188,8
gh8-01474,-170.32791137695312,-14.34814453125,-170.32756805419922,-14.347972869873047,8
gh8-01475,-170.32791137695312,-14.349002838134766,-170.32756805419922,-14.348831176757812,8
gh8-01476,-170.6832504272461,-14.266090393066406,-170.6829071044922,-14.265918731689453,8
gh8-01477,-170.64754486083984,-14.324111938476562,-170.64720153808594,-14.32394027709961,8
gh8-01478,-170.66608428955078,-14.333038330078125,-170.66574096679688,-14.332866668701172,8
gh8-01479,-170.68805694580078,-14.30196762084961,-170.68771362304688,-14.301795959472656,8
gh8-01480,-170.71517944335938,-14.282398223876953,-170.71483612060547,-14.2822265625,8
gh8-01481,-170.72547912597656,-14.325141906738281,-170.72513580322266,-14.324970245361328,8
gh8-01482,-170.74710845947266,-14.361705780029297,-170.74676513671875,-14.361534118652344,8
gh8-01483,-170.76290130615234,-14.374237060546875,-170.76255798339844,-14.374065399169922,8
gh8-01484,-170.77320098876953,-14.377498626708984,-170.77285766601562,-14.377326965332031,8
gh8-01485,-170.77354431152344,-14.377498626708984,-170.77320098876953,-14.377326965332031,8
gh8-01486,-170.10337829589844,-14.056148529052734,-170.10303497314453,-14.055976867675781,7
gh8-01487,-170.1061248779297,-14.058723449707031,-170.10578155517578,-14.058551788330078,7
gh8-01488,-169.04903411865234,-14.197769165039062,-169.04869079589844,-14.19759750366211,7
gh8-01489,-169.04937744140625,-14.19931411743164,-169.04903411865234,-14.199142456054688,7
gh8-01490,-169.04903411865234,-14.205322265625,-169.04869079589844,-14.205150604248047,7
gh8-01491,-169.04766082763672,-14.206523895263672,-169.0473175048828,-14.206352233886719,7
gh8-01492,-169.0473175048828,-14.206867218017578,-169.0469741821289,-14.206695556640625,7
gh8-01493,-169.0473175048828,-14.21304702758789,-169.0469741821289,-14.212875366210938,7
gh8-01494,-169.04766082763672,-14.21407699584961,-169.0473175048828,-14.213905334472656,7
gh8-01495,-169.05864715576172,-14.21030044555664,-169.0583038330078,-14.210128784179688,7
gh8-01496,-169.06105041503906,-14.211158752441406,-169.06070709228516,-14.210987091064453,7
gh8-01497,-169.06036376953125,-14.214763641357422,-169.06002044677734,-14.214591979980469,7
gh8-01498,-169.1008758544922,-14.218711853027344,-169.10053253173828,-14.21854019165039,7
gh8-01499,-169.52899932861328,-14.208240509033203,-169.52865600585938,-14.20806884765625,7
gh8-01500,-169.53311920166016,-14.209613800048828,-169.53277587890625,-14.209442138671875,7
gh8-01501,-169.53311920166016,-14.209957122802734,-169.53277587890625,-14.209785461425781,7
gh8-01502,-169.52899932861328,-14.23227310180664,-169.52865600585938,-14.232101440429688,7
gh8-01503,-169.52899932861328,-14.234333038330078,-169.52865600585938,-14.234161376953125,7
gh8-01504,-169.53380584716797,-14.232616424560547,-169.53346252441406,-14.232444763183594,7
gh8-01505,-169.53380584716797,-14.2327880859375,-169.53346252441406,-14.232616424560547,7
gh8-01506,-169.53449249267578,-14.233131408691406,-169.53414916992188,-14.232959747314453,7
gh8-01507,-169.63199615478516,-14.168243408203125,-169.63165283203125,-14.168071746826172,7
gh8-01508,-169.6501922607422,-14.183349609375,-169.64984893798828,-14.183177947998047,7
gh8-01509,-169.49981689453125,-14.29372787475586,-169.49947357177734,-14.293556213378906,7
gh8-01510,-170.00106811523438,-14.496288299560547,-170.00072479248047,-14.496116638183594,7
gh8-01511,-170.0027847290039,-14.499549865722656,-170.00244140625,-14.499378204345703,7
gh8-01512,-170.00415802001953,-14.501266479492188,-170.00381469726562,-14.501094818115234,7
gh8-01513,-170.0072479248047,-14.504871368408203,-170.00690460205078,-14.50469970703125,7
gh8-01514,-170.32962799072266,-14.336299896240234,-170.32928466796875,-14.336128234863281,7
gh8-01515,-170.32825469970703,-14.341106414794922,-170.32791137695312,-14.340934753417969,7
gh8-01516,-170.32791137695312,-14.344024658203125,-170.32756805419922,-14.343852996826172,7
gh8-01517,-170.32825469970703,-14.346427917480469,-170.32791137695312,-14.346256256103516,7
gh8-01518,-170.32791137695312,-14.346942901611328,-170.32756805419922,-14.346771240234375,7
gh8-01519,-170.69595336914062,-14.237422943115234,-170.69561004638672,-14.237251281738281,7
gh8-01520,-170.73577880859375,-14.198284149169922,-170.73543548583984,-14.198112487792969,7
gh8-01521,-170.7323455810547,-14.203262329101562,-170.73200225830078,-14.20309066772461,7
gh8-01522,-170.7326889038086,-14.202919006347656,-170.7323455810547,-14.202747344970703,7
gh8-01523,-170.73440551757812,-14.200000762939453,-170.73406219482422,-14.1998291015625,7
gh8-01524,-170.66848754882812,-14.24652099609375,-170.66814422607422,-14.246349334716797,7
gh8-01525,-170.68016052246094,-14.292011260986328,-170.67981719970703,-14.291839599609375,7
gh8-01526,-170.69080352783203,-14.306259155273438,-170.69046020507812,-14.306087493896484,7
gh8-01527,-170.75260162353516,-14.299736022949219,-170.75225830078125,-14.299564361572266,7
gh8-01528,-170.7440185546875,-14.846649169921875,-170.7436752319336,-14.846477508544922,7
gh8-01529,-170.74504852294922,-14.847335815429688,-170.7447052001953,-14.847164154052734,7
gh8-01530,-170.10406494140625,-14.0570068359375,-170.10372161865234,-14.056835174560547,6
gh8-01531,-170.10440826416016,-14.05752182006836,-170.10406494140625,-14.057350158691406,6
gh8-01532,-170.1061248779297,-14.058895111083984,-170.10578155517578,-14.058723449707031,6
gh8-01533,-170.1068115234375,-14.059581756591797,-170.1064682006836,-14.059410095214844,6
gh8-01534,-170.1071548461914,-14.060440063476562,-170.1068115234375,-14.06026840209961,6
gh8-01535,-170.1074981689453,-14.060783386230469,-170.1071548461914,-14.060611724853516,6
gh8-01536,-169.04903411865234,-14.195880889892578,-169.04869079589844,-14.195709228515625,6
gh8-01537,-169.04903411865234,-14.19708251953125,-169.04869079589844,-14.196910858154297,6
gh8-01538,-169.04937744140625,-14.198284149169922,-169.04903411865234,-14.198112487792969,6
gh8-01539,-169.04972076416016,-14.200859069824219,-169.04937744140625,-14.200687408447266,6
gh8-01540,-169.04972076416016,-14.201545715332031,-169.04937744140625,-14.201374053955078,6
gh8-01541,-169.04560089111328,-14.208755493164062,-169.04525756835938,-14.20858383178711,6
gh8-01542,-169.04560089111328,-14.21030044555664,-169.04525756835938,-14.210128784179688,6
gh8-01543,-169.0473175048828,-14.213218688964844,-169.0469741821289,-14.21304702758789,6
gh8-01544,-169.05967712402344,-14.210128784179688,-169.05933380126953,-14.209957122802734,6
gh8-01545,-169.0627670288086,-14.212875366210938,-169.0624237060547,-14.212703704833984,6
gh8-01546,-169.06036376953125,-14.214935302734375,-169.06002044677734,-14.214763641357422,6
gh8-01547,-169.06173706054688,-14.21407699584961,-169.06139373779297,-14.213905334472656,6
gh8-01548,-169.0624237060547,-14.213905334472656,-169.06208038330078,-14.213733673095703,6
gh8-01549,-169.06208038330078,-14.214591979980469,-169.06173706054688,-14.214420318603516,6
gh8-01550,-169.0634536743164,-14.212532043457031,-169.0631103515625,-14.212360382080078,6
gh8-01551,-169.52831268310547,-14.19656753540039,-169.52796936035156,-14.196395874023438,6
gh8-01552,-169.52899932861328,-14.206180572509766,-169.52865600585938,-14.206008911132812,6
gh8-01553,-169.52899932861328,-14.206352233886719,-169.52865600585938,-14.206180572509766,6
gh8-01554,-169.52899932861328,-14.207210540771484,-169.52865600585938,-14.207038879394531,6
gh8-01555,-169.5296859741211,-14.209098815917969,-169.5293426513672,-14.208927154541016,6
gh8-01556,-169.5303726196289,-14.208755493164062,-169.530029296875,-14.20858383178711,6
gh8-01557,-169.53105926513672,-14.20858383178711,-169.5307159423828,-14.208412170410156,6
gh8-01558,-169.53208923339844,-14.20858383178711,-169.53174591064453,-14.208412170410156,6
gh8-01559,-169.53243255615234,-14.208240509033203,-169.53208923339844,-14.20806884765625,6
gh8-01560,-169.53243255615234,-14.210128784179688,-169.53208923339844,-14.209957122802734,6
gh8-01561,-169.52899932861328,-14.2327880859375,-169.52865600585938,-14.232616424560547,6
gh8-01562,-169.53380584716797,-14.232444763183594,-169.53346252441406,-14.23227310180664,6
gh8-01563,-169.5355224609375,-14.234333038330078,-169.5351791381836,-14.234161376953125,6
gh8-01564,-169.5362091064453,-14.234848022460938,-169.5358657836914,-14.234676361083984,6
gh8-01565,-169.53655242919922,-14.23553466796875,-169.5362091064453,-14.235363006591797,6
gh8-01566,-169.53723907470703,-14.235877990722656,-169.53689575195312,-14.235706329345703,6
gh8-01567,-169.65225219726562,-14.176139831542969,-169.65190887451172,-14.175968170166016,6
gh8-01568,-169.65431213378906,-14.178543090820312,-169.65396881103516,-14.17837142944336,6
gh8-01569,-170.00038146972656,-14.495258331298828,-170.00003814697266,-14.495086669921875,6
gh8-01570,-170.00072479248047,-14.495773315429688,-170.00038146972656,-14.495601654052734,6
gh8-01571,-170.00106811523438,-14.497146606445312,-170.00072479248047,-14.49697494506836,6
gh8-01572,-170.00415802001953,-14.500751495361328,-170.00381469726562,-14.500579833984375,6
gh8-01573,-170.00415802001953,-14.500923156738281,-170.00381469726562,-14.500751495361328,6
gh8-01574,-170.00415802001953,-14.501094818115234,-170.00381469726562,-14.500923156738281,6
gh8-01575,-170.00484466552734,-14.503841400146484,-170.00450134277344,-14.503669738769531,6
gh8-01576,-170.00518798828125,-14.503841400146484,-170.00484466552734,-14.503669738769531,6
gh8-01577,-170.00621795654297,-14.505043029785156,-170.00587463378906,-14.504871368408203,6
gh8-01578,-170.32997131347656,-14.335956573486328,-170.32962799072266,-14.335784912109375,6
gh8-01579,-170.32894134521484,-14.338016510009766,-170.32859802246094,-14.337844848632812,6
gh8-01580,-170.32825469970703,-14.340934753417969,-170.32791137695312,-14.340763092041016,6
gh8-01581,-170.32791137695312,-14.347801208496094,-170.32756805419922,-14.34762954711914,6
gh8-01582,-170.32791137695312,-14.348316192626953,-170.32756805419922,-14.34814453125,6
gh8-01583,-170.5019760131836,-14.28171157836914,-170.5016326904297,-14.281539916992188,6
gh8-01584,-170.69183349609375,-14.236907958984375,-170.69149017333984,-14.236736297607422,6
gh8-01585,-170.73509216308594,-14.198799133300781,-170.73474884033203,-14.198627471923828,6
gh8-01586,-170.58883666992188,-14.25973892211914,-170.58849334716797,-14.259567260742188,6
gh8-01587,-170.6664276123047,-14.272270202636719,-170.66608428955078,-14.272098541259766,6
gh8-01588,-170.68153381347656,-14.274330139160156,-170.68119049072266,-14.274158477783203,6
gh8-01589,-170.68153381347656,-14.278106689453125,-170.68119049072266,-14.277935028076172,6
gh8-01590,-170.67947387695312,-14.2822265625,-170.67913055419922,-14.282054901123047,6
gh8-01591,-170.64411163330078,-14.302654266357422,-170.64376831054688,-14.302482604980469,6
gh8-01592,-170.6774139404297,-14.298362731933594,-170.67707061767578,-14.29819107055664,6
gh8-01593,-170.64685821533203,-14.322223663330078,-170.64651489257812,-14.322052001953125,6
gh8-01594,-170.64788818359375,-14.323081970214844,-170.64754486083984,-14.32291030883789,6
gh8-01595,-170.6568145751953,-14.316730499267578,-170.6564712524414,-14.316558837890625,6
gh8-01596,-170.72444915771484,-14.284114837646484,-170.72410583496094,-14.283943176269531,6
gh8-01597,-170.84426879882812,-14.324798583984375,-170.84392547607422,-14.324626922607422,6
gh8-01598,-170.78350067138672,-14.333381652832031,-170.7831573486328,-14.333209991455078,6
gh8-01599,-170.79002380371094,-14.337501525878906,-170.78968048095703,-14.337329864501953,6
gh8-01600,-170.77354431152344,-14.376811981201172,-170.77320098876953,-14.376640319824219,6
gh8-01601,-170.58300018310547,-14.600143432617188,-170.58265686035156,-14.599971771240234,6
gh8-01602,-170.73989868164062,-14.84579086303711,-170.73955535888672,-14.845619201660156,6
gh8-01603,-169.04869079589844,-14.197425842285156,-169.04834747314453,-14.197254180908203,5
gh8-01604,-169.04903411865234,-14.197940826416016,-169.04869079589844,-14.197769165039062,5
gh8-01605,-169.05006408691406,-14.20309066772461,-169.04972076416016,-14.202919006347656,5
gh8-01606,-169.05006408691406,-14.203948974609375,-169.04972076416016,-14.203777313232422,5
gh8-01607,-169.0462875366211,-14.20755386352539,-169.0459442138672,-14.207382202148438,5
gh8-01608,-169.04457092285156,-14.209957122802734,-169.04422760009766,-14.209785461425781,5
gh8-01609,-169.04869079589844,-14.20583724975586,-169.04834747314453,-14.205665588378906,5
gh8-01610,-169.04903411865234,-14.20583724975586,-169.04869079589844,-14.205665588378906,5
gh8-01611,-169.0576171875,-14.214935302734375,-169.0572738647461,-14.214763641357422,5
gh8-01612,-169.05899047851562,-14.210472106933594,-169.05864715576172,-14.21030044555664,5
gh8-01613,-169.06002044677734,-14.21030044555664,-169.05967712402344,-14.210128784179688,5
gh8-01614,-169.06036376953125,-14.210643768310547,-169.06002044677734,-14.210472106933594,5
gh8-01615,-169.0631103515625,-14.212703704833984,-169.0627670288086,-14.212532043457031,5
gh8-01616,-169.0631103515625,-14.213218688964844,-169.0627670288086,-14.21304702758789,5
gh8-01617,-169.0579605102539,-14.214935302734375,-169.0576171875,-14.214763641357422,5
gh8-01618,-169.0583038330078,-14.215106964111328,-169.0579605102539,-14.214935302734375,5
gh8-01619,-169.06036376953125,-14.215621948242188,-169.06002044677734,-14.215450286865234,5
gh8-01620,-169.05967712402344,-14.216136932373047,-169.05933380126953,-14.215965270996094,5
gh8-01621,-169.06070709228516,-14.214935302734375,-169.06036376953125,-14.214763641357422,5
gh8-01622,-169.06105041503906,-14.214935302734375,-169.06070709228516,-14.214763641357422,5
gh8-01623,-169.06139373779297,-14.214935302734375,-169.06105041503906,-14.214763641357422,5
gh8-01624,-169.06139373779297,-14.215965270996094,-169.06105041503906,-14.21579360961914,5
gh8-01625,-169.06482696533203,-14.212188720703125,-169.06448364257812,-14.212017059326172,5
gh8-01626,-169.1008758544922,-14.217853546142578,-169.10053253173828,-14.217681884765625,5
gh8-01627,-169.10259246826172,-14.220085144042969,-169.1022491455078,-14.219913482666016,5
gh8-01628,-169.6230697631836,-14.142837524414062,-169.6227264404297,-14.14266586303711,5
gh8-01629,-169.50119018554688,-14.166698455810547,-169.50084686279297,-14.166526794433594,5
gh8-01630,-169.530029296875,-14.1943359375,-169.5296859741211,-14.194164276123047,5
gh8-01631,-169.5303726196289,-14.193992614746094,-169.530029296875,-14.19382095336914,5
gh8-01632,-169.5293426513672,-14.195022583007812,-169.52899932861328,-14.19485092163086,5
gh8-01633,-169.5293426513672,-14.200859069824219,-169.52899932861328,-14.200687408447266,5
gh8-01634,-169.53174591064453,-14.20858383178711,-169.53140258789062,-14.208412170410156,5
gh8-01635,-169.53208923339844,-14.209957122802734,-169.53174591064453,-14.209785461425781,5
gh8-01636,-169.53414916992188,-14.2327880859375,-169.53380584716797,-14.232616424560547,5
gh8-01637,-169.5355224609375,-14.234676361083984,-169.5351791381836,-14.234504699707031,5
gh8-01638,-169.53689575195312,-14.235877990722656,-169.53655242919922,-14.235706329345703,5
gh8-01639,-169.53723907470703,-14.236221313476562,-169.53689575195312,-14.23604965209961,5
gh8-01640,-169.62787628173828,-14.182662963867188,-169.62753295898438,-14.182491302490234,5
gh8-01641,-169.64778900146484,-14.17287826538086,-169.64744567871094,-14.172706604003906,5
gh8-01642,-169.66495513916016,-14.184722900390625,-169.66461181640625,-14.184551239013672,5
gh8-01643,-169.6834945678711,-14.166698455810547,-169.6831512451172,-14.166526794433594,5
gh8-01644,-169.50016021728516,-14.290122985839844,-169.49981689453125,-14.28995132446289,5
gh8-01645,-170.00038146972656,-14.494400024414062,-170.00003814697266,-14.49422836303711,5
gh8-01646,-170.00106811523438,-14.496803283691406,-170.00072479248047,-14.496631622314453,5
gh8-01647,-170.00450134277344,-14.50143814086914,-170.00415802001953,-14.501266479492188,5
gh8-01648,-170.00450134277344,-14.501953125,-170.00415802001953,-14.501781463623047,5
gh8-01649,-170.00484466552734,-14.503669738769531,-170.00450134277344,-14.503498077392578,5
gh8-01650,-170.00553131103516,-14.50418472290039,-170.00518798828125,-14.504013061523438,5
gh8-01651,-170.00587463378906,-14.504528045654297,-170.00553131103516,-14.504356384277344,5
gh8-01652,-170.00690460205078,-14.505043029785156,-170.00656127929688,-14.504871368408203,5
gh8-01653,-170.0079345703125,-14.505558013916016,-170.0075912475586,-14.505386352539062,5
gh8-01654,-170.24517059326172,-14.120349884033203,-170.2448272705078,-14.12017822265625,5
gh8-01655,-170.32791137695312,-14.34213638305664,-170.32756805419922,-14.341964721679688,5
gh8-01656,-170.32825469970703,-14.342308044433594,-170.32791137695312,-14.34213638305664,5
gh8-01657,-170.32825469970703,-14.343338012695312,-170.32791137695312,-14.34316635131836,5
gh8-01658,-170.32825469970703,-14.346599578857422,-170.32791137695312,-14.346427917480469,5
gh8-01659,-170.32791137695312,-14.349689483642578,-170.32756805419922,-14.349517822265625,5
gh8-01660,-170.32791137695312,-14.350032806396484,-170.32756805419922,-14.349861145019531,5
gh8-01661,-170.66814422607422,-14.113655090332031,-170.6678009033203,-14.113483428955078,5
gh8-01662,-170.73200225830078,-14.203433990478516,-170.73165893554688,-14.203262329101562,5
gh8-01663,-170.73200225830078,-14.203605651855469,-170.73165893554688,-14.203433990478516,5
gh8-01664,-170.55072784423828,-14.279823303222656,-170.55038452148438,-14.279651641845703,5
gh8-01665,-170.5675506591797,-14.271411895751953,-170.56720733642578,-14.271240234375,5
gh8-01666,-170.60840606689453,-14.275016784667969,-170.60806274414062,-14.274845123291016,5
gh8-01667,-170.66848754882812,-14.246349334716797,-170.66814422607422,-14.246177673339844,5
gh8-01668,-170.6719207763672,-14.249610900878906,-170.67157745361328,-14.249439239501953,5
gh8-01669,-170.68119049072266,-14.278106689453125,-170.68084716796875,-14.277935028076172,5
gh8-01670,-170.68187713623047,-14.277935028076172,-170.68153381347656,-14.277763366699219,5
gh8-01671,-170.68153381347656,-14.278278350830078,-170.68119049072266,-14.278106689453125,5
gh8-01672,-170.6568145751953,-14.290637969970703,-170.6564712524414,-14.29046630859375,5
gh8-01673,-170.6667709350586,-14.283428192138672,-170.6664276123047,-14.283256530761719,5
gh8-01674,-170.6678009033203,-14.287891387939453,-170.6674575805664,-14.2877197265625,5
gh8-01675,-170.67913055419922,-14.289093017578125,-170.6787872314453,-14.288921356201172,5
gh8-01676,-170.6784439086914,-14.290637969970703,-170.6781005859375,-14.29046630859375,5
gh8-01677,-170.68187713623047,-14.29098129272461,-170.68153381347656,-14.290809631347656,5
gh8-01678,-170.67638397216797,-14.2987060546875,-170.67604064941406,-14.298534393310547,5
gh8-01679,-170.6777572631836,-14.298534393310547,-170.6774139404297,-14.298362731933594,5
gh8-01680,-170.6502914428711,-14.32016372680664,-170.6499481201172,-14.319992065429688,5
gh8-01681,-170.64788818359375,-14.32291030883789,-170.64754486083984,-14.322738647460938,5
gh8-01682,-170.64754486083984,-14.324283599853516,-170.64720153808594,-14.324111938476562,5
gh8-01683,-170.650634765625,-14.323768615722656,-170.6502914428711,-14.323596954345703,5
gh8-01684,-170.6554412841797,-14.32291030883789,-170.65509796142578,-14.322738647460938,5
gh8-01685,-170.66059112548828,-14.328231811523438,-170.66024780273438,-14.328060150146484,5
gh8-01686,-170.69046020507812,-14.25252914428711,-170.69011688232422,-14.252357482910156,5
gh8-01687,-170.70281982421875,-14.278106689453125,-170.70247650146484,-14.277935028076172,5
gh8-01688,-170.7501983642578,-14.270038604736328,-170.7498550415039,-14.269866943359375,5
gh8-01689,-170.69629669189453,-14.300765991210938,-170.69595336914062,-14.300594329833984,5
gh8-01690,-170.70934295654297,-14.301795959472656,-170.70899963378906,-14.301624298095703,5
gh8-01691,-170.7227325439453,-14.299736022949219,-170.7223892211914,-14.299564361572266,5
gh8-01692,-170.80581665039062,-14.275531768798828,-170.80547332763672,-14.275360107421875,5
gh8-01693,-170.7000732421875,-14.330120086669922,-170.6997299194336,-14.329948425292969,5
gh8-01694,-170.7213592529297,-14.34213638305664,-170.72101593017578,-14.341964721679688,5
gh8-01695,-170.76496124267578,-14.372692108154297,-170.76461791992188,-14.372520446777344,5
gh8-01696,-170.77320098876953,-14.376983642578125,-170.77285766601562,-14.376811981201172,5
gh8-01697,-170.74298858642578,-14.846134185791016,-170.74264526367188,-14.845962524414062,5
gh8-01698,-170.7433319091797,-14.846477508544922,-170.74298858642578,-14.846305847167969,5
gh8-01699,-170.7447052001953,-14.847164154052734,-170.7443618774414,-14.846992492675781,5
gh8-01700,-170.10372161865234,-14.056835174560547,-170.10337829589844,-14.056663513183594,4
gh8-01701,-170.10543823242188,-14.058551788330078,-170.10509490966797,-14.058380126953125,4
gh8-01702,-170.1064682006836,-14.058895111083984,-170.1061248779297,-14.058723449707031,4
gh8-01703,-170.1068115234375,-14.05923843383789,-170.1064682006836,-14.059066772460938,4
gh8-01704,-170.1071548461914,-14.060096740722656,-170.1068115234375,-14.059925079345703,4
gh8-01705,-169.05040740966797,-14.193305969238281,-169.05006408691406,-14.193134307861328,4
gh8-01706,-169.04903411865234,-14.195022583007812,-169.04869079589844,-14.19485092163086,4
gh8-01707,-169.04972076416016,-14.19485092163086,-169.04937744140625,-14.194679260253906,4
gh8-01708,-169.04869079589844,-14.19759750366211,-169.04834747314453,-14.197425842285156,4
gh8-01709,-169.04903411865234,-14.19759750366211,-169.04869079589844,-14.197425842285156,4
gh8-01710,-169.04937744140625,-14.198455810546875,-169.04903411865234,-14.198284149169922,4
gh8-01711,-169.04972076416016,-14.204635620117188,-169.04937744140625,-14.204463958740234,4
gh8-01712,-169.0459442138672,-14.208240509033203,-169.04560089111328,-14.20806884765625,4
gh8-01713,-169.0462875366211,-14.209957122802734,-169.0459442138672,-14.209785461425781,4
gh8-01714,-169.0459442138672,-14.211673736572266,-169.04560089111328,-14.211502075195312,4
gh8-01715,-169.0473175048828,-14.212703704833984,-169.0469741821289,-14.212532043457031,4
gh8-01716,-169.0473175048828,-14.212875366210938,-169.0469741821289,-14.212703704833984,4
gh8-01717,-169.05899047851562,-14.21030044555664,-169.05864715576172,-14.210128784179688,4
gh8-01718,-169.06002044677734,-14.210472106933594,-169.05967712402344,-14.21030044555664,4
gh8-01719,-169.06105041503906,-14.210987091064453,-169.06070709228516,-14.2108154296875,4
gh8-01720,-169.05933380126953,-14.214763641357422,-169.05899047851562,-14.214591979980469,4
gh8-01721,-169.05967712402344,-14.214763641357422,-169.05933380126953,-14.214591979980469,4
gh8-01722,-169.05967712402344,-14.215621948242188,-169.05933380126953,-14.215450286865234,4
gh8-01723,-169.06208038330078,-14.213733673095703,-169.06173706054688,-14.21356201171875,4
gh8-01724,-169.0627670288086,-14.214420318603516,-169.0624237060547,-14.214248657226562,4
gh8-01725,-169.06173706054688,-14.215278625488281,-169.06139373779297,-14.215106964111328,4
gh8-01726,-169.06070709228516,-14.21579360961914,-169.06036376953125,-14.215621948242188,4
gh8-01727,-169.06585693359375,-14.212017059326172,-169.06551361083984,-14.211845397949219,4
gh8-01728,-169.1008758544922,-14.22128677368164,-169.10053253173828,-14.221115112304688,4
gh8-01729,-169.4194793701172,-14.221458435058594,-169.41913604736328,-14.22128677368164,4
gh8-01730,-169.53105926513672,-14.193649291992188,-169.5307159423828,-14.193477630615234,4
gh8-01731,-169.5307159423828,-14.19382095336914,-169.5303726196289,-14.193649291992188,4
gh8-01732,-169.52865600585938,-14.195880889892578,-169.52831268310547,-14.195709228515625,4
gh8-01733,-169.52831268310547,-14.196395874023438,-169.52796936035156,-14.196224212646484,4
gh8-01734,-169.52831268310547,-14.199485778808594,-169.52796936035156,-14.19931411743164,4
gh8-01735,-169.530029296875,-14.20206069946289,-169.5296859741211,-14.201889038085938,4
gh8-01736,-169.5296859741211,-14.205150604248047,-169.5293426513672,-14.204978942871094,4
gh8-01737,-169.5303726196289,-14.203433990478516,-169.530029296875,-14.203262329101562,4
gh8-01738,-169.52899932861328,-14.206008911132812,-169.52865600585938,-14.20583724975586,4
gh8-01739,-169.52899932861328,-14.206523895263672,-169.52865600585938,-14.206352233886719,4
gh8-01740,-169.52865600585938,-14.206867218017578,-169.52831268310547,-14.206695556640625,4
gh8-01741,-169.52899932861328,-14.208412170410156,-169.52865600585938,-14.208240509033203,4
gh8-01742,-169.530029296875,-14.209785461425781,-169.5296859741211,-14.209613800048828,4
gh8-01743,-169.53311920166016,-14.208927154541016,-169.53277587890625,-14.208755493164062,4
gh8-01744,-169.50016021728516,-14.233474731445312,-169.49981689453125,-14.23330307006836,4
gh8-01745,-169.52899932861328,-14.23553466796875,-169.52865600585938,-14.235363006591797,4
gh8-01746,-169.53277587890625,-14.231414794921875,-169.53243255615234,-14.231243133544922,4
gh8-01747,-169.53277587890625,-14.231586456298828,-169.53243255615234,-14.231414794921875,4
gh8-01748,-169.53346252441406,-14.231758117675781,-169.53311920166016,-14.231586456298828,4
gh8-01749,-169.5358657836914,-14.234504699707031,-169.5355224609375,-14.234333038330078,4
gh8-01750,-169.5362091064453,-14.23501968383789,-169.5358657836914,-14.234848022460938,4
gh8-01751,-169.65911865234375,-14.170475006103516,-169.65877532958984,-14.170303344726562,4
gh8-01752,-169.64778900146484,-14.173049926757812,-169.64744567871094,-14.17287826538086,4
gh8-01753,-169.7003173828125,-14.18008804321289,-169.6999740600586,-14.179916381835938,4
gh8-01754,-169.49844360351562,-14.29098129272461,-169.49810028076172,-14.290809631347656,4
gh8-01755,-169.49844360351562,-14.291152954101562,-169.49810028076172,-14.29098129272461,4
gh8-01756,-169.49844360351562,-14.291667938232422,-169.49810028076172,-14.291496276855469,4
gh8-01757,-169.49878692626953,-14.291667938232422,-169.49844360351562,-14.291496276855469,4
gh8-01758,-170.00141143798828,-14.496803283691406,-170.00106811523438,-14.496631622314453,4
gh8-01759,-170.00141143798828,-14.497833251953125,-170.00106811523438,-14.497661590576172,4
gh8-01760,-170.0027847290039,-14.49920654296875,-170.00244140625,-14.499034881591797,4
gh8-01761,-170.00450134277344,-14.502296447753906,-170.00415802001953,-14.502124786376953,4
gh8-01762,-170.00484466552734,-14.502983093261719,-170.00450134277344,-14.502811431884766,4
gh8-01763,-170.00553131103516,-14.504013061523438,-170.00518798828125,-14.503841400146484,4
gh8-01764,-170.00003814697266,-15,-169.99969482421875,-14.999942779541016,4
gh8-01765,-170.32894134521484,-14.338531494140625,-170.32859802246094,-14.338359832763672,4
gh8-01766,-170.32825469970703,-14.341964721679688,-170.32791137695312,-14.341793060302734,4
gh8-01767,-170.32791137695312,-14.344196319580078,-170.32756805419922,-14.344024658203125,4
gh8-01768,-170.32825469970703,-14.345741271972656,-170.32791137695312,-14.345569610595703,4
gh8-01769,-170.32825469970703,-14.346942901611328,-170.32791137695312,-14.346771240234375,4
gh8-01770,-170.32791137695312,-14.349861145019531,-170.32756805419922,-14.349689483642578,4
gh8-01771,-170.66814422607422,-14.129447937011719,-170.6678009033203,-14.129276275634766,4
gh8-01772,-170.54763793945312,-14.235363006591797,-170.54729461669922,-14.235191345214844,4
gh8-01773,-170.6502914428711,-14.21682357788086,-170.6499481201172,-14.216651916503906,4
gh8-01774,-170.7326889038086,-14.20257568359375,-170.7323455810547,-14.202404022216797,4
gh8-01775,-170.7333755493164,-14.20206069946289,-170.7330322265625,-14.201889038085938,4
gh8-01776,-170.562744140625,-14.28548812866211,-170.5624008178711,-14.285316467285156,4
gh8-01777,-170.6832504272461,-14.267120361328125,-170.6829071044922,-14.266948699951172,4
gh8-01778,-170.66539764404297,-14.278278350830078,-170.66505432128906,-14.278106689453125,4
gh8-01779,-170.68153381347656,-14.277935028076172,-170.68119049072266,-14.277763366699219,4
gh8-01780,-170.68050384521484,-14.292011260986328,-170.68016052246094,-14.291839599609375,4
gh8-01781,-170.6832504272461,-14.300079345703125,-170.6829071044922,-14.299907684326172,4
gh8-01782,-170.66539764404297,-14.329261779785156,-170.66505432128906,-14.329090118408203,4
gh8-01783,-170.66574096679688,-14.329776763916016,-170.66539764404297,-14.329605102539062,4
gh8-01784,-170.6667709350586,-14.333381652832031,-170.6664276123047,-14.333209991455078,4
gh8-01785,-170.7000732421875,-14.267120361328125,-170.6997299194336,-14.266948699951172,4
gh8-01786,-170.7282257080078,-14.276905059814453,-170.7278823852539,-14.2767333984375,4
gh8-01787,-170.7330322265625,-14.286518096923828,-170.7326889038086,-14.286346435546875,4
gh8-01788,-170.7501983642578,-14.333038330078125,-170.7498550415039,-14.332866668701172,4
gh8-01789,-170.7501983642578,-14.366168975830078,-170.7498550415039,-14.365997314453125,4
gh8-01790,-170.7598114013672,-14.374408721923828,-170.75946807861328,-14.374237060546875,4
gh8-01791,-170.76358795166016,-14.377155303955078,-170.76324462890625,-14.376983642578125,4
gh8-01792,-170.76427459716797,-14.378528594970703,-170.76393127441406,-14.37835693359375,4
gh8-01793,-170.7656478881836,-14.378528594970703,-170.7653045654297,-14.37835693359375,4
gh8-01794,-170.78006744384766,-14.330120086669922,-170.77972412109375,-14.329948425292969,4
gh8-01795,-170.7886505126953,-14.342994689941406,-170.7883071899414,-14.342823028564453,4
gh8-01796,-170.80890655517578,-14.327030181884766,-170.80856323242188,-14.326858520507812,4
gh8-01797,-170.77354431152344,-14.37612533569336,-170.77320098876953,-14.375953674316406,4
gh8-01798,-170.77354431152344,-14.376640319824219,-170.77320098876953,-14.376468658447266,4
gh8-01799,-170.77285766601562,-14.377498626708984,-170.77251434326172,-14.377326965332031,4
gh8-01800,-170.77320098876953,-14.37784194946289,-170.77285766601562,-14.377670288085938,4
gh8-01801,-170.73955535888672,-14.845619201660156,-170.7392120361328,-14.845447540283203,4
gh8-01802,-170.74024200439453,-14.845962524414062,-170.73989868164062,-14.84579086303711,4
gh8-01803,-170.74058532714844,-14.845962524414062,-170.74024200439453,-14.84579086303711,4
gh8-01804,-170.74298858642578,-14.846305847167969,-170.74264526367188,-14.846134185791016,4
gh8-01805,-170.7443618774414,-14.846820831298828,-170.7440185546875,-14.846649169921875,4
gh8-01806,-170.74642181396484,-14.84750747680664,-170.74607849121094,-14.847335815429688,4
gh8-01807,-170.74676513671875,-14.847679138183594,-170.74642181396484,-14.84750747680664,4
gh8-01808,-170.10475158691406,-14.058036804199219,-170.10440826416016,-14.057865142822266,3
gh8-01809,-170.10475158691406,-14.058208465576172,-170.10440826416016,-14.058036804199219,3
gh8-01810,-170.10543823242188,-14.058380126953125,-170.10509490966797,-14.058208465576172,3
gh8-01811,-170.1061248779297,-14.058551788330078,-170.10578155517578,-14.058380126953125,3
gh8-01812,-170.1068115234375,-14.060096740722656,-170.1064682006836,-14.059925079345703,3
gh8-01813,-170.1074981689453,-14.061126708984375,-170.1071548461914,-14.060955047607422,3
gh8-01814,-169.05075073242188,-14.193305969238281,-169.05040740966797,-14.193134307861328,3
gh8-01815,-169.04903411865234,-14.19656753540039,-169.04869079589844,-14.196395874023438,3
gh8-01816,-169.04903411865234,-14.198112487792969,-169.04869079589844,-14.197940826416016,3
gh8-01817,-169.04972076416016,-14.20034408569336,-169.04937744140625,-14.200172424316406,3
gh8-01818,-169.046630859375,-14.21030044555664,-169.0462875366211,-14.210128784179688,3
gh8-01819,-169.046630859375,-14.210472106933594,-169.0462875366211,-14.21030044555664,3
gh8-01820,-169.046630859375,-14.210643768310547,-169.0462875366211,-14.210472106933594,3
gh8-01821,-169.046630859375,-14.211502075195312,-169.0462875366211,-14.21133041381836,3
gh8-01822,-169.0459442138672,-14.211845397949219,-169.04560089111328,-14.211673736572266,3
gh8-01823,-169.04834747314453,-14.206180572509766,-169.04800415039062,-14.206008911132812,3
gh8-01824,-169.0469741821289,-14.211502075195312,-169.046630859375,-14.21133041381836,3
gh8-01825,-169.0473175048828,-14.212360382080078,-169.0469741821289,-14.212188720703125,3
gh8-01826,-169.06070709228516,-14.2108154296875,-169.06036376953125,-14.210643768310547,3
gh8-01827,-169.06070709228516,-14.210987091064453,-169.06036376953125,-14.2108154296875,3
gh8-01828,-169.06139373779297,-14.211673736572266,-169.06105041503906,-14.211502075195312,3
gh8-01829,-169.06173706054688,-14.212017059326172,-169.06139373779297,-14.211845397949219,3
gh8-01830,-169.06173706054688,-14.212703704833984,-169.06139373779297,-14.212532043457031,3
gh8-01831,-169.06173706054688,-14.213218688964844,-169.06139373779297,-14.21304702758789,3
gh8-01832,-169.06139373779297,-14.213390350341797,-169.06105041503906,-14.213218688964844,3
gh8-01833,-169.06208038330078,-14.212532043457031,-169.06173706054688,-14.212360382080078,3
gh8-01834,-169.0631103515625,-14.21304702758789,-169.0627670288086,-14.212875366210938,3
gh8-01835,-169.06002044677734,-14.214420318603516,-169.05967712402344,-14.214248657226562,3
gh8-01836,-169.05967712402344,-14.215450286865234,-169.05933380126953,-14.215278625488281,3
gh8-01837,-169.06139373779297,-14.213733673095703,-169.06105041503906,-14.21356201171875,3
gh8-01838,-169.06139373779297,-14.21407699584961,-169.06105041503906,-14.213905334472656,3
gh8-01839,-169.06070709228516,-14.214591979980469,-169.06036376953125,-14.214420318603516,3
gh8-01840,-169.0624237060547,-14.21407699584961,-169.06208038330078,-14.213905334472656,3
gh8-01841,-169.0624237060547,-14.214248657226562,-169.06208038330078,-14.21407699584961,3
gh8-01842,-169.0627670288086,-14.214591979980469,-169.0624237060547,-14.214420318603516,3
gh8-01843,-169.06139373779297,-14.215278625488281,-169.06105041503906,-14.215106964111328,3
gh8-01844,-169.06173706054688,-14.215621948242188,-169.06139373779297,-14.215450286865234,3
gh8-01845,-169.06173706054688,-14.21579360961914,-169.06139373779297,-14.215621948242188,3
gh8-01846,-169.06173706054688,-14.216136932373047,-169.06139373779297,-14.215965270996094,3
gh8-01847,-169.06208038330078,-14.216136932373047,-169.06173706054688,-14.215965270996094,3
gh8-01848,-169.06517028808594,-14.211845397949219,-169.06482696533203,-14.211673736572266,3
gh8-01849,-169.06517028808594,-14.212017059326172,-169.06482696533203,-14.211845397949219,3
gh8-01850,-169.0637969970703,-14.213905334472656,-169.0634536743164,-14.213733673095703,3
gh8-01851,-169.07032012939453,-14.219741821289062,-169.06997680664062,-14.21957015991211,3
gh8-01852,-169.07238006591797,-14.220085144042969,-169.07203674316406,-14.219913482666016,3
gh8-01853,-169.42153930664062,-14.242229461669922,-169.42119598388672,-14.242057800292969,3
gh8-01854,-169.5307159423828,-14.193477630615234,-169.5303726196289,-14.193305969238281,3
gh8-01855,-169.5307159423828,-14.193649291992188,-169.5303726196289,-14.193477630615234,3
gh8-01856,-169.53105926513672,-14.193477630615234,-169.5307159423828,-14.193305969238281,3
gh8-01857,-169.50702667236328,-14.210987091064453,-169.50668334960938,-14.2108154296875,3
gh8-01858,-169.52865600585938,-14.195537567138672,-169.52831268310547,-14.195365905761719,3
gh8-01859,-169.52865600585938,-14.195709228515625,-169.52831268310547,-14.195537567138672,3
gh8-01860,-169.52831268310547,-14.196224212646484,-169.52796936035156,-14.196052551269531,3
gh8-01861,-169.52796936035156,-14.196910858154297,-169.52762603759766,-14.196739196777344,3
gh8-01862,-169.52796936035156,-14.19708251953125,-169.52762603759766,-14.196910858154297,3
gh8-01863,-169.52796936035156,-14.197254180908203,-169.52762603759766,-14.19708251953125,3
gh8-01864,-169.52796936035156,-14.197940826416016,-169.52762603759766,-14.197769165039062,3
gh8-01865,-169.52865600585938,-14.1998291015625,-169.52831268310547,-14.199657440185547,3
gh8-01866,-169.52899932861328,-14.200515747070312,-169.52865600585938,-14.20034408569336,3
gh8-01867,-169.5293426513672,-14.201030731201172,-169.52899932861328,-14.200859069824219,3
gh8-01868,-169.5296859741211,-14.201374053955078,-169.5293426513672,-14.201202392578125,3
gh8-01869,-169.530029296875,-14.202404022216797,-169.5296859741211,-14.202232360839844,3
gh8-01870,-169.530029296875,-14.202747344970703,-169.5296859741211,-14.20257568359375,3
gh8-01871,-169.5303726196289,-14.203605651855469,-169.530029296875,-14.203433990478516,3
gh8-01872,-169.5303726196289,-14.204120635986328,-169.530029296875,-14.203948974609375,3
gh8-01873,-169.52899932861328,-14.20583724975586,-169.52865600585938,-14.205665588378906,3
gh8-01874,-169.52899932861328,-14.207897186279297,-169.52865600585938,-14.207725524902344,3
gh8-01875,-169.5307159423828,-14.20858383178711,-169.5303726196289,-14.208412170410156,3
gh8-01876,-169.53208923339844,-14.208412170410156,-169.53174591064453,-14.208240509033203,3
gh8-01877,-169.53243255615234,-14.209442138671875,-169.53208923339844,-14.209270477294922,3
gh8-01878,-169.53449249267578,-14.210643768310547,-169.53414916992188,-14.210472106933594,3
gh8-01879,-169.52899932861328,-14.234848022460938,-169.52865600585938,-14.234676361083984,3
gh8-01880,-169.53346252441406,-14.232444763183594,-169.53311920166016,-14.23227310180664,3
gh8-01881,-169.5351791381836,-14.233989715576172,-169.5348358154297,-14.233818054199219,3
gh8-01882,-169.58358764648438,-14.21682357788086,-169.58324432373047,-14.216651916503906,3
gh8-01883,-169.65190887451172,-14.176654815673828,-169.6515655517578,-14.176483154296875,3
gh8-01884,-169.65225219726562,-14.17734146118164,-169.65190887451172,-14.177169799804688,3
gh8-01885,-169.65225219726562,-14.179229736328125,-169.65190887451172,-14.179058074951172,3
gh8-01886,-169.68109130859375,-14.182662963867188,-169.68074798583984,-14.182491302490234,3
gh8-01887,-169.7003173828125,-14.190044403076172,-169.6999740600586,-14.189872741699219,3
gh8-01888,-169.53105926513672,-14.242572784423828,-169.5307159423828,-14.242401123046875,3
gh8-01889,-169.49844360351562,-14.291324615478516,-169.49810028076172,-14.291152954101562,3
gh8-01890,-169.49947357177734,-14.292869567871094,-169.49913024902344,-14.29269790649414,3
gh8-01891,-169.49947357177734,-14.293041229248047,-169.49913024902344,-14.292869567871094,3
gh8-01892,-169.49981689453125,-14.293041229248047,-169.49947357177734,-14.292869567871094,3
gh8-01893,-169.50016021728516,-14.293212890625,-169.49981689453125,-14.293041229248047,3
gh8-01894,-169.49981689453125,-14.293556213378906,-169.49947357177734,-14.293384552001953,3
gh8-01895,-169.49913024902344,-14.294757843017578,-169.49878692626953,-14.294586181640625,3
gh8-01896,-169.50016021728516,-14.29372787475586,-169.49981689453125,-14.293556213378906,3
gh8-01897,-170.00038146972656,-14.494743347167969,-170.00003814697266,-14.494571685791016,3
gh8-01898,-170.00106811523438,-14.495429992675781,-170.00072479248047,-14.495258331298828,3
gh8-01899,-170.00415802001953,-14.50143814086914,-170.00381469726562,-14.501266479492188,3
gh8-01900,-170.00450134277344,-14.501609802246094,-170.00415802001953,-14.50143814086914,3
gh8-01901,-170.00518798828125,-14.504013061523438,-170.00484466552734,-14.503841400146484,3
gh8-01902,-170.00553131103516,-14.504528045654297,-170.00518798828125,-14.504356384277344,3
gh8-01903,-170.0075912475586,-14.505386352539062,-170.0072479248047,-14.50521469116211,3
gh8-01904,-170.0082778930664,-14.505729675292969,-170.0079345703125,-14.505558013916016,3
gh8-01905,-170.32962799072266,-14.336128234863281,-170.32928466796875,-14.335956573486328,3
gh8-01906,-170.32962799072266,-14.336471557617188,-170.32928466796875,-14.336299896240234,3
gh8-01907,-170.32928466796875,-14.337844848632812,-170.32894134521484,-14.33767318725586,3
gh8-01908,-170.32859802246094,-14.339561462402344,-170.32825469970703,-14.33938980102539,3
gh8-01909,-170.32825469970703,-14.34213638305664,-170.32791137695312,-14.341964721679688,3
gh8-01910,-170.32825469970703,-14.3426513671875,-170.32791137695312,-14.342479705810547,3
gh8-01911,-170.3265380859375,-14.351921081542969,-170.3261947631836,-14.351749420166016,3
gh8-01912,-170.3265380859375,-14.352779388427734,-170.3261947631836,-14.352607727050781,3
gh8-01913,-170.32825469970703,-14.349517822265625,-170.32791137695312,-14.349346160888672,3
gh8-01914,-170.3272247314453,-14.350547790527344,-170.3268814086914,-14.35037612915039,3
gh8-01915,-170.3258514404297,-14.353981018066406,-170.32550811767578,-14.353809356689453,3
gh8-01916,-170.32550811767578,-14.354496002197266,-170.32516479492188,-14.354324340820312,3
gh8-01917,-170.67913055419922,-14.115886688232422,-170.6787872314453,-14.115715026855469,3
gh8-01918,-170.73406219482422,-14.201545715332031,-170.7337188720703,-14.201374053955078,3
gh8-01919,-170.7337188720703,-14.20206069946289,-170.7333755493164,-14.201889038085938,3
gh8-01920,-170.7333755493164,-14.202404022216797,-170.7330322265625,-14.202232360839844,3
gh8-01921,-170.7501983642578,-14.198970794677734,-170.7498550415039,-14.198799133300781,3
gh8-01922,-170.58025360107422,-14.250125885009766,-170.5799102783203,-14.249954223632812,3
gh8-01923,-170.63724517822266,-14.280853271484375,-170.63690185546875,-14.280681610107422,3
gh8-01924,-170.6612777709961,-14.245319366455078,-170.6609344482422,-14.245147705078125,3
gh8-01925,-170.68016052246094,-14.275016784667969,-170.67981719970703,-14.274845123291016,3
gh8-01926,-170.68153381347656,-14.277763366699219,-170.68119049072266,-14.277591705322266,3
gh8-01927,-170.68187713623047,-14.277763366699219,-170.68153381347656,-14.277591705322266,3
gh8-01928,-170.67020416259766,-14.290294647216797,-170.66986083984375,-14.290122985839844,3
gh8-01929,-170.67123413085938,-14.291152954101562,-170.67089080810547,-14.29098129272461,3
gh8-01930,-170.68084716796875,-14.28274154663086,-170.68050384521484,-14.282569885253906,3
gh8-01931,-170.68256378173828,-14.282913208007812,-170.68222045898438,-14.28274154663086,3
gh8-01932,-170.6787872314453,-14.290637969970703,-170.6784439086914,-14.29046630859375,3
gh8-01933,-170.6774139404297,-14.297676086425781,-170.67707061767578,-14.297504425048828,3
gh8-01934,-170.6774139404297,-14.297847747802734,-170.67707061767578,-14.297676086425781,3
gh8-01935,-170.6774139404297,-14.29819107055664,-170.67707061767578,-14.298019409179688,3
gh8-01936,-170.6561279296875,-14.312782287597656,-170.6557846069336,-14.312610626220703,3
gh8-01937,-170.64685821533203,-14.321880340576172,-170.64651489257812,-14.321708679199219,3
gh8-01938,-170.64754486083984,-14.322738647460938,-170.64720153808594,-14.322566986083984,3
gh8-01939,-170.64720153808594,-14.324626922607422,-170.64685821533203,-14.324455261230469,3
gh8-01940,-170.64720153808594,-14.324798583984375,-170.64685821533203,-14.324626922607422,3
gh8-01941,-170.65750122070312,-14.323596954345703,-170.65715789794922,-14.32342529296875,3
gh8-01942,-170.66059112548828,-14.324798583984375,-170.66024780273438,-14.324626922607422,3
gh8-01943,-170.66059112548828,-14.328060150146484,-170.66024780273438,-14.327888488769531,3
gh8-01944,-170.66265106201172,-14.329261779785156,-170.6623077392578,-14.329090118408203,3
gh8-01945,-170.66574096679688,-14.329090118408203,-170.66539764404297,-14.32891845703125,3
gh8-01946,-170.6667709350586,-14.329090118408203,-170.6664276123047,-14.32891845703125,3
gh8-01947,-170.66608428955078,-14.330463409423828,-170.66574096679688,-14.330291748046875,3
gh8-01948,-170.67432403564453,-14.33115005493164,-170.67398071289062,-14.330978393554688,3
gh8-01949,-170.6894302368164,-14.252185821533203,-170.6890869140625,-14.25201416015625,3
gh8-01950,-170.69286346435547,-14.275188446044922,-170.69252014160156,-14.275016784667969,3
gh8-01951,-170.69046020507812,-14.276905059814453,-170.69011688232422,-14.2767333984375,3
gh8-01952,-170.71517944335938,-14.264202117919922,-170.71483612060547,-14.264030456542969,3
gh8-01953,-170.6839370727539,-14.291324615478516,-170.68359375,-14.291152954101562,3
gh8-01954,-170.72307586669922,-14.283599853515625,-170.7227325439453,-14.283428192138672,3
gh8-01955,-170.68702697753906,-14.311752319335938,-170.68668365478516,-14.311580657958984,3
gh8-01956,-170.84461212158203,-14.277935028076172,-170.84426879882812,-14.277763366699219,3
gh8-01957,-170.81130981445312,-14.297847747802734,-170.81096649169922,-14.297676086425781,3
gh8-01958,-170.74951171875,-14.365825653076172,-170.7491683959961,-14.365653991699219,3
gh8-01959,-170.7498550415039,-14.362735748291016,-170.74951171875,-14.362564086914062,3
gh8-01960,-170.76324462890625,-14.370803833007812,-170.76290130615234,-14.37063217163086,3
gh8-01961,-170.76290130615234,-14.371833801269531,-170.76255798339844,-14.371662139892578,3
gh8-01962,-170.76393127441406,-14.370288848876953,-170.76358795166016,-14.3701171875,3
gh8-01963,-170.76290130615234,-14.373035430908203,-170.76255798339844,-14.37286376953125,3
gh8-01964,-170.771484375,-14.37234878540039,-170.7711410522461,-14.372177124023438,3
gh8-01965,-170.80032348632812,-14.366683959960938,-170.79998016357422,-14.366512298583984,3
gh8-01966,-170.7718276977539,-14.37234878540039,-170.771484375,-14.372177124023438,3
gh8-01967,-170.77320098876953,-14.374923706054688,-170.77285766601562,-14.374752044677734,3
gh8-01968,-170.77251434326172,-14.377326965332031,-170.7721710205078,-14.377155303955078,3
gh8-01969,-170.77320098876953,-14.377326965332031,-170.77285766601562,-14.377155303955078,3
gh8-01970,-170.50025939941406,-14.500064849853516,-170.49991607666016,-14.499893188476562,3
gh8-01971,-170.74127197265625,-14.846134185791016,-170.74092864990234,-14.845962524414062,3
gh8-01972,-170.7436752319336,-14.846477508544922,-170.7433319091797,-14.846305847167969,3
gh8-01973,-170.74745178222656,-14.8480224609375,-170.74710845947266,-14.847850799560547,3
gh8-01974,-171,-15,-170.99979400634766,-14.999942779541016,3
gh8-01975,-169.6900177001953,-14.010143280029297,-169.6896743774414,-14.009971618652344,2
gh8-01976,-169.68006134033203,-14.020099639892578,-169.67971801757812,-14.019927978515625,2
gh8-01977,-170.10372161865234,-14.056663513183594,-170.10337829589844,-14.05649185180664,2
gh8-01978,-170.10406494140625,-14.057350158691406,-170.10372161865234,-14.057178497314453,2
gh8-01979,-170.1068115234375,-14.05975341796875,-170.1064682006836,-14.059581756591797,2
gh8-01980,-170.1074981689453,-14.060955047607422,-170.1071548461914,-14.060783386230469,2
gh8-01981,-169.04937744140625,-14.198112487792969,-169.04903411865234,-14.197940826416016,2
gh8-01982,-169.04937744140625,-14.199657440185547,-169.04903411865234,-14.199485778808594,2
gh8-01983,-169.04972076416016,-14.200000762939453,-169.04937744140625,-14.1998291015625,2
gh8-01984,-169.05006408691406,-14.202919006347656,-169.04972076416016,-14.202747344970703,2
gh8-01985,-169.04457092285156,-14.210128784179688,-169.04422760009766,-14.209957122802734,2
gh8-01986,-169.04491424560547,-14.209957122802734,-169.04457092285156,-14.209785461425781,2
gh8-01987,-169.04422760009766,-14.21030044555664,-169.04388427734375,-14.210128784179688,2
gh8-01988,-169.0462875366211,-14.209785461425781,-169.0459442138672,-14.209613800048828,2
gh8-01989,-169.046630859375,-14.210128784179688,-169.0462875366211,-14.209957122802734,2
gh8-01990,-169.04560089111328,-14.211845397949219,-169.04525756835938,-14.211673736572266,2
gh8-01991,-169.0459442138672,-14.212188720703125,-169.04560089111328,-14.212017059326172,2
gh8-01992,-169.04800415039062,-14.206180572509766,-169.04766082763672,-14.206008911132812,2
gh8-01993,-169.04766082763672,-14.213218688964844,-169.0473175048828,-14.21304702758789,2
gh8-01994,-169.04937744140625,-14.224205017089844,-169.04903411865234,-14.22403335571289,2
gh8-01995,-169.05864715576172,-14.210472106933594,-169.0583038330078,-14.21030044555664,2
gh8-01996,-169.06036376953125,-14.2108154296875,-169.06002044677734,-14.210643768310547,2
gh8-01997,-169.06105041503906,-14.21133041381836,-169.06070709228516,-14.211158752441406,2
gh8-01998,-169.06139373779297,-14.211502075195312,-169.06105041503906,-14.21133041381836,2
gh8-01999,-169.06173706054688,-14.212188720703125,-169.06139373779297,-14.212017059326172,2
gh8-02000,-169.06173706054688,-14.21304702758789,-169.06139373779297,-14.212875366210938,2
gh8-02001,-169.06173706054688,-14.213390350341797,-169.06139373779297,-14.213218688964844,2
gh8-02002,-169.0631103515625,-14.212875366210938,-169.0627670288086,-14.212703704833984,2
gh8-02003,-169.05899047851562,-14.214420318603516,-169.05864715576172,-14.214248657226562,2
gh8-02004,-169.05899047851562,-14.214763641357422,-169.05864715576172,-14.214591979980469,2
gh8-02005,-169.05933380126953,-14.214591979980469,-169.05899047851562,-14.214420318603516,2
gh8-02006,-169.06036376953125,-14.214591979980469,-169.06002044677734,-14.214420318603516,2
gh8-02007,-169.06036376953125,-14.215278625488281,-169.06002044677734,-14.215106964111328,2
gh8-02008,-169.05967712402344,-14.21630859375,-169.05933380126953,-14.216136932373047,2
gh8-02009,-169.06173706054688,-14.214248657226562,-169.06139373779297,-14.21407699584961,2
gh8-02010,-169.06105041503906,-14.214591979980469,-169.06070709228516,-14.214420318603516,2
gh8-02011,-169.06173706054688,-14.214420318603516,-169.06139373779297,-14.214248657226562,2
gh8-02012,-169.0624237060547,-14.214420318603516,-169.06208038330078,-14.214248657226562,2
gh8-02013,-169.0631103515625,-14.214591979980469,-169.0627670288086,-14.214420318603516,2
gh8-02014,-169.0631103515625,-14.214763641357422,-169.0627670288086,-14.214591979980469,2
gh8-02015,-169.06173706054688,-14.215106964111328,-169.06139373779297,-14.214935302734375,2
gh8-02016,-169.06105041503906,-14.215965270996094,-169.06070709228516,-14.21579360961914,2
gh8-02017,-169.06517028808594,-14.212188720703125,-169.06482696533203,-14.212017059326172,2
gh8-02018,-169.06551361083984,-14.211673736572266,-169.06517028808594,-14.211502075195312,2
gh8-02019,-169.06448364257812,-14.212360382080078,-169.06414031982422,-14.212188720703125,2
gh8-02020,-169.0634536743164,-14.213390350341797,-169.0631103515625,-14.213218688964844,2
gh8-02021,-169.0634536743164,-14.21356201171875,-169.0631103515625,-14.213390350341797,2
gh8-02022,-169.06482696533203,-14.212360382080078,-169.06448364257812,-14.212188720703125,2
gh8-02023,-169.0634536743164,-14.213733673095703,-169.0631103515625,-14.21356201171875,2
gh8-02024,-169.05967712402344,-14.223175048828125,-169.05933380126953,-14.223003387451172,2
gh8-02025,-169.06002044677734,-14.222831726074219,-169.05967712402344,-14.222660064697266,2
gh8-02026,-169.06208038330078,-14.222831726074219,-169.06173706054688,-14.222660064697266,2
gh8-02027,-169.06208038330078,-14.223003387451172,-169.06173706054688,-14.222831726074219,2
gh8-02028,-169.06139373779297,-14.223346710205078,-169.06105041503906,-14.223175048828125,2
gh8-02029,-169.07238006591797,-14.219741821289062,-169.07203674316406,-14.21957015991211,2
gh8-02030,-169.07752990722656,-14.220428466796875,-169.07718658447266,-14.220256805419922,2
gh8-02031,-169.07752990722656,-14.220600128173828,-169.07718658447266,-14.220428466796875,2
gh8-02032,-169.07787322998047,-14.220600128173828,-169.07752990722656,-14.220428466796875,2
gh8-02033,-169.07787322998047,-14.220771789550781,-169.07752990722656,-14.220600128173828,2
gh8-02034,-169.0792465209961,-14.22128677368164,-169.0789031982422,-14.221115112304688,2
gh8-02035,-169.08233642578125,-14.221630096435547,-169.08199310302734,-14.221458435058594,2
gh8-02036,-169.09984588623047,-14.217166900634766,-169.09950256347656,-14.216995239257812,2
gh8-02037,-169.1019058227539,-14.220428466796875,-169.1015625,-14.220256805419922,2
gh8-02038,-169.10293579101562,-14.220428466796875,-169.10259246826172,-14.220256805419922,2
gh8-02039,-169.49810028076172,-14.143695831298828,-169.4977569580078,-14.143524169921875,2
gh8-02040,-169.5293426513672,-14.19485092163086,-169.52899932861328,-14.194679260253906,2
gh8-02041,-169.5296859741211,-14.194507598876953,-169.5293426513672,-14.1943359375,2
gh8-02042,-169.52899932861328,-14.195537567138672,-169.52865600585938,-14.195365905761719,2
gh8-02043,-169.52831268310547,-14.195880889892578,-169.52796936035156,-14.195709228515625,2
gh8-02044,-169.52796936035156,-14.197425842285156,-169.52762603759766,-14.197254180908203,2
gh8-02045,-169.52762603759766,-14.197769165039062,-169.52728271484375,-14.19759750366211,2
gh8-02046,-169.52796936035156,-14.19759750366211,-169.52762603759766,-14.197425842285156,2
gh8-02047,-169.52831268310547,-14.19931411743164,-169.52796936035156,-14.199142456054688,2
gh8-02048,-169.52899932861328,-14.20034408569336,-169.52865600585938,-14.200172424316406,2
gh8-02049,-169.530029296875,-14.201717376708984,-169.5296859741211,-14.201545715332031,2
gh8-02050,-169.530029296875,-14.202232360839844,-169.5296859741211,-14.20206069946289,2
gh8-02051,-169.530029296875,-14.20257568359375,-169.5296859741211,-14.202404022216797,2
gh8-02052,-169.530029296875,-14.20309066772461,-169.5296859741211,-14.202919006347656,2
gh8-02053,-169.530029296875,-14.204463958740234,-169.5296859741211,-14.204292297363281,2
gh8-02054,-169.5303726196289,-14.203948974609375,-169.530029296875,-14.203777313232422,2
gh8-02055,-169.52865600585938,-14.206695556640625,-169.52831268310547,-14.206523895263672,2
gh8-02056,-169.530029296875,-14.208755493164062,-169.5296859741211,-14.20858383178711,2
gh8-02057,-169.530029296875,-14.208927154541016,-169.5296859741211,-14.208755493164062,2
gh8-02058,-169.53174591064453,-14.208412170410156,-169.53140258789062,-14.208240509033203,2
gh8-02059,-169.53243255615234,-14.208412170410156,-169.53208923339844,-14.208240509033203,2
gh8-02060,-169.53346252441406,-14.209442138671875,-169.53311920166016,-14.209270477294922,2
gh8-02061,-169.52899932861328,-14.233818054199219,-169.52865600585938,-14.233646392822266,2
gh8-02062,-169.52899932861328,-14.234504699707031,-169.52865600585938,-14.234333038330078,2
gh8-02063,-169.53277587890625,-14.231758117675781,-169.53243255615234,-14.231586456298828,2
gh8-02064,-169.53346252441406,-14.231929779052734,-169.53311920166016,-14.231758117675781,2
gh8-02065,-169.53449249267578,-14.23330307006836,-169.53414916992188,-14.233131408691406,2
gh8-02066,-169.5351791381836,-14.234161376953125,-169.5348358154297,-14.233989715576172,2
gh8-02067,-169.5358657836914,-14.234676361083984,-169.5355224609375,-14.234504699707031,2
gh8-02068,-169.53655242919922,-14.235363006591797,-169.5362091064453,-14.235191345214844,2
gh8-02069,-169.53655242919922,-14.235706329345703,-169.5362091064453,-14.23553466796875,2
gh8-02070,-169.53723907470703,-14.23604965209961,-169.53689575195312,-14.235877990722656,2
gh8-02071,-169.53758239746094,-14.236392974853516,-169.53723907470703,-14.236221313476562,2
gh8-02072,-169.53964233398438,-14.23776626586914,-169.53929901123047,-14.237594604492188,2
gh8-02073,-169.61688995361328,-14.183349609375,-169.61654663085938,-14.183177947998047,2
gh8-02074,-169.6515655517578,-14.176998138427734,-169.6512222290039,-14.176826477050781,2
gh8-02075,-169.65225219726562,-14.177169799804688,-169.65190887451172,-14.176998138427734,2
gh8-02076,-169.65225219726562,-14.177684783935547,-169.65190887451172,-14.177513122558594,2
gh8-02077,-169.66632843017578,-14.184379577636719,-169.66598510742188,-14.184207916259766,2
gh8-02078,-169.68109130859375,-14.16910171508789,-169.68074798583984,-14.168930053710938,2
gh8-02079,-169.6790313720703,-14.17184829711914,-169.6786880493164,-14.171676635742188,2
gh8-02080,-169.5296859741211,-14.23879623413086,-169.5293426513672,-14.238624572753906,2
gh8-02081,-169.5296859741211,-14.238967895507812,-169.5293426513672,-14.23879623413086,2
gh8-02082,-169.5296859741211,-14.239482879638672,-169.5293426513672,-14.239311218261719,2
gh8-02083,-169.5296859741211,-14.24051284790039,-169.5293426513672,-14.240341186523438,2
gh8-02084,-169.5307159423828,-14.241714477539062,-169.5303726196289,-14.24154281616211,2
gh8-02085,-169.53105926513672,-14.241886138916016,-169.5307159423828,-14.241714477539062,2
gh8-02086,-169.53208923339844,-14.246177673339844,-169.53174591064453,-14.24600601196289,2
gh8-02087,-169.53277587890625,-14.248065948486328,-169.53243255615234,-14.247894287109375,2
gh8-02088,-169.49878692626953,-14.291839599609375,-169.49844360351562,-14.291667938232422,2
gh8-02089,-169.49913024902344,-14.294586181640625,-169.49878692626953,-14.294414520263672,2
gh8-02090,-169.49947357177734,-14.294242858886719,-169.49913024902344,-14.294071197509766,2
gh8-02091,-170.0017547607422,-14.49869155883789,-170.00141143798828,-14.498519897460938,2
gh8-02092,-170.00450134277344,-14.500923156738281,-170.00415802001953,-14.500751495361328,2
gh8-02093,-170.00450134277344,-14.501781463623047,-170.00415802001953,-14.501609802246094,2
gh8-02094,-170.10028839111328,-14.500064849853516,-170.09994506835938,-14.499893188476562,2
gh8-02095,-170.00450134277344,-14.502124786376953,-170.00415802001953,-14.501953125,2
gh8-02096,-170.00450134277344,-14.502811431884766,-170.00415802001953,-14.502639770507812,2
gh8-02097,-170.00484466552734,-14.503154754638672,-170.00450134277344,-14.502983093261719,2
gh8-02098,-170.00587463378906,-14.50469970703125,-170.00553131103516,-14.504528045654297,2
gh8-02099,-170.00621795654297,-14.504871368408203,-170.00587463378906,-14.50469970703125,2
gh8-02100,-170.00656127929688,-14.505043029785156,-170.00621795654297,-14.504871368408203,2
gh8-02101,-170.00656127929688,-14.50521469116211,-170.00621795654297,-14.505043029785156,2
gh8-02102,-170.0072479248047,-14.50521469116211,-170.00690460205078,-14.505043029785156,2
gh8-02103,-170.0079345703125,-14.505729675292969,-170.0075912475586,-14.505558013916016,2
gh8-02104,-170.07007598876953,-14.530105590820312,-170.06973266601562,-14.52993392944336,2
gh8-02105,-170.2503204345703,-14.120006561279297,-170.2499771118164,-14.119834899902344,2
gh8-02106,-170.33031463623047,-14.336299896240234,-170.32997131347656,-14.336128234863281,2
gh8-02107,-170.32894134521484,-14.337844848632812,-170.32859802246094,-14.33767318725586,2
gh8-02108,-170.32894134521484,-14.338703155517578,-170.32859802246094,-14.338531494140625,2
gh8-02109,-170.32825469970703,-14.33990478515625,-170.32791137695312,-14.339733123779297,2
gh8-02110,-170.32825469970703,-14.341449737548828,-170.32791137695312,-14.341278076171875,2
gh8-02111,-170.32791137695312,-14.343681335449219,-170.32756805419922,-14.343509674072266,2
gh8-02112,-170.3265380859375,-14.352092742919922,-170.3261947631836,-14.351921081542969,2
gh8-02113,-170.3265380859375,-14.352951049804688,-170.3261947631836,-14.352779388427734,2
gh8-02114,-170.32756805419922,-14.350204467773438,-170.3272247314453,-14.350032806396484,2
gh8-02115,-170.3268814086914,-14.351577758789062,-170.3265380859375,-14.35140609741211,2
gh8-02116,-170.32550811767578,-14.354324340820312,-170.32516479492188,-14.35415267944336,2
gh8-02117,-170.3258514404297,-14.35415267944336,-170.32550811767578,-14.353981018066406,2
gh8-02118,-170.67020416259766,-14.110050201416016,-170.66986083984375,-14.109878540039062,2
gh8-02119,-170.67123413085938,-14.124469757080078,-170.67089080810547,-14.124298095703125,2
gh8-02120,-170.62591552734375,-14.221115112304688,-170.62557220458984,-14.220943450927734,2
gh8-02121,-170.73028564453125,-14.120006561279297,-170.72994232177734,-14.119834899902344,2
gh8-02122,-170.73509216308594,-14.198627471923828,-170.73474884033203,-14.198455810546875,2
gh8-02123,-170.73406219482422,-14.200515747070312,-170.7337188720703,-14.20034408569336,2
gh8-02124,-170.73440551757812,-14.20034408569336,-170.73406219482422,-14.200172424316406,2
gh8-02125,-170.7388687133789,-14.19656753540039,-170.738525390625,-14.196395874023438,2
gh8-02126,-170.58815002441406,-14.277076721191406,-170.58780670166016,-14.276905059814453,2
gh8-02127,-170.58849334716797,-14.277076721191406,-170.58815002441406,-14.276905059814453,2
gh8-02128,-170.55381774902344,-14.28274154663086,-170.55347442626953,-14.282569885253906,2
gh8-02129,-170.6238555908203,-14.25201416015625,-170.6235122680664,-14.251842498779297,2
gh8-02130,-170.61355590820312,-14.269523620605469,-170.61321258544922,-14.269351959228516,2
gh8-02131,-170.61561584472656,-14.273128509521484,-170.61527252197266,-14.272956848144531,2
gh8-02132,-170.62557220458984,-14.275188446044922,-170.62522888183594,-14.275016784667969,2
gh8-02133,-170.6719207763672,-14.238967895507812,-170.67157745361328,-14.23879623413086,2
gh8-02134,-170.67157745361328,-14.24051284790039,-170.67123413085938,-14.240341186523438,2
gh8-02135,-170.67363739013672,-14.249267578125,-170.6732940673828,-14.249095916748047,2
gh8-02136,-170.6784439086914,-14.244804382324219,-170.6781005859375,-14.244632720947266,2
gh8-02137,-170.6667709350586,-14.270210266113281,-170.6664276123047,-14.270038604736328,2
gh8-02138,-170.6729507446289,-14.269695281982422,-170.672607421875,-14.269523620605469,2
gh8-02139,-170.66608428955078,-14.277076721191406,-170.66574096679688,-14.276905059814453,2
gh8-02140,-170.66574096679688,-14.281196594238281,-170.66539764404297,-14.281024932861328,2
gh8-02141,-170.6678009033203,-14.279823303222656,-170.6674575805664,-14.279651641845703,2
gh8-02142,-170.66574096679688,-14.290122985839844,-170.66539764404297,-14.28995132446289,2
gh8-02143,-170.66436767578125,-14.290809631347656,-170.66402435302734,-14.290637969970703,2
gh8-02144,-170.68153381347656,-14.282398223876953,-170.68119049072266,-14.2822265625,2
gh8-02145,-170.68153381347656,-14.282569885253906,-170.68119049072266,-14.282398223876953,2
gh8-02146,-170.6832504272461,-14.283084869384766,-170.6829071044922,-14.282913208007812,2
gh8-02147,-170.66505432128906,-14.296817779541016,-170.66471099853516,-14.296646118164062,2
gh8-02148,-170.6502914428711,-14.317073822021484,-170.6499481201172,-14.316902160644531,2
gh8-02149,-170.64617156982422,-14.321365356445312,-170.6458282470703,-14.32119369506836,2
gh8-02150,-170.64754486083984,-14.322052001953125,-170.64720153808594,-14.321880340576172,2
gh8-02151,-170.64926147460938,-14.323253631591797,-170.64891815185547,-14.323081970214844,2
gh8-02152,-170.64754486083984,-14.323768615722656,-170.64720153808594,-14.323596954345703,2
gh8-02153,-170.64754486083984,-14.324626922607422,-170.64720153808594,-14.324455261230469,2
gh8-02154,-170.64720153808594,-14.324970245361328,-170.64685821533203,-14.324798583984375,2
gh8-02155,-170.6554412841797,-14.317760467529297,-170.65509796142578,-14.317588806152344,2
gh8-02156,-170.65406799316406,-14.322052001953125,-170.65372467041016,-14.321880340576172,2
gh8-02157,-170.65372467041016,-14.323253631591797,-170.65338134765625,-14.323081970214844,2
gh8-02158,-170.65235137939453,-14.323596954345703,-170.65200805664062,-14.32342529296875,2
gh8-02159,-170.65853118896484,-14.323253631591797,-170.65818786621094,-14.323081970214844,2
gh8-02160,-170.65990447998047,-14.324283599853516,-170.65956115722656,-14.324111938476562,2
gh8-02161,-170.66024780273438,-14.327373504638672,-170.65990447998047,-14.327201843261719,2
gh8-02162,-170.66539764404297,-14.32891845703125,-170.66505432128906,-14.328746795654297,2
gh8-02163,-170.66299438476562,-14.32943344116211,-170.66265106201172,-14.329261779785156,2
gh8-02164,-170.66539764404297,-14.329090118408203,-170.66505432128906,-14.32891845703125,2
gh8-02165,-170.6664276123047,-14.329090118408203,-170.66608428955078,-14.32891845703125,2
gh8-02166,-170.66608428955078,-14.329776763916016,-170.66574096679688,-14.329605102539062,2
gh8-02167,-170.67020416259766,-14.330120086669922,-170.66986083984375,-14.329948425292969,2
gh8-02168,-170.67432403564453,-14.331493377685547,-170.67398071289062,-14.331321716308594,2
gh8-02169,-170.68531036376953,-14.27621841430664,-170.68496704101562,-14.276046752929688,2
gh8-02170,-170.68805694580078,-14.274673461914062,-170.68771362304688,-14.27450180053711,2
gh8-02171,-170.69011688232422,-14.280166625976562,-170.6897735595703,-14.27999496459961,2
gh8-02172,-170.6952667236328,-14.273643493652344,-170.6949234008789,-14.27347183227539,2
gh8-02173,-170.7007598876953,-14.27947998046875,-170.7004165649414,-14.279308319091797,2
gh8-02174,-170.72444915771484,-14.281883239746094,-170.72410583496094,-14.28171157836914,2
gh8-02175,-170.72376251220703,-14.2877197265625,-170.72341918945312,-14.287548065185547,2
gh8-02176,-170.7168960571289,-14.301624298095703,-170.716552734375,-14.30145263671875,2
gh8-02177,-170.7004165649414,-14.316902160644531,-170.7000732421875,-14.316730499267578,2
gh8-02178,-170.70110321044922,-14.318790435791016,-170.7007598876953,-14.318618774414062,2
gh8-02179,-170.70110321044922,-14.318962097167969,-170.7007598876953,-14.318790435791016,2
gh8-02180,-170.70865631103516,-14.325828552246094,-170.70831298828125,-14.32565689086914,2
gh8-02181,-170.71792602539062,-14.32291030883789,-170.71758270263672,-14.322738647460938,2
gh8-02182,-170.81817626953125,-14.302654266357422,-170.81783294677734,-14.302482604980469,2
gh8-02183,-170.81748962402344,-14.303340911865234,-170.81714630126953,-14.303169250488281,2
gh8-02184,-170.83019256591797,-14.32016372680664,-170.82984924316406,-14.319992065429688,2
gh8-02185,-170.69664001464844,-14.326515197753906,-170.69629669189453,-14.326343536376953,2
gh8-02186,-170.70865631103516,-14.339218139648438,-170.70831298828125,-14.339046478271484,2
gh8-02187,-170.7488250732422,-14.365310668945312,-170.74848175048828,-14.36513900756836,2
gh8-02188,-170.76496124267578,-14.363937377929688,-170.76461791992188,-14.363765716552734,2
gh8-02189,-170.76324462890625,-14.3701171875,-170.76290130615234,-14.369945526123047,2
gh8-02190,-170.74058532714844,-14.370288848876953,-170.74024200439453,-14.3701171875,2
gh8-02191,-170.76290130615234,-14.374065399169922,-170.76255798339844,-14.373893737792969,2
gh8-02192,-170.76255798339844,-14.374580383300781,-170.76221466064453,-14.374408721923828,2
gh8-02193,-170.76496124267578,-14.37337875366211,-170.76461791992188,-14.373207092285156,2
gh8-02194,-170.76942443847656,-14.371833801269531,-170.76908111572266,-14.371662139892578,2
gh8-02195,-170.76942443847656,-14.372005462646484,-170.76908111572266,-14.371833801269531,2
gh8-02196,-170.76324462890625,-14.376296997070312,-170.76290130615234,-14.37612533569336,2
gh8-02197,-170.76461791992188,-14.379215240478516,-170.76427459716797,-14.379043579101562,2
gh8-02198,-170.7666778564453,-14.380245208740234,-170.7663345336914,-14.380073547363281,2
gh8-02199,-170.7879638671875,-14.337501525878906,-170.7876205444336,-14.337329864501953,2
gh8-02200,-170.82916259765625,-14.327201843261719,-170.82881927490234,-14.327030181884766,2
gh8-02201,-170.8322525024414,-14.328231811523438,-170.8319091796875,-14.328060150146484,2
gh8-02202,-170.83328247070312,-14.333038330078125,-170.83293914794922,-14.332866668701172,2
gh8-02203,-170.77354431152344,-14.376983642578125,-170.77320098876953,-14.376811981201172,2
gh8-02204,-170.77388763427734,-14.376640319824219,-170.77354431152344,-14.376468658447266,2
gh8-02205,-170.77285766601562,-14.377326965332031,-170.77251434326172,-14.377155303955078,2
gh8-02206,-170.77354431152344,-14.377155303955078,-170.77320098876953,-14.376983642578125,2
gh8-02207,-170.33340454101562,-14.700050354003906,-170.33306121826172,-14.699878692626953,2
gh8-02208,-170.58300018310547,-14.500064849853516,-170.58265686035156,-14.499893188476562,2
gh8-02209,-170.8641815185547,-14.288921356201172,-170.86383819580078,-14.288749694824219,2
gh8-02210,-170.74092864990234,-14.845962524414062,-170.74058532714844,-14.84579086303711,2
gh8-02211,-170.74161529541016,-14.846134185791016,-170.74127197265625,-14.845962524414062,2
gh8-02212,-170.74264526367188,-14.846134185791016,-170.74230194091797,-14.845962524414062,2
gh8-02213,-170.7436752319336,-14.846649169921875,-170.7433319091797,-14.846477508544922,2
gh8-02214,-170.74539184570312,-14.847335815429688,-170.74504852294922,-14.847164154052734,2
gh8-02215,-170.74779510498047,-14.848194122314453,-170.74745178222656,-14.8480224609375,2
gh8-02216,-170.7498550415039,-14.848365783691406,-170.74951171875,-14.848194122314453,2
gh8-02217,-170.75122833251953,-14.84853744506836,-170.75088500976562,-14.848365783691406,2
gh8-02218,-169.464111328125,-14.037609100341797,-169.4637680053711,-14.037437438964844,1
gh8-02219,-169.6021270751953,-14.011173248291016,-169.6017837524414,-14.011001586914062,1
gh8-02220,-169.6227264404297,-14.000358581542969,-169.62238311767578,-14.000186920166016,1
gh8-02221,-169.62787628173828,-14.015979766845703,-169.62753295898438,-14.01580810546875,1
gh8-02222,-169.6282196044922,-14.015979766845703,-169.62787628173828,-14.01580810546875,1
gh8-02223,-169.60487365722656,-14.020442962646484,-169.60453033447266,-14.020271301269531,1
gh8-02224,-169.60315704345703,-14.0350341796875,-169.60281372070312,-14.034862518310547,1
gh8-02225,-169.6230697631836,-14.03451919555664,-169.6227264404297,-14.034347534179688,1
gh8-02226,-169.61414337158203,-14.043960571289062,-169.61380004882812,-14.04378890991211,1
gh8-02227,-169.63817596435547,-14.013748168945312,-169.63783264160156,-14.01357650756836,1
gh8-02228,-169.65843200683594,-14.001731872558594,-169.65808868408203,-14.00156021118164,1
gh8-02229,-169.661865234375,-14.01031494140625,-169.6615219116211,-14.010143280029297,1
gh8-02230,-169.68109130859375,-14.002418518066406,-169.68074798583984,-14.002246856689453,1
gh8-02231,-169.70203399658203,-14.000701904296875,-169.70169067382812,-14.000530242919922,1
gh8-02232,-169.69585418701172,-14.016151428222656,-169.6955108642578,-14.015979766845703,1
gh8-02233,-169.7054672241211,-14.016494750976562,-169.7051239013672,-14.01632308959961,1
gh8-02234,-169.64366912841797,-14.027652740478516,-169.64332580566406,-14.027481079101562,1
gh8-02235,-169.64126586914062,-14.034004211425781,-169.64092254638672,-14.033832550048828,1
gh8-02236,-169.65190887451172,-14.019927978515625,-169.6515655517578,-14.019756317138672,1
gh8-02237,-169.6567153930664,-14.022159576416016,-169.6563720703125,-14.021987915039062,1
gh8-02238,-169.65911865234375,-14.023361206054688,-169.65877532958984,-14.023189544677734,1
gh8-02239,-169.6567153930664,-14.032459259033203,-169.6563720703125,-14.03228759765625,1
gh8-02240,-169.63268280029297,-14.041557312011719,-169.63233947753906,-14.041385650634766,1
gh8-02241,-169.63302612304688,-14.049110412597656,-169.63268280029297,-14.048938751220703,1
gh8-02242,-169.6721649169922,-14.042930603027344,-169.67182159423828,-14.04275894165039,1
gh8-02243,-169.6570587158203,-14.058723449707031,-169.6567153930664,-14.058551788330078,1
gh8-02244,-169.6834945678711,-14.03177261352539,-169.6831512451172,-14.031600952148438,1
gh8-02245,-169.69757080078125,-14.02679443359375,-169.69722747802734,-14.026622772216797,1
gh8-02246,-169.71336364746094,-14.025421142578125,-169.71302032470703,-14.025249481201172,1
gh8-02247,-169.70272064208984,-14.03778076171875,-169.70237731933594,-14.037609100341797,1
gh8-02248,-169.705810546875,-14.035892486572266,-169.7054672241211,-14.035720825195312,1
gh8-02249,-169.68830108642578,-14.043102264404297,-169.68795776367188,-14.042930603027344,1
gh8-02250,-169.68830108642578,-14.050312042236328,-169.68795776367188,-14.050140380859375,1
gh8-02251,-169.6896743774414,-14.04876708984375,-169.6893310546875,-14.048595428466797,1
gh8-02252,-169.6834945678711,-14.058895111083984,-169.6831512451172,-14.058723449707031,1
gh8-02253,-169.68555450439453,-14.056663513183594,-169.68521118164062,-14.05649185180664,1
gh8-02254,-169.69722747802734,-14.059410095214844,-169.69688415527344,-14.05923843383789,1
gh8-02255,-169.73224639892578,-14.007740020751953,-169.73190307617188,-14.007568359375,1
gh8-02256,-169.7442626953125,-14.006023406982422,-169.7439193725586,-14.005851745605469,1
gh8-02257,-169.77001190185547,-14.000358581542969,-169.76966857910156,-14.000186920166016,1
gh8-02258,-169.7768783569336,-14.006195068359375,-169.7765350341797,-14.006023406982422,1
gh8-02259,-169.76486206054688,-14.008598327636719,-169.76451873779297,-14.008426666259766,1
gh8-02260,-169.7882080078125,-14.00533676147461,-169.7878646850586,-14.005165100097656,1
gh8-02261,-169.79576110839844,-14.002933502197266,-169.79541778564453,-14.002761840820312,1
gh8-02262,-169.78546142578125,-14.011516571044922,-169.78511810302734,-14.011344909667969,1
gh8-02263,-169.7222900390625,-14.02078628540039,-169.7219467163086,-14.020614624023438,1
gh8-02264,-169.73533630371094,-14.02456283569336,-169.73499298095703,-14.024391174316406,1
gh8-02265,-169.72057342529297,-14.031257629394531,-169.72023010253906,-14.031085968017578,1
gh8-02266,-169.71782684326172,-14.035720825195312,-169.7174835205078,-14.03554916381836,1
gh8-02267,-169.7435760498047,-14.021644592285156,-169.74323272705078,-14.021472930908203,1
gh8-02268,-169.75765228271484,-14.02730941772461,-169.75730895996094,-14.027137756347656,1
gh8-02269,-169.73567962646484,-14.050140380859375,-169.73533630371094,-14.049968719482422,1
gh8-02270,-169.71851348876953,-14.059066772460938,-169.71817016601562,-14.058895111083984,1
gh8-02271,-169.73018646240234,-14.061126708984375,-169.72984313964844,-14.060955047607422,1
gh8-02272,-169.7549057006836,-14.045677185058594,-169.7545623779297,-14.04550552368164,1
gh8-02273,-169.75799560546875,-14.049797058105469,-169.75765228271484,-14.049625396728516,1
gh8-02274,-169.77825164794922,-14.022846221923828,-169.7779083251953,-14.022674560546875,1
gh8-02275,-169.77893829345703,-14.036407470703125,-169.77859497070312,-14.036235809326172,1
gh8-02276,-169.7834014892578,-14.022846221923828,-169.7830581665039,-14.022674560546875,1
gh8-02277,-169.79713439941406,-14.02730941772461,-169.79679107666016,-14.027137756347656,1
gh8-02278,-169.79473114013672,-14.036750793457031,-169.7943878173828,-14.036579132080078,1
gh8-02279,-169.79816436767578,-14.054946899414062,-169.79782104492188,-14.05477523803711,1
gh8-02280,-170.10372161865234,-14.0570068359375,-170.10337829589844,-14.056835174560547,1
gh8-02281,-170.10303497314453,-14.057178497314453,-170.10269165039062,-14.0570068359375,1
gh8-02282,-170.10475158691406,-14.057693481445312,-170.10440826416016,-14.05752182006836,1
gh8-02283,-170.10509490966797,-14.058380126953125,-170.10475158691406,-14.058208465576172,1
gh8-02284,-170.10543823242188,-14.058723449707031,-170.10509490966797,-14.058551788330078,1
gh8-02285,-170.1064682006836,-14.059066772460938,-170.1061248779297,-14.058895111083984,1
gh8-02286,-170.1068115234375,-14.059066772460938,-170.1064682006836,-14.058895111083984,1
gh8-02287,-170.1074981689453,-14.061298370361328,-170.1071548461914,-14.061126708984375,1
gh8-02288,-170.10784149169922,-14.061298370361328,-170.1074981689453,-14.061126708984375,1
gh8-02289,-170.12020111083984,-14.050140380859375,-170.11985778808594,-14.049968719482422,1
gh8-02290,-169.04903411865234,-14.195194244384766,-169.04869079589844,-14.195022583007812,1
gh8-02291,-169.04869079589844,-14.19708251953125,-169.04834747314453,-14.196910858154297,1
gh8-02292,-169.04903411865234,-14.197425842285156,-169.04869079589844,-14.197254180908203,1
gh8-02293,-169.04972076416016,-14.201030731201172,-169.04937744140625,-14.200859069824219,1
gh8-02294,-169.04972076416016,-14.201374053955078,-169.04937744140625,-14.201202392578125,1
gh8-02295,-169.05006408691406,-14.202404022216797,-169.04972076416016,-14.202232360839844,1
gh8-02296,-169.05006408691406,-14.20257568359375,-169.04972076416016,-14.202404022216797,1
gh8-02297,-169.04937744140625,-14.205150604248047,-169.04903411865234,-14.204978942871094,1
gh8-02298,-169.0462875366211,-14.20806884765625,-169.0459442138672,-14.207897186279297,1
gh8-02299,-169.04388427734375,-14.210472106933594,-169.04354095458984,-14.21030044555664,1
gh8-02300,-169.04525756835938,-14.209098815917969,-169.04491424560547,-14.208927154541016,1
gh8-02301,-169.0459442138672,-14.208412170410156,-169.04560089111328,-14.208240509033203,1
gh8-02302,-169.0462875366211,-14.209442138671875,-169.0459442138672,-14.209270477294922,1
gh8-02303,-169.046630859375,-14.209785461425781,-169.0462875366211,-14.209613800048828,1
gh8-02304,-169.04800415039062,-14.206352233886719,-169.04766082763672,-14.206180572509766,1
gh8-02305,-169.04834747314453,-14.214935302734375,-169.04800415039062,-14.214763641357422,1
gh8-02306,-169.04937744140625,-14.220600128173828,-169.04903411865234,-14.220428466796875,1
gh8-02307,-169.04903411865234,-14.22128677368164,-169.04869079589844,-14.221115112304688,1
gh8-02308,-169.04972076416016,-14.220428466796875,-169.04937744140625,-14.220256805419922,1
gh8-02309,-169.05555725097656,-14.217338562011719,-169.05521392822266,-14.217166900634766,1
gh8-02310,-169.04869079589844,-14.222831726074219,-169.04834747314453,-14.222660064697266,1
gh8-02311,-169.04937744140625,-14.224376678466797,-169.04903411865234,-14.224205017089844,1
gh8-02312,-169.04972076416016,-14.22403335571289,-169.04937744140625,-14.223861694335938,1
gh8-02313,-169.05418395996094,-14.222488403320312,-169.05384063720703,-14.22231674194336,1
gh8-02314,-169.06036376953125,-14.210472106933594,-169.06002044677734,-14.21030044555664,1
gh8-02315,-169.06585693359375,-14.21030044555664,-169.06551361083984,-14.210128784179688,1
gh8-02316,-169.06139373779297,-14.21133041381836,-169.06105041503906,-14.211158752441406,1
gh8-02317,-169.06139373779297,-14.21356201171875,-169.06105041503906,-14.213390350341797,1
gh8-02318,-169.06208038330078,-14.21356201171875,-169.06173706054688,-14.213390350341797,1
gh8-02319,-169.0627670288086,-14.21304702758789,-169.0624237060547,-14.212875366210938,1
gh8-02320,-169.05899047851562,-14.214591979980469,-169.05864715576172,-14.214420318603516,1
gh8-02321,-169.06036376953125,-14.214248657226562,-169.06002044677734,-14.21407699584961,1
gh8-02322,-169.05967712402344,-14.214591979980469,-169.05933380126953,-14.214420318603516,1
gh8-02323,-169.0579605102539,-14.215106964111328,-169.0576171875,-14.214935302734375,1
gh8-02324,-169.05864715576172,-14.215106964111328,-169.0583038330078,-14.214935302734375,1
gh8-02325,-169.05967712402344,-14.215106964111328,-169.05933380126953,-14.214935302734375,1
gh8-02326,-169.06002044677734,-14.21579360961914,-169.05967712402344,-14.215621948242188,1
gh8-02327,-169.06139373779297,-14.213905334472656,-169.06105041503906,-14.213733673095703,1
gh8-02328,-169.06139373779297,-14.214591979980469,-169.06105041503906,-14.214420318603516,1
gh8-02329,-169.06173706054688,-14.214763641357422,-169.06139373779297,-14.214591979980469,1
gh8-02330,-169.06208038330078,-14.214763641357422,-169.06173706054688,-14.214591979980469,1
gh8-02331,-169.06105041503906,-14.215621948242188,-169.06070709228516,-14.215450286865234,1
gh8-02332,-169.06070709228516,-14.21630859375,-169.06036376953125,-14.216136932373047,1
gh8-02333,-169.06139373779297,-14.216136932373047,-169.06105041503906,-14.215965270996094,1
gh8-02334,-169.06551361083984,-14.211845397949219,-169.06517028808594,-14.211673736572266,1
gh8-02335,-169.0637969970703,-14.212532043457031,-169.0634536743164,-14.212360382080078,1
gh8-02336,-169.0689468383789,-14.215621948242188,-169.068603515625,-14.215450286865234,1
gh8-02337,-169.0689468383789,-14.21579360961914,-169.068603515625,-14.215621948242188,1
gh8-02338,-169.0692901611328,-14.215965270996094,-169.0689468383789,-14.21579360961914,1
gh8-02339,-169.0692901611328,-14.216136932373047,-169.0689468383789,-14.215965270996094,1
gh8-02340,-169.06139373779297,-14.216651916503906,-169.06105041503906,-14.216480255126953,1
gh8-02341,-169.06585693359375,-14.218711853027344,-169.06551361083984,-14.21854019165039,1
gh8-02342,-169.068603515625,-14.218025207519531,-169.0682601928711,-14.217853546142578,1
gh8-02343,-169.0682601928711,-14.218196868896484,-169.0679168701172,-14.218025207519531,1
gh8-02344,-169.0682601928711,-14.218368530273438,-169.0679168701172,-14.218196868896484,1
gh8-02345,-169.0634536743164,-14.221630096435547,-169.0631103515625,-14.221458435058594,1
gh8-02346,-169.068603515625,-14.219226837158203,-169.0682601928711,-14.21905517578125,1
gh8-02347,-169.05933380126953,-14.222488403320312,-169.05899047851562,-14.22231674194336,1
gh8-02348,-169.06036376953125,-14.222660064697266,-169.06002044677734,-14.222488403320312,1
gh8-02349,-169.06105041503906,-14.223175048828125,-169.06070709228516,-14.223003387451172,1
gh8-02350,-169.06208038330078,-14.222488403320312,-169.06173706054688,-14.22231674194336,1
gh8-02351,-169.0624237060547,-14.223003387451172,-169.06208038330078,-14.222831726074219,1
gh8-02352,-169.06105041503906,-14.223346710205078,-169.06070709228516,-14.223175048828125,1
gh8-02353,-169.06208038330078,-14.223518371582031,-169.06173706054688,-14.223346710205078,1
gh8-02354,-169.0689468383789,-14.21957015991211,-169.068603515625,-14.219398498535156,1
gh8-02355,-169.06963348388672,-14.220085144042969,-169.0692901611328,-14.219913482666016,1
gh8-02356,-169.07066345214844,-14.21957015991211,-169.07032012939453,-14.219398498535156,1
gh8-02357,-169.07100677490234,-14.21957015991211,-169.07066345214844,-14.219398498535156,1
gh8-02358,-169.07169342041016,-14.219398498535156,-169.07135009765625,-14.219226837158203,1
gh8-02359,-169.07238006591797,-14.219913482666016,-169.07203674316406,-14.219741821289062,1
gh8-02360,-169.0737533569336,-14.21957015991211,-169.0734100341797,-14.219398498535156,1
gh8-02361,-169.0737533569336,-14.219741821289062,-169.0734100341797,-14.21957015991211,1
gh8-02362,-169.0740966796875,-14.219913482666016,-169.0737533569336,-14.219741821289062,1
gh8-02363,-169.0740966796875,-14.220428466796875,-169.0737533569336,-14.220256805419922,1
gh8-02364,-169.0747833251953,-14.220085144042969,-169.0744400024414,-14.219913482666016,1
gh8-02365,-169.07787322998047,-14.220428466796875,-169.07752990722656,-14.220256805419922,1
gh8-02366,-169.07855987548828,-14.220771789550781,-169.07821655273438,-14.220600128173828,1
gh8-02367,-169.0789031982422,-14.221115112304688,-169.07855987548828,-14.220943450927734,1
gh8-02368,-169.0792465209961,-14.220943450927734,-169.0789031982422,-14.220771789550781,1
gh8-02369,-169.07958984375,-14.221115112304688,-169.0792465209961,-14.220943450927734,1
gh8-02370,-169.0789031982422,-14.22128677368164,-169.07855987548828,-14.221115112304688,1
gh8-02371,-169.0792465209961,-14.221458435058594,-169.0789031982422,-14.22128677368164,1
gh8-02372,-169.0802764892578,-14.221115112304688,-169.0799331665039,-14.220943450927734,1
gh8-02373,-169.08096313476562,-14.220943450927734,-169.08061981201172,-14.220771789550781,1
gh8-02374,-169.08096313476562,-14.221115112304688,-169.08061981201172,-14.220943450927734,1
gh8-02375,-169.08130645751953,-14.220600128173828,-169.08096313476562,-14.220428466796875,1
gh8-02376,-169.08164978027344,-14.220943450927734,-169.08130645751953,-14.220771789550781,1
gh8-02377,-169.08164978027344,-14.221115112304688,-169.08130645751953,-14.220943450927734,1
gh8-02378,-169.08130645751953,-14.221458435058594,-169.08096313476562,-14.22128677368164,1
gh8-02379,-169.08199310302734,-14.221458435058594,-169.08164978027344,-14.22128677368164,1
gh8-02380,-169.08233642578125,-14.221458435058594,-169.08199310302734,-14.22128677368164,1
gh8-02381,-169.08336639404297,-14.220943450927734,-169.08302307128906,-14.220771789550781,1
gh8-02382,-169.08267974853516,-14.221458435058594,-169.08233642578125,-14.22128677368164,1
gh8-02383,-169.08405303955078,-14.220600128173828,-169.08370971679688,-14.220428466796875,1
gh8-02384,-169.08714294433594,-14.219913482666016,-169.08679962158203,-14.219741821289062,1
gh8-02385,-169.08233642578125,-14.221973419189453,-169.08199310302734,-14.2218017578125,1
gh8-02386,-169.1015625,-14.219398498535156,-169.1012191772461,-14.219226837158203,1
gh8-02387,-169.10053253173828,-14.221115112304688,-169.10018920898438,-14.220943450927734,1
gh8-02388,-169.1012191772461,-14.22128677368164,-169.1008758544922,-14.221115112304688,1
gh8-02389,-169.1012191772461,-14.221458435058594,-169.1008758544922,-14.22128677368164,1
gh8-02390,-169.1022491455078,-14.220085144042969,-169.1019058227539,-14.219913482666016,1
gh8-02391,-169.1019058227539,-14.220256805419922,-169.1015625,-14.220085144042969,1
gh8-02392,-169.10293579101562,-14.219913482666016,-169.10259246826172,-14.219741821289062,1
gh8-02393,-169.10293579101562,-14.220085144042969,-169.10259246826172,-14.219913482666016,1
gh8-02394,-169.10259246826172,-14.220256805419922,-169.1022491455078,-14.220085144042969,1
gh8-02395,-169.1019058227539,-14.220943450927734,-169.1015625,-14.220771789550781,1
gh8-02396,-169.10259246826172,-14.220600128173828,-169.1022491455078,-14.220428466796875,1
gh8-02397,-169.40608978271484,-14.226608276367188,-169.40574645996094,-14.226436614990234,1
gh8-02398,-169.4150161743164,-14.20755386352539,-169.4146728515625,-14.207382202148438,1
gh8-02399,-169.41776275634766,-14.219913482666016,-169.41741943359375,-14.219741821289062,1
gh8-02400,-169.42394256591797,-14.217510223388672,-169.42359924316406,-14.217338562011719,1
gh8-02401,-169.42394256591797,-14.217681884765625,-169.42359924316406,-14.217510223388672,1
gh8-02402,-169.42291259765625,-14.223003387451172,-169.42256927490234,-14.222831726074219,1
gh8-02403,-169.44934844970703,-14.226951599121094,-169.44900512695312,-14.22677993774414,1
gh8-02404,-169.4417953491211,-14.228496551513672,-169.4414520263672,-14.228324890136719,1
gh8-02405,-169.45037841796875,-14.233646392822266,-169.45003509521484,-14.233474731445312,1
gh8-02406,-169.42291259765625,-14.243602752685547,-169.42256927490234,-14.243431091308594,1
gh8-02407,-169.42119598388672,-14.252700805664062,-169.4208526611328,-14.25252914428711,1
gh8-02408,-169.42222595214844,-14.27175521850586,-169.42188262939453,-14.271583557128906,1
gh8-02409,-169.43252563476562,-14.261627197265625,-169.43218231201172,-14.261455535888672,1
gh8-02410,-169.44522857666016,-14.27072525024414,-169.44488525390625,-14.270553588867188,1
gh8-02411,-169.43527221679688,-14.280681610107422,-169.43492889404297,-14.280509948730469,1
gh8-02412,-169.4084930419922,-14.282913208007812,-169.40814971923828,-14.28274154663086,1
gh8-02413,-169.40505981445312,-14.298534393310547,-169.40471649169922,-14.298362731933594,1
gh8-02414,-169.40093994140625,-14.324798583984375,-169.40059661865234,-14.324626922607422,1
gh8-02415,-169.40711975097656,-14.326171875,-169.40677642822266,-14.326000213623047,1
gh8-02416,-169.41226959228516,-14.283943176269531,-169.41192626953125,-14.283771514892578,1
gh8-02417,-169.4194793701172,-14.290637969970703,-169.41913604736328,-14.29046630859375,1
gh8-02418,-169.43870544433594,-14.284801483154297,-169.43836212158203,-14.284629821777344,1
gh8-02419,-169.4524383544922,-14.289264678955078,-169.45209503173828,-14.289093017578125,1
gh8-02420,-169.45175170898438,-14.292354583740234,-169.45140838623047,-14.292182922363281,1
gh8-02421,-169.42806243896484,-14.314498901367188,-169.42771911621094,-14.314327239990234,1
gh8-02422,-169.4256591796875,-14.324626922607422,-169.4253158569336,-14.324455261230469,1
gh8-02423,-169.44934844970703,-14.311752319335938,-169.44900512695312,-14.311580657958984,1
gh8-02424,-169.4363021850586,-14.321022033691406,-169.4359588623047,-14.320850372314453,1
gh8-02425,-169.40780639648438,-14.340934753417969,-169.40746307373047,-14.340763092041016,1
gh8-02426,-169.41226959228516,-14.333724975585938,-169.41192626953125,-14.333553314208984,1
gh8-02427,-169.4205093383789,-14.337158203125,-169.420166015625,-14.336986541748047,1
gh8-02428,-169.43836212158203,-14.332008361816406,-169.43801879882812,-14.331836700439453,1
gh8-02429,-169.4428253173828,-14.343852996826172,-169.4424819946289,-14.343681335449219,1
gh8-02430,-169.41776275634766,-14.351234436035156,-169.41741943359375,-14.351062774658203,1
gh8-02431,-169.41741943359375,-14.355697631835938,-169.41707611083984,-14.355525970458984,1
gh8-02432,-169.41776275634766,-14.368915557861328,-169.41741943359375,-14.368743896484375,1
gh8-02433,-169.40746307373047,-14.376640319824219,-169.40711975097656,-14.376468658447266,1
gh8-02434,-169.49844360351562,-14.143009185791016,-169.49810028076172,-14.142837524414062,1
gh8-02435,-169.49844360351562,-14.143180847167969,-169.49810028076172,-14.143009185791016,1
gh8-02436,-169.4977569580078,-14.143695831298828,-169.4974136352539,-14.143524169921875,1
gh8-02437,-169.49810028076172,-14.143867492675781,-169.4977569580078,-14.143695831298828,1
gh8-02438,-169.49844360351562,-14.143695831298828,-169.49810028076172,-14.143524169921875,1
gh8-02439,-169.49810028076172,-14.144039154052734,-169.4977569580078,-14.143867492675781,1
gh8-02440,-169.49844360351562,-14.14438247680664,-169.49810028076172,-14.144210815429688,1
gh8-02441,-169.49878692626953,-14.143695831298828,-169.49844360351562,-14.143524169921875,1
gh8-02442,-169.6062469482422,-14.086532592773438,-169.60590362548828,-14.086360931396484,1
gh8-02443,-169.60933685302734,-14.084815979003906,-169.60899353027344,-14.084644317626953,1
gh8-02444,-169.6172332763672,-14.08773422241211,-169.61688995361328,-14.087562561035156,1
gh8-02445,-169.62478637695312,-14.08498764038086,-169.62444305419922,-14.084815979003906,1
gh8-02446,-169.6182632446289,-14.099750518798828,-169.617919921875,-14.099578857421875,1
gh8-02447,-169.61688995361328,-14.119148254394531,-169.61654663085938,-14.118976593017578,1
gh8-02448,-169.61414337158203,-14.132022857666016,-169.61380004882812,-14.131851196289062,1
gh8-02449,-169.61483001708984,-14.139575958251953,-169.61448669433594,-14.139404296875,1
gh8-02450,-169.47338104248047,-14.156570434570312,-169.47303771972656,-14.15639877319336,1
gh8-02451,-169.49810028076172,-14.156227111816406,-169.4977569580078,-14.156055450439453,1
gh8-02452,-169.49981689453125,-14.160175323486328,-169.49947357177734,-14.160003662109375,1
gh8-02453,-169.49947357177734,-14.161205291748047,-169.49913024902344,-14.161033630371094,1
gh8-02454,-169.49981689453125,-14.16189193725586,-169.49947357177734,-14.161720275878906,1
gh8-02455,-169.49981689453125,-14.162578582763672,-169.49947357177734,-14.162406921386719,1
gh8-02456,-169.49947357177734,-14.163951873779297,-169.49913024902344,-14.163780212402344,1
gh8-02457,-169.50050354003906,-14.166183471679688,-169.50016021728516,-14.166011810302734,1
gh8-02458,-169.50084686279297,-14.166183471679688,-169.50050354003906,-14.166011810302734,1
gh8-02459,-169.50050354003906,-14.16635513305664,-169.50016021728516,-14.166183471679688,1
gh8-02460,-169.50084686279297,-14.166526794433594,-169.50050354003906,-14.16635513305664,1
gh8-02461,-169.50119018554688,-14.168071746826172,-169.50084686279297,-14.167900085449219,1
gh8-02462,-169.50119018554688,-14.168243408203125,-169.50084686279297,-14.168071746826172,1
gh8-02463,-169.50153350830078,-14.167728424072266,-169.50119018554688,-14.167556762695312,1
gh8-02464,-169.50084686279297,-14.168758392333984,-169.50050354003906,-14.168586730957031,1
gh8-02465,-169.50084686279297,-14.168930053710938,-169.50050354003906,-14.168758392333984,1
gh8-02466,-169.50119018554688,-14.168758392333984,-169.50084686279297,-14.168586730957031,1
gh8-02467,-169.50153350830078,-14.168415069580078,-169.50119018554688,-14.168243408203125,1
gh8-02468,-169.5296859741211,-14.1943359375,-169.5293426513672,-14.194164276123047,1
gh8-02469,-169.5303726196289,-14.194164276123047,-169.530029296875,-14.193992614746094,1
gh8-02470,-169.5303726196289,-14.1943359375,-169.530029296875,-14.194164276123047,1
gh8-02471,-169.46857452392578,-14.215106964111328,-169.46823120117188,-14.214935302734375,1
gh8-02472,-169.4912338256836,-14.201202392578125,-169.4908905029297,-14.201030731201172,1
gh8-02473,-169.46239471435547,-14.233646392822266,-169.46205139160156,-14.233474731445312,1
gh8-02474,-169.46239471435547,-14.23828125,-169.46205139160156,-14.238109588623047,1
gh8-02475,-169.48711395263672,-14.231243133544922,-169.4867706298828,-14.231071472167969,1
gh8-02476,-169.5293426513672,-14.194679260253906,-169.52899932861328,-14.194507598876953,1
gh8-02477,-169.5296859741211,-14.194679260253906,-169.5293426513672,-14.194507598876953,1
gh8-02478,-169.52899932861328,-14.195194244384766,-169.52865600585938,-14.195022583007812,1
gh8-02479,-169.52865600585938,-14.196052551269531,-169.52831268310547,-14.195880889892578,1
gh8-02480,-169.52831268310547,-14.196910858154297,-169.52796936035156,-14.196739196777344,1
gh8-02481,-169.52796936035156,-14.197769165039062,-169.52762603759766,-14.19759750366211,1
gh8-02482,-169.52796936035156,-14.198112487792969,-169.52762603759766,-14.197940826416016,1
gh8-02483,-169.52796936035156,-14.198799133300781,-169.52762603759766,-14.198627471923828,1
gh8-02484,-169.52831268310547,-14.199142456054688,-169.52796936035156,-14.198970794677734,1
gh8-02485,-169.52831268310547,-14.199657440185547,-169.52796936035156,-14.199485778808594,1
gh8-02486,-169.52899932861328,-14.200172424316406,-169.52865600585938,-14.200000762939453,1
gh8-02487,-169.5293426513672,-14.200687408447266,-169.52899932861328,-14.200515747070312,1
gh8-02488,-169.5293426513672,-14.201202392578125,-169.52899932861328,-14.201030731201172,1
gh8-02489,-169.5296859741211,-14.201545715332031,-169.5293426513672,-14.201374053955078,1
gh8-02490,-169.530029296875,-14.201545715332031,-169.5296859741211,-14.201374053955078,1
gh8-02491,-169.530029296875,-14.204635620117188,-169.5296859741211,-14.204463958740234,1
gh8-02492,-169.5303726196289,-14.20309066772461,-169.530029296875,-14.202919006347656,1
gh8-02493,-169.5303726196289,-14.203262329101562,-169.530029296875,-14.20309066772461,1
gh8-02494,-169.5303726196289,-14.203777313232422,-169.530029296875,-14.203605651855469,1
gh8-02495,-169.5303726196289,-14.204292297363281,-169.530029296875,-14.204120635986328,1
gh8-02496,-169.5303726196289,-14.204463958740234,-169.530029296875,-14.204292297363281,1
gh8-02497,-169.52865600585938,-14.206523895263672,-169.52831268310547,-14.206352233886719,1
gh8-02498,-169.5293426513672,-14.205665588378906,-169.52899932861328,-14.205493927001953,1
gh8-02499,-169.5293426513672,-14.20583724975586,-169.52899932861328,-14.205665588378906,1
gh8-02500,-169.5307159423828,-14.208755493164062,-169.5303726196289,-14.20858383178711,1
gh8-02501,-169.53208923339844,-14.209442138671875,-169.53174591064453,-14.209270477294922,1
gh8-02502,-169.5303726196289,-14.209785461425781,-169.530029296875,-14.209613800048828,1
gh8-02503,-169.5307159423828,-14.21030044555664,-169.5303726196289,-14.210128784179688,1
gh8-02504,-169.53964233398438,-14.207210540771484,-169.53929901123047,-14.207038879394531,1
gh8-02505,-169.5073699951172,-14.220943450927734,-169.50702667236328,-14.220771789550781,1
gh8-02506,-169.50428009033203,-14.225406646728516,-169.50393676757812,-14.225234985351562,1
gh8-02507,-169.51251983642578,-14.217166900634766,-169.51217651367188,-14.216995239257812,1
gh8-02508,-169.5128631591797,-14.220428466796875,-169.51251983642578,-14.220256805419922,1
gh8-02509,-169.5138931274414,-14.22677993774414,-169.5135498046875,-14.226608276367188,1
gh8-02510,-169.49913024902344,-14.231071472167969,-169.49878692626953,-14.230899810791016,1
gh8-02511,-169.5293426513672,-14.232101440429688,-169.52899932861328,-14.231929779052734,1
gh8-02512,-169.5193862915039,-14.23330307006836,-169.51904296875,-14.233131408691406,1
gh8-02513,-169.52899932861328,-14.233646392822266,-169.52865600585938,-14.233474731445312,1
gh8-02514,-169.52899932861328,-14.234676361083984,-169.52865600585938,-14.234504699707031,1
gh8-02515,-169.52899932861328,-14.23501968383789,-169.52865600585938,-14.234848022460938,1
gh8-02516,-169.5293426513672,-14.237079620361328,-169.52899932861328,-14.236907958984375,1
gh8-02517,-169.5296859741211,-14.238109588623047,-169.5293426513672,-14.237937927246094,1
gh8-02518,-169.53689575195312,-14.235706329345703,-169.53655242919922,-14.23553466796875,1
gh8-02519,-169.53758239746094,-14.236221313476562,-169.53723907470703,-14.23604965209961,1
gh8-02520,-169.53861236572266,-14.237251281738281,-169.53826904296875,-14.237079620361328,1
gh8-02521,-169.53964233398438,-14.237594604492188,-169.53929901123047,-14.237422943115234,1
gh8-02522,-169.53964233398438,-14.237937927246094,-169.53929901123047,-14.23776626586914,1
gh8-02523,-169.60006713867188,-14.15365219116211,-169.59972381591797,-14.153480529785156,1
gh8-02524,-169.60693359375,-14.1558837890625,-169.6065902709961,-14.155712127685547,1
gh8-02525,-169.60384368896484,-14.165840148925781,-169.60350036621094,-14.165668487548828,1
gh8-02526,-169.6230697631836,-14.150562286376953,-169.6227264404297,-14.150390625,1
gh8-02527,-169.62066650390625,-14.165668487548828,-169.62032318115234,-14.165496826171875,1
gh8-02528,-169.62615966796875,-14.166698455810547,-169.62581634521484,-14.166526794433594,1
gh8-02529,-169.61380004882812,-14.173221588134766,-169.61345672607422,-14.173049926757812,1
gh8-02530,-169.62478637695312,-14.182491302490234,-169.62444305419922,-14.182319641113281,1
gh8-02531,-169.62718963623047,-14.183006286621094,-169.62684631347656,-14.18283462524414,1
gh8-02532,-169.60830688476562,-14.192790985107422,-169.60796356201172,-14.192619323730469,1
gh8-02533,-169.56127166748047,-14.231586456298828,-169.56092834472656,-14.231414794921875,1
gh8-02534,-169.56573486328125,-14.218711853027344,-169.56539154052734,-14.21854019165039,1
gh8-02535,-169.5743179321289,-14.221973419189453,-169.573974609375,-14.2218017578125,1
gh8-02536,-169.57809448242188,-14.223003387451172,-169.57775115966797,-14.222831726074219,1
gh8-02537,-169.58736419677734,-14.214248657226562,-169.58702087402344,-14.21407699584961,1
gh8-02538,-169.59766387939453,-14.213218688964844,-169.59732055664062,-14.21304702758789,1
gh8-02539,-169.617919921875,-14.194507598876953,-169.6175765991211,-14.1943359375,1
gh8-02540,-169.5966339111328,-14.216651916503906,-169.5962905883789,-14.216480255126953,1
gh8-02541,-169.5962905883789,-14.22677993774414,-169.595947265625,-14.226608276367188,1
gh8-02542,-169.5853042602539,-14.238109588623047,-169.5849609375,-14.237937927246094,1
gh8-02543,-169.63268280029297,-14.067134857177734,-169.63233947753906,-14.066963195800781,1
gh8-02544,-169.63577270507812,-14.071769714355469,-169.63542938232422,-14.071598052978516,1
gh8-02545,-169.6402359008789,-14.067649841308594,-169.639892578125,-14.06747817993164,1
gh8-02546,-169.6457290649414,-14.063873291015625,-169.6453857421875,-14.063701629638672,1
gh8-02547,-169.64366912841797,-14.069023132324219,-169.64332580566406,-14.068851470947266,1
gh8-02548,-169.64916229248047,-14.069538116455078,-169.64881896972656,-14.069366455078125,1
gh8-02549,-169.63233947753906,-14.07846450805664,-169.63199615478516,-14.078292846679688,1
gh8-02550,-169.65740203857422,-14.06301498413086,-169.6570587158203,-14.062843322753906,1
gh8-02551,-169.66289520263672,-14.082069396972656,-169.6625518798828,-14.081897735595703,1
gh8-02552,-169.66529846191406,-14.092369079589844,-169.66495513916016,-14.09219741821289,1
gh8-02553,-169.65431213378906,-14.10318374633789,-169.65396881103516,-14.103012084960938,1
gh8-02554,-169.68280792236328,-14.06850814819336,-169.68246459960938,-14.068336486816406,1
gh8-02555,-169.6776580810547,-14.07846450805664,-169.67731475830078,-14.078292846679688,1
gh8-02556,-169.69276428222656,-14.074687957763672,-169.69242095947266,-14.074516296386719,1
gh8-02557,-169.69242095947266,-14.084129333496094,-169.69207763671875,-14.08395767211914,1
gh8-02558,-169.70752716064453,-14.070053100585938,-169.70718383789062,-14.069881439208984,1
gh8-02559,-169.6900177001953,-14.085159301757812,-169.6896743774414,-14.08498764038086,1
gh8-02560,-169.68486785888672,-14.1009521484375,-169.6845245361328,-14.100780487060547,1
gh8-02561,-169.69104766845703,-14.099750518798828,-169.69070434570312,-14.099578857421875,1
gh8-02562,-169.7003173828125,-14.087390899658203,-169.6999740600586,-14.08721923828125,1
gh8-02563,-169.6996307373047,-14.09872055053711,-169.69928741455078,-14.098548889160156,1
gh8-02564,-169.7006607055664,-14.098033905029297,-169.7003173828125,-14.097862243652344,1
gh8-02565,-169.7109603881836,-14.101123809814453,-169.7106170654297,-14.1009521484375,1
gh8-02566,-169.62993621826172,-14.107990264892578,-169.6295928955078,-14.107818603515625,1
gh8-02567,-169.63886260986328,-14.110221862792969,-169.63851928710938,-14.110050201416016,1
gh8-02568,-169.64778900146484,-14.12240982055664,-169.64744567871094,-14.122238159179688,1
gh8-02569,-169.66941833496094,-14.108161926269531,-169.66907501220703,-14.107990264892578,1
gh8-02570,-169.66014862060547,-14.121379852294922,-169.65980529785156,-14.121208190917969,1
gh8-02571,-169.64195251464844,-14.136314392089844,-169.64160919189453,-14.13614273071289,1
gh8-02572,-169.6446990966797,-14.141292572021484,-169.64435577392578,-14.141120910644531,1
gh8-02573,-169.64126586914062,-14.146270751953125,-169.64092254638672,-14.146099090576172,1
gh8-02574,-169.6450424194336,-14.148674011230469,-169.6446990966797,-14.148502349853516,1
gh8-02575,-169.6900177001953,-14.110221862792969,-169.6896743774414,-14.110050201416016,1
gh8-02576,-169.68589782714844,-14.123096466064453,-169.68555450439453,-14.1229248046875,1
gh8-02577,-169.6889877319336,-14.12790298461914,-169.6886444091797,-14.127731323242188,1
gh8-02578,-169.71542358398438,-14.107818603515625,-169.71508026123047,-14.107646942138672,1
gh8-02579,-169.716796875,-14.124298095703125,-169.7164535522461,-14.124126434326172,1
gh8-02580,-169.69036102294922,-14.13442611694336,-169.6900177001953,-14.134254455566406,1
gh8-02581,-169.69242095947266,-14.136314392089844,-169.69207763671875,-14.13614273071289,1
gh8-02582,-169.70306396484375,-14.135112762451172,-169.70272064208984,-14.134941101074219,1
gh8-02583,-169.69688415527344,-14.145584106445312,-169.69654083251953,-14.14541244506836,1
gh8-02584,-169.71542358398438,-14.146099090576172,-169.71508026123047,-14.145927429199219,1
gh8-02585,-169.7171401977539,-14.062843322753906,-169.716796875,-14.062671661376953,1
gh8-02586,-169.72023010253906,-14.069023132324219,-169.71988677978516,-14.068851470947266,1
gh8-02587,-169.74529266357422,-14.067306518554688,-169.7449493408203,-14.067134857177734,1
gh8-02588,-169.75147247314453,-14.071941375732422,-169.75112915039062,-14.071769714355469,1
gh8-02589,-169.7490692138672,-14.075374603271484,-169.74872589111328,-14.075202941894531,1
gh8-02590,-169.73464965820312,-14.093742370605469,-169.73430633544922,-14.093570709228516,1
gh8-02591,-169.71851348876953,-14.097175598144531,-169.71817016601562,-14.097003936767578,1
gh8-02592,-169.72949981689453,-14.096832275390625,-169.72915649414062,-14.096660614013672,1
gh8-02593,-169.73224639892578,-14.10593032836914,-169.73190307617188,-14.105758666992188,1
gh8-02594,-169.7665786743164,-14.06301498413086,-169.7662353515625,-14.062843322753906,1
gh8-02595,-169.76726531982422,-14.078807830810547,-169.7669219970703,-14.078636169433594,1
gh8-02596,-169.79164123535156,-14.06747817993164,-169.79129791259766,-14.067306518554688,1
gh8-02597,-169.79473114013672,-14.068851470947266,-169.7943878173828,-14.068679809570312,1
gh8-02598,-169.78958129882812,-14.075202941894531,-169.78923797607422,-14.075031280517578,1
gh8-02599,-169.79679107666016,-14.078636169433594,-169.79644775390625,-14.07846450805664,1
gh8-02600,-169.76486206054688,-14.099750518798828,-169.76451873779297,-14.099578857421875,1
gh8-02601,-169.76795196533203,-14.10593032836914,-169.76760864257812,-14.105758666992188,1
gh8-02602,-169.7834014892578,-14.087390899658203,-169.7830581665039,-14.08721923828125,1
gh8-02603,-169.793701171875,-14.085502624511719,-169.7933578491211,-14.085330963134766,1
gh8-02604,-169.73224639892578,-14.107131958007812,-169.73190307617188,-14.10696029663086,1
gh8-02605,-169.7446060180664,-14.126014709472656,-169.7442626953125,-14.125843048095703,1
gh8-02606,-169.74838256835938,-14.127388000488281,-169.74803924560547,-14.127216339111328,1
gh8-02607,-169.75902557373047,-14.124984741210938,-169.75868225097656,-14.124813079833984,1
gh8-02608,-169.72881317138672,-14.137344360351562,-169.7284698486328,-14.13717269897461,1
gh8-02609,-169.73602294921875,-14.141120910644531,-169.73567962646484,-14.140949249267578,1
gh8-02610,-169.74563598632812,-14.135112762451172,-169.74529266357422,-14.134941101074219,1
gh8-02611,-169.7614288330078,-14.110736846923828,-169.7610855102539,-14.110565185546875,1
gh8-02612,-169.7772216796875,-14.108848571777344,-169.7768783569336,-14.10867691040039,1
gh8-02613,-169.79679107666016,-14.12841796875,-169.79644775390625,-14.128246307373047,1
gh8-02614,-169.79267120361328,-14.132022857666016,-169.79232788085938,-14.131851196289062,1
gh8-02615,-169.63027954101562,-14.167728424072266,-169.62993621826172,-14.167556762695312,1
gh8-02616,-169.63268280029297,-14.168071746826172,-169.63233947753906,-14.167900085449219,1
gh8-02617,-169.6405792236328,-14.170475006103516,-169.6402359008789,-14.170303344726562,1
gh8-02618,-169.6457290649414,-14.172019958496094,-169.6453857421875,-14.17184829711914,1
gh8-02619,-169.64744567871094,-14.17236328125,-169.64710235595703,-14.172191619873047,1
gh8-02620,-169.6673583984375,-14.161033630371094,-169.6670150756836,-14.16086196899414,1
gh8-02621,-169.65499877929688,-14.164810180664062,-169.65465545654297,-14.16463851928711,1
gh8-02622,-169.65362548828125,-14.171504974365234,-169.65328216552734,-14.171333312988281,1
gh8-02623,-169.6670150756836,-14.165325164794922,-169.6666717529297,-14.165153503417969,1
gh8-02624,-169.67044830322266,-14.169273376464844,-169.67010498046875,-14.16910171508789,1
gh8-02625,-169.63714599609375,-14.178714752197266,-169.63680267333984,-14.178543090820312,1
gh8-02626,-169.6446990966797,-14.172534942626953,-169.64435577392578,-14.17236328125,1
gh8-02627,-169.64641571044922,-14.17287826538086,-169.6460723876953,-14.172706604003906,1
gh8-02628,-169.64778900146484,-14.173393249511719,-169.64744567871094,-14.173221588134766,1
gh8-02629,-169.64813232421875,-14.173736572265625,-169.64778900146484,-14.173564910888672,1
gh8-02630,-169.64710235595703,-14.174079895019531,-169.64675903320312,-14.173908233642578,1
gh8-02631,-169.6505355834961,-14.173736572265625,-169.6501922607422,-14.173564910888672,1
gh8-02632,-169.64881896972656,-14.174423217773438,-169.64847564697266,-14.174251556396484,1
gh8-02633,-169.64881896972656,-14.175796508789062,-169.64847564697266,-14.17562484741211,1
gh8-02634,-169.64881896972656,-14.176139831542969,-169.64847564697266,-14.175968170166016,1
gh8-02635,-169.6501922607422,-14.176139831542969,-169.64984893798828,-14.175968170166016,1
gh8-02636,-169.64847564697266,-14.176998138427734,-169.64813232421875,-14.176826477050781,1
gh8-02637,-169.6505355834961,-14.176998138427734,-169.6501922607422,-14.176826477050781,1
gh8-02638,-169.65087890625,-14.177684783935547,-169.6505355834961,-14.177513122558594,1
gh8-02639,-169.6501922607422,-14.18008804321289,-169.64984893798828,-14.179916381835938,1
gh8-02640,-169.64984893798828,-14.19210433959961,-169.64950561523438,-14.191932678222656,1
gh8-02641,-169.65190887451172,-14.175796508789062,-169.6515655517578,-14.17562484741211,1
gh8-02642,-169.65190887451172,-14.176139831542969,-169.6515655517578,-14.175968170166016,1
gh8-02643,-169.65259552001953,-14.176311492919922,-169.65225219726562,-14.176139831542969,1
gh8-02644,-169.6515655517578,-14.176654815673828,-169.6512222290039,-14.176483154296875,1
gh8-02645,-169.6515655517578,-14.176826477050781,-169.6512222290039,-14.176654815673828,1
gh8-02646,-169.6515655517578,-14.177169799804688,-169.6512222290039,-14.176998138427734,1
gh8-02647,-169.65190887451172,-14.177169799804688,-169.6515655517578,-14.176998138427734,1
gh8-02648,-169.65190887451172,-14.177513122558594,-169.6515655517578,-14.17734146118164,1
gh8-02649,-169.65259552001953,-14.177169799804688,-169.65225219726562,-14.176998138427734,1
gh8-02650,-169.65293884277344,-14.176998138427734,-169.65259552001953,-14.176826477050781,1
gh8-02651,-169.65328216552734,-14.177169799804688,-169.65293884277344,-14.176998138427734,1
gh8-02652,-169.65362548828125,-14.176998138427734,-169.65328216552734,-14.176826477050781,1
gh8-02653,-169.65259552001953,-14.177684783935547,-169.65225219726562,-14.177513122558594,1
gh8-02654,-169.65293884277344,-14.177684783935547,-169.65259552001953,-14.177513122558594,1
gh8-02655,-169.65328216552734,-14.177684783935547,-169.65293884277344,-14.177513122558594,1
gh8-02656,-169.65396881103516,-14.177684783935547,-169.65362548828125,-14.177513122558594,1
gh8-02657,-169.65396881103516,-14.1778564453125,-169.65362548828125,-14.177684783935547,1
gh8-02658,-169.65465545654297,-14.1778564453125,-169.65431213378906,-14.177684783935547,1
gh8-02659,-169.66049194335938,-14.173221588134766,-169.66014862060547,-14.173049926757812,1
gh8-02660,-169.66083526611328,-14.173564910888672,-169.66049194335938,-14.173393249511719,1
gh8-02661,-169.65190887451172,-14.178199768066406,-169.6515655517578,-14.178028106689453,1
gh8-02662,-169.65225219726562,-14.17837142944336,-169.65190887451172,-14.178199768066406,1
gh8-02663,-169.65259552001953,-14.178028106689453,-169.65225219726562,-14.1778564453125,1
gh8-02664,-169.65293884277344,-14.17837142944336,-169.65259552001953,-14.178199768066406,1
gh8-02665,-169.65362548828125,-14.17837142944336,-169.65328216552734,-14.178199768066406,1
gh8-02666,-169.65465545654297,-14.17837142944336,-169.65431213378906,-14.178199768066406,1
gh8-02667,-169.65396881103516,-14.178886413574219,-169.65362548828125,-14.178714752197266,1
gh8-02668,-169.65396881103516,-14.179229736328125,-169.65362548828125,-14.179058074951172,1
gh8-02669,-169.65499877929688,-14.178886413574219,-169.65465545654297,-14.178714752197266,1
gh8-02670,-169.65499877929688,-14.179058074951172,-169.65465545654297,-14.178886413574219,1
gh8-02671,-169.65499877929688,-14.179573059082031,-169.65465545654297,-14.179401397705078,1
gh8-02672,-169.65499877929688,-14.179744720458984,-169.65465545654297,-14.179573059082031,1
gh8-02673,-169.65465545654297,-14.18008804321289,-169.65431213378906,-14.179916381835938,1
gh8-02674,-169.6556854248047,-14.179744720458984,-169.65534210205078,-14.179573059082031,1
gh8-02675,-169.6560287475586,-14.179916381835938,-169.6556854248047,-14.179744720458984,1
gh8-02676,-169.65774536132812,-14.180946350097656,-169.65740203857422,-14.180774688720703,1
gh8-02677,-169.65843200683594,-14.181289672851562,-169.65808868408203,-14.18111801147461,1
gh8-02678,-169.65843200683594,-14.181461334228516,-169.65808868408203,-14.181289672851562,1
gh8-02679,-169.6673583984375,-14.172706604003906,-169.6670150756836,-14.172534942626953,1
gh8-02680,-169.66289520263672,-14.181976318359375,-169.6625518798828,-14.181804656982422,1
gh8-02681,-169.6666717529297,-14.183349609375,-169.66632843017578,-14.183177947998047,1
gh8-02682,-169.66049194335938,-14.1888427734375,-169.66014862060547,-14.188671112060547,1
gh8-02683,-169.6670150756836,-14.184036254882812,-169.6666717529297,-14.18386459350586,1
gh8-02684,-169.6666717529297,-14.184722900390625,-169.66632843017578,-14.184551239013672,1
gh8-02685,-169.66838836669922,-14.184722900390625,-169.6680450439453,-14.184551239013672,1
gh8-02686,-169.6677017211914,-14.185066223144531,-169.6673583984375,-14.184894561767578,1
gh8-02687,-169.68143463134766,-14.163093566894531,-169.68109130859375,-14.162921905517578,1
gh8-02688,-169.70306396484375,-14.16961669921875,-169.70272064208984,-14.169445037841797,1
gh8-02689,-169.70890045166016,-14.164981842041016,-169.70855712890625,-14.164810180664062,1
gh8-02690,-169.6790313720703,-14.1778564453125,-169.6786880493164,-14.177684783935547,1
gh8-02691,-169.67491149902344,-14.18283462524414,-169.67456817626953,-14.182662963867188,1
gh8-02692,-169.68624114990234,-14.174079895019531,-169.68589782714844,-14.173908233642578,1
gh8-02693,-169.6731948852539,-14.184207916259766,-169.6728515625,-14.184036254882812,1
gh8-02694,-169.68074798583984,-14.190559387207031,-169.68040466308594,-14.190387725830078,1
gh8-02695,-169.705810546875,-14.184207916259766,-169.7054672241211,-14.184036254882812,1
gh8-02696,-169.71027374267578,-14.18386459350586,-169.70993041992188,-14.183692932128906,1
gh8-02697,-169.65980529785156,-14.197769165039062,-169.65946197509766,-14.19759750366211,1
gh8-02698,-169.66838836669922,-14.198627471923828,-169.6680450439453,-14.198455810546875,1
gh8-02699,-169.71508026123047,-14.19931411743164,-169.71473693847656,-14.199142456054688,1
gh8-02700,-169.67456817626953,-14.23553466796875,-169.67422485351562,-14.235363006591797,1
gh8-02701,-169.73121643066406,-14.159317016601562,-169.73087310791016,-14.15914535522461,1
gh8-02702,-169.7336196899414,-14.167728424072266,-169.7332763671875,-14.167556762695312,1
gh8-02703,-169.74151611328125,-14.163265228271484,-169.74117279052734,-14.163093566894531,1
gh8-02704,-169.7549057006836,-14.167728424072266,-169.7545623779297,-14.167556762695312,1
gh8-02705,-169.75318908691406,-14.169788360595703,-169.75284576416016,-14.16961669921875,1
gh8-02706,-169.75902557373047,-14.168415069580078,-169.75868225097656,-14.168243408203125,1
gh8-02707,-169.71851348876953,-14.183177947998047,-169.71817016601562,-14.183006286621094,1
gh8-02708,-169.7216033935547,-14.19382095336914,-169.72126007080078,-14.193649291992188,1
gh8-02709,-169.72984313964844,-14.18832778930664,-169.72949981689453,-14.188156127929688,1
gh8-02710,-169.72984313964844,-14.191246032714844,-169.72949981689453,-14.19107437133789,1
gh8-02711,-169.7555923461914,-14.185752868652344,-169.7552490234375,-14.18558120727539,1
gh8-02712,-169.77516174316406,-14.151420593261719,-169.77481842041016,-14.151248931884766,1
gh8-02713,-169.76211547851562,-14.164466857910156,-169.76177215576172,-14.164295196533203,1
gh8-02714,-169.76726531982422,-14.17562484741211,-169.7669219970703,-14.175453186035156,1
gh8-02715,-169.7991943359375,-14.181289672851562,-169.7988510131836,-14.18111801147461,1
gh8-02716,-169.7878646850586,-14.185237884521484,-169.7875213623047,-14.185066223144531,1
gh8-02717,-169.7943878173828,-14.184207916259766,-169.7940444946289,-14.184036254882812,1
gh8-02718,-169.73876953125,-14.200000762939453,-169.7384262084961,-14.1998291015625,1
gh8-02719,-169.76829528808594,-14.194507598876953,-169.76795196533203,-14.1943359375,1
gh8-02720,-169.76245880126953,-14.213905334472656,-169.76211547851562,-14.213733673095703,1
gh8-02721,-169.79164123535156,-14.195194244384766,-169.79129791259766,-14.195022583007812,1
gh8-02722,-169.79026794433594,-14.198627471923828,-169.78992462158203,-14.198455810546875,1
gh8-02723,-169.7669219970703,-14.218368530273438,-169.7665786743164,-14.218196868896484,1
gh8-02724,-169.77893829345703,-14.231243133544922,-169.77859497070312,-14.231071472167969,1
gh8-02725,-169.4582748413086,-14.239654541015625,-169.4579315185547,-14.239482879638672,1
gh8-02726,-169.45621490478516,-14.259567260742188,-169.45587158203125,-14.259395599365234,1
gh8-02727,-169.47784423828125,-14.266433715820312,-169.47750091552734,-14.26626205444336,1
gh8-02728,-169.48299407958984,-14.2822265625,-169.48265075683594,-14.282054901123047,1
gh8-02729,-169.50393676757812,-14.242057800292969,-169.50359344482422,-14.241886138916016,1
gh8-02730,-169.50496673583984,-14.245662689208984,-169.50462341308594,-14.245491027832031,1
gh8-02731,-169.51183319091797,-14.23879623413086,-169.51148986816406,-14.238624572753906,1
gh8-02732,-169.51595306396484,-14.24652099609375,-169.51560974121094,-14.246349334716797,1
gh8-02733,-169.51698303222656,-14.24703598022461,-169.51663970947266,-14.246864318847656,1
gh8-02734,-169.5183563232422,-14.24703598022461,-169.51801300048828,-14.246864318847656,1
gh8-02735,-169.50084686279297,-14.257850646972656,-169.50050354003906,-14.257678985595703,1
gh8-02736,-169.52350616455078,-14.2437744140625,-169.52316284179688,-14.243602752685547,1
gh8-02737,-169.52625274658203,-14.240684509277344,-169.52590942382812,-14.24051284790039,1
gh8-02738,-169.5296859741211,-14.238452911376953,-169.5293426513672,-14.23828125,1
gh8-02739,-169.5296859741211,-14.238624572753906,-169.5293426513672,-14.238452911376953,1
gh8-02740,-169.5296859741211,-14.239139556884766,-169.5293426513672,-14.238967895507812,1
gh8-02741,-169.5296859741211,-14.239311218261719,-169.5293426513672,-14.239139556884766,1
gh8-02742,-169.5296859741211,-14.240169525146484,-169.5293426513672,-14.239997863769531,1
gh8-02743,-169.530029296875,-14.240684509277344,-169.5296859741211,-14.24051284790039,1
gh8-02744,-169.530029296875,-14.240856170654297,-169.5296859741211,-14.240684509277344,1
gh8-02745,-169.530029296875,-14.24102783203125,-169.5296859741211,-14.240856170654297,1
gh8-02746,-169.5303726196289,-14.241199493408203,-169.530029296875,-14.24102783203125,1
gh8-02747,-169.53105926513672,-14.242744445800781,-169.5307159423828,-14.242572784423828,1
gh8-02748,-169.53140258789062,-14.242916107177734,-169.53105926513672,-14.242744445800781,1
gh8-02749,-169.53174591064453,-14.2437744140625,-169.53140258789062,-14.243602752685547,1
gh8-02750,-169.5406723022461,-14.23879623413086,-169.5403289794922,-14.238624572753906,1
gh8-02751,-169.53174591064453,-14.24428939819336,-169.53140258789062,-14.244117736816406,1
gh8-02752,-169.53208923339844,-14.245319366455078,-169.53174591064453,-14.245147705078125,1
gh8-02753,-169.53208923339844,-14.245662689208984,-169.53174591064453,-14.245491027832031,1
gh8-02754,-169.53243255615234,-14.248237609863281,-169.53208923339844,-14.248065948486328,1
gh8-02755,-169.53243255615234,-14.248580932617188,-169.53208923339844,-14.248409271240234,1
gh8-02756,-169.53277587890625,-14.24875259399414,-169.53243255615234,-14.248580932617188,1
gh8-02757,-169.53277587890625,-14.249095916748047,-169.53243255615234,-14.248924255371094,1
gh8-02758,-169.53311920166016,-14.250125885009766,-169.53277587890625,-14.249954223632812,1
gh8-02759,-169.51011657714844,-14.270038604736328,-169.50977325439453,-14.269866943359375,1
gh8-02760,-169.52007293701172,-14.270038604736328,-169.5197296142578,-14.269866943359375,1
gh8-02761,-169.5358657836914,-14.281883239746094,-169.5355224609375,-14.28171157836914,1
gh8-02762,-169.47406768798828,-14.298877716064453,-169.47372436523438,-14.2987060546875,1
gh8-02763,-169.49535369873047,-14.284801483154297,-169.49501037597656,-14.284629821777344,1
gh8-02764,-169.46720123291016,-14.320335388183594,-169.46685791015625,-14.32016372680664,1
gh8-02765,-169.47750091552734,-14.307804107666016,-169.47715759277344,-14.307632446289062,1
gh8-02766,-169.48265075683594,-14.311408996582031,-169.48230743408203,-14.311237335205078,1
gh8-02767,-169.47956085205078,-14.317245483398438,-169.47921752929688,-14.317073822021484,1
gh8-02768,-169.49878692626953,-14.292011260986328,-169.49844360351562,-14.291839599609375,1
gh8-02769,-169.49947357177734,-14.29269790649414,-169.49913024902344,-14.292526245117188,1
gh8-02770,-169.50050354003906,-14.291496276855469,-169.50016021728516,-14.291324615478516,1
gh8-02771,-169.50702667236328,-14.291839599609375,-169.50668334960938,-14.291667938232422,1
gh8-02772,-169.49981689453125,-14.293899536132812,-169.49947357177734,-14.29372787475586,1
gh8-02773,-169.49981689453125,-14.294242858886719,-169.49947357177734,-14.294071197509766,1
gh8-02774,-169.50016021728516,-14.293556213378906,-169.49981689453125,-14.293384552001953,1
gh8-02775,-169.50016021728516,-14.293899536132812,-169.49981689453125,-14.29372787475586,1
gh8-02776,-169.5083999633789,-14.299564361572266,-169.508056640625,-14.299392700195312,1
gh8-02777,-169.51698303222656,-14.321708679199219,-169.51663970947266,-14.321537017822266,1
gh8-02778,-169.52007293701172,-14.30643081665039,-169.5197296142578,-14.306259155273438,1
gh8-02779,-169.52762603759766,-14.322395324707031,-169.52728271484375,-14.322223663330078,1
gh8-02780,-169.54307556152344,-14.26300048828125,-169.54273223876953,-14.262828826904297,1
gh8-02781,-169.59148406982422,-14.282054901123047,-169.5911407470703,-14.281883239746094,1
gh8-02782,-169.56127166748047,-14.291667938232422,-169.56092834472656,-14.291496276855469,1
gh8-02783,-169.54856872558594,-14.310722351074219,-169.54822540283203,-14.310550689697266,1
gh8-02784,-169.5417022705078,-14.320507049560547,-169.5413589477539,-14.320335388183594,1
gh8-02785,-169.58324432373047,-14.316387176513672,-169.58290100097656,-14.316215515136719,1
gh8-02786,-169.59388732910156,-14.311237335205078,-169.59354400634766,-14.311065673828125,1
gh8-02787,-169.61551666259766,-14.324455261230469,-169.61517333984375,-14.324283599853516,1
gh8-02788,-169.46823120117188,-14.328575134277344,-169.46788787841797,-14.32840347290039,1
gh8-02789,-169.47338104248047,-14.333209991455078,-169.47303771972656,-14.333038330078125,1
gh8-02790,-169.49501037597656,-14.332866668701172,-169.49466705322266,-14.332695007324219,1
gh8-02791,-169.4970703125,-14.337501525878906,-169.4967269897461,-14.337329864501953,1
gh8-02792,-169.4919204711914,-14.34539794921875,-169.4915771484375,-14.345226287841797,1
gh8-02793,-169.45518493652344,-14.352779388427734,-169.45484161376953,-14.352607727050781,1
gh8-02794,-169.4637680053711,-14.368400573730469,-169.4634246826172,-14.368228912353516,1
gh8-02795,-169.47887420654297,-14.366168975830078,-169.47853088378906,-14.365997314453125,1
gh8-02796,-169.51148986816406,-14.33218002319336,-169.51114654541016,-14.332008361816406,1
gh8-02797,-169.530029296875,-14.340763092041016,-169.5296859741211,-14.340591430664062,1
gh8-02798,-169.52762603759766,-14.362907409667969,-169.52728271484375,-14.362735748291016,1
gh8-02799,-169.530029296875,-14.369258880615234,-169.5296859741211,-14.369087219238281,1
gh8-02800,-169.4593048095703,-14.386940002441406,-169.4589614868164,-14.386768341064453,1
gh8-02801,-169.47853088378906,-14.378013610839844,-169.47818756103516,-14.37784194946289,1
gh8-02802,-169.4970703125,-14.373207092285156,-169.4967269897461,-14.373035430908203,1
gh8-02803,-169.4809341430664,-14.387798309326172,-169.4805908203125,-14.387626647949219,1
gh8-02804,-169.47097778320312,-14.398441314697266,-169.47063446044922,-14.398269653320312,1
gh8-02805,-169.4805908203125,-14.393978118896484,-169.4802474975586,-14.393806457519531,1
gh8-02806,-169.5186996459961,-14.377498626708984,-169.5183563232422,-14.377326965332031,1
gh8-02807,-169.50084686279297,-14.38985824584961,-169.50050354003906,-14.389686584472656,1
gh8-02808,-169.52899932861328,-14.383506774902344,-169.52865600585938,-14.38333511352539,1
gh8-02809,-169.53792572021484,-14.381790161132812,-169.53758239746094,-14.38161849975586,1
gh8-02810,-169.55577850341797,-14.329605102539062,-169.55543518066406,-14.32943344116211,1
gh8-02811,-169.55577850341797,-14.330635070800781,-169.55543518066406,-14.330463409423828,1
gh8-02812,-169.55886840820312,-14.338016510009766,-169.55852508544922,-14.337844848632812,1
gh8-02813,-169.56745147705078,-14.332866668701172,-169.56710815429688,-14.332695007324219,1
gh8-02814,-169.58221435546875,-14.328060150146484,-169.58187103271484,-14.327888488769531,1
gh8-02815,-169.57019805908203,-14.340591430664062,-169.56985473632812,-14.34041976928711,1
gh8-02816,-169.5516586303711,-14.355010986328125,-169.5513153076172,-14.354839324951172,1
gh8-02817,-169.57843780517578,-14.348831176757812,-169.57809448242188,-14.34865951538086,1
gh8-02818,-169.6240997314453,-14.360160827636719,-169.6237564086914,-14.359989166259766,1
gh8-02819,-169.55612182617188,-14.376468658447266,-169.55577850341797,-14.376296997070312,1
gh8-02820,-169.55474853515625,-14.385051727294922,-169.55440521240234,-14.384880065917969,1
gh8-02821,-169.552001953125,-14.398441314697266,-169.5516586303711,-14.398269653320312,1
gh8-02822,-169.5904541015625,-14.373722076416016,-169.5901107788086,-14.373550415039062,1
gh8-02823,-169.58908081054688,-14.379730224609375,-169.58873748779297,-14.379558563232422,1
gh8-02824,-169.59148406982422,-14.382305145263672,-169.5911407470703,-14.382133483886719,1
gh8-02825,-169.59766387939453,-14.382991790771484,-169.59732055664062,-14.382820129394531,1
gh8-02826,-169.6340560913086,-14.25149917602539,-169.6337127685547,-14.251327514648438,1
gh8-02827,-169.6515655517578,-14.258708953857422,-169.6512222290039,-14.258537292480469,1
gh8-02828,-169.6392059326172,-14.281024932861328,-169.63886260986328,-14.280853271484375,1
gh8-02829,-169.71782684326172,-14.244461059570312,-169.7174835205078,-14.24428939819336,1
gh8-02830,-169.64847564697266,-14.351234436035156,-169.64813232421875,-14.351062774658203,1
gh8-02831,-169.69482421875,-14.338531494140625,-169.6944808959961,-14.338359832763672,1
gh8-02832,-169.70375061035156,-14.360160827636719,-169.70340728759766,-14.359989166259766,1
gh8-02833,-169.70924377441406,-14.36187744140625,-169.70890045166016,-14.361705780029297,1
gh8-02834,-169.67559814453125,-14.396896362304688,-169.67525482177734,-14.396724700927734,1
gh8-02835,-169.73190307617188,-14.334754943847656,-169.73155975341797,-14.334583282470703,1
gh8-02836,-169.7439193725586,-14.391059875488281,-169.7435760498047,-14.390888214111328,1
gh8-02837,-169.78134155273438,-14.372520446777344,-169.78099822998047,-14.37234878540039,1
gh8-02838,-169.88365173339844,-14.21682357788086,-169.88330841064453,-14.216651916503906,1
gh8-02839,-170.09033203125,-14.160003662109375,-170.0899887084961,-14.159832000732422,1
gh8-02840,-170.0800323486328,-14.17013168334961,-170.0796890258789,-14.169960021972656,1
gh8-02841,-170.07488250732422,-14.236221313476562,-170.0745391845703,-14.23604965209961,1
gh8-02842,-170.11367797851562,-14.274158477783203,-170.11333465576172,-14.27398681640625,1
gh8-02843,-170.00003814697266,-14.330120086669922,-169.99969482421875,-14.329948425292969,1
gh8-02844,-170.0017547607422,-14.497661590576172,-170.00141143798828,-14.497489929199219,1
gh8-02845,-170.0017547607422,-14.498004913330078,-170.00141143798828,-14.497833251953125,1
gh8-02846,-170.00450134277344,-14.50246810913086,-170.00415802001953,-14.502296447753906,1
gh8-02847,-170.00450134277344,-14.502983093261719,-170.00415802001953,-14.502811431884766,1
gh8-02848,-170.00484466552734,-14.503326416015625,-170.00450134277344,-14.503154754638672,1
gh8-02849,-170.00553131103516,-14.504356384277344,-170.00518798828125,-14.50418472290039,1
gh8-02850,-170.00587463378906,-14.504871368408203,-170.00553131103516,-14.50469970703125,1
gh8-02851,-170.0075912475586,-14.50521469116211,-170.0072479248047,-14.505043029785156,1
gh8-02852,-170.0786590576172,-14.580059051513672,-170.07831573486328,-14.579887390136719,1
gh8-02853,-169.9633026123047,-14.907588958740234,-169.96295928955078,-14.907417297363281,1
gh8-02854,-170.32894134521484,-14.337329864501953,-170.32859802246094,-14.337158203125,1
gh8-02855,-170.32859802246094,-14.339218139648438,-170.32825469970703,-14.339046478271484,1
gh8-02856,-170.32894134521484,-14.339046478271484,-170.32859802246094,-14.338874816894531,1
gh8-02857,-170.32894134521484,-14.339218139648438,-170.32859802246094,-14.339046478271484,1
gh8-02858,-170.32859802246094,-14.33938980102539,-170.32825469970703,-14.339218139648438,1
gh8-02859,-170.32825469970703,-14.340248107910156,-170.32791137695312,-14.340076446533203,1
gh8-02860,-170.32825469970703,-14.340763092041016,-170.32791137695312,-14.340591430664062,1
gh8-02861,-170.32825469970703,-14.342479705810547,-170.32791137695312,-14.342308044433594,1
gh8-02862,-170.32825469970703,-14.342994689941406,-170.32791137695312,-14.342823028564453,1
gh8-02863,-170.32825469970703,-14.34316635131836,-170.32791137695312,-14.342994689941406,1
gh8-02864,-170.32756805419922,-14.34814453125,-170.3272247314453,-14.347972869873047,1
gh8-02865,-170.32791137695312,-14.347972869873047,-170.32756805419922,-14.347801208496094,1
gh8-02866,-170.32825469970703,-14.347114562988281,-170.32791137695312,-14.346942901611328,1
gh8-02867,-170.3265380859375,-14.352264404296875,-170.3261947631836,-14.352092742919922,1
gh8-02868,-170.3258514404297,-14.3536376953125,-170.32550811767578,-14.353466033935547,1
gh8-02869,-170.3261947631836,-14.35312271118164,-170.3258514404297,-14.352951049804688,1
gh8-02870,-170.3265380859375,-14.35312271118164,-170.3261947631836,-14.352951049804688,1
gh8-02871,-170.3261947631836,-14.353466033935547,-170.3258514404297,-14.353294372558594,1
gh8-02872,-170.3261947631836,-14.3536376953125,-170.3258514404297,-14.353466033935547,1
gh8-02873,-170.3272247314453,-14.35037612915039,-170.3268814086914,-14.350204467773438,1
gh8-02874,-170.3272247314453,-14.350719451904297,-170.3268814086914,-14.350547790527344,1
gh8-02875,-170.32756805419922,-14.35037612915039,-170.3272247314453,-14.350204467773438,1
gh8-02876,-170.3272247314453,-14.351062774658203,-170.3268814086914,-14.35089111328125,1
gh8-02877,-170.3258514404297,-14.354324340820312,-170.32550811767578,-14.35415267944336,1
gh8-02878,-170.32550811767578,-14.354667663574219,-170.32516479492188,-14.354496002197266,1
gh8-02879,-170.4470443725586,-14.277935028076172,-170.4467010498047,-14.277763366699219,1
gh8-02880,-170.50334930419922,-14.252700805664062,-170.5030059814453,-14.25252914428711,1
gh8-02881,-170.46043395996094,-14.362907409667969,-170.46009063720703,-14.362735748291016,1
gh8-02882,-170.66917419433594,-14.116230010986328,-170.66883087158203,-14.116058349609375,1
gh8-02883,-170.66814422607422,-14.121208190917969,-170.6678009033203,-14.121036529541016,1
gh8-02884,-170.6781005859375,-14.128589630126953,-170.6777572631836,-14.12841796875,1
gh8-02885,-170.55896759033203,-14.204120635986328,-170.55862426757812,-14.203948974609375,1
gh8-02886,-170.60394287109375,-14.213390350341797,-170.60359954833984,-14.213218688964844,1
gh8-02887,-170.61527252197266,-14.208755493164062,-170.61492919921875,-14.20858383178711,1
gh8-02888,-170.61767578125,-14.212017059326172,-170.6173324584961,-14.211845397949219,1
gh8-02889,-170.6228256225586,-14.200000762939453,-170.6224822998047,-14.1998291015625,1
gh8-02890,-170.63587188720703,-14.203262329101562,-170.63552856445312,-14.20309066772461,1
gh8-02891,-170.61904907226562,-14.2108154296875,-170.61870574951172,-14.210643768310547,1
gh8-02892,-170.62591552734375,-14.208755493164062,-170.62557220458984,-14.20858383178711,1
gh8-02893,-170.6224822998047,-14.21356201171875,-170.62213897705078,-14.213390350341797,1
gh8-02894,-170.61973571777344,-14.214591979980469,-170.61939239501953,-14.214420318603516,1
gh8-02895,-170.62042236328125,-14.21579360961914,-170.62007904052734,-14.215621948242188,1
gh8-02896,-170.6279754638672,-14.215106964111328,-170.62763214111328,-14.214935302734375,1
gh8-02897,-170.6341552734375,-14.20806884765625,-170.6338119506836,-14.207897186279297,1
gh8-02898,-170.6293487548828,-14.210128784179688,-170.6290054321289,-14.209957122802734,1
gh8-02899,-170.6396484375,-14.208412170410156,-170.6393051147461,-14.208240509033203,1
gh8-02900,-170.63793182373047,-14.2108154296875,-170.63758850097656,-14.210643768310547,1
gh8-02901,-170.63140869140625,-14.212703704833984,-170.63106536865234,-14.212532043457031,1
gh8-02902,-170.6011962890625,-14.219741821289062,-170.6008529663086,-14.21957015991211,1
gh8-02903,-170.6169891357422,-14.223518371582031,-170.61664581298828,-14.223346710205078,1
gh8-02904,-170.60977935791016,-14.23553466796875,-170.60943603515625,-14.235363006591797,1
gh8-02905,-170.61561584472656,-14.237251281738281,-170.61527252197266,-14.237079620361328,1
gh8-02906,-170.6224822998047,-14.22454833984375,-170.62213897705078,-14.224376678466797,1
gh8-02907,-170.6338119506836,-14.219398498535156,-170.6334686279297,-14.219226837158203,1
gh8-02908,-170.6293487548828,-14.226264953613281,-170.6290054321289,-14.226093292236328,1
gh8-02909,-170.6389617919922,-14.222488403320312,-170.63861846923828,-14.22231674194336,1
gh8-02910,-170.63003540039062,-14.23004150390625,-170.62969207763672,-14.229869842529297,1
gh8-02911,-170.63175201416016,-14.236907958984375,-170.63140869140625,-14.236736297607422,1
gh8-02912,-170.63758850097656,-14.236907958984375,-170.63724517822266,-14.236736297607422,1
gh8-02913,-170.64308166503906,-14.199485778808594,-170.64273834228516,-14.19931411743164,1
gh8-02914,-170.65235137939453,-14.200515747070312,-170.65200805664062,-14.20034408569336,1
gh8-02915,-170.65303802490234,-14.20309066772461,-170.65269470214844,-14.202919006347656,1
gh8-02916,-170.64273834228516,-14.207725524902344,-170.64239501953125,-14.20755386352539,1
gh8-02917,-170.64376831054688,-14.212875366210938,-170.64342498779297,-14.212703704833984,1
gh8-02918,-170.6447982788086,-14.213733673095703,-170.6444549560547,-14.21356201171875,1
gh8-02919,-170.64308166503906,-14.215965270996094,-170.64273834228516,-14.21579360961914,1
gh8-02920,-170.6499481201172,-14.216136932373047,-170.64960479736328,-14.215965270996094,1
gh8-02921,-170.66059112548828,-14.210472106933594,-170.66024780273438,-14.21030044555664,1
gh8-02922,-170.65784454345703,-14.213390350341797,-170.65750122070312,-14.213218688964844,1
gh8-02923,-170.65990447998047,-14.215106964111328,-170.65956115722656,-14.214935302734375,1
gh8-02924,-170.66539764404297,-14.201717376708984,-170.66505432128906,-14.201545715332031,1
gh8-02925,-170.66917419433594,-14.213733673095703,-170.66883087158203,-14.21356201171875,1
gh8-02926,-170.67363739013672,-14.216136932373047,-170.6732940673828,-14.215965270996094,1
gh8-02927,-170.64239501953125,-14.21854019165039,-170.64205169677734,-14.218368530273438,1
gh8-02928,-170.64342498779297,-14.225749969482422,-170.64308166503906,-14.225578308105469,1
gh8-02929,-170.6554412841797,-14.219226837158203,-170.65509796142578,-14.21905517578125,1
gh8-02930,-170.6612777709961,-14.217853546142578,-170.6609344482422,-14.217681884765625,1
gh8-02931,-170.65853118896484,-14.21957015991211,-170.65818786621094,-14.219398498535156,1
gh8-02932,-170.65200805664062,-14.22677993774414,-170.65166473388672,-14.226608276367188,1
gh8-02933,-170.65956115722656,-14.225921630859375,-170.65921783447266,-14.225749969482422,1
gh8-02934,-170.64857482910156,-14.230213165283203,-170.64823150634766,-14.23004150390625,1
gh8-02935,-170.65338134765625,-14.229183197021484,-170.65303802490234,-14.229011535644531,1
gh8-02936,-170.6564712524414,-14.232959747314453,-170.6561279296875,-14.2327880859375,1
gh8-02937,-170.65853118896484,-14.235363006591797,-170.65818786621094,-14.235191345214844,1
gh8-02938,-170.65921783447266,-14.23604965209961,-170.65887451171875,-14.235877990722656,1
gh8-02939,-170.6667709350586,-14.225578308105469,-170.6664276123047,-14.225406646728516,1
gh8-02940,-170.67363739013672,-14.217338562011719,-170.6732940673828,-14.217166900634766,1
gh8-02941,-170.6784439086914,-14.222831726074219,-170.6781005859375,-14.222660064697266,1
gh8-02942,-170.68016052246094,-14.226264953613281,-170.67981719970703,-14.226093292236328,1
gh8-02943,-170.68050384521484,-14.22952651977539,-170.68016052246094,-14.229354858398438,1
gh8-02944,-170.7330322265625,-14.119834899902344,-170.7326889038086,-14.11966323852539,1
gh8-02945,-170.75225830078125,-14.133052825927734,-170.75191497802734,-14.132881164550781,1
gh8-02946,-170.69217681884766,-14.211845397949219,-170.69183349609375,-14.211673736572266,1
gh8-02947,-170.6952667236328,-14.211502075195312,-170.6949234008789,-14.21133041381836,1
gh8-02948,-170.70693969726562,-14.20034408569336,-170.70659637451172,-14.200172424316406,1
gh8-02949,-170.72307586669922,-14.201717376708984,-170.7227325439453,-14.201545715332031,1
gh8-02950,-170.70796966552734,-14.21304702758789,-170.70762634277344,-14.212875366210938,1
gh8-02951,-170.71929931640625,-14.207725524902344,-170.71895599365234,-14.20755386352539,1
gh8-02952,-170.68496704101562,-14.220085144042969,-170.68462371826172,-14.219913482666016,1
gh8-02953,-170.6897735595703,-14.220256805419922,-170.6894302368164,-14.220085144042969,1
gh8-02954,-170.68462371826172,-14.223861694335938,-170.6842803955078,-14.223690032958984,1
gh8-02955,-170.6842803955078,-14.226093292236328,-170.6839370727539,-14.225921630859375,1
gh8-02956,-170.69183349609375,-14.225234985351562,-170.69149017333984,-14.22506332397461,1
gh8-02957,-170.69595336914062,-14.224205017089844,-170.69561004638672,-14.22403335571289,1
gh8-02958,-170.69869995117188,-14.221973419189453,-170.69835662841797,-14.2218017578125,1
gh8-02959,-170.69114685058594,-14.23004150390625,-170.69080352783203,-14.229869842529297,1
gh8-02960,-170.69183349609375,-14.231758117675781,-170.69149017333984,-14.231586456298828,1
gh8-02961,-170.6842803955078,-14.237251281738281,-170.6839370727539,-14.237079620361328,1
gh8-02962,-170.69904327392578,-14.231929779052734,-170.69869995117188,-14.231758117675781,1
gh8-02963,-170.7048797607422,-14.227466583251953,-170.70453643798828,-14.227294921875,1
gh8-02964,-170.69561004638672,-14.238109588623047,-170.6952667236328,-14.237937927246094,1
gh8-02965,-170.70384979248047,-14.233646392822266,-170.70350646972656,-14.233474731445312,1
gh8-02966,-170.7114028930664,-14.220600128173828,-170.7110595703125,-14.220428466796875,1
gh8-02967,-170.72650909423828,-14.224376678466797,-170.72616577148438,-14.224205017089844,1
gh8-02968,-170.71758270263672,-14.229869842529297,-170.7172393798828,-14.229698181152344,1
gh8-02969,-170.71826934814453,-14.231414794921875,-170.71792602539062,-14.231243133544922,1
gh8-02970,-170.71895599365234,-14.230899810791016,-170.71861267089844,-14.230728149414062,1
gh8-02971,-170.7168960571289,-14.232101440429688,-170.716552734375,-14.231929779052734,1
gh8-02972,-170.71758270263672,-14.235363006591797,-170.7172393798828,-14.235191345214844,1
gh8-02973,-170.71964263916016,-14.235706329345703,-170.71929931640625,-14.23553466796875,1
gh8-02974,-170.7220458984375,-14.235877990722656,-170.7217025756836,-14.235706329345703,1
gh8-02975,-170.73440551757812,-14.199657440185547,-170.73406219482422,-14.199485778808594,1
gh8-02976,-170.73474884033203,-14.19931411743164,-170.73440551757812,-14.199142456054688,1
gh8-02977,-170.7378387451172,-14.197425842285156,-170.73749542236328,-14.197254180908203,1
gh8-02978,-170.73749542236328,-14.197769165039062,-170.73715209960938,-14.19759750366211,1
gh8-02979,-170.73612213134766,-14.198799133300781,-170.73577880859375,-14.198627471923828,1
gh8-02980,-170.73646545410156,-14.198799133300781,-170.73612213134766,-14.198627471923828,1
gh8-02981,-170.7330322265625,-14.202232360839844,-170.7326889038086,-14.20206069946289,1
gh8-02982,-170.7323455810547,-14.202919006347656,-170.73200225830078,-14.202747344970703,1
gh8-02983,-170.73406219482422,-14.200687408447266,-170.7337188720703,-14.200515747070312,1
gh8-02984,-170.73406219482422,-14.200859069824219,-170.7337188720703,-14.200687408447266,1
gh8-02985,-170.73406219482422,-14.201374053955078,-170.7337188720703,-14.201202392578125,1
gh8-02986,-170.73474884033203,-14.201717376708984,-170.73440551757812,-14.201545715332031,1
gh8-02987,-170.7433319091797,-14.204635620117188,-170.74298858642578,-14.204463958740234,1
gh8-02988,-170.73715209960938,-14.21133041381836,-170.73680877685547,-14.211158752441406,1
gh8-02989,-170.74642181396484,-14.210128784179688,-170.74607849121094,-14.209957122802734,1
gh8-02990,-170.75672149658203,-14.201889038085938,-170.75637817382812,-14.201717376708984,1
gh8-02991,-170.760498046875,-14.201717376708984,-170.7601547241211,-14.201545715332031,1
gh8-02992,-170.76427459716797,-14.201374053955078,-170.76393127441406,-14.201202392578125,1
gh8-02993,-170.76255798339844,-14.204120635986328,-170.76221466064453,-14.203948974609375,1
gh8-02994,-170.75809478759766,-14.206695556640625,-170.75775146484375,-14.206523895263672,1
gh8-02995,-170.75191497802734,-14.215106964111328,-170.75157165527344,-14.214935302734375,1
gh8-02996,-170.76290130615234,-14.208755493164062,-170.76255798339844,-14.20858383178711,1
gh8-02997,-170.76805114746094,-14.208412170410156,-170.76770782470703,-14.208240509033203,1
gh8-02998,-170.77011108398438,-14.209957122802734,-170.76976776123047,-14.209785461425781,1
gh8-02999,-170.73612213134766,-14.216480255126953,-170.73577880859375,-14.21630859375,1
gh8-03000,-170.73715209960938,-14.217681884765625,-170.73680877685547,-14.217510223388672,1
gh8-03001,-170.7440185546875,-14.21682357788086,-170.7436752319336,-14.216651916503906,1
gh8-03002,-170.7443618774414,-14.226264953613281,-170.7440185546875,-14.226093292236328,1
gh8-03003,-170.73509216308594,-14.230384826660156,-170.73474884033203,-14.230213165283203,1
gh8-03004,-170.73577880859375,-14.234161376953125,-170.73543548583984,-14.233989715576172,1
gh8-03005,-170.7392120361328,-14.233131408691406,-170.7388687133789,-14.232959747314453,1
gh8-03006,-170.74127197265625,-14.233646392822266,-170.74092864990234,-14.233474731445312,1
gh8-03007,-170.74848175048828,-14.234333038330078,-170.74813842773438,-14.234161376953125,1
gh8-03008,-170.74676513671875,-14.237422943115234,-170.74642181396484,-14.237251281738281,1
gh8-03009,-170.76290130615234,-14.22231674194336,-170.76255798339844,-14.222145080566406,1
gh8-03010,-170.76393127441406,-14.222660064697266,-170.76358795166016,-14.222488403320312,1
gh8-03011,-170.7601547241211,-14.227638244628906,-170.7598114013672,-14.227466583251953,1
gh8-03012,-170.76393127441406,-14.228153228759766,-170.76358795166016,-14.227981567382812,1
gh8-03013,-170.76324462890625,-14.233131408691406,-170.76290130615234,-14.232959747314453,1
gh8-03014,-170.78418731689453,-14.201030731201172,-170.78384399414062,-14.200859069824219,1
gh8-03015,-170.78487396240234,-14.202232360839844,-170.78453063964844,-14.20206069946289,1
gh8-03016,-170.78968048095703,-14.207038879394531,-170.78933715820312,-14.206867218017578,1
gh8-03017,-170.78487396240234,-14.21356201171875,-170.78453063964844,-14.213390350341797,1
gh8-03018,-170.78659057617188,-14.216136932373047,-170.78624725341797,-14.215965270996094,1
gh8-03019,-170.7938003540039,-14.205665588378906,-170.79345703125,-14.205493927001953,1
gh8-03020,-170.78109741210938,-14.224205017089844,-170.78075408935547,-14.22403335571289,1
gh8-03021,-170.78487396240234,-14.217681884765625,-170.78453063964844,-14.217510223388672,1
gh8-03022,-170.78384399414062,-14.222831726074219,-170.78350067138672,-14.222660064697266,1
gh8-03023,-170.78384399414062,-14.225749969482422,-170.78350067138672,-14.225578308105469,1
gh8-03024,-170.77869415283203,-14.233646392822266,-170.77835083007812,-14.233474731445312,1
gh8-03025,-170.7817840576172,-14.235877990722656,-170.78144073486328,-14.235706329345703,1
gh8-03026,-170.7817840576172,-14.23604965209961,-170.78144073486328,-14.235877990722656,1
gh8-03027,-170.78899383544922,-14.227466583251953,-170.7886505126953,-14.227294921875,1
gh8-03028,-170.80135345458984,-14.227294921875,-170.80101013183594,-14.227123260498047,1
gh8-03029,-170.50918579101562,-14.255619049072266,-170.50884246826172,-14.255447387695312,1
gh8-03030,-170.5242919921875,-14.261627197265625,-170.5239486694336,-14.261455535888672,1
gh8-03031,-170.54180145263672,-14.264545440673828,-170.5414581298828,-14.264373779296875,1
gh8-03032,-170.54180145263672,-14.270553588867188,-170.5414581298828,-14.270381927490234,1
gh8-03033,-170.54420471191406,-14.269351959228516,-170.54386138916016,-14.269180297851562,1
gh8-03034,-170.53184509277344,-14.272441864013672,-170.53150177001953,-14.272270202636719,1
gh8-03035,-170.5514144897461,-14.27999496459961,-170.5510711669922,-14.279823303222656,1
gh8-03036,-170.562744140625,-14.245491027832031,-170.5624008178711,-14.245319366455078,1
gh8-03037,-170.56446075439453,-14.241199493408203,-170.56411743164062,-14.24102783203125,1
gh8-03038,-170.5630874633789,-14.246177673339844,-170.562744140625,-14.24600601196289,1
gh8-03039,-170.57029724121094,-14.24652099609375,-170.56995391845703,-14.246349334716797,1
gh8-03040,-170.5579376220703,-14.259052276611328,-170.5575942993164,-14.258880615234375,1
gh8-03041,-170.58368682861328,-14.248924255371094,-170.58334350585938,-14.24875259399414,1
gh8-03042,-170.58574676513672,-14.247722625732422,-170.5854034423828,-14.247550964355469,1
gh8-03043,-170.57647705078125,-14.24978256225586,-170.57613372802734,-14.249610900878906,1
gh8-03044,-170.58334350585938,-14.250125885009766,-170.58300018310547,-14.249954223632812,1
gh8-03045,-170.5902099609375,-14.250125885009766,-170.5898666381836,-14.249954223632812,1
gh8-03046,-170.58746337890625,-14.259223937988281,-170.58712005615234,-14.259052276611328,1
gh8-03047,-170.5565643310547,-14.262313842773438,-170.55622100830078,-14.262142181396484,1
gh8-03048,-170.55999755859375,-14.270896911621094,-170.55965423583984,-14.27072525024414,1
gh8-03049,-170.56377410888672,-14.265060424804688,-170.5634307861328,-14.264888763427734,1
gh8-03050,-170.5524444580078,-14.278793334960938,-170.5521011352539,-14.278621673583984,1
gh8-03051,-170.55278778076172,-14.278793334960938,-170.5524444580078,-14.278621673583984,1
gh8-03052,-170.55278778076172,-14.279136657714844,-170.5524444580078,-14.27896499633789,1
gh8-03053,-170.55519104003906,-14.278621673583984,-170.55484771728516,-14.278450012207031,1
gh8-03054,-170.55587768554688,-14.27896499633789,-170.55553436279297,-14.278793334960938,1
gh8-03055,-170.55553436279297,-14.27947998046875,-170.55519104003906,-14.279308319091797,1
gh8-03056,-170.5565643310547,-14.278793334960938,-170.55622100830078,-14.278621673583984,1
gh8-03057,-170.55622100830078,-14.279136657714844,-170.55587768554688,-14.27896499633789,1
gh8-03058,-170.55278778076172,-14.279651641845703,-170.5524444580078,-14.27947998046875,1
gh8-03059,-170.55347442626953,-14.279823303222656,-170.55313110351562,-14.279651641845703,1
gh8-03060,-170.55347442626953,-14.27999496459961,-170.55313110351562,-14.279823303222656,1
gh8-03061,-170.55416107177734,-14.280338287353516,-170.55381774902344,-14.280166625976562,1
gh8-03062,-170.5572509765625,-14.279651641845703,-170.5569076538086,-14.27947998046875,1
gh8-03063,-170.55965423583984,-14.281883239746094,-170.55931091308594,-14.28171157836914,1
gh8-03064,-170.5630874633789,-14.272613525390625,-170.562744140625,-14.272441864013672,1
gh8-03065,-170.56377410888672,-14.274158477783203,-170.5634307861328,-14.27398681640625,1
gh8-03066,-170.5733871459961,-14.271583557128906,-170.5730438232422,-14.271411895751953,1
gh8-03067,-170.5689239501953,-14.277763366699219,-170.5685806274414,-14.277591705322266,1
gh8-03068,-170.57064056396484,-14.277076721191406,-170.57029724121094,-14.276905059814453,1
gh8-03069,-170.5740737915039,-14.27450180053711,-170.57373046875,-14.274330139160156,1
gh8-03070,-170.5740737915039,-14.274673461914062,-170.57373046875,-14.27450180053711,1
gh8-03071,-170.5785369873047,-14.27450180053711,-170.57819366455078,-14.274330139160156,1
gh8-03072,-170.5785369873047,-14.274845123291016,-170.57819366455078,-14.274673461914062,1
gh8-03073,-170.58300018310547,-14.275016784667969,-170.58265686035156,-14.274845123291016,1
gh8-03074,-170.58712005615234,-14.275703430175781,-170.58677673339844,-14.275531768798828,1
gh8-03075,-170.58712005615234,-14.276046752929688,-170.58677673339844,-14.275875091552734,1
gh8-03076,-170.54489135742188,-14.286003112792969,-170.54454803466797,-14.285831451416016,1
gh8-03077,-170.5469512939453,-14.28445816040039,-170.5466079711914,-14.284286499023438,1
gh8-03078,-170.5469512939453,-14.284629821777344,-170.5466079711914,-14.28445816040039,1
gh8-03079,-170.5510711669922,-14.283943176269531,-170.55072784423828,-14.283771514892578,1
gh8-03080,-170.5466079711914,-14.285144805908203,-170.5462646484375,-14.28497314453125,1
gh8-03081,-170.5517578125,-14.28548812866211,-170.5514144897461,-14.285316467285156,1
gh8-03082,-170.55004119873047,-14.300079345703125,-170.54969787597656,-14.299907684326172,1
gh8-03083,-170.56137084960938,-14.28274154663086,-170.56102752685547,-14.282569885253906,1
gh8-03084,-170.56102752685547,-14.283084869384766,-170.56068420410156,-14.282913208007812,1
gh8-03085,-170.56137084960938,-14.283084869384766,-170.56102752685547,-14.282913208007812,1
gh8-03086,-170.5634307861328,-14.288406372070312,-170.5630874633789,-14.28823471069336,1
gh8-03087,-170.5634307861328,-14.288578033447266,-170.5630874633789,-14.288406372070312,1
gh8-03088,-170.5840301513672,-14.305572509765625,-170.58368682861328,-14.305400848388672,1
gh8-03089,-170.60016632080078,-14.246177673339844,-170.59982299804688,-14.24600601196289,1
gh8-03090,-170.6008529663086,-14.24600601196289,-170.6005096435547,-14.245834350585938,1
gh8-03091,-170.60497283935547,-14.251670837402344,-170.60462951660156,-14.25149917602539,1
gh8-03092,-170.60394287109375,-14.253215789794922,-170.60359954833984,-14.253044128417969,1
gh8-03093,-170.60222625732422,-14.253559112548828,-170.6018829345703,-14.253387451171875,1
gh8-03094,-170.59673309326172,-14.257164001464844,-170.5963897705078,-14.25699234008789,1
gh8-03095,-170.59741973876953,-14.25699234008789,-170.59707641601562,-14.256820678710938,1
gh8-03096,-170.59947967529297,-14.256305694580078,-170.59913635253906,-14.256134033203125,1
gh8-03097,-170.6008529663086,-14.257850646972656,-170.6005096435547,-14.257678985595703,1
gh8-03098,-170.60806274414062,-14.25424575805664,-170.60771942138672,-14.254074096679688,1
gh8-03099,-170.61355590820312,-14.253730773925781,-170.61321258544922,-14.253559112548828,1
gh8-03100,-170.61080932617188,-14.256305694580078,-170.61046600341797,-14.256134033203125,1
gh8-03101,-170.6125259399414,-14.259223937988281,-170.6121826171875,-14.259052276611328,1
gh8-03102,-170.6231689453125,-14.239311218261719,-170.6228256225586,-14.239139556884766,1
gh8-03103,-170.6231689453125,-14.243087768554688,-170.6228256225586,-14.242916107177734,1
gh8-03104,-170.62660217285156,-14.247550964355469,-170.62625885009766,-14.247379302978516,1
gh8-03105,-170.62042236328125,-14.251327514648438,-170.62007904052734,-14.251155853271484,1
gh8-03106,-170.62488555908203,-14.25699234008789,-170.62454223632812,-14.256820678710938,1
gh8-03107,-170.63072204589844,-14.25802230834961,-170.63037872314453,-14.257850646972656,1
gh8-03108,-170.60531616210938,-14.26300048828125,-170.60497283935547,-14.262828826904297,1
gh8-03109,-170.6063461303711,-14.265575408935547,-170.6060028076172,-14.265403747558594,1
gh8-03110,-170.6114959716797,-14.265403747558594,-170.61115264892578,-14.26523208618164,1
gh8-03111,-170.61115264892578,-14.265575408935547,-170.61080932617188,-14.265403747558594,1
gh8-03112,-170.61527252197266,-14.261112213134766,-170.61492919921875,-14.260940551757812,1
gh8-03113,-170.61630249023438,-14.262142181396484,-170.61595916748047,-14.261970520019531,1
gh8-03114,-170.6128692626953,-14.265575408935547,-170.6125259399414,-14.265403747558594,1
gh8-03115,-170.6114959716797,-14.270553588867188,-170.61115264892578,-14.270381927490234,1
gh8-03116,-170.61492919921875,-14.271240234375,-170.61458587646484,-14.271068572998047,1
gh8-03117,-170.60016632080078,-14.273643493652344,-170.59982299804688,-14.27347183227539,1
gh8-03118,-170.59707641601562,-14.282054901123047,-170.59673309326172,-14.281883239746094,1
gh8-03119,-170.6070327758789,-14.27896499633789,-170.606689453125,-14.278793334960938,1
gh8-03120,-170.61355590820312,-14.277591705322266,-170.61321258544922,-14.277420043945312,1
gh8-03121,-170.62007904052734,-14.262142181396484,-170.61973571777344,-14.261970520019531,1
gh8-03122,-170.62488555908203,-14.261798858642578,-170.62454223632812,-14.261627197265625,1
gh8-03123,-170.62694549560547,-14.260940551757812,-170.62660217285156,-14.26076889038086,1
gh8-03124,-170.6279754638672,-14.261112213134766,-170.62763214111328,-14.260940551757812,1
gh8-03125,-170.62694549560547,-14.270553588867188,-170.62660217285156,-14.270381927490234,1
gh8-03126,-170.6341552734375,-14.267292022705078,-170.6338119506836,-14.267120361328125,1
gh8-03127,-170.62179565429688,-14.274673461914062,-170.62145233154297,-14.27450180053711,1
gh8-03128,-170.6224822998047,-14.274845123291016,-170.62213897705078,-14.274673461914062,1
gh8-03129,-170.62969207763672,-14.272098541259766,-170.6293487548828,-14.271926879882812,1
gh8-03130,-170.6348419189453,-14.273128509521484,-170.6344985961914,-14.272956848144531,1
gh8-03131,-170.63621520996094,-14.280166625976562,-170.63587188720703,-14.27999496459961,1
gh8-03132,-170.63793182373047,-14.280681610107422,-170.63758850097656,-14.280509948730469,1
gh8-03133,-170.63793182373047,-14.280853271484375,-170.63758850097656,-14.280681610107422,1
gh8-03134,-170.63827514648438,-14.280681610107422,-170.63793182373047,-14.280509948730469,1
gh8-03135,-170.6389617919922,-14.280681610107422,-170.63861846923828,-14.280509948730469,1
gh8-03136,-170.63724517822266,-14.281024932861328,-170.63690185546875,-14.280853271484375,1
gh8-03137,-170.63861846923828,-14.281196594238281,-170.63827514648438,-14.281024932861328,1
gh8-03138,-170.6393051147461,-14.281539916992188,-170.6389617919922,-14.281368255615234,1
gh8-03139,-170.64239501953125,-14.239654541015625,-170.64205169677734,-14.239482879638672,1
gh8-03140,-170.6451416015625,-14.24102783203125,-170.6447982788086,-14.240856170654297,1
gh8-03141,-170.6509780883789,-14.238624572753906,-170.650634765625,-14.238452911376953,1
gh8-03142,-170.65200805664062,-14.240856170654297,-170.65166473388672,-14.240684509277344,1
gh8-03143,-170.6554412841797,-14.24428939819336,-170.65509796142578,-14.244117736816406,1
gh8-03144,-170.65887451171875,-14.244117736816406,-170.65853118896484,-14.243946075439453,1
gh8-03145,-170.66024780273438,-14.245147705078125,-170.65990447998047,-14.244976043701172,1
gh8-03146,-170.6609344482422,-14.245834350585938,-170.66059112548828,-14.245662689208984,1
gh8-03147,-170.6612777709961,-14.246349334716797,-170.6609344482422,-14.246177673339844,1
gh8-03148,-170.6612777709961,-14.24652099609375,-170.6609344482422,-14.246349334716797,1
gh8-03149,-170.66162109375,-14.247379302978516,-170.6612777709961,-14.247207641601562,1
gh8-03150,-170.66162109375,-14.247722625732422,-170.6612777709961,-14.247550964355469,1
gh8-03151,-170.66162109375,-14.247894287109375,-170.6612777709961,-14.247722625732422,1
gh8-03152,-170.6609344482422,-14.248580932617188,-170.66059112548828,-14.248409271240234,1
gh8-03153,-170.66162109375,-14.248580932617188,-170.6612777709961,-14.248409271240234,1
gh8-03154,-170.64102172851562,-14.25149917602539,-170.64067840576172,-14.251327514648438,1
gh8-03155,-170.64651489257812,-14.249610900878906,-170.64617156982422,-14.249439239501953,1
gh8-03156,-170.6458282470703,-14.255790710449219,-170.6454849243164,-14.255619049072266,1
gh8-03157,-170.64891815185547,-14.256820678710938,-170.64857482910156,-14.256649017333984,1
gh8-03158,-170.65269470214844,-14.258537292480469,-170.65235137939453,-14.258365631103516,1
gh8-03159,-170.65235137939453,-14.258708953857422,-170.65200805664062,-14.258537292480469,1
gh8-03160,-170.65853118896484,-14.254932403564453,-170.65818786621094,-14.2547607421875,1
gh8-03161,-170.6564712524414,-14.256820678710938,-170.6561279296875,-14.256649017333984,1
gh8-03162,-170.65921783447266,-14.255104064941406,-170.65887451171875,-14.254932403564453,1
gh8-03163,-170.65921783447266,-14.255619049072266,-170.65887451171875,-14.255447387695312,1
gh8-03164,-170.67157745361328,-14.23879623413086,-170.67123413085938,-14.238624572753906,1
gh8-03165,-170.6719207763672,-14.239139556884766,-170.67157745361328,-14.238967895507812,1
gh8-03166,-170.67123413085938,-14.240684509277344,-170.67089080810547,-14.24051284790039,1
gh8-03167,-170.67123413085938,-14.240856170654297,-170.67089080810547,-14.240684509277344,1
gh8-03168,-170.67157745361328,-14.240684509277344,-170.67123413085938,-14.24051284790039,1
gh8-03169,-170.67157745361328,-14.240856170654297,-170.67123413085938,-14.240684509277344,1
gh8-03170,-170.67157745361328,-14.241199493408203,-170.67123413085938,-14.24102783203125,1
gh8-03171,-170.6719207763672,-14.241714477539062,-170.67157745361328,-14.24154281616211,1
gh8-03172,-170.67157745361328,-14.242057800292969,-170.67123413085938,-14.241886138916016,1
gh8-03173,-170.67157745361328,-14.242744445800781,-170.67123413085938,-14.242572784423828,1
gh8-03174,-170.66299438476562,-14.244117736816406,-170.66265106201172,-14.243946075439453,1
gh8-03175,-170.66574096679688,-14.245491027832031,-170.66539764404297,-14.245319366455078,1
gh8-03176,-170.6719207763672,-14.243946075439453,-170.67157745361328,-14.2437744140625,1
gh8-03177,-170.6722640991211,-14.24428939819336,-170.6719207763672,-14.244117736816406,1
gh8-03178,-170.6722640991211,-14.245662689208984,-170.6719207763672,-14.245491027832031,1
gh8-03179,-170.67089080810547,-14.246864318847656,-170.67054748535156,-14.246692657470703,1
gh8-03180,-170.67466735839844,-14.238967895507812,-170.67432403564453,-14.23879623413086,1
gh8-03181,-170.67363739013672,-14.240341186523438,-170.6732940673828,-14.240169525146484,1
gh8-03182,-170.67363739013672,-14.24051284790039,-170.6732940673828,-14.240341186523438,1
gh8-03183,-170.67363739013672,-14.242572784423828,-170.6732940673828,-14.242401123046875,1
gh8-03184,-170.67569732666016,-14.242916107177734,-170.67535400390625,-14.242744445800781,1
gh8-03185,-170.67604064941406,-14.243946075439453,-170.67569732666016,-14.2437744140625,1
gh8-03186,-170.6781005859375,-14.24428939819336,-170.6777572631836,-14.244117736816406,1
gh8-03187,-170.67707061767578,-14.244804382324219,-170.67672729492188,-14.244632720947266,1
gh8-03188,-170.6781005859375,-14.245147705078125,-170.6777572631836,-14.244976043701172,1
gh8-03189,-170.6732940673828,-14.248237609863281,-170.6729507446289,-14.248065948486328,1
gh8-03190,-170.6774139404297,-14.248409271240234,-170.67707061767578,-14.248237609863281,1
gh8-03191,-170.67913055419922,-14.247722625732422,-170.6787872314453,-14.247550964355469,1
gh8-03192,-170.6623077392578,-14.250125885009766,-170.6619644165039,-14.249954223632812,1
gh8-03193,-170.66608428955078,-14.249439239501953,-170.66574096679688,-14.249267578125,1
gh8-03194,-170.66574096679688,-14.250984191894531,-170.66539764404297,-14.250812530517578,1
gh8-03195,-170.66436767578125,-14.253044128417969,-170.66402435302734,-14.252872467041016,1
gh8-03196,-170.672607421875,-14.251327514648438,-170.6722640991211,-14.251155853271484,1
gh8-03197,-170.67020416259766,-14.256820678710938,-170.66986083984375,-14.256649017333984,1
gh8-03198,-170.67398071289062,-14.250812530517578,-170.67363739013672,-14.250640869140625,1
gh8-03199,-170.67363739013672,-14.252357482910156,-170.6732940673828,-14.252185821533203,1
gh8-03200,-170.67981719970703,-14.25149917602539,-170.67947387695312,-14.251327514648438,1
gh8-03201,-170.64170837402344,-14.261112213134766,-170.64136505126953,-14.260940551757812,1
gh8-03202,-170.6564712524414,-14.26076889038086,-170.6561279296875,-14.260597229003906,1
gh8-03203,-170.65990447998047,-14.263172149658203,-170.65956115722656,-14.26300048828125,1
gh8-03204,-170.66162109375,-14.269523620605469,-170.6612777709961,-14.269351959228516,1
gh8-03205,-170.66162109375,-14.277935028076172,-170.6612777709961,-14.277763366699219,1
gh8-03206,-170.66059112548828,-14.280681610107422,-170.66024780273438,-14.280509948730469,1
gh8-03207,-170.66436767578125,-14.265918731689453,-170.66402435302734,-14.2657470703125,1
gh8-03208,-170.6667709350586,-14.270038604736328,-170.6664276123047,-14.269866943359375,1
gh8-03209,-170.672607421875,-14.266948699951172,-170.6722640991211,-14.266777038574219,1
gh8-03210,-170.6674575805664,-14.271068572998047,-170.6671142578125,-14.270896911621094,1
gh8-03211,-170.67638397216797,-14.261112213134766,-170.67604064941406,-14.260940551757812,1
gh8-03212,-170.6781005859375,-14.262142181396484,-170.6777572631836,-14.261970520019531,1
gh8-03213,-170.66539764404297,-14.271411895751953,-170.66505432128906,-14.271240234375,1
gh8-03214,-170.6671142578125,-14.271583557128906,-170.6667709350586,-14.271411895751953,1
gh8-03215,-170.66333770751953,-14.275875091552734,-170.66299438476562,-14.275703430175781,1
gh8-03216,-170.66505432128906,-14.275188446044922,-170.66471099853516,-14.275016784667969,1
gh8-03217,-170.6678009033203,-14.273300170898438,-170.6674575805664,-14.273128509521484,1
gh8-03218,-170.66574096679688,-14.277076721191406,-170.66539764404297,-14.276905059814453,1
gh8-03219,-170.66539764404297,-14.28171157836914,-170.66505432128906,-14.281539916992188,1
gh8-03220,-170.6674575805664,-14.27999496459961,-170.6671142578125,-14.279823303222656,1
gh8-03221,-170.6719207763672,-14.281024932861328,-170.67157745361328,-14.280853271484375,1
gh8-03222,-170.67707061767578,-14.276561737060547,-170.67672729492188,-14.276390075683594,1
gh8-03223,-170.67947387695312,-14.274673461914062,-170.67913055419922,-14.27450180053711,1
gh8-03224,-170.6787872314453,-14.274845123291016,-170.6784439086914,-14.274673461914062,1
gh8-03225,-170.67913055419922,-14.275188446044922,-170.6787872314453,-14.275016784667969,1
gh8-03226,-170.67913055419922,-14.275360107421875,-170.6787872314453,-14.275188446044922,1
gh8-03227,-170.67947387695312,-14.27621841430664,-170.67913055419922,-14.276046752929688,1
gh8-03228,-170.68256378173828,-14.274330139160156,-170.68222045898438,-14.274158477783203,1
gh8-03229,-170.68187713623047,-14.27621841430664,-170.68153381347656,-14.276046752929688,1
gh8-03230,-170.68222045898438,-14.2767333984375,-170.68187713623047,-14.276561737060547,1
gh8-03231,-170.67398071289062,-14.277076721191406,-170.67363739013672,-14.276905059814453,1
gh8-03232,-170.67432403564453,-14.278106689453125,-170.67398071289062,-14.277935028076172,1
gh8-03233,-170.67363739013672,-14.27896499633789,-170.6732940673828,-14.278793334960938,1
gh8-03234,-170.67604064941406,-14.278106689453125,-170.67569732666016,-14.277935028076172,1
gh8-03235,-170.6777572631836,-14.277591705322266,-170.6774139404297,-14.277420043945312,1
gh8-03236,-170.68084716796875,-14.277420043945312,-170.68050384521484,-14.27724838256836,1
gh8-03237,-170.68119049072266,-14.277420043945312,-170.68084716796875,-14.27724838256836,1
gh8-03238,-170.68187713623047,-14.277591705322266,-170.68153381347656,-14.277420043945312,1
gh8-03239,-170.68187713623047,-14.278106689453125,-170.68153381347656,-14.277935028076172,1
gh8-03240,-170.68222045898438,-14.277935028076172,-170.68187713623047,-14.277763366699219,1
gh8-03241,-170.68153381347656,-14.278450012207031,-170.68119049072266,-14.278278350830078,1
gh8-03242,-170.68187713623047,-14.278450012207031,-170.68153381347656,-14.278278350830078,1
gh8-03243,-170.68256378173828,-14.279308319091797,-170.68222045898438,-14.279136657714844,1
gh8-03244,-170.68084716796875,-14.279823303222656,-170.68050384521484,-14.279651641845703,1
gh8-03245,-170.68222045898438,-14.280166625976562,-170.68187713623047,-14.27999496459961,1
gh8-03246,-170.68119049072266,-14.280853271484375,-170.68084716796875,-14.280681610107422,1
gh8-03247,-170.6018829345703,-14.282913208007812,-170.6015396118164,-14.28274154663086,1
gh8-03248,-170.61664581298828,-14.283599853515625,-170.61630249023438,-14.283428192138672,1
gh8-03249,-170.61492919921875,-14.293041229248047,-170.61458587646484,-14.292869567871094,1
gh8-03250,-170.60462951660156,-14.297847747802734,-170.60428619384766,-14.297676086425781,1
gh8-03251,-170.6060028076172,-14.297847747802734,-170.60565948486328,-14.297676086425781,1
gh8-03252,-170.60016632080078,-14.30145263671875,-170.59982299804688,-14.301280975341797,1
gh8-03253,-170.60565948486328,-14.299736022949219,-170.60531616210938,-14.299564361572266,1
gh8-03254,-170.61115264892578,-14.302997589111328,-170.61080932617188,-14.302825927734375,1
gh8-03255,-170.6293487548828,-14.283599853515625,-170.6290054321289,-14.283428192138672,1
gh8-03256,-170.63003540039062,-14.28548812866211,-170.62969207763672,-14.285316467285156,1
gh8-03257,-170.63106536865234,-14.286689758300781,-170.63072204589844,-14.286518096923828,1
gh8-03258,-170.6393051147461,-14.291667938232422,-170.6389617919922,-14.291496276855469,1
gh8-03259,-170.6228256225586,-14.302482604980469,-170.6224822998047,-14.302310943603516,1
gh8-03260,-170.62454223632812,-14.300594329833984,-170.62419891357422,-14.300422668457031,1
gh8-03261,-170.62522888183594,-14.303169250488281,-170.62488555908203,-14.302997589111328,1
gh8-03262,-170.62591552734375,-14.30368423461914,-170.62557220458984,-14.303512573242188,1
gh8-03263,-170.63827514648438,-14.296302795410156,-170.63793182373047,-14.296131134033203,1
gh8-03264,-170.63175201416016,-14.300079345703125,-170.63140869140625,-14.299907684326172,1
gh8-03265,-170.63758850097656,-14.302825927734375,-170.63724517822266,-14.302654266357422,1
gh8-03266,-170.6005096435547,-14.312095642089844,-170.60016632080078,-14.31192398071289,1
gh8-03267,-170.60359954833984,-14.313983917236328,-170.60325622558594,-14.313812255859375,1
gh8-03268,-170.6125259399414,-14.319648742675781,-170.6121826171875,-14.319477081298828,1
gh8-03269,-170.61561584472656,-14.32016372680664,-170.61527252197266,-14.319992065429688,1
gh8-03270,-170.61389923095703,-14.322395324707031,-170.61355590820312,-14.322223663330078,1
gh8-03271,-170.62213897705078,-14.305915832519531,-170.62179565429688,-14.305744171142578,1
gh8-03272,-170.6228256225586,-14.312610626220703,-170.6224822998047,-14.31243896484375,1
gh8-03273,-170.62488555908203,-14.319820404052734,-170.62454223632812,-14.319648742675781,1
gh8-03274,-170.63106536865234,-14.318275451660156,-170.63072204589844,-14.318103790283203,1
gh8-03275,-170.6447982788086,-14.284114837646484,-170.6444549560547,-14.283943176269531,1
gh8-03276,-170.64376831054688,-14.287548065185547,-170.64342498779297,-14.287376403808594,1
gh8-03277,-170.64411163330078,-14.286689758300781,-170.64376831054688,-14.286518096923828,1
gh8-03278,-170.64411163330078,-14.287033081054688,-170.64376831054688,-14.286861419677734,1
gh8-03279,-170.6403350830078,-14.292526245117188,-170.6399917602539,-14.292354583740234,1
gh8-03280,-170.65406799316406,-14.286346435546875,-170.65372467041016,-14.286174774169922,1
gh8-03281,-170.65338134765625,-14.289093017578125,-170.65303802490234,-14.288921356201172,1
gh8-03282,-170.6451416015625,-14.296646118164062,-170.6447982788086,-14.29647445678711,1
gh8-03283,-170.64891815185547,-14.296646118164062,-170.64857482910156,-14.29647445678711,1
gh8-03284,-170.64102172851562,-14.303512573242188,-170.64067840576172,-14.303340911865234,1
gh8-03285,-170.64857482910156,-14.301795959472656,-170.64823150634766,-14.301624298095703,1
gh8-03286,-170.65235137939453,-14.298534393310547,-170.65200805664062,-14.298362731933594,1
gh8-03287,-170.65921783447266,-14.294929504394531,-170.65887451171875,-14.294757843017578,1
gh8-03288,-170.65441131591797,-14.301109313964844,-170.65406799316406,-14.30093765258789,1
gh8-03289,-170.65921783447266,-14.30145263671875,-170.65887451171875,-14.301280975341797,1
gh8-03290,-170.66505432128906,-14.282569885253906,-170.66471099853516,-14.282398223876953,1
gh8-03291,-170.66505432128906,-14.283599853515625,-170.66471099853516,-14.283428192138672,1
gh8-03292,-170.6671142578125,-14.283084869384766,-170.6667709350586,-14.282913208007812,1
gh8-03293,-170.66951751708984,-14.282913208007812,-170.66917419433594,-14.28274154663086,1
gh8-03294,-170.67089080810547,-14.28995132446289,-170.67054748535156,-14.289779663085938,1
gh8-03295,-170.66883087158203,-14.29098129272461,-170.66848754882812,-14.290809631347656,1
gh8-03296,-170.66917419433594,-14.293041229248047,-170.66883087158203,-14.292869567871094,1
gh8-03297,-170.67707061767578,-14.283943176269531,-170.67672729492188,-14.283771514892578,1
gh8-03298,-170.67638397216797,-14.285831451416016,-170.67604064941406,-14.285659790039062,1
gh8-03299,-170.67672729492188,-14.285831451416016,-170.67638397216797,-14.285659790039062,1
gh8-03300,-170.6774139404297,-14.285316467285156,-170.67707061767578,-14.285144805908203,1
gh8-03301,-170.6777572631836,-14.285316467285156,-170.6774139404297,-14.285144805908203,1
gh8-03302,-170.67913055419922,-14.282569885253906,-170.6787872314453,-14.282398223876953,1
gh8-03303,-170.67947387695312,-14.28274154663086,-170.67913055419922,-14.282569885253906,1
gh8-03304,-170.68187713623047,-14.282569885253906,-170.68153381347656,-14.282398223876953,1
gh8-03305,-170.68359375,-14.283428192138672,-170.6832504272461,-14.283256530761719,1
gh8-03306,-170.67638397216797,-14.289779663085938,-170.67604064941406,-14.289608001708984,1
gh8-03307,-170.67913055419922,-14.288921356201172,-170.6787872314453,-14.288749694824219,1
gh8-03308,-170.67913055419922,-14.29269790649414,-170.6787872314453,-14.292526245117188,1
gh8-03309,-170.67913055419922,-14.292869567871094,-170.6787872314453,-14.29269790649414,1
gh8-03310,-170.68050384521484,-14.292526245117188,-170.68016052246094,-14.292354583740234,1
gh8-03311,-170.68119049072266,-14.29098129272461,-170.68084716796875,-14.290809631347656,1
gh8-03312,-170.68187713623047,-14.291839599609375,-170.68153381347656,-14.291667938232422,1
gh8-03313,-170.672607421875,-14.296131134033203,-170.6722640991211,-14.29595947265625,1
gh8-03314,-170.6671142578125,-14.300079345703125,-170.6667709350586,-14.299907684326172,1
gh8-03315,-170.67089080810547,-14.300594329833984,-170.67054748535156,-14.300422668457031,1
gh8-03316,-170.67020416259766,-14.303855895996094,-170.66986083984375,-14.30368423461914,1
gh8-03317,-170.67707061767578,-14.294071197509766,-170.67672729492188,-14.293899536132812,1
gh8-03318,-170.6784439086914,-14.295272827148438,-170.6781005859375,-14.295101165771484,1
gh8-03319,-170.6784439086914,-14.298019409179688,-170.6781005859375,-14.297847747802734,1
gh8-03320,-170.67466735839844,-14.30145263671875,-170.67432403564453,-14.301280975341797,1
gh8-03321,-170.67466735839844,-14.303340911865234,-170.67432403564453,-14.303169250488281,1
gh8-03322,-170.68050384521484,-14.300594329833984,-170.68016052246094,-14.300422668457031,1
gh8-03323,-170.64205169677734,-14.313297271728516,-170.64170837402344,-14.313125610351562,1
gh8-03324,-170.6399917602539,-14.314155578613281,-170.6396484375,-14.313983917236328,1
gh8-03325,-170.6403350830078,-14.320335388183594,-170.6399917602539,-14.32016372680664,1
gh8-03326,-170.6502914428711,-14.316730499267578,-170.6499481201172,-14.316558837890625,1
gh8-03327,-170.6403350830078,-14.32342529296875,-170.6399917602539,-14.323253631591797,1
gh8-03328,-170.64720153808594,-14.322223663330078,-170.64685821533203,-14.322052001953125,1
gh8-03329,-170.64720153808594,-14.322395324707031,-170.64685821533203,-14.322223663330078,1
gh8-03330,-170.64754486083984,-14.322223663330078,-170.64720153808594,-14.322052001953125,1
gh8-03331,-170.64788818359375,-14.32342529296875,-170.64754486083984,-14.323253631591797,1
gh8-03332,-170.64857482910156,-14.32291030883789,-170.64823150634766,-14.322738647460938,1
gh8-03333,-170.64823150634766,-14.323253631591797,-170.64788818359375,-14.323081970214844,1
gh8-03334,-170.64960479736328,-14.32342529296875,-170.64926147460938,-14.323253631591797,1
gh8-03335,-170.64685821533203,-14.32394027709961,-170.64651489257812,-14.323768615722656,1
gh8-03336,-170.64788818359375,-14.32394027709961,-170.64754486083984,-14.323768615722656,1
gh8-03337,-170.6499481201172,-14.323596954345703,-170.64960479736328,-14.32342529296875,1
gh8-03338,-170.6502914428711,-14.323768615722656,-170.6499481201172,-14.323596954345703,1
gh8-03339,-170.65235137939453,-14.316902160644531,-170.65200805664062,-14.316730499267578,1
gh8-03340,-170.65303802490234,-14.32342529296875,-170.65269470214844,-14.323253631591797,1
gh8-03341,-170.65338134765625,-14.32342529296875,-170.65303802490234,-14.323253631591797,1
gh8-03342,-170.65372467041016,-14.321708679199219,-170.65338134765625,-14.321537017822266,1
gh8-03343,-170.6513214111328,-14.323768615722656,-170.6509780883789,-14.323596954345703,1
gh8-03344,-170.65303802490234,-14.323596954345703,-170.65269470214844,-14.32342529296875,1
gh8-03345,-170.6568145751953,-14.32291030883789,-170.6564712524414,-14.322738647460938,1
gh8-03346,-170.65750122070312,-14.32342529296875,-170.65715789794922,-14.323253631591797,1
gh8-03347,-170.65887451171875,-14.323253631591797,-170.65853118896484,-14.323081970214844,1
gh8-03348,-170.65956115722656,-14.322566986083984,-170.65921783447266,-14.322395324707031,1
gh8-03349,-170.65990447998047,-14.322395324707031,-170.65956115722656,-14.322223663330078,1
gh8-03350,-170.65921783447266,-14.323253631591797,-170.65887451171875,-14.323081970214844,1
gh8-03351,-170.65784454345703,-14.323596954345703,-170.65750122070312,-14.32342529296875,1
gh8-03352,-170.65818786621094,-14.323596954345703,-170.65784454345703,-14.32342529296875,1
gh8-03353,-170.65715789794922,-14.325313568115234,-170.6568145751953,-14.325141906738281,1
gh8-03354,-170.65990447998047,-14.323596954345703,-170.65956115722656,-14.32342529296875,1
gh8-03355,-170.65990447998047,-14.32394027709961,-170.65956115722656,-14.323768615722656,1
gh8-03356,-170.66024780273438,-14.325141906738281,-170.65990447998047,-14.324970245361328,1
gh8-03357,-170.65990447998047,-14.325485229492188,-170.65956115722656,-14.325313568115234,1
gh8-03358,-170.66024780273438,-14.325313568115234,-170.65990447998047,-14.325141906738281,1
gh8-03359,-170.65990447998047,-14.325828552246094,-170.65956115722656,-14.32565689086914,1
gh8-03360,-170.66024780273438,-14.32565689086914,-170.65990447998047,-14.325485229492188,1
gh8-03361,-170.65990447998047,-14.326171875,-170.65956115722656,-14.326000213623047,1
gh8-03362,-170.66059112548828,-14.324970245361328,-170.66024780273438,-14.324798583984375,1
gh8-03363,-170.672607421875,-14.306774139404297,-170.6722640991211,-14.306602478027344,1
gh8-03364,-170.6774139404297,-14.306087493896484,-170.67707061767578,-14.305915832519531,1
gh8-03365,-170.6774139404297,-14.30917739868164,-170.67707061767578,-14.309005737304688,1
gh8-03366,-170.68084716796875,-14.305229187011719,-170.68050384521484,-14.305057525634766,1
gh8-03367,-170.68187713623047,-14.305229187011719,-170.68153381347656,-14.305057525634766,1
gh8-03368,-170.67501068115234,-14.312267303466797,-170.67466735839844,-14.312095642089844,1
gh8-03369,-170.67535400390625,-14.314498901367188,-170.67501068115234,-14.314327239990234,1
gh8-03370,-170.66574096679688,-14.317073822021484,-170.66539764404297,-14.316902160644531,1
gh8-03371,-170.66917419433594,-14.32119369506836,-170.66883087158203,-14.321022033691406,1
gh8-03372,-170.67054748535156,-14.324455261230469,-170.67020416259766,-14.324283599853516,1
gh8-03373,-170.68359375,-14.316730499267578,-170.6832504272461,-14.316558837890625,1
gh8-03374,-170.6832504272461,-14.317588806152344,-170.6829071044922,-14.31741714477539,1
gh8-03375,-170.68359375,-14.322738647460938,-170.6832504272461,-14.322566986083984,1
gh8-03376,-170.59398651123047,-14.331836700439453,-170.59364318847656,-14.3316650390625,1
gh8-03377,-170.60222625732422,-14.334583282470703,-170.6018829345703,-14.33441162109375,1
gh8-03378,-170.60531616210938,-14.336128234863281,-170.60497283935547,-14.335956573486328,1
gh8-03379,-170.6125259399414,-14.333381652832031,-170.6121826171875,-14.333209991455078,1
gh8-03380,-170.6169891357422,-14.333381652832031,-170.61664581298828,-14.333209991455078,1
gh8-03381,-170.61527252197266,-14.336128234863281,-170.61492919921875,-14.335956573486328,1
gh8-03382,-170.60497283935547,-14.339218139648438,-170.60462951660156,-14.339046478271484,1
gh8-03383,-170.61424255371094,-14.340248107910156,-170.61389923095703,-14.340076446533203,1
gh8-03384,-170.61767578125,-14.345741271972656,-170.6173324584961,-14.345569610595703,1
gh8-03385,-170.6235122680664,-14.326515197753906,-170.6231689453125,-14.326343536376953,1
gh8-03386,-170.62145233154297,-14.332695007324219,-170.62110900878906,-14.332523345947266,1
gh8-03387,-170.62763214111328,-14.335441589355469,-170.62728881835938,-14.335269927978516,1
gh8-03388,-170.63175201416016,-14.326515197753906,-170.63140869140625,-14.326343536376953,1
gh8-03389,-170.63724517822266,-14.327545166015625,-170.63690185546875,-14.327373504638672,1
gh8-03390,-170.6396484375,-14.326343536376953,-170.6393051147461,-14.326171875,1
gh8-03391,-170.63278198242188,-14.335441589355469,-170.63243865966797,-14.335269927978516,1
gh8-03392,-170.62454223632812,-14.337329864501953,-170.62419891357422,-14.337158203125,1
gh8-03393,-170.62110900878906,-14.345226287841797,-170.62076568603516,-14.345054626464844,1
gh8-03394,-170.62145233154297,-14.34488296508789,-170.62110900878906,-14.344711303710938,1
gh8-03395,-170.62454223632812,-14.34539794921875,-170.62419891357422,-14.345226287841797,1
gh8-03396,-170.6334686279297,-14.338188171386719,-170.63312530517578,-14.338016510009766,1
gh8-03397,-170.606689453125,-14.35586929321289,-170.6063461303711,-14.355697631835938,1
gh8-03398,-170.60840606689453,-14.356040954589844,-170.60806274414062,-14.35586929321289,1
gh8-03399,-170.60462951660156,-14.359817504882812,-170.60428619384766,-14.35964584350586,1
gh8-03400,-170.60256958007812,-14.368400573730469,-170.60222625732422,-14.368228912353516,1
gh8-03401,-170.60909271240234,-14.3646240234375,-170.60874938964844,-14.364452362060547,1
gh8-03402,-170.60806274414062,-14.365997314453125,-170.60771942138672,-14.365825653076172,1
gh8-03403,-170.61458587646484,-14.369945526123047,-170.61424255371094,-14.369773864746094,1
gh8-03404,-170.61664581298828,-14.369945526123047,-170.61630249023438,-14.369773864746094,1
gh8-03405,-170.628662109375,-14.353466033935547,-170.6283187866211,-14.353294372558594,1
gh8-03406,-170.63106536865234,-14.358272552490234,-170.63072204589844,-14.358100891113281,1
gh8-03407,-170.63724517822266,-14.35586929321289,-170.63690185546875,-14.355697631835938,1
gh8-03408,-170.62694549560547,-14.362564086914062,-170.62660217285156,-14.36239242553711,1
gh8-03409,-170.62454223632812,-14.364795684814453,-170.62419891357422,-14.3646240234375,1
gh8-03410,-170.63072204589844,-14.362049102783203,-170.63037872314453,-14.36187744140625,1
gh8-03411,-170.63312530517578,-14.367027282714844,-170.63278198242188,-14.36685562133789,1
gh8-03412,-170.6451416015625,-14.336471557617188,-170.6447982788086,-14.336299896240234,1
gh8-03413,-170.66059112548828,-14.327888488769531,-170.66024780273438,-14.327716827392578,1
gh8-03414,-170.66059112548828,-14.32840347290039,-170.66024780273438,-14.328231811523438,1
gh8-03415,-170.6609344482422,-14.328575134277344,-170.66059112548828,-14.32840347290039,1
gh8-03416,-170.66162109375,-14.329605102539062,-170.6612777709961,-14.32943344116211,1
gh8-03417,-170.6612777709961,-14.332523345947266,-170.6609344482422,-14.332351684570312,1
gh8-03418,-170.6609344482422,-14.33389663696289,-170.66059112548828,-14.333724975585938,1
gh8-03419,-170.64823150634766,-14.338531494140625,-170.64788818359375,-14.338359832763672,1
gh8-03420,-170.64685821533203,-14.341449737548828,-170.64651489257812,-14.341278076171875,1
gh8-03421,-170.64823150634766,-14.34316635131836,-170.64788818359375,-14.342994689941406,1
gh8-03422,-170.66162109375,-14.337501525878906,-170.6612777709961,-14.337329864501953,1
gh8-03423,-170.6609344482422,-14.338703155517578,-170.66059112548828,-14.338531494140625,1
gh8-03424,-170.6619644165039,-14.328575134277344,-170.66162109375,-14.32840347290039,1
gh8-03425,-170.66608428955078,-14.32891845703125,-170.66574096679688,-14.328746795654297,1
gh8-03426,-170.6664276123047,-14.32891845703125,-170.66608428955078,-14.328746795654297,1
gh8-03427,-170.6619644165039,-14.329090118408203,-170.66162109375,-14.32891845703125,1
gh8-03428,-170.6623077392578,-14.329090118408203,-170.6619644165039,-14.32891845703125,1
gh8-03429,-170.66333770751953,-14.32943344116211,-170.66299438476562,-14.329261779785156,1
gh8-03430,-170.66368103027344,-14.32943344116211,-170.66333770751953,-14.329261779785156,1
gh8-03431,-170.6619644165039,-14.331493377685547,-170.66162109375,-14.331321716308594,1
gh8-03432,-170.66505432128906,-14.329605102539062,-170.66471099853516,-14.32943344116211,1
gh8-03433,-170.66539764404297,-14.32943344116211,-170.66505432128906,-14.329261779785156,1
gh8-03434,-170.66574096679688,-14.329605102539062,-170.66539764404297,-14.32943344116211,1
gh8-03435,-170.66574096679688,-14.329948425292969,-170.66539764404297,-14.329776763916016,1
gh8-03436,-170.6664276123047,-14.329261779785156,-170.66608428955078,-14.329090118408203,1
gh8-03437,-170.66608428955078,-14.330635070800781,-170.66574096679688,-14.330463409423828,1
gh8-03438,-170.6674575805664,-14.32891845703125,-170.6671142578125,-14.328746795654297,1
gh8-03439,-170.6678009033203,-14.32891845703125,-170.6674575805664,-14.328746795654297,1
gh8-03440,-170.66883087158203,-14.328060150146484,-170.66848754882812,-14.327888488769531,1
gh8-03441,-170.6678009033203,-14.329261779785156,-170.6674575805664,-14.329090118408203,1
gh8-03442,-170.6678009033203,-14.329605102539062,-170.6674575805664,-14.32943344116211,1
gh8-03443,-170.66814422607422,-14.329605102539062,-170.6678009033203,-14.32943344116211,1
gh8-03444,-170.66848754882812,-14.329605102539062,-170.66814422607422,-14.32943344116211,1
gh8-03445,-170.6678009033203,-14.329776763916016,-170.6674575805664,-14.329605102539062,1
gh8-03446,-170.66883087158203,-14.329261779785156,-170.66848754882812,-14.329090118408203,1
gh8-03447,-170.6674575805664,-14.331493377685547,-170.6671142578125,-14.331321716308594,1
gh8-03448,-170.6623077392578,-14.331836700439453,-170.6619644165039,-14.3316650390625,1
gh8-03449,-170.6623077392578,-14.332523345947266,-170.6619644165039,-14.332351684570312,1
gh8-03450,-170.6678009033203,-14.33218002319336,-170.6674575805664,-14.332008361816406,1
gh8-03451,-170.66848754882812,-14.332008361816406,-170.66814422607422,-14.331836700439453,1
gh8-03452,-170.66814422607422,-14.33218002319336,-170.6678009033203,-14.332008361816406,1
gh8-03453,-170.66814422607422,-14.332351684570312,-170.6678009033203,-14.33218002319336,1
gh8-03454,-170.66848754882812,-14.332523345947266,-170.66814422607422,-14.332351684570312,1
gh8-03455,-170.66848754882812,-14.332695007324219,-170.66814422607422,-14.332523345947266,1
gh8-03456,-170.66848754882812,-14.333038330078125,-170.66814422607422,-14.332866668701172,1
gh8-03457,-170.66951751708984,-14.331836700439453,-170.66917419433594,-14.3316650390625,1
gh8-03458,-170.66883087158203,-14.332866668701172,-170.66848754882812,-14.332695007324219,1
gh8-03459,-170.66917419433594,-14.332866668701172,-170.66883087158203,-14.332695007324219,1
gh8-03460,-170.66883087158203,-14.333209991455078,-170.66848754882812,-14.333038330078125,1
gh8-03461,-170.67432403564453,-14.330978393554688,-170.67398071289062,-14.330806732177734,1
gh8-03462,-170.67466735839844,-14.33115005493164,-170.67432403564453,-14.330978393554688,1
gh8-03463,-170.67466735839844,-14.331321716308594,-170.67432403564453,-14.33115005493164,1
gh8-03464,-170.67981719970703,-14.331321716308594,-170.67947387695312,-14.33115005493164,1
gh8-03465,-170.67638397216797,-14.335441589355469,-170.67604064941406,-14.335269927978516,1
gh8-03466,-170.68359375,-14.333381652832031,-170.6832504272461,-14.333209991455078,1
gh8-03467,-170.66265106201172,-14.33938980102539,-170.6623077392578,-14.339218139648438,1
gh8-03468,-170.67123413085938,-14.338531494140625,-170.67089080810547,-14.338359832763672,1
gh8-03469,-170.6722640991211,-14.338188171386719,-170.6719207763672,-14.338016510009766,1
gh8-03470,-170.66814422607422,-14.34762954711914,-170.6678009033203,-14.347457885742188,1
gh8-03471,-170.6729507446289,-14.338359832763672,-170.672607421875,-14.338188171386719,1
gh8-03472,-170.67501068115234,-14.338531494140625,-170.67466735839844,-14.338359832763672,1
gh8-03473,-170.67363739013672,-14.34041976928711,-170.6732940673828,-14.340248107910156,1
gh8-03474,-170.68050384521484,-14.33938980102539,-170.68016052246094,-14.339218139648438,1
gh8-03475,-170.6832504272461,-14.33990478515625,-170.6829071044922,-14.339733123779297,1
gh8-03476,-170.6781005859375,-14.342994689941406,-170.6777572631836,-14.342823028564453,1
gh8-03477,-170.67604064941406,-14.344367980957031,-170.67569732666016,-14.344196319580078,1
gh8-03478,-170.64273834228516,-14.350719451904297,-170.64239501953125,-14.350547790527344,1
gh8-03479,-170.6554412841797,-14.350032806396484,-170.65509796142578,-14.349861145019531,1
gh8-03480,-170.65990447998047,-14.350032806396484,-170.65956115722656,-14.349861145019531,1
gh8-03481,-170.64067840576172,-14.360332489013672,-170.6403350830078,-14.360160827636719,1
gh8-03482,-170.64342498779297,-14.36136245727539,-170.64308166503906,-14.361190795898438,1
gh8-03483,-170.64617156982422,-14.362220764160156,-170.6458282470703,-14.362049102783203,1
gh8-03484,-170.66059112548828,-14.364452362060547,-170.66024780273438,-14.364280700683594,1
gh8-03485,-170.66368103027344,-14.353294372558594,-170.66333770751953,-14.35312271118164,1
gh8-03486,-170.66505432128906,-14.353294372558594,-170.66471099853516,-14.35312271118164,1
gh8-03487,-170.6719207763672,-14.35586929321289,-170.67157745361328,-14.355697631835938,1
gh8-03488,-170.67535400390625,-14.348487854003906,-170.67501068115234,-14.348316192626953,1
gh8-03489,-170.67432403564453,-14.351062774658203,-170.67398071289062,-14.35089111328125,1
gh8-03490,-170.66917419433594,-14.362735748291016,-170.66883087158203,-14.362564086914062,1
gh8-03491,-170.67947387695312,-14.369945526123047,-170.67913055419922,-14.369773864746094,1
gh8-03492,-170.60394287109375,-14.379386901855469,-170.60359954833984,-14.379215240478516,1
gh8-03493,-170.61080932617188,-14.37509536743164,-170.61046600341797,-14.374923706054688,1
gh8-03494,-170.61115264892578,-14.387454986572266,-170.61080932617188,-14.387283325195312,1
gh8-03495,-170.61664581298828,-14.388484954833984,-170.61630249023438,-14.388313293457031,1
gh8-03496,-170.61424255371094,-14.389514923095703,-170.61389923095703,-14.38934326171875,1
gh8-03497,-170.62213897705078,-14.370288848876953,-170.62179565429688,-14.3701171875,1
gh8-03498,-170.62728881835938,-14.372005462646484,-170.62694549560547,-14.371833801269531,1
gh8-03499,-170.62110900878906,-14.378528594970703,-170.62076568603516,-14.37835693359375,1
gh8-03500,-170.6341552734375,-14.370288848876953,-170.6338119506836,-14.3701171875,1
gh8-03501,-170.63278198242188,-14.384193420410156,-170.63243865966797,-14.384021759033203,1
gh8-03502,-170.60462951660156,-14.396724700927734,-170.60428619384766,-14.396553039550781,1
gh8-03503,-170.60840606689453,-14.39483642578125,-170.60806274414062,-14.394664764404297,1
gh8-03504,-170.6070327758789,-14.396038055419922,-170.606689453125,-14.395866394042969,1
gh8-03505,-170.60874938964844,-14.395523071289062,-170.60840606689453,-14.39535140991211,1
gh8-03506,-170.6183624267578,-14.393291473388672,-170.6180191040039,-14.393119812011719,1
gh8-03507,-170.61904907226562,-14.396381378173828,-170.61870574951172,-14.396209716796875,1
gh8-03508,-170.63518524169922,-14.393119812011719,-170.6348419189453,-14.392948150634766,1
gh8-03509,-170.63793182373047,-14.395179748535156,-170.63758850097656,-14.395008087158203,1
gh8-03510,-170.6389617919922,-14.395008087158203,-170.63861846923828,-14.39483642578125,1
gh8-03511,-170.6344985961914,-14.397926330566406,-170.6341552734375,-14.397754669189453,1
gh8-03512,-170.64617156982422,-14.376468658447266,-170.6458282470703,-14.376296997070312,1
gh8-03513,-170.64685821533203,-14.379558563232422,-170.64651489257812,-14.379386901855469,1
gh8-03514,-170.65921783447266,-14.374065399169922,-170.65887451171875,-14.373893737792969,1
gh8-03515,-170.65166473388672,-14.380760192871094,-170.6513214111328,-14.38058853149414,1
gh8-03516,-170.65818786621094,-14.375953674316406,-170.65784454345703,-14.375782012939453,1
gh8-03517,-170.64926147460938,-14.3865966796875,-170.64891815185547,-14.386425018310547,1
gh8-03518,-170.64170837402344,-14.387626647949219,-170.64136505126953,-14.387454986572266,1
gh8-03519,-170.64823150634766,-14.38934326171875,-170.64788818359375,-14.389171600341797,1
gh8-03520,-170.6564712524414,-14.386425018310547,-170.6561279296875,-14.386253356933594,1
gh8-03521,-170.66265106201172,-14.37286376953125,-170.6623077392578,-14.372692108154297,1
gh8-03522,-170.66436767578125,-14.37337875366211,-170.66402435302734,-14.373207092285156,1
gh8-03523,-170.66951751708984,-14.373893737792969,-170.66917419433594,-14.373722076416016,1
gh8-03524,-170.67020416259766,-14.374065399169922,-170.66986083984375,-14.373893737792969,1
gh8-03525,-170.66402435302734,-14.376296997070312,-170.66368103027344,-14.37612533569336,1
gh8-03526,-170.67020416259766,-14.379215240478516,-170.66986083984375,-14.379043579101562,1
gh8-03527,-170.67089080810547,-14.379386901855469,-170.67054748535156,-14.379215240478516,1
gh8-03528,-170.68153381347656,-14.374580383300781,-170.68119049072266,-14.374408721923828,1
gh8-03529,-170.67947387695312,-14.377498626708984,-170.67913055419922,-14.377326965332031,1
gh8-03530,-170.6678009033203,-14.38608169555664,-170.6674575805664,-14.385910034179688,1
gh8-03531,-170.68016052246094,-14.384708404541016,-170.67981719970703,-14.384536743164062,1
gh8-03532,-170.67981719970703,-14.38711166381836,-170.67947387695312,-14.386940002441406,1
gh8-03533,-170.64857482910156,-14.393978118896484,-170.64823150634766,-14.393806457519531,1
gh8-03534,-170.65475463867188,-14.395523071289062,-170.65441131591797,-14.39535140991211,1
gh8-03535,-170.65750122070312,-14.396381378173828,-170.65715789794922,-14.396209716796875,1
gh8-03536,-170.65853118896484,-14.397239685058594,-170.65818786621094,-14.39706802368164,1
gh8-03537,-170.65338134765625,-14.398612976074219,-170.65303802490234,-14.398441314697266,1
gh8-03538,-170.68462371826172,-14.249095916748047,-170.6842803955078,-14.248924255371094,1
gh8-03539,-170.69355010986328,-14.248409271240234,-170.69320678710938,-14.248237609863281,1
gh8-03540,-170.69664001464844,-14.239139556884766,-170.69629669189453,-14.238967895507812,1
gh8-03541,-170.69629669189453,-14.243431091308594,-170.69595336914062,-14.24325942993164,1
gh8-03542,-170.6897735595703,-14.252357482910156,-170.6894302368164,-14.252185821533203,1
gh8-03543,-170.69011688232422,-14.252700805664062,-170.6897735595703,-14.25252914428711,1
gh8-03544,-170.6897735595703,-14.252872467041016,-170.6894302368164,-14.252700805664062,1
gh8-03545,-170.6897735595703,-14.253215789794922,-170.6894302368164,-14.253044128417969,1
gh8-03546,-170.69011688232422,-14.253215789794922,-170.6897735595703,-14.253044128417969,1
gh8-03547,-170.694580078125,-14.254932403564453,-170.6942367553711,-14.2547607421875,1
gh8-03548,-170.70316314697266,-14.250469207763672,-170.70281982421875,-14.250297546386719,1
gh8-03549,-170.69664001464844,-14.257678985595703,-170.69629669189453,-14.25750732421875,1
gh8-03550,-170.7059097290039,-14.241886138916016,-170.70556640625,-14.241714477539062,1
gh8-03551,-170.70865631103516,-14.242057800292969,-170.70831298828125,-14.241886138916016,1
gh8-03552,-170.70899963378906,-14.243602752685547,-170.70865631103516,-14.243431091308594,1
gh8-03553,-170.70762634277344,-14.24652099609375,-170.70728302001953,-14.246349334716797,1
gh8-03554,-170.72547912597656,-14.238624572753906,-170.72513580322266,-14.238452911376953,1
gh8-03555,-170.72376251220703,-14.242057800292969,-170.72341918945312,-14.241886138916016,1
gh8-03556,-170.7168960571289,-14.253730773925781,-170.716552734375,-14.253559112548828,1
gh8-03557,-170.7213592529297,-14.252872467041016,-170.72101593017578,-14.252700805664062,1
gh8-03558,-170.69320678710938,-14.262657165527344,-170.69286346435547,-14.26248550415039,1
gh8-03559,-170.6894302368164,-14.26351547241211,-170.6890869140625,-14.263343811035156,1
gh8-03560,-170.6884002685547,-14.267463684082031,-170.68805694580078,-14.267292022705078,1
gh8-03561,-170.68496704101562,-14.270896911621094,-170.68462371826172,-14.27072525024414,1
gh8-03562,-170.69904327392578,-14.265403747558594,-170.69869995117188,-14.26523208618164,1
gh8-03563,-170.7052230834961,-14.2657470703125,-170.7048797607422,-14.265575408935547,1
gh8-03564,-170.70281982421875,-14.27072525024414,-170.70247650146484,-14.270553588867188,1
gh8-03565,-170.68634033203125,-14.273300170898438,-170.68599700927734,-14.273128509521484,1
gh8-03566,-170.68565368652344,-14.27398681640625,-170.68531036376953,-14.273815155029297,1
gh8-03567,-170.68702697753906,-14.275703430175781,-170.68668365478516,-14.275531768798828,1
gh8-03568,-170.68771362304688,-14.2767333984375,-170.68737030029297,-14.276561737060547,1
gh8-03569,-170.69217681884766,-14.27398681640625,-170.69183349609375,-14.273815155029297,1
gh8-03570,-170.69046020507812,-14.274673461914062,-170.69011688232422,-14.27450180053711,1
gh8-03571,-170.69320678710938,-14.274673461914062,-170.69286346435547,-14.27450180053711,1
gh8-03572,-170.69286346435547,-14.274845123291016,-170.69252014160156,-14.274673461914062,1
gh8-03573,-170.69355010986328,-14.274845123291016,-170.69320678710938,-14.274673461914062,1
gh8-03574,-170.69355010986328,-14.275188446044922,-170.69320678710938,-14.275016784667969,1
gh8-03575,-170.69320678710938,-14.275531768798828,-170.69286346435547,-14.275360107421875,1
gh8-03576,-170.69320678710938,-14.276046752929688,-170.69286346435547,-14.275875091552734,1
gh8-03577,-170.68668365478516,-14.277763366699219,-170.68634033203125,-14.277591705322266,1
gh8-03578,-170.69046020507812,-14.277076721191406,-170.69011688232422,-14.276905059814453,1
gh8-03579,-170.69904327392578,-14.27398681640625,-170.69869995117188,-14.273815155029297,1
gh8-03580,-170.69595336914062,-14.274158477783203,-170.69561004638672,-14.27398681640625,1
gh8-03581,-170.70316314697266,-14.272441864013672,-170.70281982421875,-14.272270202636719,1
gh8-03582,-170.7007598876953,-14.275188446044922,-170.7004165649414,-14.275016784667969,1
gh8-03583,-170.70281982421875,-14.279308319091797,-170.70247650146484,-14.279136657714844,1
gh8-03584,-170.71277618408203,-14.267120361328125,-170.71243286132812,-14.266948699951172,1
gh8-03585,-170.71414947509766,-14.268150329589844,-170.71380615234375,-14.26797866821289,1
gh8-03586,-170.71792602539062,-14.26300048828125,-170.71758270263672,-14.262828826904297,1
gh8-03587,-170.7059097290039,-14.274673461914062,-170.70556640625,-14.27450180053711,1
gh8-03588,-170.71346282958984,-14.273300170898438,-170.71311950683594,-14.273128509521484,1
gh8-03589,-170.70693969726562,-14.27724838256836,-170.70659637451172,-14.277076721191406,1
gh8-03590,-170.7158660888672,-14.278793334960938,-170.71552276611328,-14.278621673583984,1
gh8-03591,-170.71449279785156,-14.282054901123047,-170.71414947509766,-14.281883239746094,1
gh8-03592,-170.71861267089844,-14.273128509521484,-170.71826934814453,-14.272956848144531,1
gh8-03593,-170.72032928466797,-14.273300170898438,-170.71998596191406,-14.273128509521484,1
gh8-03594,-170.71861267089844,-14.274673461914062,-170.71826934814453,-14.27450180053711,1
gh8-03595,-170.71758270263672,-14.280166625976562,-170.7172393798828,-14.27999496459961,1
gh8-03596,-170.71895599365234,-14.280509948730469,-170.71861267089844,-14.280338287353516,1
gh8-03597,-170.72925567626953,-14.238452911376953,-170.72891235351562,-14.23828125,1
gh8-03598,-170.73509216308594,-14.24875259399414,-170.73474884033203,-14.248580932617188,1
gh8-03599,-170.74024200439453,-14.239482879638672,-170.73989868164062,-14.239311218261719,1
gh8-03600,-170.74573516845703,-14.238967895507812,-170.74539184570312,-14.23879623413086,1
gh8-03601,-170.74195861816406,-14.260082244873047,-170.74161529541016,-14.259910583496094,1
gh8-03602,-170.74779510498047,-14.256477355957031,-170.74745178222656,-14.256305694580078,1
gh8-03603,-170.75809478759766,-14.239482879638672,-170.75775146484375,-14.239311218261719,1
gh8-03604,-170.75191497802734,-14.244461059570312,-170.75157165527344,-14.24428939819336,1
gh8-03605,-170.75637817382812,-14.24600601196289,-170.75603485107422,-14.245834350585938,1
gh8-03606,-170.7601547241211,-14.244461059570312,-170.7598114013672,-14.24428939819336,1
gh8-03607,-170.76152801513672,-14.239997863769531,-170.7611846923828,-14.239826202392578,1
gh8-03608,-170.7656478881836,-14.248065948486328,-170.7653045654297,-14.247894287109375,1
gh8-03609,-170.7501983642578,-14.250125885009766,-170.7498550415039,-14.249954223632812,1
gh8-03610,-170.75294494628906,-14.253387451171875,-170.75260162353516,-14.253215789794922,1
gh8-03611,-170.75603485107422,-14.252357482910156,-170.7556915283203,-14.252185821533203,1
gh8-03612,-170.75672149658203,-14.255447387695312,-170.75637817382812,-14.25527572631836,1
gh8-03613,-170.76358795166016,-14.253902435302734,-170.76324462890625,-14.253730773925781,1
gh8-03614,-170.76324462890625,-14.257335662841797,-170.76290130615234,-14.257164001464844,1
gh8-03615,-170.7611846923828,-14.258537292480469,-170.7608413696289,-14.258365631103516,1
gh8-03616,-170.73131561279297,-14.270381927490234,-170.73097229003906,-14.270210266113281,1
gh8-03617,-170.73028564453125,-14.276561737060547,-170.72994232177734,-14.276390075683594,1
gh8-03618,-170.73749542236328,-14.278621673583984,-170.73715209960938,-14.278450012207031,1
gh8-03619,-170.7392120361328,-14.275875091552734,-170.7388687133789,-14.275703430175781,1
gh8-03620,-170.7443618774414,-14.27398681640625,-170.7440185546875,-14.273815155029297,1
gh8-03621,-170.7443618774414,-14.280166625976562,-170.7440185546875,-14.27999496459961,1
gh8-03622,-170.75775146484375,-14.260597229003906,-170.75740814208984,-14.260425567626953,1
gh8-03623,-170.77011108398438,-14.265403747558594,-170.76976776123047,-14.26523208618164,1
gh8-03624,-170.7707977294922,-14.267635345458984,-170.77045440673828,-14.267463684082031,1
gh8-03625,-170.75054168701172,-14.275703430175781,-170.7501983642578,-14.275531768798828,1
gh8-03626,-170.7543182373047,-14.277420043945312,-170.75397491455078,-14.27724838256836,1
gh8-03627,-170.7666778564453,-14.272441864013672,-170.7663345336914,-14.272270202636719,1
gh8-03628,-170.76770782470703,-14.275360107421875,-170.76736450195312,-14.275188446044922,1
gh8-03629,-170.7608413696289,-14.27896499633789,-170.760498046875,-14.278793334960938,1
gh8-03630,-170.76976776123047,-14.277076721191406,-170.76942443847656,-14.276905059814453,1
gh8-03631,-170.69183349609375,-14.28720474243164,-170.69149017333984,-14.287033081054688,1
gh8-03632,-170.68599700927734,-14.289436340332031,-170.68565368652344,-14.289264678955078,1
gh8-03633,-170.69561004638672,-14.286518096923828,-170.6952667236328,-14.286346435546875,1
gh8-03634,-170.6952667236328,-14.28720474243164,-170.6949234008789,-14.287033081054688,1
gh8-03635,-170.69698333740234,-14.288921356201172,-170.69664001464844,-14.288749694824219,1
gh8-03636,-170.68565368652344,-14.294071197509766,-170.68531036376953,-14.293899536132812,1
gh8-03637,-170.6839370727539,-14.299392700195312,-170.68359375,-14.29922103881836,1
gh8-03638,-170.6894302368164,-14.302139282226562,-170.6890869140625,-14.30196762084961,1
gh8-03639,-170.69698333740234,-14.294071197509766,-170.69664001464844,-14.293899536132812,1
gh8-03640,-170.70384979248047,-14.295616149902344,-170.70350646972656,-14.29544448852539,1
gh8-03641,-170.7103729248047,-14.283256530761719,-170.71002960205078,-14.283084869384766,1
gh8-03642,-170.7103729248047,-14.286174774169922,-170.71002960205078,-14.286003112792969,1
gh8-03643,-170.7162094116211,-14.283084869384766,-170.7158660888672,-14.282913208007812,1
gh8-03644,-170.70831298828125,-14.29046630859375,-170.70796966552734,-14.290294647216797,1
gh8-03645,-170.70865631103516,-14.288406372070312,-170.70831298828125,-14.28823471069336,1
gh8-03646,-170.7110595703125,-14.29046630859375,-170.7107162475586,-14.290294647216797,1
gh8-03647,-170.70796966552734,-14.291152954101562,-170.70762634277344,-14.29098129272461,1
gh8-03648,-170.71243286132812,-14.29046630859375,-170.71208953857422,-14.290294647216797,1
gh8-03649,-170.7172393798828,-14.283084869384766,-170.7168960571289,-14.282913208007812,1
gh8-03650,-170.7213592529297,-14.282398223876953,-170.72101593017578,-14.2822265625,1
gh8-03651,-170.72032928466797,-14.285659790039062,-170.71998596191406,-14.28548812866211,1
gh8-03652,-170.72101593017578,-14.286861419677734,-170.72067260742188,-14.286689758300781,1
gh8-03653,-170.72479248046875,-14.282569885253906,-170.72444915771484,-14.282398223876953,1
gh8-03654,-170.7223892211914,-14.284801483154297,-170.7220458984375,-14.284629821777344,1
gh8-03655,-170.7227325439453,-14.284801483154297,-170.7223892211914,-14.284629821777344,1
gh8-03656,-170.72341918945312,-14.284801483154297,-170.72307586669922,-14.284629821777344,1
gh8-03657,-170.72582244873047,-14.282398223876953,-170.72547912597656,-14.2822265625,1
gh8-03658,-170.72616577148438,-14.28445816040039,-170.72582244873047,-14.284286499023438,1
gh8-03659,-170.7223892211914,-14.285659790039062,-170.7220458984375,-14.28548812866211,1
gh8-03660,-170.72307586669922,-14.286003112792969,-170.7227325439453,-14.285831451416016,1
gh8-03661,-170.72341918945312,-14.286003112792969,-170.72307586669922,-14.285831451416016,1
gh8-03662,-170.72341918945312,-14.286689758300781,-170.72307586669922,-14.286518096923828,1
gh8-03663,-170.72341918945312,-14.286861419677734,-170.72307586669922,-14.286689758300781,1
gh8-03664,-170.72341918945312,-14.288749694824219,-170.72307586669922,-14.288578033447266,1
gh8-03665,-170.72479248046875,-14.28823471069336,-170.72444915771484,-14.288063049316406,1
gh8-03666,-170.70762634277344,-14.299564361572266,-170.70728302001953,-14.299392700195312,1
gh8-03667,-170.70899963378906,-14.304027557373047,-170.70865631103516,-14.303855895996094,1
gh8-03668,-170.72513580322266,-14.294929504394531,-170.72479248046875,-14.294757843017578,1
gh8-03669,-170.71895599365234,-14.300765991210938,-170.71861267089844,-14.300594329833984,1
gh8-03670,-170.72307586669922,-14.30196762084961,-170.7227325439453,-14.301795959472656,1
gh8-03671,-170.68805694580078,-14.30694580078125,-170.68771362304688,-14.306774139404297,1
gh8-03672,-170.6897735595703,-14.305400848388672,-170.6894302368164,-14.305229187011719,1
gh8-03673,-170.69320678710938,-14.306602478027344,-170.69286346435547,-14.30643081665039,1
gh8-03674,-170.69320678710938,-14.311237335205078,-170.69286346435547,-14.311065673828125,1
gh8-03675,-170.694580078125,-14.313297271728516,-170.6942367553711,-14.313125610351562,1
gh8-03676,-170.70316314697266,-14.30643081665039,-170.70281982421875,-14.306259155273438,1
gh8-03677,-170.69595336914062,-14.311580657958984,-170.69561004638672,-14.311408996582031,1
gh8-03678,-170.69732666015625,-14.311408996582031,-170.69698333740234,-14.311237335205078,1
gh8-03679,-170.69698333740234,-14.312095642089844,-170.69664001464844,-14.31192398071289,1
gh8-03680,-170.69766998291016,-14.31243896484375,-170.69732666015625,-14.312267303466797,1
gh8-03681,-170.69801330566406,-14.312267303466797,-170.69766998291016,-14.312095642089844,1
gh8-03682,-170.69801330566406,-14.31243896484375,-170.69766998291016,-14.312267303466797,1
gh8-03683,-170.69595336914062,-14.313125610351562,-170.69561004638672,-14.31295394897461,1
gh8-03684,-170.69732666015625,-14.312782287597656,-170.69698333740234,-14.312610626220703,1
gh8-03685,-170.69732666015625,-14.31295394897461,-170.69698333740234,-14.312782287597656,1
gh8-03686,-170.69698333740234,-14.313468933105469,-170.69664001464844,-14.313297271728516,1
gh8-03687,-170.69629669189453,-14.313983917236328,-170.69595336914062,-14.313812255859375,1
gh8-03688,-170.69664001464844,-14.313983917236328,-170.69629669189453,-14.313812255859375,1
gh8-03689,-170.69869995117188,-14.31295394897461,-170.69835662841797,-14.312782287597656,1
gh8-03690,-170.7000732421875,-14.31467056274414,-170.6997299194336,-14.314498901367188,1
gh8-03691,-170.7004165649414,-14.315013885498047,-170.7000732421875,-14.314842224121094,1
gh8-03692,-170.68805694580078,-14.317588806152344,-170.68771362304688,-14.31741714477539,1
gh8-03693,-170.69046020507812,-14.316387176513672,-170.69011688232422,-14.316215515136719,1
gh8-03694,-170.6887435913086,-14.323596954345703,-170.6884002685547,-14.32342529296875,1
gh8-03695,-170.6942367553711,-14.325141906738281,-170.6938934326172,-14.324970245361328,1
gh8-03696,-170.6993865966797,-14.316043853759766,-170.69904327392578,-14.315872192382812,1
gh8-03697,-170.69869995117188,-14.316730499267578,-170.69835662841797,-14.316558837890625,1
gh8-03698,-170.7000732421875,-14.317245483398438,-170.6997299194336,-14.317073822021484,1
gh8-03699,-170.69869995117188,-14.318790435791016,-170.69835662841797,-14.318618774414062,1
gh8-03700,-170.6993865966797,-14.318790435791016,-170.69904327392578,-14.318618774414062,1
gh8-03701,-170.69904327392578,-14.319305419921875,-170.69869995117188,-14.319133758544922,1
gh8-03702,-170.7000732421875,-14.319133758544922,-170.6997299194336,-14.318962097167969,1
gh8-03703,-170.69766998291016,-14.319820404052734,-170.69732666015625,-14.319648742675781,1
gh8-03704,-170.69766998291016,-14.3206787109375,-170.69732666015625,-14.320507049560547,1
gh8-03705,-170.6993865966797,-14.319648742675781,-170.69904327392578,-14.319477081298828,1
gh8-03706,-170.7000732421875,-14.319477081298828,-170.6997299194336,-14.319305419921875,1
gh8-03707,-170.7000732421875,-14.320335388183594,-170.6997299194336,-14.32016372680664,1
gh8-03708,-170.7004165649414,-14.317073822021484,-170.7000732421875,-14.316902160644531,1
gh8-03709,-170.7007598876953,-14.31793212890625,-170.7004165649414,-14.317760467529297,1
gh8-03710,-170.7007598876953,-14.318103790283203,-170.7004165649414,-14.31793212890625,1
gh8-03711,-170.70110321044922,-14.318103790283203,-170.7007598876953,-14.31793212890625,1
gh8-03712,-170.7004165649414,-14.319305419921875,-170.7000732421875,-14.319133758544922,1
gh8-03713,-170.70247650146484,-14.318275451660156,-170.70213317871094,-14.318103790283203,1
gh8-03714,-170.70110321044922,-14.319992065429688,-170.7007598876953,-14.319820404052734,1
gh8-03715,-170.70178985595703,-14.32016372680664,-170.70144653320312,-14.319992065429688,1
gh8-03716,-170.69801330566406,-14.320850372314453,-170.69766998291016,-14.3206787109375,1
gh8-03717,-170.69801330566406,-14.321022033691406,-170.69766998291016,-14.320850372314453,1
gh8-03718,-170.69801330566406,-14.32119369506836,-170.69766998291016,-14.321022033691406,1
gh8-03719,-170.7000732421875,-14.325141906738281,-170.6997299194336,-14.324970245361328,1
gh8-03720,-170.7007598876953,-14.321022033691406,-170.7004165649414,-14.320850372314453,1
gh8-03721,-170.70178985595703,-14.321708679199219,-170.70144653320312,-14.321537017822266,1
gh8-03722,-170.70350646972656,-14.321880340576172,-170.70316314697266,-14.321708679199219,1
gh8-03723,-170.7052230834961,-14.320850372314453,-170.7048797607422,-14.3206787109375,1
gh8-03724,-170.70968627929688,-14.306774139404297,-170.70934295654297,-14.306602478027344,1
gh8-03725,-170.70693969726562,-14.311580657958984,-170.70659637451172,-14.311408996582031,1
gh8-03726,-170.7062530517578,-14.313125610351562,-170.7059097290039,-14.31295394897461,1
gh8-03727,-170.71002960205078,-14.313468933105469,-170.70968627929688,-14.313297271728516,1
gh8-03728,-170.72067260742188,-14.309864044189453,-170.72032928466797,-14.3096923828125,1
gh8-03729,-170.70831298828125,-14.31793212890625,-170.70796966552734,-14.317760467529297,1
gh8-03730,-170.71346282958984,-14.317760467529297,-170.71311950683594,-14.317588806152344,1
gh8-03731,-170.71380615234375,-14.318103790283203,-170.71346282958984,-14.31793212890625,1
gh8-03732,-170.716552734375,-14.319133758544922,-170.7162094116211,-14.318962097167969,1
gh8-03733,-170.7158660888672,-14.319648742675781,-170.71552276611328,-14.319477081298828,1
gh8-03734,-170.70693969726562,-14.324626922607422,-170.70659637451172,-14.324455261230469,1
gh8-03735,-170.70796966552734,-14.324455261230469,-170.70762634277344,-14.324283599853516,1
gh8-03736,-170.7059097290039,-14.326000213623047,-170.70556640625,-14.325828552246094,1
gh8-03737,-170.7062530517578,-14.326000213623047,-170.7059097290039,-14.325828552246094,1
gh8-03738,-170.70831298828125,-14.325485229492188,-170.70796966552734,-14.325313568115234,1
gh8-03739,-170.7110595703125,-14.325485229492188,-170.7107162475586,-14.325313568115234,1
gh8-03740,-170.7107162475586,-14.32565689086914,-170.7103729248047,-14.325485229492188,1
gh8-03741,-170.71449279785156,-14.321537017822266,-170.71414947509766,-14.321365356445312,1
gh8-03742,-170.71277618408203,-14.324798583984375,-170.71243286132812,-14.324626922607422,1
gh8-03743,-170.71243286132812,-14.324970245361328,-170.71208953857422,-14.324798583984375,1
gh8-03744,-170.71243286132812,-14.325141906738281,-170.71208953857422,-14.324970245361328,1
gh8-03745,-170.7162094116211,-14.324111938476562,-170.7158660888672,-14.32394027709961,1
gh8-03746,-170.7271957397461,-14.321022033691406,-170.7268524169922,-14.320850372314453,1
gh8-03747,-170.72410583496094,-14.324626922607422,-170.72376251220703,-14.324455261230469,1
gh8-03748,-170.73440551757812,-14.283084869384766,-170.73406219482422,-14.282913208007812,1
gh8-03749,-170.74024200439453,-14.285659790039062,-170.73989868164062,-14.28548812866211,1
gh8-03750,-170.74195861816406,-14.288406372070312,-170.74161529541016,-14.28823471069336,1
gh8-03751,-170.74710845947266,-14.291667938232422,-170.74676513671875,-14.291496276855469,1
gh8-03752,-170.73612213134766,-14.295272827148438,-170.73577880859375,-14.295101165771484,1
gh8-03753,-170.73062896728516,-14.301624298095703,-170.73028564453125,-14.30145263671875,1
gh8-03754,-170.7433319091797,-14.295272827148438,-170.74298858642578,-14.295101165771484,1
gh8-03755,-170.7388687133789,-14.29819107055664,-170.738525390625,-14.298019409179688,1
gh8-03756,-170.7392120361328,-14.298534393310547,-170.7388687133789,-14.298362731933594,1
gh8-03757,-170.7388687133789,-14.300079345703125,-170.738525390625,-14.299907684326172,1
gh8-03758,-170.74024200439453,-14.299392700195312,-170.73989868164062,-14.29922103881836,1
gh8-03759,-170.75878143310547,-14.286346435546875,-170.75843811035156,-14.286174774169922,1
gh8-03760,-170.75740814208984,-14.28823471069336,-170.75706481933594,-14.288063049316406,1
gh8-03761,-170.7601547241211,-14.292182922363281,-170.7598114013672,-14.292011260986328,1
gh8-03762,-170.76873779296875,-14.282913208007812,-170.76839447021484,-14.28274154663086,1
gh8-03763,-170.7611846923828,-14.295787811279297,-170.7608413696289,-14.295616149902344,1
gh8-03764,-170.7666778564453,-14.302997589111328,-170.7663345336914,-14.302825927734375,1
gh8-03765,-170.73200225830078,-14.306259155273438,-170.73165893554688,-14.306087493896484,1
gh8-03766,-170.72925567626953,-14.308147430419922,-170.72891235351562,-14.307975769042969,1
gh8-03767,-170.74092864990234,-14.30643081665039,-170.74058532714844,-14.306259155273438,1
gh8-03768,-170.74848175048828,-14.304370880126953,-170.74813842773438,-14.30419921875,1
gh8-03769,-170.73200225830078,-14.325485229492188,-170.73165893554688,-14.325313568115234,1
gh8-03770,-170.74161529541016,-14.319305419921875,-170.74127197265625,-14.319133758544922,1
gh8-03771,-170.7440185546875,-14.31844711303711,-170.7436752319336,-14.318275451660156,1
gh8-03772,-170.75054168701172,-14.304885864257812,-170.7501983642578,-14.30471420288086,1
gh8-03773,-170.75088500976562,-14.313297271728516,-170.75054168701172,-14.313125610351562,1
gh8-03774,-170.76358795166016,-14.309864044189453,-170.76324462890625,-14.3096923828125,1
gh8-03775,-170.75054168701172,-14.319305419921875,-170.7501983642578,-14.319133758544922,1
gh8-03776,-170.76290130615234,-14.319648742675781,-170.76255798339844,-14.319477081298828,1
gh8-03777,-170.76393127441406,-14.31844711303711,-170.76358795166016,-14.318275451660156,1
gh8-03778,-170.76358795166016,-14.318962097167969,-170.76324462890625,-14.318790435791016,1
gh8-03779,-170.7666778564453,-14.319648742675781,-170.7663345336914,-14.319477081298828,1
gh8-03780,-170.7663345336914,-14.323253631591797,-170.7659912109375,-14.323081970214844,1
gh8-03781,-170.77560424804688,-14.241371154785156,-170.77526092529297,-14.241199493408203,1
gh8-03782,-170.782470703125,-14.242916107177734,-170.7821273803711,-14.242744445800781,1
gh8-03783,-170.77835083007812,-14.247550964355469,-170.77800750732422,-14.247379302978516,1
gh8-03784,-170.7828140258789,-14.2437744140625,-170.782470703125,-14.243602752685547,1
gh8-03785,-170.78590393066406,-14.242229461669922,-170.78556060791016,-14.242057800292969,1
gh8-03786,-170.79071044921875,-14.244461059570312,-170.79036712646484,-14.24428939819336,1
gh8-03787,-170.78109741210938,-14.252700805664062,-170.78075408935547,-14.25252914428711,1
gh8-03788,-170.77800750732422,-14.258880615234375,-170.7776641845703,-14.258708953857422,1
gh8-03789,-170.7872772216797,-14.255104064941406,-170.78693389892578,-14.254932403564453,1
gh8-03790,-170.78521728515625,-14.258537292480469,-170.78487396240234,-14.258365631103516,1
gh8-03791,-170.79345703125,-14.256477355957031,-170.7931137084961,-14.256305694580078,1
gh8-03792,-170.7989501953125,-14.250125885009766,-170.7986068725586,-14.249954223632812,1
gh8-03793,-170.7941436767578,-14.258193969726562,-170.7938003540039,-14.25802230834961,1
gh8-03794,-170.7773208618164,-14.263858795166016,-170.7769775390625,-14.263687133789062,1
gh8-03795,-170.77388763427734,-14.265918731689453,-170.77354431152344,-14.2657470703125,1
gh8-03796,-170.77457427978516,-14.26626205444336,-170.77423095703125,-14.266090393066406,1
gh8-03797,-170.78418731689453,-14.260940551757812,-170.78384399414062,-14.26076889038086,1
gh8-03798,-170.78590393066406,-14.26076889038086,-170.78556060791016,-14.260597229003906,1
gh8-03799,-170.78624725341797,-14.26076889038086,-170.78590393066406,-14.260597229003906,1
gh8-03800,-170.79174041748047,-14.262657165527344,-170.79139709472656,-14.26248550415039,1
gh8-03801,-170.7883071899414,-14.267463684082031,-170.7879638671875,-14.267292022705078,1
gh8-03802,-170.77320098876953,-14.27621841430664,-170.77285766601562,-14.276046752929688,1
gh8-03803,-170.78384399414062,-14.281883239746094,-170.78350067138672,-14.28171157836914,1
gh8-03804,-170.78933715820312,-14.277763366699219,-170.78899383544922,-14.277591705322266,1
gh8-03805,-170.7927703857422,-14.277076721191406,-170.79242706298828,-14.276905059814453,1
gh8-03806,-170.79174041748047,-14.280166625976562,-170.79139709472656,-14.27999496459961,1
gh8-03807,-170.79757690429688,-14.263687133789062,-170.79723358154297,-14.26351547241211,1
gh8-03808,-170.7986068725586,-14.281883239746094,-170.7982635498047,-14.28171157836914,1
gh8-03809,-170.80135345458984,-14.277935028076172,-170.80101013183594,-14.277763366699219,1
gh8-03810,-170.78041076660156,-14.282913208007812,-170.78006744384766,-14.28274154663086,1
gh8-03811,-170.79105377197266,-14.286346435546875,-170.79071044921875,-14.286174774169922,1
gh8-03812,-170.77457427978516,-14.29372787475586,-170.77423095703125,-14.293556213378906,1
gh8-03813,-170.77526092529297,-14.293384552001953,-170.77491760253906,-14.293212890625,1
gh8-03814,-170.7766342163086,-14.301109313964844,-170.7762908935547,-14.30093765258789,1
gh8-03815,-170.77903747558594,-14.30145263671875,-170.77869415283203,-14.301280975341797,1
gh8-03816,-170.78693389892578,-14.296646118164062,-170.78659057617188,-14.29647445678711,1
gh8-03817,-170.7931137084961,-14.293384552001953,-170.7927703857422,-14.293212890625,1
gh8-03818,-170.79105377197266,-14.296302795410156,-170.79071044921875,-14.296131134033203,1
gh8-03819,-170.78384399414062,-14.30419921875,-170.78350067138672,-14.304027557373047,1
gh8-03820,-170.7989501953125,-14.289264678955078,-170.7986068725586,-14.289093017578125,1
gh8-03821,-170.79517364501953,-14.29372787475586,-170.79483032226562,-14.293556213378906,1
gh8-03822,-170.79517364501953,-14.296989440917969,-170.79483032226562,-14.296817779541016,1
gh8-03823,-170.79723358154297,-14.297676086425781,-170.79689025878906,-14.297504425048828,1
gh8-03824,-170.7992935180664,-14.293899536132812,-170.7989501953125,-14.29372787475586,1
gh8-03825,-170.81165313720703,-14.297504425048828,-170.81130981445312,-14.297332763671875,1
gh8-03826,-170.81199645996094,-14.298019409179688,-170.81165313720703,-14.297847747802734,1
gh8-03827,-170.81165313720703,-14.298362731933594,-170.81130981445312,-14.29819107055664,1
gh8-03828,-170.78144073486328,-14.31467056274414,-170.78109741210938,-14.314498901367188,1
gh8-03829,-170.78350067138672,-14.306087493896484,-170.7831573486328,-14.305915832519531,1
gh8-03830,-170.78590393066406,-14.305572509765625,-170.78556060791016,-14.305400848388672,1
gh8-03831,-170.78384399414062,-14.313812255859375,-170.78350067138672,-14.313640594482422,1
gh8-03832,-170.77869415283203,-14.325141906738281,-170.77835083007812,-14.324970245361328,1
gh8-03833,-170.78453063964844,-14.315872192382812,-170.78418731689453,-14.31570053100586,1
gh8-03834,-170.7927703857422,-14.323081970214844,-170.79242706298828,-14.32291030883789,1
gh8-03835,-170.79998016357422,-14.310894012451172,-170.7996368408203,-14.310722351074219,1
gh8-03836,-170.7986068725586,-14.317588806152344,-170.7982635498047,-14.31741714477539,1
gh8-03837,-170.79998016357422,-14.322395324707031,-170.7996368408203,-14.322223663330078,1
gh8-03838,-170.81748962402344,-14.302310943603516,-170.81714630126953,-14.302139282226562,1
gh8-03839,-170.81748962402344,-14.302825927734375,-170.81714630126953,-14.302654266357422,1
gh8-03840,-170.81783294677734,-14.302482604980469,-170.81748962402344,-14.302310943603516,1
gh8-03841,-170.81783294677734,-14.302654266357422,-170.81748962402344,-14.302482604980469,1
gh8-03842,-170.81783294677734,-14.302825927734375,-170.81748962402344,-14.302654266357422,1
gh8-03843,-170.8161163330078,-14.30419921875,-170.8157730102539,-14.304027557373047,1
gh8-03844,-170.8157730102539,-14.30471420288086,-170.8154296875,-14.304542541503906,1
gh8-03845,-170.81989288330078,-14.305057525634766,-170.81954956054688,-14.304885864257812,1
gh8-03846,-170.83362579345703,-14.316730499267578,-170.83328247070312,-14.316558837890625,1
gh8-03847,-170.83328247070312,-14.326171875,-170.83293914794922,-14.326000213623047,1
gh8-03848,-170.8477020263672,-14.324283599853516,-170.84735870361328,-14.324111938476562,1
gh8-03849,-170.8535385131836,-14.319648742675781,-170.8531951904297,-14.319477081298828,1
gh8-03850,-170.6842803955078,-14.330291748046875,-170.6839370727539,-14.330120086669922,1
gh8-03851,-170.69217681884766,-14.326343536376953,-170.69183349609375,-14.326171875,1
gh8-03852,-170.69664001464844,-14.330463409423828,-170.69629669189453,-14.330291748046875,1
gh8-03853,-170.70247650146484,-14.33115005493164,-170.70213317871094,-14.330978393554688,1
gh8-03854,-170.7000732421875,-14.333038330078125,-170.6997299194336,-14.332866668701172,1
gh8-03855,-170.69320678710938,-14.339218139648438,-170.69286346435547,-14.339046478271484,1
gh8-03856,-170.68565368652344,-14.346427917480469,-170.68531036376953,-14.346256256103516,1
gh8-03857,-170.6887435913086,-14.347801208496094,-170.6884002685547,-14.34762954711914,1
gh8-03858,-170.6897735595703,-14.347457885742188,-170.6894302368164,-14.347286224365234,1
gh8-03859,-170.6938934326172,-14.347286224365234,-170.69355010986328,-14.347114562988281,1
gh8-03860,-170.6952667236328,-14.339046478271484,-170.6949234008789,-14.338874816894531,1
gh8-03861,-170.6949234008789,-14.343681335449219,-170.694580078125,-14.343509674072266,1
gh8-03862,-170.69766998291016,-14.347801208496094,-170.69732666015625,-14.34762954711914,1
gh8-03863,-170.70281982421875,-14.345569610595703,-170.70247650146484,-14.34539794921875,1
gh8-03864,-170.71002960205078,-14.330120086669922,-170.70968627929688,-14.329948425292969,1
gh8-03865,-170.7162094116211,-14.328746795654297,-170.7158660888672,-14.328575134277344,1
gh8-03866,-170.70831298828125,-14.333381652832031,-170.70796966552734,-14.333209991455078,1
gh8-03867,-170.7107162475586,-14.333209991455078,-170.7103729248047,-14.333038330078125,1
gh8-03868,-170.70728302001953,-14.334754943847656,-170.70693969726562,-14.334583282470703,1
gh8-03869,-170.70728302001953,-14.33492660522461,-170.70693969726562,-14.334754943847656,1
gh8-03870,-170.70831298828125,-14.335098266601562,-170.70796966552734,-14.33492660522461,1
gh8-03871,-170.7117462158203,-14.331836700439453,-170.7114028930664,-14.3316650390625,1
gh8-03872,-170.7227325439453,-14.328746795654297,-170.7223892211914,-14.328575134277344,1
gh8-03873,-170.72547912597656,-14.33492660522461,-170.72513580322266,-14.334754943847656,1
gh8-03874,-170.70762634277344,-14.341793060302734,-170.70728302001953,-14.341621398925781,1
gh8-03875,-170.7114028930664,-14.337501525878906,-170.7110595703125,-14.337329864501953,1
gh8-03876,-170.71002960205078,-14.346942901611328,-170.70968627929688,-14.346771240234375,1
gh8-03877,-170.7268524169922,-14.338531494140625,-170.72650909423828,-14.338359832763672,1
gh8-03878,-170.71861267089844,-14.346427917480469,-170.71826934814453,-14.346256256103516,1
gh8-03879,-170.6942367553711,-14.349517822265625,-170.6938934326172,-14.349346160888672,1
gh8-03880,-170.694580078125,-14.350547790527344,-170.6942367553711,-14.35037612915039,1
gh8-03881,-170.6887435913086,-14.365653991699219,-170.6884002685547,-14.365482330322266,1
gh8-03882,-170.68702697753906,-14.36788558959961,-170.68668365478516,-14.367713928222656,1
gh8-03883,-170.68805694580078,-14.367542266845703,-170.68771362304688,-14.36737060546875,1
gh8-03884,-170.69149017333984,-14.368743896484375,-170.69114685058594,-14.368572235107422,1
gh8-03885,-170.69664001464844,-14.363079071044922,-170.69629669189453,-14.362907409667969,1
gh8-03886,-170.70453643798828,-14.360332489013672,-170.70419311523438,-14.360160827636719,1
gh8-03887,-170.7162094116211,-14.35140609741211,-170.7158660888672,-14.351234436035156,1
gh8-03888,-170.71929931640625,-14.349002838134766,-170.71895599365234,-14.348831176757812,1
gh8-03889,-170.71826934814453,-14.352092742919922,-170.71792602539062,-14.351921081542969,1
gh8-03890,-170.72547912597656,-14.351577758789062,-170.72513580322266,-14.35140609741211,1
gh8-03891,-170.71826934814453,-14.354667663574219,-170.71792602539062,-14.354496002197266,1
gh8-03892,-170.70934295654297,-14.359989166259766,-170.70899963378906,-14.359817504882812,1
gh8-03893,-170.71311950683594,-14.361705780029297,-170.71277618408203,-14.361534118652344,1
gh8-03894,-170.72101593017578,-14.361705780029297,-170.72067260742188,-14.361534118652344,1
gh8-03895,-170.72513580322266,-14.363594055175781,-170.72479248046875,-14.363422393798828,1
gh8-03896,-170.72032928466797,-14.368572235107422,-170.71998596191406,-14.368400573730469,1
gh8-03897,-170.7227325439453,-14.365825653076172,-170.7223892211914,-14.365653991699219,1
gh8-03898,-170.72650909423828,-14.3701171875,-170.72616577148438,-14.369945526123047,1
gh8-03899,-170.7278823852539,-14.326858520507812,-170.7275390625,-14.32668685913086,1
gh8-03900,-170.73680877685547,-14.329776763916016,-170.73646545410156,-14.329605102539062,1
gh8-03901,-170.73715209960938,-14.330463409423828,-170.73680877685547,-14.330291748046875,1
gh8-03902,-170.72959899902344,-14.332695007324219,-170.72925567626953,-14.332523345947266,1
gh8-03903,-170.7330322265625,-14.336471557617188,-170.7326889038086,-14.336299896240234,1
gh8-03904,-170.73543548583984,-14.332523345947266,-170.73509216308594,-14.332351684570312,1
gh8-03905,-170.74092864990234,-14.328575134277344,-170.74058532714844,-14.32840347290039,1
gh8-03906,-170.74195861816406,-14.330291748046875,-170.74161529541016,-14.330120086669922,1
gh8-03907,-170.73646545410156,-14.339218139648438,-170.73612213134766,-14.339046478271484,1
gh8-03908,-170.7381820678711,-14.341964721679688,-170.7378387451172,-14.341793060302734,1
gh8-03909,-170.7330322265625,-14.347972869873047,-170.7326889038086,-14.347801208496094,1
gh8-03910,-170.73474884033203,-14.343681335449219,-170.73440551757812,-14.343509674072266,1
gh8-03911,-170.7378387451172,-14.346599578857422,-170.73749542236328,-14.346427917480469,1
gh8-03912,-170.75809478759766,-14.336128234863281,-170.75775146484375,-14.335956573486328,1
gh8-03913,-170.75912475585938,-14.343509674072266,-170.75878143310547,-14.343338012695312,1
gh8-03914,-170.7653045654297,-14.343509674072266,-170.76496124267578,-14.343338012695312,1
gh8-03915,-170.7653045654297,-14.345741271972656,-170.76496124267578,-14.345569610595703,1
gh8-03916,-170.73406219482422,-14.353466033935547,-170.7337188720703,-14.353294372558594,1
gh8-03917,-170.73474884033203,-14.35638427734375,-170.73440551757812,-14.356212615966797,1
gh8-03918,-170.73543548583984,-14.35586929321289,-170.73509216308594,-14.355697631835938,1
gh8-03919,-170.73543548583984,-14.356040954589844,-170.73509216308594,-14.35586929321289,1
gh8-03920,-170.73543548583984,-14.35689926147461,-170.73509216308594,-14.356727600097656,1
gh8-03921,-170.73577880859375,-14.357070922851562,-170.73543548583984,-14.35689926147461,1
gh8-03922,-170.73543548583984,-14.357242584228516,-170.73509216308594,-14.357070922851562,1
gh8-03923,-170.74676513671875,-14.3536376953125,-170.74642181396484,-14.353466033935547,1
gh8-03924,-170.73989868164062,-14.359130859375,-170.73955535888672,-14.358959197998047,1
gh8-03925,-170.74779510498047,-14.3646240234375,-170.74745178222656,-14.364452362060547,1
gh8-03926,-170.7392120361328,-14.368228912353516,-170.7388687133789,-14.368057250976562,1
gh8-03927,-170.73955535888672,-14.368572235107422,-170.7392120361328,-14.368400573730469,1
gh8-03928,-170.74127197265625,-14.36960220336914,-170.74092864990234,-14.369430541992188,1
gh8-03929,-170.75225830078125,-14.358444213867188,-170.75191497802734,-14.358272552490234,1
gh8-03930,-170.75260162353516,-14.358787536621094,-170.75225830078125,-14.35861587524414,1
gh8-03931,-170.75294494628906,-14.358787536621094,-170.75260162353516,-14.35861587524414,1
gh8-03932,-170.7501983642578,-14.361190795898438,-170.7498550415039,-14.361019134521484,1
gh8-03933,-170.75260162353516,-14.359474182128906,-170.75225830078125,-14.359302520751953,1
gh8-03934,-170.7550048828125,-14.362220764160156,-170.7546615600586,-14.362049102783203,1
gh8-03935,-170.75157165527344,-14.367713928222656,-170.75122833251953,-14.367542266845703,1
gh8-03936,-170.7601547241211,-14.365482330322266,-170.7598114013672,-14.365310668945312,1
gh8-03937,-170.75740814208984,-14.36788558959961,-170.75706481933594,-14.367713928222656,1
gh8-03938,-170.76324462890625,-14.363937377929688,-170.76290130615234,-14.363765716552734,1
gh8-03939,-170.76393127441406,-14.363594055175781,-170.76358795166016,-14.363422393798828,1
gh8-03940,-170.76461791992188,-14.363937377929688,-170.76427459716797,-14.363765716552734,1
gh8-03941,-170.76461791992188,-14.364280700683594,-170.76427459716797,-14.36410903930664,1
gh8-03942,-170.76461791992188,-14.364452362060547,-170.76427459716797,-14.364280700683594,1
gh8-03943,-170.7653045654297,-14.364452362060547,-170.76496124267578,-14.364280700683594,1
gh8-03944,-170.76290130615234,-14.365997314453125,-170.76255798339844,-14.365825653076172,1
gh8-03945,-170.76427459716797,-14.364967346191406,-170.76393127441406,-14.364795684814453,1
gh8-03946,-170.76461791992188,-14.368057250976562,-170.76427459716797,-14.36788558959961,1
gh8-03947,-170.7656478881836,-14.367713928222656,-170.7653045654297,-14.367542266845703,1
gh8-03948,-170.76358795166016,-14.369430541992188,-170.76324462890625,-14.369258880615234,1
gh8-03949,-170.76839447021484,-14.369430541992188,-170.76805114746094,-14.369258880615234,1
gh8-03950,-170.68634033203125,-14.372692108154297,-170.68599700927734,-14.372520446777344,1
gh8-03951,-170.6887435913086,-14.37887191772461,-170.6884002685547,-14.378700256347656,1
gh8-03952,-170.68771362304688,-14.383506774902344,-170.68737030029297,-14.38333511352539,1
gh8-03953,-170.6884002685547,-14.38882827758789,-170.68805694580078,-14.388656616210938,1
gh8-03954,-170.71277618408203,-14.379215240478516,-170.71243286132812,-14.379043579101562,1
gh8-03955,-170.70831298828125,-14.391746520996094,-170.70796966552734,-14.39157485961914,1
gh8-03956,-170.71346282958984,-14.387626647949219,-170.71311950683594,-14.387454986572266,1
gh8-03957,-170.71964263916016,-14.38161849975586,-170.71929931640625,-14.381446838378906,1
gh8-03958,-170.68565368652344,-14.393291473388672,-170.68531036376953,-14.393119812011719,1
gh8-03959,-170.70178985595703,-14.393291473388672,-170.70144653320312,-14.393119812011719,1
gh8-03960,-170.70110321044922,-14.393634796142578,-170.7007598876953,-14.393463134765625,1
gh8-03961,-170.70281982421875,-14.397411346435547,-170.70247650146484,-14.397239685058594,1
gh8-03962,-170.70831298828125,-14.393119812011719,-170.70796966552734,-14.392948150634766,1
gh8-03963,-170.71861267089844,-14.393806457519531,-170.71826934814453,-14.393634796142578,1
gh8-03964,-170.73062896728516,-14.375267028808594,-170.73028564453125,-14.37509536743164,1
gh8-03965,-170.7337188720703,-14.379215240478516,-170.7333755493164,-14.379043579101562,1
gh8-03966,-170.73955535888672,-14.371662139892578,-170.7392120361328,-14.371490478515625,1
gh8-03967,-170.7447052001953,-14.378528594970703,-170.7443618774414,-14.37835693359375,1
gh8-03968,-170.73165893554688,-14.381961822509766,-170.73131561279297,-14.381790161132812,1
gh8-03969,-170.73749542236328,-14.389171600341797,-170.73715209960938,-14.388999938964844,1
gh8-03970,-170.73955535888672,-14.385566711425781,-170.7392120361328,-14.385395050048828,1
gh8-03971,-170.7392120361328,-14.386425018310547,-170.7388687133789,-14.386253356933594,1
gh8-03972,-170.74264526367188,-14.386425018310547,-170.74230194091797,-14.386253356933594,1
gh8-03973,-170.74642181396484,-14.390716552734375,-170.74607849121094,-14.390544891357422,1
gh8-03974,-170.74676513671875,-14.391231536865234,-170.74642181396484,-14.391059875488281,1
gh8-03975,-170.75775146484375,-14.380931854248047,-170.75740814208984,-14.380760192871094,1
gh8-03976,-170.76290130615234,-14.370460510253906,-170.76255798339844,-14.370288848876953,1
gh8-03977,-170.76324462890625,-14.370460510253906,-170.76290130615234,-14.370288848876953,1
gh8-03978,-170.76255798339844,-14.373207092285156,-170.76221466064453,-14.373035430908203,1
gh8-03979,-170.76290130615234,-14.373207092285156,-170.76255798339844,-14.373035430908203,1
gh8-03980,-170.76358795166016,-14.373550415039062,-170.76324462890625,-14.37337875366211,1
gh8-03981,-170.76461791992188,-14.373893737792969,-170.76427459716797,-14.373722076416016,1
gh8-03982,-170.7653045654297,-14.37337875366211,-170.76496124267578,-14.373207092285156,1
gh8-03983,-170.76839447021484,-14.372005462646484,-170.76805114746094,-14.371833801269531,1
gh8-03984,-170.76805114746094,-14.372520446777344,-170.76770782470703,-14.37234878540039,1
gh8-03985,-170.76839447021484,-14.372692108154297,-170.76805114746094,-14.372520446777344,1
gh8-03986,-170.76908111572266,-14.371833801269531,-170.76873779296875,-14.371662139892578,1
gh8-03987,-170.77011108398438,-14.372177124023438,-170.76976776123047,-14.372005462646484,1
gh8-03988,-170.7711410522461,-14.37234878540039,-170.7707977294922,-14.372177124023438,1
gh8-03989,-170.76805114746094,-14.373550415039062,-170.76770782470703,-14.37337875366211,1
gh8-03990,-170.76324462890625,-14.376640319824219,-170.76290130615234,-14.376468658447266,1
gh8-03991,-170.76427459716797,-14.37835693359375,-170.76393127441406,-14.378185272216797,1
gh8-03992,-170.76427459716797,-14.378700256347656,-170.76393127441406,-14.378528594970703,1
gh8-03993,-170.76461791992188,-14.378528594970703,-170.76427459716797,-14.37835693359375,1
gh8-03994,-170.76461791992188,-14.37887191772461,-170.76427459716797,-14.378700256347656,1
gh8-03995,-170.76427459716797,-14.379730224609375,-170.76393127441406,-14.379558563232422,1
gh8-03996,-170.76496124267578,-14.37887191772461,-170.76461791992188,-14.378700256347656,1
gh8-03997,-170.7653045654297,-14.37887191772461,-170.76496124267578,-14.378700256347656,1
gh8-03998,-170.7666778564453,-14.378013610839844,-170.7663345336914,-14.37784194946289,1
gh8-03999,-170.7663345336914,-14.378185272216797,-170.7659912109375,-14.378013610839844,1
gh8-04000,-170.76839447021484,-14.377498626708984,-170.76805114746094,-14.377326965332031,1
gh8-04001,-170.7666778564453,-14.378700256347656,-170.7663345336914,-14.378528594970703,1
gh8-04002,-170.76736450195312,-14.379215240478516,-170.76702117919922,-14.379043579101562,1
gh8-04003,-170.76221466064453,-14.38161849975586,-170.76187133789062,-14.381446838378906,1
gh8-04004,-170.76290130615234,-14.384708404541016,-170.76255798339844,-14.384536743164062,1
gh8-04005,-170.76770782470703,-14.382133483886719,-170.76736450195312,-14.381961822509766,1
gh8-04006,-170.76255798339844,-14.390201568603516,-170.76221466064453,-14.390029907226562,1
gh8-04007,-170.73989868164062,-14.397754669189453,-170.73955535888672,-14.3975830078125,1
gh8-04008,-170.74779510498047,-14.399127960205078,-170.74745178222656,-14.398956298828125,1
gh8-04009,-170.76221466064453,-14.393806457519531,-170.76187133789062,-14.393634796142578,1
gh8-04010,-170.77423095703125,-14.332695007324219,-170.77388763427734,-14.332523345947266,1
gh8-04011,-170.78693389892578,-14.337158203125,-170.78659057617188,-14.336986541748047,1
gh8-04012,-170.79208374023438,-14.335613250732422,-170.79174041748047,-14.335441589355469,1
gh8-04013,-170.7927703857422,-14.335784912109375,-170.79242706298828,-14.335613250732422,1
gh8-04014,-170.77251434326172,-14.343338012695312,-170.7721710205078,-14.34316635131836,1
gh8-04015,-170.77800750732422,-14.346256256103516,-170.7776641845703,-14.346084594726562,1
gh8-04016,-170.79792022705078,-14.328060150146484,-170.79757690429688,-14.327888488769531,1
gh8-04017,-170.7941436767578,-14.336471557617188,-170.7938003540039,-14.336299896240234,1
gh8-04018,-170.80787658691406,-14.328060150146484,-170.80753326416016,-14.327888488769531,1
gh8-04019,-170.80787658691406,-14.328231811523438,-170.80753326416016,-14.328060150146484,1
gh8-04020,-170.80821990966797,-14.329261779785156,-170.80787658691406,-14.329090118408203,1
gh8-04021,-170.81233978271484,-14.332523345947266,-170.81199645996094,-14.332351684570312,1
gh8-04022,-170.79586029052734,-14.338188171386719,-170.79551696777344,-14.338016510009766,1
gh8-04023,-170.7721710205078,-14.350719451904297,-170.7718276977539,-14.350547790527344,1
gh8-04024,-170.78006744384766,-14.348487854003906,-170.77972412109375,-14.348316192626953,1
gh8-04025,-170.77800750732422,-14.359130859375,-170.7776641845703,-14.358959197998047,1
gh8-04026,-170.78109741210938,-14.358100891113281,-170.78075408935547,-14.357929229736328,1
gh8-04027,-170.78624725341797,-14.352779388427734,-170.78590393066406,-14.352607727050781,1
gh8-04028,-170.78556060791016,-14.358959197998047,-170.78521728515625,-14.358787536621094,1
gh8-04029,-170.7883071899414,-14.356727600097656,-170.7879638671875,-14.356555938720703,1
gh8-04030,-170.77423095703125,-14.36187744140625,-170.77388763427734,-14.361705780029297,1
gh8-04031,-170.78109741210938,-14.36410903930664,-170.78075408935547,-14.363937377929688,1
gh8-04032,-170.7762908935547,-14.36513900756836,-170.77594757080078,-14.364967346191406,1
gh8-04033,-170.782470703125,-14.3701171875,-170.7821273803711,-14.369945526123047,1
gh8-04034,-170.7828140258789,-14.362049102783203,-170.782470703125,-14.36187744140625,1
gh8-04035,-170.78384399414062,-14.362220764160156,-170.78350067138672,-14.362049102783203,1
gh8-04036,-170.78624725341797,-14.364452362060547,-170.78590393066406,-14.364280700683594,1
gh8-04037,-170.7938003540039,-14.351234436035156,-170.79345703125,-14.351062774658203,1
gh8-04038,-170.79689025878906,-14.356212615966797,-170.79654693603516,-14.356040954589844,1
gh8-04039,-170.7986068725586,-14.356040954589844,-170.7982635498047,-14.35586929321289,1
gh8-04040,-170.79448699951172,-14.36788558959961,-170.7941436767578,-14.367713928222656,1
gh8-04041,-170.79448699951172,-14.369945526123047,-170.7941436767578,-14.369773864746094,1
gh8-04042,-170.79689025878906,-14.368915557861328,-170.79654693603516,-14.368743896484375,1
gh8-04043,-170.80032348632812,-14.368057250976562,-170.79998016357422,-14.36788558959961,1
gh8-04044,-170.8312225341797,-14.327545166015625,-170.83087921142578,-14.327373504638672,1
gh8-04045,-170.8325958251953,-14.326858520507812,-170.8322525024414,-14.32668685913086,1
gh8-04046,-170.83293914794922,-14.326343536376953,-170.8325958251953,-14.326171875,1
gh8-04047,-170.83293914794922,-14.32668685913086,-170.8325958251953,-14.326515197753906,1
gh8-04048,-170.8212661743164,-14.338703155517578,-170.8209228515625,-14.338531494140625,1
gh8-04049,-170.84598541259766,-14.327201843261719,-170.84564208984375,-14.327030181884766,1
gh8-04050,-170.82366943359375,-14.349517822265625,-170.82332611083984,-14.349346160888672,1
gh8-04051,-170.8377456665039,-14.353294372558594,-170.83740234375,-14.35312271118164,1
gh8-04052,-170.77354431152344,-14.373550415039062,-170.77320098876953,-14.37337875366211,1
gh8-04053,-170.77354431152344,-14.374923706054688,-170.77320098876953,-14.374752044677734,1
gh8-04054,-170.77354431152344,-14.375267028808594,-170.77320098876953,-14.37509536743164,1
gh8-04055,-170.77354431152344,-14.3756103515625,-170.77320098876953,-14.375438690185547,1
gh8-04056,-170.78075408935547,-14.37286376953125,-170.78041076660156,-14.372692108154297,1
gh8-04057,-170.782470703125,-14.373722076416016,-170.7821273803711,-14.373550415039062,1
gh8-04058,-170.77354431152344,-14.376296997070312,-170.77320098876953,-14.37612533569336,1
gh8-04059,-170.77354431152344,-14.376468658447266,-170.77320098876953,-14.376296997070312,1
gh8-04060,-170.7718276977539,-14.377155303955078,-170.771484375,-14.376983642578125,1
gh8-04061,-170.77285766601562,-14.377155303955078,-170.77251434326172,-14.376983642578125,1
gh8-04062,-170.77285766601562,-14.377670288085938,-170.77251434326172,-14.377498626708984,1
gh8-04063,-170.77388763427734,-14.377498626708984,-170.77354431152344,-14.377326965332031,1
gh8-04064,-170.7762908935547,-14.37784194946289,-170.77594757080078,-14.377670288085938,1
gh8-04065,-170.7828140258789,-14.374580383300781,-170.782470703125,-14.374408721923828,1
gh8-04066,-170.79071044921875,-14.370288848876953,-170.79036712646484,-14.3701171875,1
gh8-04067,-170.78556060791016,-14.37784194946289,-170.78521728515625,-14.377670288085938,1
gh8-04068,-170.78556060791016,-14.379043579101562,-170.78521728515625,-14.37887191772461,1
gh8-04069,-170.78968048095703,-14.378185272216797,-170.78933715820312,-14.378013610839844,1
gh8-04070,-170.7766342163086,-14.386768341064453,-170.7762908935547,-14.3865966796875,1
gh8-04071,-170.7883071899414,-14.386940002441406,-170.7879638671875,-14.386768341064453,1
gh8-04072,-170.7927703857422,-14.388141632080078,-170.79242706298828,-14.387969970703125,1
gh8-04073,-170.79586029052734,-14.37509536743164,-170.79551696777344,-14.374923706054688,1
gh8-04074,-170.79792022705078,-14.389514923095703,-170.79757690429688,-14.38934326171875,1
gh8-04075,-170.78350067138672,-14.394493103027344,-170.7831573486328,-14.39432144165039,1
gh8-04076,-170.78418731689453,-14.396381378173828,-170.78384399414062,-14.396209716796875,1
gh8-04077,-170.7876205444336,-14.396209716796875,-170.7872772216797,-14.396038055419922,1
gh8-04078,-170.79345703125,-14.392948150634766,-170.7931137084961,-14.392776489257812,1
gh8-04079,-170.78453063964844,-14.398269653320312,-170.78418731689453,-14.39809799194336,1
gh8-04080,-170.7986068725586,-14.397926330566406,-170.7982635498047,-14.397754669189453,1
gh8-04081,-170.7992935180664,-14.399127960205078,-170.7989501953125,-14.398956298828125,1
gh8-04082,-170.8586883544922,-14.532508850097656,-170.85834503173828,-14.532337188720703,1
gh8-04083,-170.98709106445312,-14.206180572509766,-170.98674774169922,-14.206008911132812,1
gh8-04084,-170.97850799560547,-14.324970245361328,-170.97816467285156,-14.324798583984375,1
gh8-04085,-170.8600616455078,-14.533710479736328,-170.8597183227539,-14.533538818359375,1
gh8-04086,-170.86280822753906,-14.535083770751953,-170.86246490478516,-14.534912109375,1
gh8-04087,-170.9314727783203,-14.60031509399414,-170.9311294555664,-14.600143432617188,1
gh8-04088,-170.93456268310547,-14.603233337402344,-170.93421936035156,-14.60306167602539,1
gh8-04089,-170.9366226196289,-14.603233337402344,-170.936279296875,-14.60306167602539,1
gh8-04090,-170.74161529541016,-14.845962524414062,-170.74127197265625,-14.84579086303711,1
gh8-04091,-170.74230194091797,-14.846134185791016,-170.74195861816406,-14.845962524414062,1
gh8-04092,-170.74264526367188,-14.846305847167969,-170.74230194091797,-14.846134185791016,1
gh8-04093,-170.7443618774414,-14.846992492675781,-170.7440185546875,-14.846820831298828,1
gh8-04094,-170.74504852294922,-14.847164154052734,-170.7447052001953,-14.846992492675781,1
gh8-04095,-170.74710845947266,-14.847679138183594,-170.74676513671875,-14.84750747680664,1
gh8-04096,-170.74745178222656,-14.847850799560547,-170.74710845947266,-14.847679138183594,1
gh8-04097,-170.74813842773438,-14.8480224609375,-170.74779510498047,-14.847850799560547,1
gh8-04098,-170.75088500976562,-14.84853744506836,-170.75054168701172,-14.848365783691406,1
