{
  "type": "FeatureCollection",
  "features": [
    {
      "type": "Feature",
      "id": "gh5-00000",
      "properties": {
        "occurrence_count": 60506,
        "geohash_precision": 5,
        "original_cell_bbox": [
          -170.0244140625,
          -14.2822265625,
          -169.98046875,
          -14.23828125
        ],
        "clipped_to_query_bbox": false
      },
      "geometry": {
        "type": "Polygon",
        "coordinates": [
          [
            [
              -170.0244140625,
              -14.2822265625
            ],
            [
              -169.98046875,
              -14.2822265625
            ],
            [
              -169.98046875,
              -14.23828125
            ],
            [
              -170.0244140625,
              -14.23828125
            ],
            [
              -170.0244140625,
              -14.2822265625
            ]
          ]
        ]
      }
    },
    {
      "type": "Feature",
      "id": "gh5-00001",
      "properties": {
        "occurrence_count": 47785,
        "geohash_precision": 5,
        "original_cell_bbox": [
          -170.0244140625,
          -14.677734375,
          -169.98046875,
          -14.6337890625
        ],
        "clipped_to_query_bbox": false
      },
      "geometry": {
        "type": "Polygon",
        "coordinates": [
          [
            [
              -170.0244140625,
              -14.677734375
            ],
            [
              -169.98046875,
              -14.677734375
            ],
            [
              -169.98046875,
              -14.6337890625
            ],
            [
              -170.0244140625,
              -14.6337890625
            ],
            [
              -170.0244140625,
              -14.677734375
            ]
          ]
        ]
      }
    },
    {
      "type": "Feature",
      "id": "gh5-00002",
      "properties": {
        "occurrence_count": 16251,
        "geohash_precision": 5,
        "original_cell_bbox": [
          -169.62890625,
          -14.1943359375,
          -169.5849609375,
          -14.150390625
        ],
        "clipped_to_query_bbox": false
      },
      "geometry": {
        "type": "Polygon",
        "coordinates": [
          [
            [
              -169.62890625,
              -14.1943359375
            ],
            [
              -169.5849609375,
              -14.1943359375
            ],
            [
              -169.5849609375,
              -14.150390625
            ],
            [
              -169.62890625,
              -14.150390625
            ],
            [
              -169.62890625,
              -14.1943359375
            ]
          ]
        ]
      }
    },
    {
      "type": "Feature",
      "id": "gh5-00003",
      "properties": {
        "occurrence_count": 14562,
        "geohash_precision": 5,
        "original_cell_bbox": [
          -170.771484375,
          -14.3701171875,
          -170.7275390625,
          -14.326171875
        ],
        "clipped_to_query_bbox": false
      },
      "geometry": {
        "type": "Polygon",
        "coordinates": [
          [
            [
              -170.771484375,
              -14.3701171875
            ],
            [
              -170.7275390625,
              -14.3701171875
            ],
            [
              -170.7275390625,
              -14.326171875
            ],
            [
              -170.771484375,
              -14.326171875
            ],
            [
              -170.771484375,
              -14.3701171875
            ]
          ]
        ]
      }
    },
    {
      "type": "Feature",
      "id": "gh5-00004",
      "properties": {
        "occurrence_count": 14136,
        "geohash_precision": 5,
        "original_cell_bbox": [
          -169.716796875,
          -14.1943359375,
          -169.6728515625,
          -14.150390625
        ],
        "clipped_to_query_bbox": false
      },
      "geometry": {
        "type": "Polygon",
        "coordinates": [
          [
            [
              -169.716796875,
              -14.1943359375
            ],
            [
              -169.6728515625,
              -14.1943359375
            ],
            [
              -169.6728515625,
              -14.150390625
            ],
            [
              -169.716796875,
              -14.150390625
            ],
            [
              -169.716796875,
              -14.1943359375
            ]
          ]
        ]
      }
    },
    {
      "type": "Feature",
      "id": "gh5-00005",
      "properties": {
        "occurrence_count": 12872,
        "geohash_precision": 5,
        "original_cell_bbox": [
          -169.6728515625,
          -14.1943359375,
          -169.62890625,
          -14.150390625
        ],
        "clipped_to_query_bbox": false
      },
      "geometry": {
        "type": "Polygon",
        "coordinates": [
          [
            [
              -169.6728515625,
              -14.1943359375
            ],
            [
              -169.62890625,
              -14.1943359375
            ],
            [
              -169.62890625,
              -14.150390625
            ],
            [
              -169.6728515625,
              -14.150390625
            ],
            [
              -169.6728515625,
              -14.1943359375
            ]
          ]
        ]
      }
    },
    {
      "type": "Feature",
      "id": "gh5-00006",
      "properties": {
        "occurrence_count": 10397,
        "geohash_precision": 5,
        "original_cell_bbox": [
          -170.6396484375,
          -14.2822265625,
          -170.595703125,
          -14.23828125
        ],
        "clipped_to_query_bbox": false
      },
      "geometry": {
        "type": "Polygon",
        "coordinates": [
          [
            [
              -170.6396484375,
              -14.2822265625
            ],
            [
              -170.595703125,
              -14.2822265625
            ],
            [
              -170.595703125,
              -14.23828125
            ],
            [
              -170.6396484375,
              -14.23828125
            ],
            [
              -170.6396484375,
              -14.2822265625
            ]
          ]
        ]
      }
    },
    {
      "type": "Feature",
      "id": "gh5-00007",
      "properties": {
        "occurrence_count": 10124,
        "geohash_precision": 5,
        "original_cell_bbox": [
          -170.595703125,
          -14.2822265625,
          -170.5517578125,
          -14.23828125
        ],
        "clipped_to_query_bbox": false
      },
      "geometry": {
        "type": "Polygon",
        "coordinates": [
          [
            [
              -170.595703125,
              -14.2822265625
            ],
            [
              -170.5517578125,
              -14.2822265625
            ],
            [
              -170.5517578125,
              -14.23828125
            ],
            [
              -170.595703125,
              -14.23828125
            ],
            [
              -170.595703125,
              -14.2822265625
            ]
          ]
        ]
      }
    },
    {
      "type": "Feature",
      "id": "gh5-00008",
      "properties": {
        "occurrence_count": 9819,
        "geohash_precision": 5,
        "original_cell_bbox": [
          -170.68359375,
          -14.2822265625,
          -170.6396484375,
          -14.23828125
        ],
        "clipped_to_query_bbox": false
      },
      "geometry": {
        "type": "Polygon",
        "coordinates": [
          [
            [
              -170.68359375,
              -14.2822265625
            ],
            [
              -170.6396484375,
              -14.2822265625
            ],
            [
              -170.6396484375,
              -14.23828125
            ],
            [
              -170.68359375,
              -14.23828125
            ],
            [
              -170.68359375,
              -14.2822265625
            ]
          ]
        ]
      }
    },
    {
      "type": "Feature",
      "id": "gh5-00009",
      "properties": {
        "occurrence_count": 9414,
        "geohash_precision": 5,
        "original_cell_bbox": [
          -170.8154296875,
          -14.3701171875,
          -170.771484375,
          -14.326171875
        ],
        "clipped_to_query_bbox": false
      },
      "geometry": {
        "type": "Polygon",
        "coordinates": [
          [
            [
              -170.8154296875,
              -14.3701171875
            ],
            [
              -170.771484375,
              -14.3701171875
            ],
            [
              -170.771484375,
              -14.326171875
            ],
            [
              -170.8154296875,
              -14.326171875
            ],
            [
              -170.8154296875,
              -14.3701171875
            ]
          ]
        ]
      }
    },
    {
      "type": "Feature",
      "id": "gh5-00010",
      "properties": {
        "occurrence_count": 9327,
        "geohash_precision": 5,
        "original_cell_bbox": [
          -169.453125,
          -14.23828125,
          -169.4091796875,
          -14.1943359375
        ],
        "clipped_to_query_bbox": false
      },
      "geometry": {
        "type": "Polygon",
        "coordinates": [
          [
            [
              -169.453125,
              -14.23828125
            ],
            [
              -169.4091796875,
              -14.23828125
            ],
            [
              -169.4091796875,
              -14.1943359375
            ],
            [
              -169.453125,
              -14.1943359375
            ],
            [
              -169.453125,
              -14.23828125
            ]
          ]
        ]
      }
    },
    {
      "type": "Feature",
      "id": "gh5-00011",
      "properties": {
        "occurrence_count": 8865,
        "geohash_precision": 5,
        "original_cell_bbox": [
          -170.68359375,
          -14.326171875,
          -170.6396484375,
          -14.2822265625
        ],
        "clipped_to_query_bbox": false
      },
      "geometry": {
        "type": "Polygon",
        "coordinates": [
          [
            [
              -170.68359375,
              -14.326171875
            ],
            [
              -170.6396484375,
              -14.326171875
            ],
            [
              -170.6396484375,
              -14.2822265625
            ],
            [
              -170.68359375,
              -14.2822265625
            ],
            [
              -170.68359375,
              -14.326171875
            ]
          ]
        ]
      }
    },
    {
      "type": "Feature",
      "id": "gh5-00012",
      "properties": {
        "occurrence_count": 8232,
        "geohash_precision": 5,
        "original_cell_bbox": [
          -170.8154296875,
          -14.326171875,
          -170.771484375,
          -14.2822265625
        ],
        "clipped_to_query_bbox": false
      },
      "geometry": {
        "type": "Polygon",
        "coordinates": [
          [
            [
              -170.8154296875,
              -14.326171875
            ],
            [
              -170.771484375,
              -14.326171875
            ],
            [
              -170.771484375,
              -14.2822265625
            ],
            [
              -170.8154296875,
              -14.2822265625
            ],
            [
              -170.8154296875,
              -14.326171875
            ]
          ]
        ]
      }
    },
    {
      "type": "Feature",
      "id": "gh5-00013",
      "properties": {
        "occurrence_count": 8142,
        "geohash_precision": 5,
        "original_cell_bbox": [
          -169.541015625,
          -14.2822265625,
          -169.4970703125,
          -14.23828125
        ],
        "clipped_to_query_bbox": false
      },
      "geometry": {
        "type": "Polygon",
        "coordinates": [
          [
            [
              -169.541015625,
              -14.2822265625
            ],
            [
              -169.4970703125,
              -14.2822265625
            ],
            [
              -169.4970703125,
              -14.23828125
            ],
            [
              -169.541015625,
              -14.23828125
            ],
            [
              -169.541015625,
              -14.2822265625
            ]
          ]
        ]
      }
    },
    {
      "type": "Feature",
      "id": "gh5-00014",
      "properties": {
        "occurrence_count": 7504,
        "geohash_precision": 5,
        "original_cell_bbox": [
          -169.4970703125,
          -14.23828125,
          -169.453125,
          -14.1943359375
        ],
        "clipped_to_query_bbox": false
      },
      "geometry": {
        "type": "Polygon",
        "coordinates": [
          [
            [
              -169.4970703125,
              -14.23828125
            ],
            [
              -169.453125,
              -14.23828125
            ],
            [
              -169.453125,
              -14.1943359375
            ],
            [
              -169.4970703125,
              -14.1943359375
            ],
            [
              -169.4970703125,
              -14.23828125
            ]
          ]
        ]
      }
    },
    {
      "type": "Feature",
      "id": "gh5-00015",
      "properties": {
        "occurrence_count": 6610,
        "geohash_precision": 5,
        "original_cell_bbox": [
          -169.541015625,
          -14.23828125,
          -169.4970703125,
          -14.1943359375
        ],
        "clipped_to_query_bbox": false
      },
      "geometry": {
        "type": "Polygon",
        "coordinates": [
          [
            [
              -169.541015625,
              -14.23828125
            ],
            [
              -169.4970703125,
              -14.23828125
            ],
            [
              -169.4970703125,
              -14.1943359375
            ],
            [
              -169.541015625,
              -14.1943359375
            ],
            [
              -169.541015625,
              -14.23828125
            ]
          ]
        ]
      }
    },
    {
      "type": "Feature",
      "id": "gh5-00016",
      "properties": {
        "occurrence_count": 6525,
        "geohash_precision": 5,
        "original_cell_bbox": [
          -170.7275390625,
          -14.2822265625,
          -170.68359375,
          -14.23828125
        ],
        "clipped_to_query_bbox": false
      },
      "geometry": {
        "type": "Polygon",
        "coordinates": [
          [
            [
              -170.7275390625,
              -14.2822265625
            ],
            [
              -170.68359375,
              -14.2822265625
            ],
            [
              -170.68359375,
              -14.23828125
            ],
            [
              -170.7275390625,
              -14.23828125
            ],
            [
              -170.7275390625,
              -14.2822265625
            ]
          ]
        ]
      }
    },
    {
      "type": "Feature",
      "id": "gh5-00017",
      "properties": {
        "occurrence_count": 6248,
        "geohash_precision": 5,
        "original_cell_bbox": [
          -169.453125,
          -14.2822265625,
          -169.4091796875,
          -14.23828125
        ],
        "clipped_to_query_bbox": false
      },
      "geometry": {
        "type": "Polygon",
        "coordinates": [
          [
            [
              -169.453125,
              -14.2822265625
            ],
            [
              -169.4091796875,
              -14.2822265625
            ],
            [
              -169.4091796875,
              -14.23828125
            ],
            [
              -169.453125,
              -14.23828125
            ],
            [
              -169.453125,
              -14.2822265625
            ]
          ]
        ]
      }
    },
    {
      "type": "Feature",
      "id": "gh5-00018",
      "properties": {
        "occurrence_count": 6225,
        "geohash_precision": 5,
        "original_cell_bbox": [
          -169.4970703125,
          -14.2822265625,
          -169.453125,
          -14.23828125
        ],
        "clipped_to_query_bbox": false
      },
      "geometry": {
        "type": "Polygon",
        "coordinates": [
          [
            [
              -169.4970703125,
              -14.2822265625
            ],
            [
              -169.453125,
              -14.2822265625
            ],
            [
              -169.453125,
              -14.23828125
            ],
            [
              -169.4970703125,
              -14.23828125
            ],
            [
              -169.4970703125,
              -14.2822265625
            ]
          ]
        ]
      }
    },
    {
      "type": "Feature",
      "id": "gh5-00019",
      "properties": {
        "occurrence_count": 5343,
        "geohash_precision": 5,
        "original_cell_bbox": [
          -170.771484375,
          -14.326171875,
          -170.7275390625,
          -14.2822265625
        ],
        "clipped_to_query_bbox": false
      },
      "geometry": {
        "type": "Polygon",
        "coordinates": [
          [
            [
              -170.771484375,
              -14.326171875
            ],
            [
              -170.7275390625,
              -14.326171875
            ],
            [
              -170.7275390625,
              -14.2822265625
            ],
            [
              -170.771484375,
              -14.2822265625
            ],
            [
              -170.771484375,
              -14.326171875
            ]
          ]
        ]
      }
    },
    {
      "type": "Feature",
      "id": "gh5-00020",
      "properties": {
        "occurrence_count": 5319,
        "geohash_precision": 5,
        "original_cell_bbox": [
          -170.7275390625,
          -14.3701171875,
          -170.68359375,
          -14.326171875
        ],
        "clipped_to_query_bbox": false
      },
      "geometry": {
        "type": "Polygon",
        "coordinates": [
          [
            [
              -170.7275390625,
              -14.3701171875
            ],
            [
              -170.68359375,
              -14.3701171875
            ],
            [
              -170.68359375,
              -14.326171875
            ],
            [
              -170.7275390625,
              -14.326171875
            ],
            [
              -170.7275390625,
              -14.3701171875
            ]
          ]
        ]
      }
    },
    {
      "type": "Feature",
      "id": "gh5-00021",
      "properties": {
        "occurrence_count": 5048,
        "geohash_precision": 5,
        "original_cell_bbox": [
          -170.7275390625,
          -14.326171875,
          -170.68359375,
          -14.2822265625
        ],
        "clipped_to_query_bbox": false
      },
      "geometry": {
        "type": "Polygon",
        "coordinates": [
          [
            [
              -170.7275390625,
              -14.326171875
            ],
            [
              -170.68359375,
              -14.326171875
            ],
            [
              -170.68359375,
              -14.2822265625
            ],
            [
              -170.7275390625,
              -14.2822265625
            ],
            [
              -170.7275390625,
              -14.326171875
            ]
          ]
        ]
      }
    },
    {
      "type": "Feature",
      "id": "gh5-00022",
      "properties": {
        "occurrence_count": 5031,
        "geohash_precision": 5,
        "original_cell_bbox": [
          -170.859375,
          -14.326171875,
          -170.8154296875,
          -14.2822265625
        ],
        "clipped_to_query_bbox": false
      },
      "geometry": {
        "type": "Polygon",
        "coordinates": [
          [
            [
              -170.859375,
              -14.326171875
            ],
            [
              -170.8154296875,
              -14.326171875
            ],
            [
              -170.8154296875,
              -14.2822265625
            ],
            [
              -170.859375,
              -14.2822265625
            ],
            [
              -170.859375,
              -14.326171875
            ]
          ]
        ]
      }
    },
    {
      "type": "Feature",
      "id": "gh5-00023",
      "properties": {
        "occurrence_count": 4562,
        "geohash_precision": 5,
        "original_cell_bbox": [
          -170.595703125,
          -14.326171875,
          -170.5517578125,
          -14.2822265625
        ],
        "clipped_to_query_bbox": false
      },
      "geometry": {
        "type": "Polygon",
        "coordinates": [
          [
            [
              -170.595703125,
              -14.326171875
            ],
            [
              -170.5517578125,
              -14.326171875
            ],
            [
              -170.5517578125,
              -14.2822265625
            ],
            [
              -170.595703125,
              -14.2822265625
            ],
            [
              -170.595703125,
              -14.326171875
            ]
          ]
        ]
      }
    },
    {
      "type": "Feature",
      "id": "gh5-00024",
      "properties": {
        "occurrence_count": 4392,
        "geohash_precision": 5,
        "original_cell_bbox": [
          -170.6396484375,
          -14.326171875,
          -170.595703125,
          -14.2822265625
        ],
        "clipped_to_query_bbox": false
      },
      "geometry": {
        "type": "Polygon",
        "coordinates": [
          [
            [
              -170.6396484375,
              -14.326171875
            ],
            [
              -170.595703125,
              -14.326171875
            ],
            [
              -170.595703125,
              -14.2822265625
            ],
            [
              -170.6396484375,
              -14.2822265625
            ],
            [
              -170.6396484375,
              -14.326171875
            ]
          ]
        ]
      }
    },
    {
      "type": "Feature",
      "id": "gh5-00025",
      "properties": {
        "occurrence_count": 3732,
        "geohash_precision": 5,
        "original_cell_bbox": [
          -170.859375,
          -14.3701171875,
          -170.8154296875,
          -14.326171875
        ],
        "clipped_to_query_bbox": false
      },
      "geometry": {
        "type": "Polygon",
        "coordinates": [
          [
            [
              -170.859375,
              -14.3701171875
            ],
            [
              -170.8154296875,
              -14.3701171875
            ],
            [
              -170.8154296875,
              -14.326171875
            ],
            [
              -170.859375,
              -14.326171875
            ],
            [
              -170.859375,
              -14.3701171875
            ]
          ]
        ]
      }
    },
    {
      "type": "Feature",
      "id": "gh5-00026",
      "properties": {
        "occurrence_count": 2509,
        "geohash_precision": 5,
        "original_cell_bbox": [
          -170.5517578125,
          -14.2822265625,
          -170.5078125,
          -14.23828125
        ],
        "clipped_to_query_bbox": false
      },
      "geometry": {
        "type": "Polygon",
        "coordinates": [
          [
            [
              -170.5517578125,
              -14.2822265625
            ],
            [
              -170.5078125,
              -14.2822265625
            ],
            [
              -170.5078125,
              -14.23828125
            ],
            [
              -170.5517578125,
              -14.23828125
            ],
            [
              -170.5517578125,
              -14.2822265625
            ]
          ]
        ]
      }
    },
    {
      "type": "Feature",
      "id": "gh5-00027",
      "properties": {
        "occurrence_count": 1855,
        "geohash_precision": 5,
        "original_cell_bbox": [
          -170.68359375,
          -14.23828125,
          -170.6396484375,
          -14.1943359375
        ],
        "clipped_to_query_bbox": false
      },
      "geometry": {
        "type": "Polygon",
        "coordinates": [
          [
            [
              -170.68359375,
              -14.23828125
            ],
            [
              -170.6396484375,
              -14.23828125
            ],
            [
              -170.6396484375,
              -14.1943359375
            ],
            [
              -170.68359375,
              -14.1943359375
            ],
            [
              -170.68359375,
              -14.23828125
            ]
          ]
        ]
      }
    },
    {
      "type": "Feature",
      "id": "gh5-00028",
      "properties": {
        "occurrence_count": 1443,
        "geohash_precision": 5,
        "original_cell_bbox": [
          -169.0576171875,
          -14.23828125,
          -169.013671875,
          -14.1943359375
        ],
        "clipped_to_query_bbox": false
      },
      "geometry": {
        "type": "Polygon",
        "coordinates": [
          [
            [
              -169.0576171875,
              -14.23828125
            ],
            [
              -169.013671875,
              -14.23828125
            ],
            [
              -169.013671875,
              -14.1943359375
            ],
            [
              -169.0576171875,
              -14.1943359375
            ],
            [
              -169.0576171875,
              -14.23828125
            ]
          ]
        ]
      }
    },
    {
      "type": "Feature",
      "id": "gh5-00029",
      "properties": {
        "occurrence_count": 1300,
        "geohash_precision": 5,
        "original_cell_bbox": [
          -170.771484375,
          -14.2822265625,
          -170.7275390625,
          -14.23828125
        ],
        "clipped_to_query_bbox": false
      },
      "geometry": {
        "type": "Polygon",
        "coordinates": [
          [
            [
              -170.771484375,
              -14.2822265625
            ],
            [
              -170.7275390625,
              -14.2822265625
            ],
            [
              -170.7275390625,
              -14.23828125
            ],
            [
              -170.771484375,
              -14.23828125
            ],
            [
              -170.771484375,
              -14.2822265625
            ]
          ]
        ]
      }
    },
    {
      "type": "Feature",
      "id": "gh5-00030",
      "properties": {
        "occurrence_count": 914,
        "geohash_precision": 5,
        "original_cell_bbox": [
          -170.8154296875,
          -14.2822265625,
          -170.771484375,
          -14.23828125
        ],
        "clipped_to_query_bbox": false
      },
      "geometry": {
        "type": "Polygon",
        "coordinates": [
          [
            [
              -170.8154296875,
              -14.2822265625
            ],
            [
              -170.771484375,
              -14.2822265625
            ],
            [
              -170.771484375,
              -14.23828125
            ],
            [
              -170.8154296875,
              -14.23828125
            ],
            [
              -170.8154296875,
              -14.2822265625
            ]
          ]
        ]
      }
    },
    {
      "type": "Feature",
      "id": "gh5-00031",
      "properties": {
        "occurrence_count": 797,
        "geohash_precision": 5,
        "original_cell_bbox": [
          -170.0244140625,
          -14.501953125,
          -169.98046875,
          -14.4580078125
        ],
        "clipped_to_query_bbox": false
      },
      "geometry": {
        "type": "Polygon",
        "coordinates": [
          [
            [
              -170.0244140625,
              -14.501953125
            ],
            [
              -169.98046875,
              -14.501953125
            ],
            [
              -169.98046875,
              -14.4580078125
            ],
            [
              -170.0244140625,
              -14.4580078125
            ],
            [
              -170.0244140625,
              -14.501953125
            ]
          ]
        ]
      }
    },
    {
      "type": "Feature",
      "id": "gh5-00032",
      "properties": {
        "occurrence_count": 788,
        "geohash_precision": 5,
        "original_cell_bbox": [
          -169.1015625,
          -14.23828125,
          -169.0576171875,
          -14.1943359375
        ],
        "clipped_to_query_bbox": false
      },
      "geometry": {
        "type": "Polygon",
        "coordinates": [
          [
            [
              -169.1015625,
              -14.23828125
            ],
            [
              -169.0576171875,
              -14.23828125
            ],
            [
              -169.0576171875,
              -14.1943359375
            ],
            [
              -169.1015625,
              -14.1943359375
            ],
            [
              -169.1015625,
              -14.23828125
            ]
          ]
        ]
      }
    },
    {
      "type": "Feature",
      "id": "gh5-00033",
      "properties": {
        "occurrence_count": 749,
        "geohash_precision": 5,
        "original_cell_bbox": [
          -170.5517578125,
          -14.326171875,
          -170.5078125,
          -14.2822265625
        ],
        "clipped_to_query_bbox": false
      },
      "geometry": {
        "type": "Polygon",
        "coordinates": [
          [
            [
              -170.5517578125,
              -14.326171875
            ],
            [
              -170.5078125,
              -14.326171875
            ],
            [
              -170.5078125,
              -14.2822265625
            ],
            [
              -170.5517578125,
              -14.2822265625
            ],
            [
              -170.5517578125,
              -14.326171875
            ]
          ]
        ]
      }
    },
    {
      "type": "Feature",
      "id": "gh5-00034",
      "properties": {
        "occurrence_count": 714,
        "geohash_precision": 5,
        "original_cell_bbox": [
          -170.33203125,
          -14.3701171875,
          -170.2880859375,
          -14.326171875
        ],
        "clipped_to_query_bbox": false
      },
      "geometry": {
        "type": "Polygon",
        "coordinates": [
          [
            [
              -170.33203125,
              -14.3701171875
            ],
            [
              -170.2880859375,
              -14.3701171875
            ],
            [
              -170.2880859375,
              -14.326171875
            ],
            [
              -170.33203125,
              -14.326171875
            ],
            [
              -170.33203125,
              -14.3701171875
            ]
          ]
        ]
      }
    },
    {
      "type": "Feature",
      "id": "gh5-00035",
      "properties": {
        "occurrence_count": 711,
        "geohash_precision": 5,
        "original_cell_bbox": [
          -170.771484375,
          -14.4140625,
          -170.7275390625,
          -14.3701171875
        ],
        "clipped_to_query_bbox": false
      },
      "geometry": {
        "type": "Polygon",
        "coordinates": [
          [
            [
              -170.771484375,
              -14.4140625
            ],
            [
              -170.7275390625,
              -14.4140625
            ],
            [
              -170.7275390625,
              -14.3701171875
            ],
            [
              -170.771484375,
              -14.3701171875
            ],
            [
              -170.771484375,
              -14.4140625
            ]
          ]
        ]
      }
    },
    {
      "type": "Feature",
      "id": "gh5-00036",
      "properties": {
        "occurrence_count": 593,
        "geohash_precision": 5,
        "original_cell_bbox": [
          -170.1123046875,
          -14.0625,
          -170.068359375,
          -14.0185546875
        ],
        "clipped_to_query_bbox": false
      },
      "geometry": {
        "type": "Polygon",
        "coordinates": [
          [
            [
              -170.1123046875,
              -14.0625
            ],
            [
              -170.068359375,
              -14.0625
            ],
            [
              -170.068359375,
              -14.0185546875
            ],
            [
              -170.1123046875,
              -14.0185546875
            ],
            [
              -170.1123046875,
              -14.0625
            ]
          ]
        ]
      }
    },
    {
      "type": "Feature",
      "id": "gh5-00037",
      "properties": {
        "occurrence_count": 532,
        "geohash_precision": 5,
        "original_cell_bbox": [
          -170.7275390625,
          -14.23828125,
          -170.68359375,
          -14.1943359375
        ],
        "clipped_to_query_bbox": false
      },
      "geometry": {
        "type": "Polygon",
        "coordinates": [
          [
            [
              -170.7275390625,
              -14.23828125
            ],
            [
              -170.68359375,
              -14.23828125
            ],
            [
              -170.68359375,
              -14.1943359375
            ],
            [
              -170.7275390625,
              -14.1943359375
            ],
            [
              -170.7275390625,
              -14.23828125
            ]
          ]
        ]
      }
    },
    {
      "type": "Feature",
      "id": "gh5-00038",
      "properties": {
        "occurrence_count": 529,
        "geohash_precision": 5,
        "original_cell_bbox": [
          -170.5078125,
          -14.2822265625,
          -170.4638671875,
          -14.23828125
        ],
        "clipped_to_query_bbox": false
      },
      "geometry": {
        "type": "Polygon",
        "coordinates": [
          [
            [
              -170.5078125,
              -14.2822265625
            ],
            [
              -170.4638671875,
              -14.2822265625
            ],
            [
              -170.4638671875,
              -14.23828125
            ],
            [
              -170.5078125,
              -14.23828125
            ],
            [
              -170.5078125,
              -14.2822265625
            ]
          ]
        ]
      }
    },
    {
      "type": "Feature",
      "id": "gh5-00039",
      "properties": {
        "occurrence_count": 337,
        "geohash_precision": 5,
        "original_cell_bbox": [
          -170.8154296875,
          -14.4140625,
          -170.771484375,
          -14.3701171875
        ],
        "clipped_to_query_bbox": false
      },
      "geometry": {
        "type": "Polygon",
        "coordinates": [
          [
            [
              -170.8154296875,
              -14.4140625
            ],
            [
              -170.771484375,
              -14.4140625
            ],
            [
              -170.771484375,
              -14.3701171875
            ],
            [
              -170.8154296875,
              -14.3701171875
            ],
            [
              -170.8154296875,
              -14.4140625
            ]
          ]
        ]
      }
    },
    {
      "type": "Feature",
      "id": "gh5-00040",
      "properties": {
        "occurrence_count": 324,
        "geohash_precision": 5,
        "original_cell_bbox": [
          -169.62890625,
          -14.150390625,
          -169.5849609375,
          -14.1064453125
        ],
        "clipped_to_query_bbox": false
      },
      "geometry": {
        "type": "Polygon",
        "coordinates": [
          [
            [
              -169.62890625,
              -14.150390625
            ],
            [
              -169.5849609375,
              -14.150390625
            ],
            [
              -169.5849609375,
              -14.1064453125
            ],
            [
              -169.62890625,
              -14.1064453125
            ],
            [
              -169.62890625,
              -14.150390625
            ]
          ]
        ]
      }
    },
    {
      "type": "Feature",
      "id": "gh5-00041",
      "properties": {
        "occurrence_count": 303,
        "geohash_precision": 5,
        "original_cell_bbox": [
          -170.771484375,
          -14.23828125,
          -170.7275390625,
          -14.1943359375
        ],
        "clipped_to_query_bbox": false
      },
      "geometry": {
        "type": "Polygon",
        "coordinates": [
          [
            [
              -170.771484375,
              -14.23828125
            ],
            [
              -170.7275390625,
              -14.23828125
            ],
            [
              -170.7275390625,
              -14.1943359375
            ],
            [
              -170.771484375,
              -14.1943359375
            ],
            [
              -170.771484375,
              -14.23828125
            ]
          ]
        ]
      }
    },
    {
      "type": "Feature",
      "id": "gh5-00042",
      "properties": {
        "occurrence_count": 217,
        "geohash_precision": 5,
        "original_cell_bbox": [
          -170.6396484375,
          -14.8974609375,
          -170.595703125,
          -14.853515625
        ],
        "clipped_to_query_bbox": false
      },
      "geometry": {
        "type": "Polygon",
        "coordinates": [
          [
            [
              -170.6396484375,
              -14.8974609375
            ],
            [
              -170.595703125,
              -14.8974609375
            ],
            [
              -170.595703125,
              -14.853515625
            ],
            [
              -170.6396484375,
              -14.853515625
            ],
            [
              -170.6396484375,
              -14.8974609375
            ]
          ]
        ]
      }
    },
    {
      "type": "Feature",
      "id": "gh5-00043",
      "properties": {
        "occurrence_count": 201,
        "geohash_precision": 5,
        "original_cell_bbox": [
          -169.716796875,
          -14.23828125,
          -169.6728515625,
          -14.1943359375
        ],
        "clipped_to_query_bbox": false
      },
      "geometry": {
        "type": "Polygon",
        "coordinates": [
          [
            [
              -169.716796875,
              -14.23828125
            ],
            [
              -169.6728515625,
              -14.23828125
            ],
            [
              -169.6728515625,
              -14.1943359375
            ],
            [
              -169.716796875,
              -14.1943359375
            ],
            [
              -169.716796875,
              -14.23828125
            ]
          ]
        ]
      }
    },
    {
      "type": "Feature",
      "id": "gh5-00044",
      "properties": {
        "occurrence_count": 169,
        "geohash_precision": 5,
        "original_cell_bbox": [
          -170.68359375,
          -14.3701171875,
          -170.6396484375,
          -14.326171875
        ],
        "clipped_to_query_bbox": false
      },
      "geometry": {
        "type": "Polygon",
        "coordinates": [
          [
            [
              -170.68359375,
              -14.3701171875
            ],
            [
              -170.6396484375,
              -14.3701171875
            ],
            [
              -170.6396484375,
              -14.326171875
            ],
            [
              -170.68359375,
              -14.326171875
            ],
            [
              -170.68359375,
              -14.3701171875
            ]
          ]
        ]
      }
    },
    {
      "type": "Feature",
      "id": "gh5-00045",
      "properties": {
        "occurrence_count": 166,
        "geohash_precision": 5,
        "original_cell_bbox": [
          -170.8154296875,
          -14.1943359375,
          -170.771484375,
          -14.150390625
        ],
        "clipped_to_query_bbox": false
      },
      "geometry": {
        "type": "Polygon",
        "coordinates": [
          [
            [
              -170.8154296875,
              -14.1943359375
            ],
            [
              -170.771484375,
              -14.1943359375
            ],
            [
              -170.771484375,
              -14.150390625
            ],
            [
              -170.8154296875,
              -14.150390625
            ],
            [
              -170.8154296875,
              -14.1943359375
            ]
          ]
        ]
      }
    },
    {
      "type": "Feature",
      "id": "gh5-00046",
      "properties": {
        "occurrence_count": 163,
        "geohash_precision": 5,
        "original_cell_bbox": [
          -170.0244140625,
          -15.029296875,
          -169.98046875,
          -14.9853515625
        ],
        "clipped_to_query_bbox": true
      },
      "geometry": {
        "type": "Polygon",
        "coordinates": [
          [
            [
              -170.0244140625,
              -15
            ],
            [
              -169.98046875,
              -15
            ],
            [
              -169.98046875,
              -14.9853515625
            ],
            [
              -170.0244140625,
              -14.9853515625
            ],
            [
              -170.0244140625,
              -15
            ]
          ]
        ]
      }
    },
    {
      "type": "Feature",
      "id": "gh5-00047",
      "properties": {
        "occurrence_count": 153,
        "geohash_precision": 5,
        "original_cell_bbox": [
          -169.0576171875,
          -14.1943359375,
          -169.013671875,
          -14.150390625
        ],
        "clipped_to_query_bbox": false
      },
      "geometry": {
        "type": "Polygon",
        "coordinates": [
          [
            [
              -169.0576171875,
              -14.1943359375
            ],
            [
              -169.013671875,
              -14.1943359375
            ],
            [
              -169.013671875,
              -14.150390625
            ],
            [
              -169.0576171875,
              -14.150390625
            ],
            [
              -169.0576171875,
              -14.1943359375
            ]
          ]
        ]
      }
    },
    {
      "type": "Feature",
      "id": "gh5-00048",
      "properties": {
        "occurrence_count": 98,
        "geohash_precision": 5,
        "original_cell_bbox": [
          -170.0244140625,
          -14.5458984375,
          -169.98046875,
          -14.501953125
        ],
        "clipped_to_query_bbox": false
      },
      "geometry": {
        "type": "Polygon",
        "coordinates": [
          [
            [
              -170.0244140625,
              -14.5458984375
            ],
            [
              -169.98046875,
              -14.5458984375
            ],
            [
              -169.98046875,
              -14.501953125
            ],
            [
              -170.0244140625,
              -14.501953125
            ],
            [
              -170.0244140625,
              -14.5458984375
            ]
          ]
        ]
      }
    },
    {
      "type": "Feature",
      "id": "gh5-00049",
      "properties": {
        "occurrence_count": 97,
        "geohash_precision": 5,
        "original_cell_bbox": [
          -170.771484375,
          -14.853515625,
          -170.7275390625,
          -14.8095703125
        ],
        "clipped_to_query_bbox": false
      },
      "geometry": {
        "type": "Polygon",
        "coordinates": [
          [
            [
              -170.771484375,
              -14.853515625
            ],
            [
              -170.7275390625,
              -14.853515625
            ],
            [
              -170.7275390625,
              -14.8095703125
            ],
            [
              -170.771484375,
              -14.8095703125
            ],
            [
              -170.771484375,
              -14.853515625
            ]
          ]
        ]
      }
    },
    {
      "type": "Feature",
      "id": "gh5-00050",
      "properties": {
        "occurrence_count": 95,
        "geohash_precision": 5,
        "original_cell_bbox": [
          -169.541015625,
          -14.326171875,
          -169.4970703125,
          -14.2822265625
        ],
        "clipped_to_query_bbox": false
      },
      "geometry": {
        "type": "Polygon",
        "coordinates": [
          [
            [
              -169.541015625,
              -14.326171875
            ],
            [
              -169.4970703125,
              -14.326171875
            ],
            [
              -169.4970703125,
              -14.2822265625
            ],
            [
              -169.541015625,
              -14.2822265625
            ],
            [
              -169.541015625,
              -14.326171875
            ]
          ]
        ]
      }
    },
    {
      "type": "Feature",
      "id": "gh5-00051",
      "properties": {
        "occurrence_count": 79,
        "geohash_precision": 5,
        "original_cell_bbox": [
          -169.6728515625,
          -14.1064453125,
          -169.62890625,
          -14.0625
        ],
        "clipped_to_query_bbox": false
      },
      "geometry": {
        "type": "Polygon",
        "coordinates": [
          [
            [
              -169.6728515625,
              -14.1064453125
            ],
            [
              -169.62890625,
              -14.1064453125
            ],
            [
              -169.62890625,
              -14.0625
            ],
            [
              -169.6728515625,
              -14.0625
            ],
            [
              -169.6728515625,
              -14.1064453125
            ]
          ]
        ]
      }
    },
    {
      "type": "Feature",
      "id": "gh5-00052",
      "properties": {
        "occurrence_count": 52,
        "geohash_precision": 5,
        "original_cell_bbox": [
          -169.541015625,
          -14.1943359375,
          -169.4970703125,
          -14.150390625
        ],
        "clipped_to_query_bbox": false
      },
      "geometry": {
        "type": "Polygon",
        "coordinates": [
          [
            [
              -169.541015625,
              -14.1943359375
            ],
            [
              -169.4970703125,
              -14.1943359375
            ],
            [
              -169.4970703125,
              -14.150390625
            ],
            [
              -169.541015625,
              -14.150390625
            ],
            [
              -169.541015625,
              -14.1943359375
            ]
          ]
        ]
      }
    },
    {
      "type": "Feature",
      "id": "gh5-00053",
      "properties": {
        "occurrence_count": 44,
        "geohash_precision": 5,
        "original_cell_bbox": [
          -170.0244140625,
          -14.0185546875,
          -169.98046875,
          -13.974609375
        ],
        "clipped_to_query_bbox": true
      },
      "geometry": {
        "type": "Polygon",
        "coordinates": [
          [
            [
              -170.0244140625,
              -14.0185546875
            ],
            [
              -169.98046875,
              -14.0185546875
            ],
            [
              -169.98046875,
              -14
            ],
            [
              -170.0244140625,
              -14
            ],
            [
              -170.0244140625,
              -14.0185546875
            ]
          ]
        ]
      }
    },
    {
      "type": "Feature",
      "id": "gh5-00054",
      "properties": {
        "occurrence_count": 43,
        "geohash_precision": 5,
        "original_cell_bbox": [
          -169.541015625,
          -14.150390625,
          -169.4970703125,
          -14.1064453125
        ],
        "clipped_to_query_bbox": false
      },
      "geometry": {
        "type": "Polygon",
        "coordinates": [
          [
            [
              -169.541015625,
              -14.150390625
            ],
            [
              -169.4970703125,
              -14.150390625
            ],
            [
              -169.4970703125,
              -14.1064453125
            ],
            [
              -169.541015625,
              -14.1064453125
            ],
            [
              -169.541015625,
              -14.150390625
            ]
          ]
        ]
      }
    },
    {
      "type": "Feature",
      "id": "gh5-00055",
      "properties": {
        "occurrence_count": 35,
        "geohash_precision": 5,
        "original_cell_bbox": [
          -170.6396484375,
          -14.3701171875,
          -170.595703125,
          -14.326171875
        ],
        "clipped_to_query_bbox": false
      },
      "geometry": {
        "type": "Polygon",
        "coordinates": [
          [
            [
              -170.6396484375,
              -14.3701171875
            ],
            [
              -170.595703125,
              -14.3701171875
            ],
            [
              -170.595703125,
              -14.326171875
            ],
            [
              -170.6396484375,
              -14.326171875
            ],
            [
              -170.6396484375,
              -14.3701171875
            ]
          ]
        ]
      }
    },
    {
      "type": "Feature",
      "id": "gh5-00056",
      "properties": {
        "occurrence_count": 29,
        "geohash_precision": 5,
        "original_cell_bbox": [
          -170.6396484375,
          -14.23828125,
          -170.595703125,
          -14.1943359375
        ],
        "clipped_to_query_bbox": false
      },
      "geometry": {
        "type": "Polygon",
        "coordinates": [
          [
            [
              -170.6396484375,
              -14.23828125
            ],
            [
              -170.595703125,
              -14.23828125
            ],
            [
              -170.595703125,
              -14.1943359375
            ],
            [
              -170.6396484375,
              -14.1943359375
            ],
            [
              -170.6396484375,
              -14.23828125
            ]
          ]
        ]
      }
    },
    {
      "type": "Feature",
      "id": "gh5-00057",
      "properties": {
        "occurrence_count": 28,
        "geohash_precision": 5,
        "original_cell_bbox": [
          -170.9033203125,
          -14.3701171875,
          -170.859375,
          -14.326171875
        ],
        "clipped_to_query_bbox": false
      },
      "geometry": {
        "type": "Polygon",
        "coordinates": [
          [
            [
              -170.9033203125,
              -14.3701171875
            ],
            [
              -170.859375,
              -14.3701171875
            ],
            [
              -170.859375,
              -14.326171875
            ],
            [
              -170.9033203125,
              -14.326171875
            ],
            [
              -170.9033203125,
              -14.3701171875
            ]
          ]
        ]
      }
    },
    {
      "type": "Feature",
      "id": "gh5-00058",
      "properties": {
        "occurrence_count": 27,
        "geohash_precision": 5,
        "original_cell_bbox": [
          -170.15625,
          -14.2822265625,
          -170.1123046875,
          -14.23828125
        ],
        "clipped_to_query_bbox": false
      },
      "geometry": {
        "type": "Polygon",
        "coordinates": [
          [
            [
              -170.15625,
              -14.2822265625
            ],
            [
              -170.1123046875,
              -14.2822265625
            ],
            [
              -170.1123046875,
              -14.23828125
            ],
            [
              -170.15625,
              -14.23828125
            ],
            [
              -170.15625,
              -14.2822265625
            ]
          ]
        ]
      }
    },
    {
      "type": "Feature",
      "id": "gh5-00059",
      "properties": {
        "occurrence_count": 27,
        "geohash_precision": 5,
        "original_cell_bbox": [
          -170.68359375,
          -14.8974609375,
          -170.6396484375,
          -14.853515625
        ],
        "clipped_to_query_bbox": false
      },
      "geometry": {
        "type": "Polygon",
        "coordinates": [
          [
            [
              -170.68359375,
              -14.8974609375
            ],
            [
              -170.6396484375,
              -14.8974609375
            ],
            [
              -170.6396484375,
              -14.853515625
            ],
            [
              -170.68359375,
              -14.853515625
            ],
            [
              -170.68359375,
              -14.8974609375
            ]
          ]
        ]
      }
    },
    {
      "type": "Feature",
      "id": "gh5-00060",
      "properties": {
        "occurrence_count": 26,
        "geohash_precision": 5,
        "original_cell_bbox": [
          -171.03515625,
          -14.0185546875,
          -170.9912109375,
          -13.974609375
        ],
        "clipped_to_query_bbox": true
      },
      "geometry": {
        "type": "Polygon",
        "coordinates": [
          [
            [
              -171,
              -14.0185546875
            ],
            [
              -170.9912109375,
              -14.0185546875
            ],
            [
              -170.9912109375,
              -14
            ],
            [
              -171,
              -14
            ],
            [
              -171,
              -14.0185546875
            ]
          ]
        ]
      }
    },
    {
      "type": "Feature",
      "id": "gh5-00061",
      "properties": {
        "occurrence_count": 26,
        "geohash_precision": 5,
        "original_cell_bbox": [
          -170.68359375,
          -14.4140625,
          -170.6396484375,
          -14.3701171875
        ],
        "clipped_to_query_bbox": false
      },
      "geometry": {
        "type": "Polygon",
        "coordinates": [
          [
            [
              -170.68359375,
              -14.4140625
            ],
            [
              -170.6396484375,
              -14.4140625
            ],
            [
              -170.6396484375,
              -14.3701171875
            ],
            [
              -170.68359375,
              -14.3701171875
            ],
            [
              -170.68359375,
              -14.4140625
            ]
          ]
        ]
      }
    },
    {
      "type": "Feature",
      "id": "gh5-00062",
      "properties": {
        "occurrence_count": 21,
        "geohash_precision": 5,
        "original_cell_bbox": [
          -169.7607421875,
          -14.1943359375,
          -169.716796875,
          -14.150390625
        ],
        "clipped_to_query_bbox": false
      },
      "geometry": {
        "type": "Polygon",
        "coordinates": [
          [
            [
              -169.7607421875,
              -14.1943359375
            ],
            [
              -169.716796875,
              -14.1943359375
            ],
            [
              -169.716796875,
              -14.150390625
            ],
            [
              -169.7607421875,
              -14.150390625
            ],
            [
              -169.7607421875,
              -14.1943359375
            ]
          ]
        ]
      }
    },
    {
      "type": "Feature",
      "id": "gh5-00063",
      "properties": {
        "occurrence_count": 21,
        "geohash_precision": 5,
        "original_cell_bbox": [
          -170.595703125,
          -14.23828125,
          -170.5517578125,
          -14.1943359375
        ],
        "clipped_to_query_bbox": false
      },
      "geometry": {
        "type": "Polygon",
        "coordinates": [
          [
            [
              -170.595703125,
              -14.23828125
            ],
            [
              -170.5517578125,
              -14.23828125
            ],
            [
              -170.5517578125,
              -14.1943359375
            ],
            [
              -170.595703125,
              -14.1943359375
            ],
            [
              -170.595703125,
              -14.23828125
            ]
          ]
        ]
      }
    },
    {
      "type": "Feature",
      "id": "gh5-00064",
      "properties": {
        "occurrence_count": 21,
        "geohash_precision": 5,
        "original_cell_bbox": [
          -170.859375,
          -14.2822265625,
          -170.8154296875,
          -14.23828125
        ],
        "clipped_to_query_bbox": false
      },
      "geometry": {
        "type": "Polygon",
        "coordinates": [
          [
            [
              -170.859375,
              -14.2822265625
            ],
            [
              -170.8154296875,
              -14.2822265625
            ],
            [
              -170.8154296875,
              -14.23828125
            ],
            [
              -170.859375,
              -14.23828125
            ],
            [
              -170.859375,
              -14.2822265625
            ]
          ]
        ]
      }
    },
    {
      "type": "Feature",
      "id": "gh5-00065",
      "properties": {
        "occurrence_count": 20,
        "geohash_precision": 5,
        "original_cell_bbox": [
          -170.6396484375,
          -14.4140625,
          -170.595703125,
          -14.3701171875
        ],
        "clipped_to_query_bbox": false
      },
      "geometry": {
        "type": "Polygon",
        "coordinates": [
          [
            [
              -170.6396484375,
              -14.4140625
            ],
            [
              -170.595703125,
              -14.4140625
            ],
            [
              -170.595703125,
              -14.3701171875
            ],
            [
              -170.6396484375,
              -14.3701171875
            ],
            [
              -170.6396484375,
              -14.4140625
            ]
          ]
        ]
      }
    },
    {
      "type": "Feature",
      "id": "gh5-00066",
      "properties": {
        "occurrence_count": 19,
        "geohash_precision": 5,
        "original_cell_bbox": [
          -170.68359375,
          -14.150390625,
          -170.6396484375,
          -14.1064453125
        ],
        "clipped_to_query_bbox": false
      },
      "geometry": {
        "type": "Polygon",
        "coordinates": [
          [
            [
              -170.68359375,
              -14.150390625
            ],
            [
              -170.6396484375,
              -14.150390625
            ],
            [
              -170.6396484375,
              -14.1064453125
            ],
            [
              -170.68359375,
              -14.1064453125
            ],
            [
              -170.68359375,
              -14.150390625
            ]
          ]
        ]
      }
    },
    {
      "type": "Feature",
      "id": "gh5-00067",
      "properties": {
        "occurrence_count": 17,
        "geohash_precision": 5,
        "original_cell_bbox": [
          -170.068359375,
          -14.5458984375,
          -170.0244140625,
          -14.501953125
        ],
        "clipped_to_query_bbox": false
      },
      "geometry": {
        "type": "Polygon",
        "coordinates": [
          [
            [
              -170.068359375,
              -14.5458984375
            ],
            [
              -170.0244140625,
              -14.5458984375
            ],
            [
              -170.0244140625,
              -14.501953125
            ],
            [
              -170.068359375,
              -14.501953125
            ],
            [
              -170.068359375,
              -14.5458984375
            ]
          ]
        ]
      }
    },
    {
      "type": "Feature",
      "id": "gh5-00068",
      "properties": {
        "occurrence_count": 16,
        "geohash_precision": 5,
        "original_cell_bbox": [
          -169.1455078125,
          -14.23828125,
          -169.1015625,
          -14.1943359375
        ],
        "clipped_to_query_bbox": false
      },
      "geometry": {
        "type": "Polygon",
        "coordinates": [
          [
            [
              -169.1455078125,
              -14.23828125
            ],
            [
              -169.1015625,
              -14.23828125
            ],
            [
              -169.1015625,
              -14.1943359375
            ],
            [
              -169.1455078125,
              -14.1943359375
            ],
            [
              -169.1455078125,
              -14.23828125
            ]
          ]
        ]
      }
    },
    {
      "type": "Feature",
      "id": "gh5-00069",
      "properties": {
        "occurrence_count": 15,
        "geohash_precision": 5,
        "original_cell_bbox": [
          -169.716796875,
          -14.0185546875,
          -169.6728515625,
          -13.974609375
        ],
        "clipped_to_query_bbox": true
      },
      "geometry": {
        "type": "Polygon",
        "coordinates": [
          [
            [
              -169.716796875,
              -14.0185546875
            ],
            [
              -169.6728515625,
              -14.0185546875
            ],
            [
              -169.6728515625,
              -14
            ],
            [
              -169.716796875,
              -14
            ],
            [
              -169.716796875,
              -14.0185546875
            ]
          ]
        ]
      }
    },
    {
      "type": "Feature",
      "id": "gh5-00070",
      "properties": {
        "occurrence_count": 15,
        "geohash_precision": 5,
        "original_cell_bbox": [
          -170.8154296875,
          -14.23828125,
          -170.771484375,
          -14.1943359375
        ],
        "clipped_to_query_bbox": false
      },
      "geometry": {
        "type": "Polygon",
        "coordinates": [
          [
            [
              -170.8154296875,
              -14.23828125
            ],
            [
              -170.771484375,
              -14.23828125
            ],
            [
              -170.771484375,
              -14.1943359375
            ],
            [
              -170.8154296875,
              -14.1943359375
            ],
            [
              -170.8154296875,
              -14.23828125
            ]
          ]
        ]
      }
    },
    {
      "type": "Feature",
      "id": "gh5-00071",
      "properties": {
        "occurrence_count": 14,
        "geohash_precision": 5,
        "original_cell_bbox": [
          -170.7275390625,
          -14.4140625,
          -170.68359375,
          -14.3701171875
        ],
        "clipped_to_query_bbox": false
      },
      "geometry": {
        "type": "Polygon",
        "coordinates": [
          [
            [
              -170.7275390625,
              -14.4140625
            ],
            [
              -170.68359375,
              -14.4140625
            ],
            [
              -170.68359375,
              -14.3701171875
            ],
            [
              -170.7275390625,
              -14.3701171875
            ],
            [
              -170.7275390625,
              -14.4140625
            ]
          ]
        ]
      }
    },
    {
      "type": "Feature",
      "id": "gh5-00072",
      "properties": {
        "occurrence_count": 13,
        "geohash_precision": 5,
        "original_cell_bbox": [
          -169.716796875,
          -14.0625,
          -169.6728515625,
          -14.0185546875
        ],
        "clipped_to_query_bbox": false
      },
      "geometry": {
        "type": "Polygon",
        "coordinates": [
          [
            [
              -169.716796875,
              -14.0625
            ],
            [
              -169.6728515625,
              -14.0625
            ],
            [
              -169.6728515625,
              -14.0185546875
            ],
            [
              -169.716796875,
              -14.0185546875
            ],
            [
              -169.716796875,
              -14.0625
            ]
          ]
        ]
      }
    },
    {
      "type": "Feature",
      "id": "gh5-00073",
      "properties": {
        "occurrence_count": 12,
        "geohash_precision": 5,
        "original_cell_bbox": [
          -169.716796875,
          -14.1064453125,
          -169.6728515625,
          -14.0625
        ],
        "clipped_to_query_bbox": false
      },
      "geometry": {
        "type": "Polygon",
        "coordinates": [
          [
            [
              -169.716796875,
              -14.1064453125
            ],
            [
              -169.6728515625,
              -14.1064453125
            ],
            [
              -169.6728515625,
              -14.0625
            ],
            [
              -169.716796875,
              -14.0625
            ],
            [
              -169.716796875,
              -14.1064453125
            ]
          ]
        ]
      }
    },
    {
      "type": "Feature",
      "id": "gh5-00074",
      "properties": {
        "occurrence_count": 11,
        "geohash_precision": 5,
        "original_cell_bbox": [
          -169.7607421875,
          -14.0625,
          -169.716796875,
          -14.0185546875
        ],
        "clipped_to_query_bbox": false
      },
      "geometry": {
        "type": "Polygon",
        "coordinates": [
          [
            [
              -169.7607421875,
              -14.0625
            ],
            [
              -169.716796875,
              -14.0625
            ],
            [
              -169.716796875,
              -14.0185546875
            ],
            [
              -169.7607421875,
              -14.0185546875
            ],
            [
              -169.7607421875,
              -14.0625
            ]
          ]
        ]
      }
    },
    {
      "type": "Feature",
      "id": "gh5-00075",
      "properties": {
        "occurrence_count": 10,
        "geohash_precision": 5,
        "original_cell_bbox": [
          -169.6728515625,
          -14.0625,
          -169.62890625,
          -14.0185546875
        ],
        "clipped_to_query_bbox": false
      },
      "geometry": {
        "type": "Polygon",
        "coordinates": [
          [
            [
              -169.6728515625,
              -14.0625
            ],
            [
              -169.62890625,
              -14.0625
            ],
            [
              -169.62890625,
              -14.0185546875
            ],
            [
              -169.6728515625,
              -14.0185546875
            ],
            [
              -169.6728515625,
              -14.0625
            ]
          ]
        ]
      }
    },
    {
      "type": "Feature",
      "id": "gh5-00076",
      "properties": {
        "occurrence_count": 10,
        "geohash_precision": 5,
        "original_cell_bbox": [
          -169.716796875,
          -14.150390625,
          -169.6728515625,
          -14.1064453125
        ],
        "clipped_to_query_bbox": false
      },
      "geometry": {
        "type": "Polygon",
        "coordinates": [
          [
            [
              -169.716796875,
              -14.150390625
            ],
            [
              -169.6728515625,
              -14.150390625
            ],
            [
              -169.6728515625,
              -14.1064453125
            ],
            [
              -169.716796875,
              -14.1064453125
            ],
            [
              -169.716796875,
              -14.150390625
            ]
          ]
        ]
      }
    },
    {
      "type": "Feature",
      "id": "gh5-00077",
      "properties": {
        "occurrence_count": 10,
        "geohash_precision": 5,
        "original_cell_bbox": [
          -169.8046875,
          -14.1064453125,
          -169.7607421875,
          -14.0625
        ],
        "clipped_to_query_bbox": false
      },
      "geometry": {
        "type": "Polygon",
        "coordinates": [
          [
            [
              -169.8046875,
              -14.1064453125
            ],
            [
              -169.7607421875,
              -14.1064453125
            ],
            [
              -169.7607421875,
              -14.0625
            ],
            [
              -169.8046875,
              -14.0625
            ],
            [
              -169.8046875,
              -14.1064453125
            ]
          ]
        ]
      }
    },
    {
      "type": "Feature",
      "id": "gh5-00078",
      "properties": {
        "occurrence_count": 10,
        "geohash_precision": 5,
        "original_cell_bbox": [
          -170.0244140625,
          -14.3701171875,
          -169.98046875,
          -14.326171875
        ],
        "clipped_to_query_bbox": false
      },
      "geometry": {
        "type": "Polygon",
        "coordinates": [
          [
            [
              -170.0244140625,
              -14.3701171875
            ],
            [
              -169.98046875,
              -14.3701171875
            ],
            [
              -169.98046875,
              -14.326171875
            ],
            [
              -170.0244140625,
              -14.326171875
            ],
            [
              -170.0244140625,
              -14.3701171875
            ]
          ]
        ]
      }
    },
    {
      "type": "Feature",
      "id": "gh5-00079",
      "properties": {
        "occurrence_count": 10,
        "geohash_precision": 5,
        "original_cell_bbox": [
          -170.068359375,
          -14.3701171875,
          -170.0244140625,
          -14.326171875
        ],
        "clipped_to_query_bbox": false
      },
      "geometry": {
        "type": "Polygon",
        "coordinates": [
          [
            [
              -170.068359375,
              -14.3701171875
            ],
            [
              -170.0244140625,
              -14.3701171875
            ],
            [
              -170.0244140625,
              -14.326171875
            ],
            [
              -170.068359375,
              -14.326171875
            ],
            [
              -170.068359375,
              -14.3701171875
            ]
          ]
        ]
      }
    },
    {
      "type": "Feature",
      "id": "gh5-00080",
      "properties": {
        "occurrence_count": 9,
        "geohash_precision": 5,
        "original_cell_bbox": [
          -169.453125,
          -14.326171875,
          -169.4091796875,
          -14.2822265625
        ],
        "clipped_to_query_bbox": false
      },
      "geometry": {
        "type": "Polygon",
        "coordinates": [
          [
            [
              -169.453125,
              -14.326171875
            ],
            [
              -169.4091796875,
              -14.326171875
            ],
            [
              -169.4091796875,
              -14.2822265625
            ],
            [
              -169.453125,
              -14.2822265625
            ],
            [
              -169.453125,
              -14.326171875
            ]
          ]
        ]
      }
    },
    {
      "type": "Feature",
      "id": "gh5-00081",
      "properties": {
        "occurrence_count": 9,
        "geohash_precision": 5,
        "original_cell_bbox": [
          -169.6728515625,
          -14.150390625,
          -169.62890625,
          -14.1064453125
        ],
        "clipped_to_query_bbox": false
      },
      "geometry": {
        "type": "Polygon",
        "coordinates": [
          [
            [
              -169.6728515625,
              -14.150390625
            ],
            [
              -169.62890625,
              -14.150390625
            ],
            [
              -169.62890625,
              -14.1064453125
            ],
            [
              -169.6728515625,
              -14.1064453125
            ],
            [
              -169.6728515625,
              -14.150390625
            ]
          ]
        ]
      }
    },
    {
      "type": "Feature",
      "id": "gh5-00082",
      "properties": {
        "occurrence_count": 9,
        "geohash_precision": 5,
        "original_cell_bbox": [
          -169.7607421875,
          -14.1064453125,
          -169.716796875,
          -14.0625
        ],
        "clipped_to_query_bbox": false
      },
      "geometry": {
        "type": "Polygon",
        "coordinates": [
          [
            [
              -169.7607421875,
              -14.1064453125
            ],
            [
              -169.716796875,
              -14.1064453125
            ],
            [
              -169.716796875,
              -14.0625
            ],
            [
              -169.7607421875,
              -14.0625
            ],
            [
              -169.7607421875,
              -14.1064453125
            ]
          ]
        ]
      }
    },
    {
      "type": "Feature",
      "id": "gh5-00083",
      "properties": {
        "occurrence_count": 8,
        "geohash_precision": 5,
        "original_cell_bbox": [
          -169.4970703125,
          -14.3701171875,
          -169.453125,
          -14.326171875
        ],
        "clipped_to_query_bbox": false
      },
      "geometry": {
        "type": "Polygon",
        "coordinates": [
          [
            [
              -169.4970703125,
              -14.3701171875
            ],
            [
              -169.453125,
              -14.3701171875
            ],
            [
              -169.453125,
              -14.326171875
            ],
            [
              -169.4970703125,
              -14.326171875
            ],
            [
              -169.4970703125,
              -14.3701171875
            ]
          ]
        ]
      }
    },
    {
      "type": "Feature",
      "id": "gh5-00084",
      "properties": {
        "occurrence_count": 8,
        "geohash_precision": 5,
        "original_cell_bbox": [
          -169.5849609375,
          -14.3701171875,
          -169.541015625,
          -14.326171875
        ],
        "clipped_to_query_bbox": false
      },
      "geometry": {
        "type": "Polygon",
        "coordinates": [
          [
            [
              -169.5849609375,
              -14.3701171875
            ],
            [
              -169.541015625,
              -14.3701171875
            ],
            [
              -169.541015625,
              -14.326171875
            ],
            [
              -169.5849609375,
              -14.326171875
            ],
            [
              -169.5849609375,
              -14.3701171875
            ]
          ]
        ]
      }
    },
    {
      "type": "Feature",
      "id": "gh5-00085",
      "properties": {
        "occurrence_count": 7,
        "geohash_precision": 5,
        "original_cell_bbox": [
          -169.453125,
          -14.3701171875,
          -169.4091796875,
          -14.326171875
        ],
        "clipped_to_query_bbox": false
      },
      "geometry": {
        "type": "Polygon",
        "coordinates": [
          [
            [
              -169.453125,
              -14.3701171875
            ],
            [
              -169.4091796875,
              -14.3701171875
            ],
            [
              -169.4091796875,
              -14.326171875
            ],
            [
              -169.453125,
              -14.326171875
            ],
            [
              -169.453125,
              -14.3701171875
            ]
          ]
        ]
      }
    },
    {
      "type": "Feature",
      "id": "gh5-00086",
      "properties": {
        "occurrence_count": 7,
        "geohash_precision": 5,
        "original_cell_bbox": [
          -169.5849609375,
          -14.23828125,
          -169.541015625,
          -14.1943359375
        ],
        "clipped_to_query_bbox": false
      },
      "geometry": {
        "type": "Polygon",
        "coordinates": [
          [
            [
              -169.5849609375,
              -14.23828125
            ],
            [
              -169.541015625,
              -14.23828125
            ],
            [
              -169.541015625,
              -14.1943359375
            ],
            [
              -169.5849609375,
              -14.1943359375
            ],
            [
              -169.5849609375,
              -14.23828125
            ]
          ]
        ]
      }
    },
    {
      "type": "Feature",
      "id": "gh5-00087",
      "properties": {
        "occurrence_count": 7,
        "geohash_precision": 5,
        "original_cell_bbox": [
          -169.7607421875,
          -14.150390625,
          -169.716796875,
          -14.1064453125
        ],
        "clipped_to_query_bbox": false
      },
      "geometry": {
        "type": "Polygon",
        "coordinates": [
          [
            [
              -169.7607421875,
              -14.150390625
            ],
            [
              -169.716796875,
              -14.150390625
            ],
            [
              -169.716796875,
              -14.1064453125
            ],
            [
              -169.7607421875,
              -14.1064453125
            ],
            [
              -169.7607421875,
              -14.150390625
            ]
          ]
        ]
      }
    },
    {
      "type": "Feature",
      "id": "gh5-00088",
      "properties": {
        "occurrence_count": 7,
        "geohash_precision": 5,
        "original_cell_bbox": [
          -170.2880859375,
          -14.150390625,
          -170.244140625,
          -14.1064453125
        ],
        "clipped_to_query_bbox": false
      },
      "geometry": {
        "type": "Polygon",
        "coordinates": [
          [
            [
              -170.2880859375,
              -14.150390625
            ],
            [
              -170.244140625,
              -14.150390625
            ],
            [
              -170.244140625,
              -14.1064453125
            ],
            [
              -170.2880859375,
              -14.1064453125
            ],
            [
              -170.2880859375,
              -14.150390625
            ]
          ]
        ]
      }
    },
    {
      "type": "Feature",
      "id": "gh5-00089",
      "properties": {
        "occurrence_count": 6,
        "geohash_precision": 5,
        "original_cell_bbox": [
          -169.8046875,
          -14.0185546875,
          -169.7607421875,
          -13.974609375
        ],
        "clipped_to_query_bbox": true
      },
      "geometry": {
        "type": "Polygon",
        "coordinates": [
          [
            [
              -169.8046875,
              -14.0185546875
            ],
            [
              -169.7607421875,
              -14.0185546875
            ],
            [
              -169.7607421875,
              -14
            ],
            [
              -169.8046875,
              -14
            ],
            [
              -169.8046875,
              -14.0185546875
            ]
          ]
        ]
      }
    },
    {
      "type": "Feature",
      "id": "gh5-00090",
      "properties": {
        "occurrence_count": 6,
        "geohash_precision": 5,
        "original_cell_bbox": [
          -169.8046875,
          -14.0625,
          -169.7607421875,
          -14.0185546875
        ],
        "clipped_to_query_bbox": false
      },
      "geometry": {
        "type": "Polygon",
        "coordinates": [
          [
            [
              -169.8046875,
              -14.0625
            ],
            [
              -169.7607421875,
              -14.0625
            ],
            [
              -169.7607421875,
              -14.0185546875
            ],
            [
              -169.8046875,
              -14.0185546875
            ],
            [
              -169.8046875,
              -14.0625
            ]
          ]
        ]
      }
    },
    {
      "type": "Feature",
      "id": "gh5-00091",
      "properties": {
        "occurrence_count": 6,
        "geohash_precision": 5,
        "original_cell_bbox": [
          -169.62890625,
          -14.23828125,
          -169.5849609375,
          -14.1943359375
        ],
        "clipped_to_query_bbox": false
      },
      "geometry": {
        "type": "Polygon",
        "coordinates": [
          [
            [
              -169.62890625,
              -14.23828125
            ],
            [
              -169.5849609375,
              -14.23828125
            ],
            [
              -169.5849609375,
              -14.1943359375
            ],
            [
              -169.62890625,
              -14.1943359375
            ],
            [
              -169.62890625,
              -14.23828125
            ]
          ]
        ]
      }
    },
    {
      "type": "Feature",
      "id": "gh5-00092",
      "properties": {
        "occurrence_count": 6,
        "geohash_precision": 5,
        "original_cell_bbox": [
          -169.8046875,
          -14.1943359375,
          -169.7607421875,
          -14.150390625
        ],
        "clipped_to_query_bbox": false
      },
      "geometry": {
        "type": "Polygon",
        "coordinates": [
          [
            [
              -169.8046875,
              -14.1943359375
            ],
            [
              -169.7607421875,
              -14.1943359375
            ],
            [
              -169.7607421875,
              -14.150390625
            ],
            [
              -169.8046875,
              -14.150390625
            ],
            [
              -169.8046875,
              -14.1943359375
            ]
          ]
        ]
      }
    },
    {
      "type": "Feature",
      "id": "gh5-00093",
      "properties": {
        "occurrence_count": 6,
        "geohash_precision": 5,
        "original_cell_bbox": [
          -169.8046875,
          -14.23828125,
          -169.7607421875,
          -14.1943359375
        ],
        "clipped_to_query_bbox": false
      },
      "geometry": {
        "type": "Polygon",
        "coordinates": [
          [
            [
              -169.8046875,
              -14.23828125
            ],
            [
              -169.7607421875,
              -14.23828125
            ],
            [
              -169.7607421875,
              -14.1943359375
            ],
            [
              -169.8046875,
              -14.1943359375
            ],
            [
              -169.8046875,
              -14.23828125
            ]
          ]
        ]
      }
    },
    {
      "type": "Feature",
      "id": "gh5-00094",
      "properties": {
        "occurrence_count": 6,
        "geohash_precision": 5,
        "original_cell_bbox": [
          -169.4970703125,
          -14.326171875,
          -169.453125,
          -14.2822265625
        ],
        "clipped_to_query_bbox": false
      },
      "geometry": {
        "type": "Polygon",
        "coordinates": [
          [
            [
              -169.4970703125,
              -14.326171875
            ],
            [
              -169.453125,
              -14.326171875
            ],
            [
              -169.453125,
              -14.2822265625
            ],
            [
              -169.4970703125,
              -14.2822265625
            ],
            [
              -169.4970703125,
              -14.326171875
            ]
          ]
        ]
      }
    },
    {
      "type": "Feature",
      "id": "gh5-00095",
      "properties": {
        "occurrence_count": 6,
        "geohash_precision": 5,
        "original_cell_bbox": [
          -169.4970703125,
          -14.4140625,
          -169.453125,
          -14.3701171875
        ],
        "clipped_to_query_bbox": false
      },
      "geometry": {
        "type": "Polygon",
        "coordinates": [
          [
            [
              -169.4970703125,
              -14.4140625
            ],
            [
              -169.453125,
              -14.4140625
            ],
            [
              -169.453125,
              -14.3701171875
            ],
            [
              -169.4970703125,
              -14.3701171875
            ],
            [
              -169.4970703125,
              -14.4140625
            ]
          ]
        ]
      }
    },
    {
      "type": "Feature",
      "id": "gh5-00096",
      "properties": {
        "occurrence_count": 6,
        "geohash_precision": 5,
        "original_cell_bbox": [
          -170.595703125,
          -14.6337890625,
          -170.5517578125,
          -14.58984375
        ],
        "clipped_to_query_bbox": false
      },
      "geometry": {
        "type": "Polygon",
        "coordinates": [
          [
            [
              -170.595703125,
              -14.6337890625
            ],
            [
              -170.5517578125,
              -14.6337890625
            ],
            [
              -170.5517578125,
              -14.58984375
            ],
            [
              -170.595703125,
              -14.58984375
            ],
            [
              -170.595703125,
              -14.6337890625
            ]
          ]
        ]
      }
    },
    {
      "type": "Feature",
      "id": "gh5-00097",
      "properties": {
        "occurrence_count": 5,
        "geohash_precision": 5,
        "original_cell_bbox": [
          -169.62890625,
          -14.1064453125,
          -169.5849609375,
          -14.0625
        ],
        "clipped_to_query_bbox": false
      },
      "geometry": {
        "type": "Polygon",
        "coordinates": [
          [
            [
              -169.62890625,
              -14.1064453125
            ],
            [
              -169.5849609375,
              -14.1064453125
            ],
            [
              -169.5849609375,
              -14.0625
            ],
            [
              -169.62890625,
              -14.0625
            ],
            [
              -169.62890625,
              -14.1064453125
            ]
          ]
        ]
      }
    },
    {
      "type": "Feature",
      "id": "gh5-00098",
      "properties": {
        "occurrence_count": 4,
        "geohash_precision": 5,
        "original_cell_bbox": [
          -169.62890625,
          -14.0185546875,
          -169.5849609375,
          -13.974609375
        ],
        "clipped_to_query_bbox": true
      },
      "geometry": {
        "type": "Polygon",
        "coordinates": [
          [
            [
              -169.62890625,
              -14.0185546875
            ],
            [
              -169.5849609375,
              -14.0185546875
            ],
            [
              -169.5849609375,
              -14
            ],
            [
              -169.62890625,
              -14
            ],
            [
              -169.62890625,
              -14.0185546875
            ]
          ]
        ]
      }
    },
    {
      "type": "Feature",
      "id": "gh5-00099",
      "properties": {
        "occurrence_count": 4,
        "geohash_precision": 5,
        "original_cell_bbox": [
          -169.62890625,
          -14.0625,
          -169.5849609375,
          -14.0185546875
        ],
        "clipped_to_query_bbox": false
      },
      "geometry": {
        "type": "Polygon",
        "coordinates": [
          [
            [
              -169.62890625,
              -14.0625
            ],
            [
              -169.5849609375,
              -14.0625
            ],
            [
              -169.5849609375,
              -14.0185546875
            ],
            [
              -169.62890625,
              -14.0185546875
            ],
            [
              -169.62890625,
              -14.0625
            ]
          ]
        ]
      }
    },
    {
      "type": "Feature",
      "id": "gh5-00100",
      "properties": {
        "occurrence_count": 4,
        "geohash_precision": 5,
        "original_cell_bbox": [
          -169.4091796875,
          -14.326171875,
          -169.365234375,
          -14.2822265625
        ],
        "clipped_to_query_bbox": false
      },
      "geometry": {
        "type": "Polygon",
        "coordinates": [
          [
            [
              -169.4091796875,
              -14.326171875
            ],
            [
              -169.365234375,
              -14.326171875
            ],
            [
              -169.365234375,
              -14.2822265625
            ],
            [
              -169.4091796875,
              -14.2822265625
            ],
            [
              -169.4091796875,
              -14.326171875
            ]
          ]
        ]
      }
    },
    {
      "type": "Feature",
      "id": "gh5-00101",
      "properties": {
        "occurrence_count": 4,
        "geohash_precision": 5,
        "original_cell_bbox": [
          -169.8046875,
          -14.150390625,
          -169.7607421875,
          -14.1064453125
        ],
        "clipped_to_query_bbox": false
      },
      "geometry": {
        "type": "Polygon",
        "coordinates": [
          [
            [
              -169.8046875,
              -14.150390625
            ],
            [
              -169.7607421875,
              -14.150390625
            ],
            [
              -169.7607421875,
              -14.1064453125
            ],
            [
              -169.8046875,
              -14.1064453125
            ],
            [
              -169.8046875,
              -14.150390625
            ]
          ]
        ]
      }
    },
    {
      "type": "Feature",
      "id": "gh5-00102",
      "properties": {
        "occurrence_count": 4,
        "geohash_precision": 5,
        "original_cell_bbox": [
          -169.5849609375,
          -14.326171875,
          -169.541015625,
          -14.2822265625
        ],
        "clipped_to_query_bbox": false
      },
      "geometry": {
        "type": "Polygon",
        "coordinates": [
          [
            [
              -169.5849609375,
              -14.326171875
            ],
            [
              -169.541015625,
              -14.326171875
            ],
            [
              -169.541015625,
              -14.2822265625
            ],
            [
              -169.5849609375,
              -14.2822265625
            ],
            [
              -169.5849609375,
              -14.326171875
            ]
          ]
        ]
      }
    },
    {
      "type": "Feature",
      "id": "gh5-00103",
      "properties": {
        "occurrence_count": 4,
        "geohash_precision": 5,
        "original_cell_bbox": [
          -169.541015625,
          -14.3701171875,
          -169.4970703125,
          -14.326171875
        ],
        "clipped_to_query_bbox": false
      },
      "geometry": {
        "type": "Polygon",
        "coordinates": [
          [
            [
              -169.541015625,
              -14.3701171875
            ],
            [
              -169.4970703125,
              -14.3701171875
            ],
            [
              -169.4970703125,
              -14.326171875
            ],
            [
              -169.541015625,
              -14.326171875
            ],
            [
              -169.541015625,
              -14.3701171875
            ]
          ]
        ]
      }
    },
    {
      "type": "Feature",
      "id": "gh5-00104",
      "properties": {
        "occurrence_count": 4,
        "geohash_precision": 5,
        "original_cell_bbox": [
          -169.541015625,
          -14.4140625,
          -169.4970703125,
          -14.3701171875
        ],
        "clipped_to_query_bbox": false
      },
      "geometry": {
        "type": "Polygon",
        "coordinates": [
          [
            [
              -169.541015625,
              -14.4140625
            ],
            [
              -169.4970703125,
              -14.4140625
            ],
            [
              -169.4970703125,
              -14.3701171875
            ],
            [
              -169.541015625,
              -14.3701171875
            ],
            [
              -169.541015625,
              -14.4140625
            ]
          ]
        ]
      }
    },
    {
      "type": "Feature",
      "id": "gh5-00105",
      "properties": {
        "occurrence_count": 4,
        "geohash_precision": 5,
        "original_cell_bbox": [
          -169.62890625,
          -14.4140625,
          -169.5849609375,
          -14.3701171875
        ],
        "clipped_to_query_bbox": false
      },
      "geometry": {
        "type": "Polygon",
        "coordinates": [
          [
            [
              -169.62890625,
              -14.4140625
            ],
            [
              -169.5849609375,
              -14.4140625
            ],
            [
              -169.5849609375,
              -14.3701171875
            ],
            [
              -169.62890625,
              -14.3701171875
            ],
            [
              -169.62890625,
              -14.4140625
            ]
          ]
        ]
      }
    },
    {
      "type": "Feature",
      "id": "gh5-00106",
      "properties": {
        "occurrence_count": 4,
        "geohash_precision": 5,
        "original_cell_bbox": [
          -170.5517578125,
          -14.23828125,
          -170.5078125,
          -14.1943359375
        ],
        "clipped_to_query_bbox": false
      },
      "geometry": {
        "type": "Polygon",
        "coordinates": [
          [
            [
              -170.5517578125,
              -14.23828125
            ],
            [
              -170.5078125,
              -14.23828125
            ],
            [
              -170.5078125,
              -14.1943359375
            ],
            [
              -170.5517578125,
              -14.1943359375
            ],
            [
              -170.5517578125,
              -14.23828125
            ]
          ]
        ]
      }
    },
    {
      "type": "Feature",
      "id": "gh5-00107",
      "properties": {
        "occurrence_count": 4,
        "geohash_precision": 5,
        "original_cell_bbox": [
          -170.771484375,
          -14.150390625,
          -170.7275390625,
          -14.1064453125
        ],
        "clipped_to_query_bbox": false
      },
      "geometry": {
        "type": "Polygon",
        "coordinates": [
          [
            [
              -170.771484375,
              -14.150390625
            ],
            [
              -170.7275390625,
              -14.150390625
            ],
            [
              -170.7275390625,
              -14.1064453125
            ],
            [
              -170.771484375,
              -14.1064453125
            ],
            [
              -170.771484375,
              -14.150390625
            ]
          ]
        ]
      }
    },
    {
      "type": "Feature",
      "id": "gh5-00108",
      "properties": {
        "occurrence_count": 3,
        "geohash_precision": 5,
        "original_cell_bbox": [
          -169.6728515625,
          -14.0185546875,
          -169.62890625,
          -13.974609375
        ],
        "clipped_to_query_bbox": true
      },
      "geometry": {
        "type": "Polygon",
        "coordinates": [
          [
            [
              -169.6728515625,
              -14.0185546875
            ],
            [
              -169.62890625,
              -14.0185546875
            ],
            [
              -169.62890625,
              -14
            ],
            [
              -169.6728515625,
              -14
            ],
            [
              -169.6728515625,
              -14.0185546875
            ]
          ]
        ]
      }
    },
    {
      "type": "Feature",
      "id": "gh5-00109",
      "properties": {
        "occurrence_count": 3,
        "geohash_precision": 5,
        "original_cell_bbox": [
          -169.5849609375,
          -14.4140625,
          -169.541015625,
          -14.3701171875
        ],
        "clipped_to_query_bbox": false
      },
      "geometry": {
        "type": "Polygon",
        "coordinates": [
          [
            [
              -169.5849609375,
              -14.4140625
            ],
            [
              -169.541015625,
              -14.4140625
            ],
            [
              -169.541015625,
              -14.3701171875
            ],
            [
              -169.5849609375,
              -14.3701171875
            ],
            [
              -169.5849609375,
              -14.4140625
            ]
          ]
        ]
      }
    },
    {
      "type": "Feature",
      "id": "gh5-00110",
      "properties": {
        "occurrence_count": 3,
        "geohash_precision": 5,
        "original_cell_bbox": [
          -169.6728515625,
          -14.2822265625,
          -169.62890625,
          -14.23828125
        ],
        "clipped_to_query_bbox": false
      },
      "geometry": {
        "type": "Polygon",
        "coordinates": [
          [
            [
              -169.6728515625,
              -14.2822265625
            ],
            [
              -169.62890625,
              -14.2822265625
            ],
            [
              -169.62890625,
              -14.23828125
            ],
            [
              -169.6728515625,
              -14.23828125
            ],
            [
              -169.6728515625,
              -14.2822265625
            ]
          ]
        ]
      }
    },
    {
      "type": "Feature",
      "id": "gh5-00111",
      "properties": {
        "occurrence_count": 3,
        "geohash_precision": 5,
        "original_cell_bbox": [
          -169.716796875,
          -14.3701171875,
          -169.6728515625,
          -14.326171875
        ],
        "clipped_to_query_bbox": false
      },
      "geometry": {
        "type": "Polygon",
        "coordinates": [
          [
            [
              -169.716796875,
              -14.3701171875
            ],
            [
              -169.6728515625,
              -14.3701171875
            ],
            [
              -169.6728515625,
              -14.326171875
            ],
            [
              -169.716796875,
              -14.326171875
            ],
            [
              -169.716796875,
              -14.3701171875
            ]
          ]
        ]
      }
    },
    {
      "type": "Feature",
      "id": "gh5-00112",
      "properties": {
        "occurrence_count": 3,
        "geohash_precision": 5,
        "original_cell_bbox": [
          -170.5078125,
          -14.501953125,
          -170.4638671875,
          -14.4580078125
        ],
        "clipped_to_query_bbox": false
      },
      "geometry": {
        "type": "Polygon",
        "coordinates": [
          [
            [
              -170.5078125,
              -14.501953125
            ],
            [
              -170.4638671875,
              -14.501953125
            ],
            [
              -170.4638671875,
              -14.4580078125
            ],
            [
              -170.5078125,
              -14.4580078125
            ],
            [
              -170.5078125,
              -14.501953125
            ]
          ]
        ]
      }
    },
    {
      "type": "Feature",
      "id": "gh5-00113",
      "properties": {
        "occurrence_count": 3,
        "geohash_precision": 5,
        "original_cell_bbox": [
          -170.947265625,
          -14.6337890625,
          -170.9033203125,
          -14.58984375
        ],
        "clipped_to_query_bbox": false
      },
      "geometry": {
        "type": "Polygon",
        "coordinates": [
          [
            [
              -170.947265625,
              -14.6337890625
            ],
            [
              -170.9033203125,
              -14.6337890625
            ],
            [
              -170.9033203125,
              -14.58984375
            ],
            [
              -170.947265625,
              -14.58984375
            ],
            [
              -170.947265625,
              -14.6337890625
            ]
          ]
        ]
      }
    },
    {
      "type": "Feature",
      "id": "gh5-00114",
      "properties": {
        "occurrence_count": 3,
        "geohash_precision": 5,
        "original_cell_bbox": [
          -171.03515625,
          -15.029296875,
          -170.9912109375,
          -14.9853515625
        ],
        "clipped_to_query_bbox": true
      },
      "geometry": {
        "type": "Polygon",
        "coordinates": [
          [
            [
              -171,
              -15
            ],
            [
              -170.9912109375,
              -15
            ],
            [
              -170.9912109375,
              -14.9853515625
            ],
            [
              -171,
              -14.9853515625
            ],
            [
              -171,
              -15
            ]
          ]
        ]
      }
    },
    {
      "type": "Feature",
      "id": "gh5-00115",
      "properties": {
        "occurrence_count": 2,
        "geohash_precision": 5,
        "original_cell_bbox": [
          -169.7607421875,
          -14.0185546875,
          -169.716796875,
          -13.974609375
        ],
        "clipped_to_query_bbox": true
      },
      "geometry": {
        "type": "Polygon",
        "coordinates": [
          [
            [
              -169.7607421875,
              -14.0185546875
            ],
            [
              -169.716796875,
              -14.0185546875
            ],
            [
              -169.716796875,
              -14
            ],
            [
              -169.7607421875,
              -14
            ],
            [
              -169.7607421875,
              -14.0185546875
            ]
          ]
        ]
      }
    },
    {
      "type": "Feature",
      "id": "gh5-00116",
      "properties": {
        "occurrence_count": 2,
        "geohash_precision": 5,
        "original_cell_bbox": [
          -169.6728515625,
          -14.23828125,
          -169.62890625,
          -14.1943359375
        ],
        "clipped_to_query_bbox": false
      },
      "geometry": {
        "type": "Polygon",
        "coordinates": [
          [
            [
              -169.6728515625,
              -14.23828125
            ],
            [
              -169.62890625,
              -14.23828125
            ],
            [
              -169.62890625,
              -14.1943359375
            ],
            [
              -169.6728515625,
              -14.1943359375
            ],
            [
              -169.6728515625,
              -14.23828125
            ]
          ]
        ]
      }
    },
    {
      "type": "Feature",
      "id": "gh5-00117",
      "properties": {
        "occurrence_count": 2,
        "geohash_precision": 5,
        "original_cell_bbox": [
          -169.62890625,
          -14.326171875,
          -169.5849609375,
          -14.2822265625
        ],
        "clipped_to_query_bbox": false
      },
      "geometry": {
        "type": "Polygon",
        "coordinates": [
          [
            [
              -169.62890625,
              -14.326171875
            ],
            [
              -169.5849609375,
              -14.326171875
            ],
            [
              -169.5849609375,
              -14.2822265625
            ],
            [
              -169.62890625,
              -14.2822265625
            ],
            [
              -169.62890625,
              -14.326171875
            ]
          ]
        ]
      }
    },
    {
      "type": "Feature",
      "id": "gh5-00118",
      "properties": {
        "occurrence_count": 2,
        "geohash_precision": 5,
        "original_cell_bbox": [
          -170.1123046875,
          -14.1943359375,
          -170.068359375,
          -14.150390625
        ],
        "clipped_to_query_bbox": false
      },
      "geometry": {
        "type": "Polygon",
        "coordinates": [
          [
            [
              -170.1123046875,
              -14.1943359375
            ],
            [
              -170.068359375,
              -14.1943359375
            ],
            [
              -170.068359375,
              -14.150390625
            ],
            [
              -170.1123046875,
              -14.150390625
            ],
            [
              -170.1123046875,
              -14.1943359375
            ]
          ]
        ]
      }
    },
    {
      "type": "Feature",
      "id": "gh5-00119",
      "properties": {
        "occurrence_count": 2,
        "geohash_precision": 5,
        "original_cell_bbox": [
          -170.1123046875,
          -14.501953125,
          -170.068359375,
          -14.4580078125
        ],
        "clipped_to_query_bbox": false
      },
      "geometry": {
        "type": "Polygon",
        "coordinates": [
          [
            [
              -170.1123046875,
              -14.501953125
            ],
            [
              -170.068359375,
              -14.501953125
            ],
            [
              -170.068359375,
              -14.4580078125
            ],
            [
              -170.1123046875,
              -14.4580078125
            ],
            [
              -170.1123046875,
              -14.501953125
            ]
          ]
        ]
      }
    },
    {
      "type": "Feature",
      "id": "gh5-00120",
      "properties": {
        "occurrence_count": 2,
        "geohash_precision": 5,
        "original_cell_bbox": [
          -170.1123046875,
          -14.5458984375,
          -170.068359375,
          -14.501953125
        ],
        "clipped_to_query_bbox": false
      },
      "geometry": {
        "type": "Polygon",
        "coordinates": [
          [
            [
              -170.1123046875,
              -14.5458984375
            ],
            [
              -170.068359375,
              -14.5458984375
            ],
            [
              -170.068359375,
              -14.501953125
            ],
            [
              -170.1123046875,
              -14.501953125
            ],
            [
              -170.1123046875,
              -14.5458984375
            ]
          ]
        ]
      }
    },
    {
      "type": "Feature",
      "id": "gh5-00121",
      "properties": {
        "occurrence_count": 2,
        "geohash_precision": 5,
        "original_cell_bbox": [
          -170.3759765625,
          -14.7216796875,
          -170.33203125,
          -14.677734375
        ],
        "clipped_to_query_bbox": false
      },
      "geometry": {
        "type": "Polygon",
        "coordinates": [
          [
            [
              -170.3759765625,
              -14.7216796875
            ],
            [
              -170.33203125,
              -14.7216796875
            ],
            [
              -170.33203125,
              -14.677734375
            ],
            [
              -170.3759765625,
              -14.677734375
            ],
            [
              -170.3759765625,
              -14.7216796875
            ]
          ]
        ]
      }
    },
    {
      "type": "Feature",
      "id": "gh5-00122",
      "properties": {
        "occurrence_count": 2,
        "geohash_precision": 5,
        "original_cell_bbox": [
          -170.595703125,
          -14.501953125,
          -170.5517578125,
          -14.4580078125
        ],
        "clipped_to_query_bbox": false
      },
      "geometry": {
        "type": "Polygon",
        "coordinates": [
          [
            [
              -170.595703125,
              -14.501953125
            ],
            [
              -170.5517578125,
              -14.501953125
            ],
            [
              -170.5517578125,
              -14.4580078125
            ],
            [
              -170.595703125,
              -14.4580078125
            ],
            [
              -170.595703125,
              -14.501953125
            ]
          ]
        ]
      }
    },
    {
      "type": "Feature",
      "id": "gh5-00123",
      "properties": {
        "occurrence_count": 2,
        "geohash_precision": 5,
        "original_cell_bbox": [
          -170.9033203125,
          -14.326171875,
          -170.859375,
          -14.2822265625
        ],
        "clipped_to_query_bbox": false
      },
      "geometry": {
        "type": "Polygon",
        "coordinates": [
          [
            [
              -170.9033203125,
              -14.326171875
            ],
            [
              -170.859375,
              -14.326171875
            ],
            [
              -170.859375,
              -14.2822265625
            ],
            [
              -170.9033203125,
              -14.2822265625
            ],
            [
              -170.9033203125,
              -14.326171875
            ]
          ]
        ]
      }
    },
    {
      "type": "Feature",
      "id": "gh5-00124",
      "properties": {
        "occurrence_count": 2,
        "geohash_precision": 5,
        "original_cell_bbox": [
          -170.9033203125,
          -14.5458984375,
          -170.859375,
          -14.501953125
        ],
        "clipped_to_query_bbox": false
      },
      "geometry": {
        "type": "Polygon",
        "coordinates": [
          [
            [
              -170.9033203125,
              -14.5458984375
            ],
            [
              -170.859375,
              -14.5458984375
            ],
            [
              -170.859375,
              -14.501953125
            ],
            [
              -170.9033203125,
              -14.501953125
            ],
            [
              -170.9033203125,
              -14.5458984375
            ]
          ]
        ]
      }
    },
    {
      "type": "Feature",
      "id": "gh5-00125",
      "properties": {
        "occurrence_count": 1,
        "geohash_precision": 5,
        "original_cell_bbox": [
          -169.4970703125,
          -14.0625,
          -169.453125,
          -14.0185546875
        ],
        "clipped_to_query_bbox": false
      },
      "geometry": {
        "type": "Polygon",
        "coordinates": [
          [
            [
              -169.4970703125,
              -14.0625
            ],
            [
              -169.453125,
              -14.0625
            ],
            [
              -169.453125,
              -14.0185546875
            ],
            [
              -169.4970703125,
              -14.0185546875
            ],
            [
              -169.4970703125,
              -14.0625
            ]
          ]
        ]
      }
    },
    {
      "type": "Feature",
      "id": "gh5-00126",
      "properties": {
        "occurrence_count": 1,
        "geohash_precision": 5,
        "original_cell_bbox": [
          -170.15625,
          -14.0625,
          -170.1123046875,
          -14.0185546875
        ],
        "clipped_to_query_bbox": false
      },
      "geometry": {
        "type": "Polygon",
        "coordinates": [
          [
            [
              -170.15625,
              -14.0625
            ],
            [
              -170.1123046875,
              -14.0625
            ],
            [
              -170.1123046875,
              -14.0185546875
            ],
            [
              -170.15625,
              -14.0185546875
            ],
            [
              -170.15625,
              -14.0625
            ]
          ]
        ]
      }
    },
    {
      "type": "Feature",
      "id": "gh5-00127",
      "properties": {
        "occurrence_count": 1,
        "geohash_precision": 5,
        "original_cell_bbox": [
          -169.4091796875,
          -14.23828125,
          -169.365234375,
          -14.1943359375
        ],
        "clipped_to_query_bbox": false
      },
      "geometry": {
        "type": "Polygon",
        "coordinates": [
          [
            [
              -169.4091796875,
              -14.23828125
            ],
            [
              -169.365234375,
              -14.23828125
            ],
            [
              -169.365234375,
              -14.1943359375
            ],
            [
              -169.4091796875,
              -14.1943359375
            ],
            [
              -169.4091796875,
              -14.23828125
            ]
          ]
        ]
      }
    },
    {
      "type": "Feature",
      "id": "gh5-00128",
      "properties": {
        "occurrence_count": 1,
        "geohash_precision": 5,
        "original_cell_bbox": [
          -169.4091796875,
          -14.3701171875,
          -169.365234375,
          -14.326171875
        ],
        "clipped_to_query_bbox": false
      },
      "geometry": {
        "type": "Polygon",
        "coordinates": [
          [
            [
              -169.4091796875,
              -14.3701171875
            ],
            [
              -169.365234375,
              -14.3701171875
            ],
            [
              -169.365234375,
              -14.326171875
            ],
            [
              -169.4091796875,
              -14.326171875
            ],
            [
              -169.4091796875,
              -14.3701171875
            ]
          ]
        ]
      }
    },
    {
      "type": "Feature",
      "id": "gh5-00129",
      "properties": {
        "occurrence_count": 1,
        "geohash_precision": 5,
        "original_cell_bbox": [
          -169.4091796875,
          -14.4140625,
          -169.365234375,
          -14.3701171875
        ],
        "clipped_to_query_bbox": false
      },
      "geometry": {
        "type": "Polygon",
        "coordinates": [
          [
            [
              -169.4091796875,
              -14.4140625
            ],
            [
              -169.365234375,
              -14.4140625
            ],
            [
              -169.365234375,
              -14.3701171875
            ],
            [
              -169.4091796875,
              -14.3701171875
            ],
            [
              -169.4091796875,
              -14.4140625
            ]
          ]
        ]
      }
    },
    {
      "type": "Feature",
      "id": "gh5-00130",
      "properties": {
        "occurrence_count": 1,
        "geohash_precision": 5,
        "original_cell_bbox": [
          -169.4970703125,
          -14.1943359375,
          -169.453125,
          -14.150390625
        ],
        "clipped_to_query_bbox": false
      },
      "geometry": {
        "type": "Polygon",
        "coordinates": [
          [
            [
              -169.4970703125,
              -14.1943359375
            ],
            [
              -169.453125,
              -14.1943359375
            ],
            [
              -169.453125,
              -14.150390625
            ],
            [
              -169.4970703125,
              -14.150390625
            ],
            [
              -169.4970703125,
              -14.1943359375
            ]
          ]
        ]
      }
    },
    {
      "type": "Feature",
      "id": "gh5-00131",
      "properties": {
        "occurrence_count": 1,
        "geohash_precision": 5,
        "original_cell_bbox": [
          -169.7607421875,
          -14.23828125,
          -169.716796875,
          -14.1943359375
        ],
        "clipped_to_query_bbox": false
      },
      "geometry": {
        "type": "Polygon",
        "coordinates": [
          [
            [
              -169.7607421875,
              -14.23828125
            ],
            [
              -169.716796875,
              -14.23828125
            ],
            [
              -169.716796875,
              -14.1943359375
            ],
            [
              -169.7607421875,
              -14.1943359375
            ],
            [
              -169.7607421875,
              -14.23828125
            ]
          ]
        ]
      }
    },
    {
      "type": "Feature",
      "id": "gh5-00132",
      "properties": {
        "occurrence_count": 1,
        "geohash_precision": 5,
        "original_cell_bbox": [
          -169.5849609375,
          -14.2822265625,
          -169.541015625,
          -14.23828125
        ],
        "clipped_to_query_bbox": false
      },
      "geometry": {
        "type": "Polygon",
        "coordinates": [
          [
            [
              -169.5849609375,
              -14.2822265625
            ],
            [
              -169.541015625,
              -14.2822265625
            ],
            [
              -169.541015625,
              -14.23828125
            ],
            [
              -169.5849609375,
              -14.23828125
            ],
            [
              -169.5849609375,
              -14.2822265625
            ]
          ]
        ]
      }
    },
    {
      "type": "Feature",
      "id": "gh5-00133",
      "properties": {
        "occurrence_count": 1,
        "geohash_precision": 5,
        "original_cell_bbox": [
          -169.62890625,
          -14.2822265625,
          -169.5849609375,
          -14.23828125
        ],
        "clipped_to_query_bbox": false
      },
      "geometry": {
        "type": "Polygon",
        "coordinates": [
          [
            [
              -169.62890625,
              -14.2822265625
            ],
            [
              -169.5849609375,
              -14.2822265625
            ],
            [
              -169.5849609375,
              -14.23828125
            ],
            [
              -169.62890625,
              -14.23828125
            ],
            [
              -169.62890625,
              -14.2822265625
            ]
          ]
        ]
      }
    },
    {
      "type": "Feature",
      "id": "gh5-00134",
      "properties": {
        "occurrence_count": 1,
        "geohash_precision": 5,
        "original_cell_bbox": [
          -169.62890625,
          -14.3701171875,
          -169.5849609375,
          -14.326171875
        ],
        "clipped_to_query_bbox": false
      },
      "geometry": {
        "type": "Polygon",
        "coordinates": [
          [
            [
              -169.62890625,
              -14.3701171875
            ],
            [
              -169.5849609375,
              -14.3701171875
            ],
            [
              -169.5849609375,
              -14.326171875
            ],
            [
              -169.62890625,
              -14.326171875
            ],
            [
              -169.62890625,
              -14.3701171875
            ]
          ]
        ]
      }
    },
    {
      "type": "Feature",
      "id": "gh5-00135",
      "properties": {
        "occurrence_count": 1,
        "geohash_precision": 5,
        "original_cell_bbox": [
          -169.7607421875,
          -14.2822265625,
          -169.716796875,
          -14.23828125
        ],
        "clipped_to_query_bbox": false
      },
      "geometry": {
        "type": "Polygon",
        "coordinates": [
          [
            [
              -169.7607421875,
              -14.2822265625
            ],
            [
              -169.716796875,
              -14.2822265625
            ],
            [
              -169.716796875,
              -14.23828125
            ],
            [
              -169.7607421875,
              -14.23828125
            ],
            [
              -169.7607421875,
              -14.2822265625
            ]
          ]
        ]
      }
    },
    {
      "type": "Feature",
      "id": "gh5-00136",
      "properties": {
        "occurrence_count": 1,
        "geohash_precision": 5,
        "original_cell_bbox": [
          -169.6728515625,
          -14.3701171875,
          -169.62890625,
          -14.326171875
        ],
        "clipped_to_query_bbox": false
      },
      "geometry": {
        "type": "Polygon",
        "coordinates": [
          [
            [
              -169.6728515625,
              -14.3701171875
            ],
            [
              -169.62890625,
              -14.3701171875
            ],
            [
              -169.62890625,
              -14.326171875
            ],
            [
              -169.6728515625,
              -14.326171875
            ],
            [
              -169.6728515625,
              -14.3701171875
            ]
          ]
        ]
      }
    },
    {
      "type": "Feature",
      "id": "gh5-00137",
      "properties": {
        "occurrence_count": 1,
        "geohash_precision": 5,
        "original_cell_bbox": [
          -169.716796875,
          -14.4140625,
          -169.6728515625,
          -14.3701171875
        ],
        "clipped_to_query_bbox": false
      },
      "geometry": {
        "type": "Polygon",
        "coordinates": [
          [
            [
              -169.716796875,
              -14.4140625
            ],
            [
              -169.6728515625,
              -14.4140625
            ],
            [
              -169.6728515625,
              -14.3701171875
            ],
            [
              -169.716796875,
              -14.3701171875
            ],
            [
              -169.716796875,
              -14.4140625
            ]
          ]
        ]
      }
    },
    {
      "type": "Feature",
      "id": "gh5-00138",
      "properties": {
        "occurrence_count": 1,
        "geohash_precision": 5,
        "original_cell_bbox": [
          -169.7607421875,
          -14.3701171875,
          -169.716796875,
          -14.326171875
        ],
        "clipped_to_query_bbox": false
      },
      "geometry": {
        "type": "Polygon",
        "coordinates": [
          [
            [
              -169.7607421875,
              -14.3701171875
            ],
            [
              -169.716796875,
              -14.3701171875
            ],
            [
              -169.716796875,
              -14.326171875
            ],
            [
              -169.7607421875,
              -14.326171875
            ],
            [
              -169.7607421875,
              -14.3701171875
            ]
          ]
        ]
      }
    },
    {
      "type": "Feature",
      "id": "gh5-00139",
      "properties": {
        "occurrence_count": 1,
        "geohash_precision": 5,
        "original_cell_bbox": [
          -169.7607421875,
          -14.4140625,
          -169.716796875,
          -14.3701171875
        ],
        "clipped_to_query_bbox": false
      },
      "geometry": {
        "type": "Polygon",
        "coordinates": [
          [
            [
              -169.7607421875,
              -14.4140625
            ],
            [
              -169.716796875,
              -14.4140625
            ],
            [
              -169.716796875,
              -14.3701171875
            ],
            [
              -169.7607421875,
              -14.3701171875
            ],
            [
              -169.7607421875,
              -14.4140625
            ]
          ]
        ]
      }
    },
    {
      "type": "Feature",
      "id": "gh5-00140",
      "properties": {
        "occurrence_count": 1,
        "geohash_precision": 5,
        "original_cell_bbox": [
          -169.8046875,
          -14.4140625,
          -169.7607421875,
          -14.3701171875
        ],
        "clipped_to_query_bbox": false
      },
      "geometry": {
        "type": "Polygon",
        "coordinates": [
          [
            [
              -169.8046875,
              -14.4140625
            ],
            [
              -169.7607421875,
              -14.4140625
            ],
            [
              -169.7607421875,
              -14.3701171875
            ],
            [
              -169.8046875,
              -14.3701171875
            ],
            [
              -169.8046875,
              -14.4140625
            ]
          ]
        ]
      }
    },
    {
      "type": "Feature",
      "id": "gh5-00141",
      "properties": {
        "occurrence_count": 1,
        "geohash_precision": 5,
        "original_cell_bbox": [
          -169.892578125,
          -14.23828125,
          -169.8486328125,
          -14.1943359375
        ],
        "clipped_to_query_bbox": false
      },
      "geometry": {
        "type": "Polygon",
        "coordinates": [
          [
            [
              -169.892578125,
              -14.23828125
            ],
            [
              -169.8486328125,
              -14.23828125
            ],
            [
              -169.8486328125,
              -14.1943359375
            ],
            [
              -169.892578125,
              -14.1943359375
            ],
            [
              -169.892578125,
              -14.23828125
            ]
          ]
        ]
      }
    },
    {
      "type": "Feature",
      "id": "gh5-00142",
      "properties": {
        "occurrence_count": 1,
        "geohash_precision": 5,
        "original_cell_bbox": [
          -170.1123046875,
          -14.23828125,
          -170.068359375,
          -14.1943359375
        ],
        "clipped_to_query_bbox": false
      },
      "geometry": {
        "type": "Polygon",
        "coordinates": [
          [
            [
              -170.1123046875,
              -14.23828125
            ],
            [
              -170.068359375,
              -14.23828125
            ],
            [
              -170.068359375,
              -14.1943359375
            ],
            [
              -170.1123046875,
              -14.1943359375
            ],
            [
              -170.1123046875,
              -14.23828125
            ]
          ]
        ]
      }
    },
    {
      "type": "Feature",
      "id": "gh5-00143",
      "properties": {
        "occurrence_count": 1,
        "geohash_precision": 5,
        "original_cell_bbox": [
          -170.1123046875,
          -14.58984375,
          -170.068359375,
          -14.5458984375
        ],
        "clipped_to_query_bbox": false
      },
      "geometry": {
        "type": "Polygon",
        "coordinates": [
          [
            [
              -170.1123046875,
              -14.58984375
            ],
            [
              -170.068359375,
              -14.58984375
            ],
            [
              -170.068359375,
              -14.5458984375
            ],
            [
              -170.1123046875,
              -14.5458984375
            ],
            [
              -170.1123046875,
              -14.58984375
            ]
          ]
        ]
      }
    },
    {
      "type": "Feature",
      "id": "gh5-00144",
      "properties": {
        "occurrence_count": 1,
        "geohash_precision": 5,
        "original_cell_bbox": [
          -169.98046875,
          -14.94140625,
          -169.9365234375,
          -14.8974609375
        ],
        "clipped_to_query_bbox": false
      },
      "geometry": {
        "type": "Polygon",
        "coordinates": [
          [
            [
              -169.98046875,
              -14.94140625
            ],
            [
              -169.9365234375,
              -14.94140625
            ],
            [
              -169.9365234375,
              -14.8974609375
            ],
            [
              -169.98046875,
              -14.8974609375
            ],
            [
              -169.98046875,
              -14.94140625
            ]
          ]
        ]
      }
    },
    {
      "type": "Feature",
      "id": "gh5-00145",
      "properties": {
        "occurrence_count": 1,
        "geohash_precision": 5,
        "original_cell_bbox": [
          -170.4638671875,
          -14.2822265625,
          -170.419921875,
          -14.23828125
        ],
        "clipped_to_query_bbox": false
      },
      "geometry": {
        "type": "Polygon",
        "coordinates": [
          [
            [
              -170.4638671875,
              -14.2822265625
            ],
            [
              -170.419921875,
              -14.2822265625
            ],
            [
              -170.419921875,
              -14.23828125
            ],
            [
              -170.4638671875,
              -14.23828125
            ],
            [
              -170.4638671875,
              -14.2822265625
            ]
          ]
        ]
      }
    },
    {
      "type": "Feature",
      "id": "gh5-00146",
      "properties": {
        "occurrence_count": 1,
        "geohash_precision": 5,
        "original_cell_bbox": [
          -170.4638671875,
          -14.3701171875,
          -170.419921875,
          -14.326171875
        ],
        "clipped_to_query_bbox": false
      },
      "geometry": {
        "type": "Polygon",
        "coordinates": [
          [
            [
              -170.4638671875,
              -14.3701171875
            ],
            [
              -170.419921875,
              -14.3701171875
            ],
            [
              -170.419921875,
              -14.326171875
            ],
            [
              -170.4638671875,
              -14.326171875
            ],
            [
              -170.4638671875,
              -14.3701171875
            ]
          ]
        ]
      }
    },
    {
      "type": "Feature",
      "id": "gh5-00147",
      "properties": {
        "occurrence_count": 1,
        "geohash_precision": 5,
        "original_cell_bbox": [
          -170.595703125,
          -14.3701171875,
          -170.5517578125,
          -14.326171875
        ],
        "clipped_to_query_bbox": false
      },
      "geometry": {
        "type": "Polygon",
        "coordinates": [
          [
            [
              -170.595703125,
              -14.3701171875
            ],
            [
              -170.5517578125,
              -14.3701171875
            ],
            [
              -170.5517578125,
              -14.326171875
            ],
            [
              -170.595703125,
              -14.326171875
            ],
            [
              -170.595703125,
              -14.3701171875
            ]
          ]
        ]
      }
    },
    {
      "type": "Feature",
      "id": "gh5-00148",
      "properties": {
        "occurrence_count": 1,
        "geohash_precision": 5,
        "original_cell_bbox": [
          -170.859375,
          -14.5458984375,
          -170.8154296875,
          -14.501953125
        ],
        "clipped_to_query_bbox": false
      },
      "geometry": {
        "type": "Polygon",
        "coordinates": [
          [
            [
              -170.859375,
              -14.5458984375
            ],
            [
              -170.8154296875,
              -14.5458984375
            ],
            [
              -170.8154296875,
              -14.501953125
            ],
            [
              -170.859375,
              -14.501953125
            ],
            [
              -170.859375,
              -14.5458984375
            ]
          ]
        ]
      }
    },
    {
      "type": "Feature",
      "id": "gh5-00149",
      "properties": {
        "occurrence_count": 1,
        "geohash_precision": 5,
        "original_cell_bbox": [
          -170.9912109375,
          -14.23828125,
          -170.947265625,
          -14.1943359375
        ],
        "clipped_to_query_bbox": false
      },
      "geometry": {
        "type": "Polygon",
        "coordinates": [
          [
            [
              -170.9912109375,
              -14.23828125
            ],
            [
              -170.947265625,
              -14.23828125
            ],
            [
              -170.947265625,
              -14.1943359375
            ],
            [
              -170.9912109375,
              -14.1943359375
            ],
            [
              -170.9912109375,
              -14.23828125
            ]
          ]
        ]
      }
    },
    {
      "type": "Feature",
      "id": "gh5-00150",
      "properties": {
        "occurrence_count": 1,
        "geohash_precision": 5,
        "original_cell_bbox": [
          -170.9912109375,
          -14.326171875,
          -170.947265625,
          -14.2822265625
        ],
        "clipped_to_query_bbox": false
      },
      "geometry": {
        "type": "Polygon",
        "coordinates": [
          [
            [
              -170.9912109375,
              -14.326171875
            ],
            [
              -170.947265625,
              -14.326171875
            ],
            [
              -170.947265625,
              -14.2822265625
            ],
            [
              -170.9912109375,
              -14.2822265625
            ],
            [
              -170.9912109375,
              -14.326171875
            ]
          ]
        ]
      }
    }
  ]
}
